11000,51522,2024-06-19 00:00:00.000,2022-06-20 00:00:00.000,730,2341.97
11000,57418,2024-10-02 00:00:00.000,2024-06-19 00:00:00.000,105,2507.03
11001,51493,2024-06-17 00:00:00.000,2022-06-16 00:00:00.000,732,2419.93
11001,72773,2025-05-11 00:00:00.000,2024-06-17 00:00:00.000,328,588.96
11002,51238,2024-06-01 00:00:00.000,2022-06-08 00:00:00.000,724,2294.99
11002,53237,2024-07-25 00:00:00.000,2024-06-01 00:00:00.000,54,2419.06
11003,51315,2024-06-06 00:00:00.000,2022-05-30 00:00:00.000,738,2318.96
11003,57783,2024-10-09 00:00:00.000,2024-06-06 00:00:00.000,125,2420.34
11004,51595,2024-06-23 00:00:00.000,2022-06-24 00:00:00.000,730,2376.96
11004,57293,2024-09-30 00:00:00.000,2024-06-23 00:00:00.000,99,2419.06
11005,51612,2024-06-24 00:00:00.000,2022-05-31 00:00:00.000,755,2362.27
11005,57361,2024-10-01 00:00:00.000,2024-06-24 00:00:00.000,99,2384.07
11006,51198,2024-05-30 00:00:00.000,2022-06-25 00:00:00.000,705,2334.97
11006,58007,2024-10-13 00:00:00.000,2024-05-30 00:00:00.000,136,2384.07
11007,51581,2024-06-22 00:00:00.000,2022-06-10 00:00:00.000,743,2391.95
11007,54705,2024-08-18 00:00:00.000,2024-06-22 00:00:00.000,57,2419.06
11008,51282,2024-06-04 00:00:00.000,2022-06-26 00:00:00.000,709,2312.26
11008,53765,2024-08-01 00:00:00.000,2024-06-04 00:00:00.000,58,2419.06
11009,51562,2024-06-21 00:00:00.000,2022-06-28 00:00:00.000,724,2297.28
11009,57736,2024-10-08 00:00:00.000,2024-06-21 00:00:00.000,109,2419.06
11010,51421,2024-06-12 00:00:00.000,2022-06-15 00:00:00.000,728,2294.99
11010,58533,2024-10-22 00:00:00.000,2024-06-12 00:00:00.000,132,2393.06
11011,51650,2024-06-26 00:00:00.000,2022-05-31 00:00:00.000,757,2294.99
11011,54706,2024-08-18 00:00:00.000,2024-06-26 00:00:00.000,53,2438.06
11012,68413,2025-03-16 00:00:00.000,2024-08-15 00:00:00.000,213,6.28
11013,74908,2025-06-22 00:00:00.000,2024-09-12 00:00:00.000,283,74.98
11014,57222,2024-09-29 00:00:00.000,2024-08-22 00:00:00.000,38,99.47
11017,51256,2024-06-02 00:00:00.000,2022-06-13 00:00:00.000,720,2316.97
11017,68396,2025-03-15 00:00:00.000,2024-06-02 00:00:00.000,286,742.35
11018,51492,2024-06-17 00:00:00.000,2022-06-18 00:00:00.000,730,2341.97
11018,69087,2025-03-25 00:00:00.000,2024-06-17 00:00:00.000,281,791.32
11019,53834,2024-08-03 00:00:00.000,2024-07-14 00:00:00.000,20,53.99
11019,54332,2024-08-12 00:00:00.000,2024-08-03 00:00:00.000,9,47.97
11019,56910,2024-09-27 00:00:00.000,2024-08-12 00:00:00.000,46,8.99
11019,57639,2024-10-07 00:00:00.000,2024-09-27 00:00:00.000,10,7.28
11019,58600,2024-10-24 00:00:00.000,2024-10-07 00:00:00.000,17,148.98
11019,62659,2024-12-22 00:00:00.000,2024-10-24 00:00:00.000,59,37.29
11019,64737,2025-01-21 00:00:00.000,2024-12-22 00:00:00.000,30,2.29
11019,65967,2025-02-07 00:00:00.000,2025-01-21 00:00:00.000,17,24.99
11019,66658,2025-02-18 00:00:00.000,2025-02-07 00:00:00.000,11,23.78
11019,68563,2025-03-18 00:00:00.000,2025-02-18 00:00:00.000,28,37.27
11019,69177,2025-03-27 00:00:00.000,2025-03-18 00:00:00.000,9,34.99
11019,71963,2025-04-30 00:00:00.000,2025-03-27 00:00:00.000,34,74.48
11019,72015,2025-05-01 00:00:00.000,2025-04-30 00:00:00.000,1,33.98
11019,72747,2025-05-11 00:00:00.000,2025-05-01 00:00:00.000,10,123.98
11019,74561,2025-06-12 00:00:00.000,2025-05-11 00:00:00.000,32,120.00
11019,74593,2025-06-13 00:00:00.000,2025-06-12 00:00:00.000,1,64.47
11023,74658,2025-06-15 00:00:00.000,2024-07-19 00:00:00.000,331,6.28
11024,62830,2024-12-25 00:00:00.000,2024-11-26 00:00:00.000,29,14.23
11025,51561,2024-06-21 00:00:00.000,2022-06-07 00:00:00.000,745,2405.47
11025,69157,2025-03-26 00:00:00.000,2024-06-21 00:00:00.000,278,796.34
11026,55132,2024-08-26 00:00:00.000,2022-06-24 00:00:00.000,794,2399.47
11026,68468,2025-03-16 00:00:00.000,2024-08-26 00:00:00.000,202,776.33
11027,58536,2024-10-22 00:00:00.000,2022-06-17 00:00:00.000,858,2412.96
11027,69088,2025-03-25 00:00:00.000,2024-10-22 00:00:00.000,154,778.62
11028,57943,2024-10-12 00:00:00.000,2022-06-27 00:00:00.000,838,2357.28
11028,67961,2025-03-08 00:00:00.000,2024-10-12 00:00:00.000,147,742.35
11029,57294,2024-09-30 00:00:00.000,2022-06-20 00:00:00.000,833,2408.97
11029,70593,2025-04-12 00:00:00.000,2024-09-30 00:00:00.000,194,756.33
11030,62739,2024-12-23 00:00:00.000,2022-07-07 00:00:00.000,900,2319.99
11030,70449,2025-04-10 00:00:00.000,2024-12-23 00:00:00.000,108,751.34
11031,62222,2024-12-14 00:00:00.000,2022-07-03 00:00:00.000,895,2322.28
11031,70748,2025-04-14 00:00:00.000,2024-12-14 00:00:00.000,121,756.33
11032,64042,2025-01-10 00:00:00.000,2022-07-20 00:00:00.000,905,2399.23
11032,70373,2025-04-09 00:00:00.000,2025-01-10 00:00:00.000,89,751.34
11033,63409,2024-12-31 00:00:00.000,2022-07-17 00:00:00.000,898,2354.98
11033,70163,2025-04-06 00:00:00.000,2024-12-31 00:00:00.000,96,765.32
11034,63737,2025-01-05 00:00:00.000,2022-07-03 00:00:00.000,917,2294.99
11034,70521,2025-04-11 00:00:00.000,2025-01-05 00:00:00.000,96,796.34
11035,66140,2025-02-09 00:00:00.000,2022-07-08 00:00:00.000,947,2319.99
11035,70870,2025-04-16 00:00:00.000,2025-02-09 00:00:00.000,66,756.33
11038,65549,2025-01-31 00:00:00.000,2022-07-09 00:00:00.000,937,2319.99
11038,70671,2025-04-13 00:00:00.000,2025-01-31 00:00:00.000,72,742.35
11039,66747,2025-02-19 00:00:00.000,2022-07-09 00:00:00.000,956,2451.27
11039,70594,2025-04-12 00:00:00.000,2025-02-19 00:00:00.000,52,785.32
11042,68609,2025-03-18 00:00:00.000,2024-06-22 00:00:00.000,269,792.34
11043,64496,2025-01-17 00:00:00.000,2024-10-07 00:00:00.000,102,35.00
11044,70074,2025-04-05 00:00:00.000,2022-07-30 00:00:00.000,980,2329.99
11044,70374,2025-04-09 00:00:00.000,2025-04-05 00:00:00.000,4,810.32
11045,69572,2025-03-30 00:00:00.000,2024-09-09 00:00:00.000,202,49.99
11046,69653,2025-03-30 00:00:00.000,2022-07-08 00:00:00.000,996,801.83
11046,70651,2025-04-13 00:00:00.000,2025-03-30 00:00:00.000,14,2439.99
11047,70087,2025-04-05 00:00:00.000,2022-07-05 00:00:00.000,1005,742.35
11047,71132,2025-04-20 00:00:00.000,2025-04-05 00:00:00.000,15,2439.99
11048,70820,2025-04-15 00:00:00.000,2022-07-12 00:00:00.000,1008,750.30
11048,73924,2025-05-26 00:00:00.000,2025-04-15 00:00:00.000,41,2372.95
11049,69583,2025-03-30 00:00:00.000,2024-08-08 00:00:00.000,234,6.28
11050,54526,2024-08-15 00:00:00.000,2022-07-22 00:00:00.000,755,854.97
11050,71147,2025-04-20 00:00:00.000,2024-08-15 00:00:00.000,248,777.34
11051,74253,2025-06-02 00:00:00.000,2025-05-30 00:00:00.000,3,64.97
11052,51582,2024-06-22 00:00:00.000,2022-07-19 00:00:00.000,704,2337.27
11052,58766,2024-10-26 00:00:00.000,2024-06-22 00:00:00.000,126,2419.06
11054,51350,2024-06-08 00:00:00.000,2022-07-05 00:00:00.000,704,2403.97
11054,59127,2024-10-29 00:00:00.000,2024-06-08 00:00:00.000,143,2419.06
11055,52271,2024-07-06 00:00:00.000,2022-07-02 00:00:00.000,735,2394.97
11055,59695,2024-11-06 00:00:00.000,2024-07-06 00:00:00.000,123,2398.05
11056,52207,2024-07-05 00:00:00.000,2022-07-28 00:00:00.000,708,2413.45
11056,59194,2024-10-30 00:00:00.000,2024-07-05 00:00:00.000,117,2419.06
11057,51682,2024-06-28 00:00:00.000,2022-07-24 00:00:00.000,705,2319.99
11057,58402,2024-10-20 00:00:00.000,2024-06-28 00:00:00.000,114,2393.06
11058,51292,2024-06-05 00:00:00.000,2022-08-08 00:00:00.000,667,2374.98
11058,59464,2024-11-03 00:00:00.000,2024-06-05 00:00:00.000,151,2473.05
11059,54200,2024-08-10 00:00:00.000,2024-07-20 00:00:00.000,21,14.98
11059,54480,2024-08-15 00:00:00.000,2024-08-10 00:00:00.000,5,24.99
11060,51293,2024-06-05 00:00:00.000,2022-08-18 00:00:00.000,657,2319.99
11060,60884,2024-11-24 00:00:00.000,2024-06-05 00:00:00.000,172,2433.04
11061,51237,2024-06-01 00:00:00.000,2022-08-12 00:00:00.000,659,2369.96
11061,60168,2024-11-13 00:00:00.000,2024-06-01 00:00:00.000,165,2384.07
11065,74538,2025-06-11 00:00:00.000,2024-07-12 00:00:00.000,334,6.28
11066,66656,2025-02-18 00:00:00.000,2024-10-30 00:00:00.000,111,38.98
11067,74615,2025-06-13 00:00:00.000,2025-01-17 00:00:00.000,147,99.47
11068,62476,2024-12-19 00:00:00.000,2024-09-29 00:00:00.000,81,14.98
11068,67965,2025-03-09 00:00:00.000,2024-12-19 00:00:00.000,80,59.91
11069,51667,2024-06-27 00:00:00.000,2022-09-16 00:00:00.000,650,2319.99
11069,59465,2024-11-03 00:00:00.000,2024-06-27 00:00:00.000,129,2384.07
11070,51385,2024-06-10 00:00:00.000,2022-09-27 00:00:00.000,622,2345.22
11070,60939,2024-11-25 00:00:00.000,2024-06-10 00:00:00.000,168,2420.34
11071,54593,2024-08-17 00:00:00.000,2024-07-31 00:00:00.000,17,14.98
11071,72067,2025-05-02 00:00:00.000,2024-08-17 00:00:00.000,258,67.97
11072,51386,2024-06-10 00:00:00.000,2022-08-30 00:00:00.000,650,2395.96
11072,60240,2024-11-14 00:00:00.000,2024-06-10 00:00:00.000,157,2398.05
11073,59841,2024-11-09 00:00:00.000,2024-08-22 00:00:00.000,79,64.97
11073,64686,2025-01-20 00:00:00.000,2024-11-09 00:00:00.000,72,22.97
11074,57536,2024-10-05 00:00:00.000,2024-08-22 00:00:00.000,44,35.23
11074,58717,2024-10-26 00:00:00.000,2024-10-05 00:00:00.000,21,8.99
11075,51491,2024-06-17 00:00:00.000,2022-09-27 00:00:00.000,629,2294.99
11075,60835,2024-11-23 00:00:00.000,2024-06-17 00:00:00.000,159,2398.05
11076,51239,2024-06-01 00:00:00.000,2022-09-20 00:00:00.000,620,2374.98
11076,60628,2024-11-20 00:00:00.000,2024-06-01 00:00:00.000,172,2384.07
11077,51651,2024-06-26 00:00:00.000,2022-09-14 00:00:00.000,651,2374.98
11077,60042,2024-11-11 00:00:00.000,2024-06-26 00:00:00.000,138,2419.06
11078,53993,2024-08-06 00:00:00.000,2024-07-17 00:00:00.000,20,11.94
11078,54214,2024-08-10 00:00:00.000,2024-08-06 00:00:00.000,4,56.96
11078,54268,2024-08-11 00:00:00.000,2024-08-10 00:00:00.000,1,24.99
11078,56449,2024-09-18 00:00:00.000,2024-08-11 00:00:00.000,38,68.97
11078,57281,2024-09-30 00:00:00.000,2024-09-18 00:00:00.000,12,35.00
11078,57969,2024-10-13 00:00:00.000,2024-09-30 00:00:00.000,13,58.98
11078,58429,2024-10-21 00:00:00.000,2024-10-13 00:00:00.000,8,29.98
11078,58490,2024-10-22 00:00:00.000,2024-10-21 00:00:00.000,1,74.98
11078,61443,2024-12-02 00:00:00.000,2024-10-22 00:00:00.000,41,53.99
11078,62245,2024-12-15 00:00:00.000,2024-12-02 00:00:00.000,13,161.29
11078,62413,2024-12-18 00:00:00.000,2024-12-15 00:00:00.000,3,7.28
11078,67668,2025-03-04 00:00:00.000,2024-12-18 00:00:00.000,76,69.99
11078,68285,2025-03-14 00:00:00.000,2025-03-04 00:00:00.000,10,34.99
11078,68288,2025-03-14 00:00:00.000,2025-03-14 00:00:00.000,0,25.48
11078,73869,2025-05-26 00:00:00.000,2025-03-14 00:00:00.000,73,13.98
11078,75084,2025-06-29 00:00:00.000,2025-05-26 00:00:00.000,34,120.00
11079,65460,2025-01-30 00:00:00.000,2024-08-14 00:00:00.000,169,22.97
11079,74254,2025-06-02 00:00:00.000,2025-01-30 00:00:00.000,123,24.99
11080,51448,2024-06-14 00:00:00.000,2022-09-09 00:00:00.000,644,2359.98
11080,60764,2024-11-22 00:00:00.000,2024-06-14 00:00:00.000,161,2469.05
11081,56136,2024-09-12 00:00:00.000,2024-07-14 00:00:00.000,60,66.97
11082,70231,2025-04-07 00:00:00.000,2024-06-23 00:00:00.000,288,780.82
11083,70362,2025-04-09 00:00:00.000,2024-06-07 00:00:00.000,306,742.35
11084,71270,2025-04-22 00:00:00.000,2024-06-05 00:00:00.000,321,756.33
11085,74479,2025-06-09 00:00:00.000,2025-05-07 00:00:00.000,33,53.98
11086,73610,2025-05-22 00:00:00.000,2024-12-01 00:00:00.000,172,99.47
11087,63918,2025-01-08 00:00:00.000,2024-07-27 00:00:00.000,165,37.29
11088,70654,2025-04-13 00:00:00.000,2024-06-14 00:00:00.000,303,810.32
11089,71077,2025-04-19 00:00:00.000,2024-05-30 00:00:00.000,324,836.32
11090,51679,2024-06-28 00:00:00.000,2023-01-06 00:00:00.000,539,2374.47
11090,71269,2025-04-22 00:00:00.000,2024-06-28 00:00:00.000,298,751.34
11091,52420,2024-07-10 00:00:00.000,2024-06-30 00:00:00.000,10,53.99
11091,54113,2024-08-08 00:00:00.000,2024-07-10 00:00:00.000,29,58.47
11091,54391,2024-08-13 00:00:00.000,2024-08-08 00:00:00.000,5,12.94
11091,54831,2024-08-21 00:00:00.000,2024-08-13 00:00:00.000,8,74.48
11091,55572,2024-09-02 00:00:00.000,2024-08-21 00:00:00.000,12,38.88
11091,55626,2024-09-03 00:00:00.000,2024-09-02 00:00:00.000,1,27.77
11091,56448,2024-09-18 00:00:00.000,2024-09-03 00:00:00.000,15,39.98
11091,56816,2024-09-25 00:00:00.000,2024-09-18 00:00:00.000,7,4.99
11091,57494,2024-10-04 00:00:00.000,2024-09-25 00:00:00.000,9,6.28
11091,59427,2024-11-03 00:00:00.000,2024-10-04 00:00:00.000,30,32.27
11091,59522,2024-11-04 00:00:00.000,2024-11-03 00:00:00.000,1,69.99
11091,60531,2024-11-19 00:00:00.000,2024-11-04 00:00:00.000,15,2.29
11091,61333,2024-11-30 00:00:00.000,2024-11-19 00:00:00.000,11,34.98
11091,62597,2024-12-21 00:00:00.000,2024-11-30 00:00:00.000,21,99.57
11091,63516,2025-01-02 00:00:00.000,2024-12-21 00:00:00.000,12,114.96
11091,63636,2025-01-04 00:00:00.000,2025-01-02 00:00:00.000,2,25.48
11091,64475,2025-01-17 00:00:00.000,2025-01-04 00:00:00.000,13,31.27
11091,66157,2025-02-10 00:00:00.000,2025-01-17 00:00:00.000,24,34.99
11091,68151,2025-03-12 00:00:00.000,2025-02-10 00:00:00.000,30,144.49
11091,69332,2025-03-29 00:00:00.000,2025-03-12 00:00:00.000,17,71.58
11091,70203,2025-04-07 00:00:00.000,2025-03-29 00:00:00.000,9,35.00
11091,70264,2025-04-08 00:00:00.000,2025-04-07 00:00:00.000,1,34.89
11091,73198,2025-05-17 00:00:00.000,2025-04-08 00:00:00.000,39,27.28
11091,73431,2025-05-20 00:00:00.000,2025-05-17 00:00:00.000,3,7.28
11091,73594,2025-05-22 00:00:00.000,2025-05-20 00:00:00.000,2,27.28
11091,74373,2025-06-06 00:00:00.000,2025-05-22 00:00:00.000,15,34.99
11091,74480,2025-06-09 00:00:00.000,2025-06-06 00:00:00.000,3,28.98
11092,51432,2024-06-13 00:00:00.000,2022-09-07 00:00:00.000,645,2341.97
11092,60629,2024-11-20 00:00:00.000,2024-06-13 00:00:00.000,160,2393.06
11093,51352,2024-06-08 00:00:00.000,2022-09-06 00:00:00.000,641,2360.95
11093,59760,2024-11-07 00:00:00.000,2024-06-08 00:00:00.000,152,2419.06
11094,64684,2025-01-20 00:00:00.000,2024-09-06 00:00:00.000,136,127.95
11094,74557,2025-06-12 00:00:00.000,2025-01-20 00:00:00.000,143,77.96
11095,51683,2024-06-28 00:00:00.000,2022-08-31 00:00:00.000,667,2363.96
11095,60885,2024-11-24 00:00:00.000,2024-06-28 00:00:00.000,149,2419.06
11096,53176,2024-07-24 00:00:00.000,2022-09-10 00:00:00.000,683,2294.99
11096,63115,2024-12-29 00:00:00.000,2024-07-24 00:00:00.000,158,2393.06
11097,54519,2024-08-15 00:00:00.000,2022-09-03 00:00:00.000,712,2304.98
11097,62750,2024-12-23 00:00:00.000,2024-08-15 00:00:00.000,130,2419.06
11098,63890,2025-01-08 00:00:00.000,2024-07-13 00:00:00.000,179,53.99
11098,68475,2025-03-17 00:00:00.000,2025-01-08 00:00:00.000,68,4.99
11099,53971,2024-08-05 00:00:00.000,2022-09-06 00:00:00.000,699,2363.96
11099,61367,2024-11-30 00:00:00.000,2024-08-05 00:00:00.000,117,2452.04
11100,54928,2024-08-22 00:00:00.000,2022-09-15 00:00:00.000,707,2399.47
11100,63819,2025-01-06 00:00:00.000,2024-08-22 00:00:00.000,137,2398.05
11101,51668,2024-06-27 00:00:00.000,2022-09-28 00:00:00.000,638,2439.99
11101,61165,2024-11-28 00:00:00.000,2024-06-27 00:00:00.000,154,2422.54
11102,67645,2025-03-04 00:00:00.000,2024-12-15 00:00:00.000,79,24.99
11102,72645,2025-05-10 00:00:00.000,2025-03-04 00:00:00.000,67,69.97
11103,51384,2024-06-10 00:00:00.000,2022-09-14 00:00:00.000,635,2388.45
11103,59636,2024-11-05 00:00:00.000,2024-06-10 00:00:00.000,148,2419.06
11104,51594,2024-06-23 00:00:00.000,2022-10-03 00:00:00.000,629,2334.98
11104,60241,2024-11-14 00:00:00.000,2024-06-23 00:00:00.000,144,2438.06
11105,51235,2024-06-01 00:00:00.000,2022-10-13 00:00:00.000,597,2294.99
11105,59561,2024-11-04 00:00:00.000,2024-06-01 00:00:00.000,156,2401.01
11106,51236,2024-06-01 00:00:00.000,2022-10-17 00:00:00.000,593,2294.99
11106,60242,2024-11-14 00:00:00.000,2024-06-01 00:00:00.000,166,2384.07
11107,51447,2024-06-14 00:00:00.000,2022-09-30 00:00:00.000,623,2376.96
11107,60612,2024-11-20 00:00:00.000,2024-06-14 00:00:00.000,159,2419.06
11108,51215,2024-05-31 00:00:00.000,2022-10-02 00:00:00.000,607,2329.99
11108,60747,2024-11-22 00:00:00.000,2024-05-31 00:00:00.000,175,2419.06
11109,51420,2024-06-12 00:00:00.000,2022-10-09 00:00:00.000,612,2476.96
11109,60818,2024-11-23 00:00:00.000,2024-06-12 00:00:00.000,164,2393.06
11110,54367,2024-08-12 00:00:00.000,2022-09-30 00:00:00.000,682,2294.99
11110,64674,2025-01-19 00:00:00.000,2024-08-12 00:00:00.000,160,2398.05
11111,54307,2024-08-11 00:00:00.000,2022-10-19 00:00:00.000,662,2318.96
11111,64789,2025-01-21 00:00:00.000,2024-08-11 00:00:00.000,163,2418.05
11112,55860,2024-09-06 00:00:00.000,2022-10-24 00:00:00.000,683,2500.97
11112,65625,2025-02-01 00:00:00.000,2024-09-06 00:00:00.000,148,2419.06
11113,52474,2024-07-11 00:00:00.000,2024-07-03 00:00:00.000,8,51.96
11113,56547,2024-09-20 00:00:00.000,2024-07-11 00:00:00.000,71,7.95
11114,62700,2024-12-23 00:00:00.000,2024-08-17 00:00:00.000,128,49.97
11114,73942,2025-05-27 00:00:00.000,2024-12-23 00:00:00.000,155,64.97
11115,73651,2025-05-23 00:00:00.000,2024-07-12 00:00:00.000,315,7.95
11115,74279,2025-06-03 00:00:00.000,2025-05-23 00:00:00.000,11,78.48
11116,61977,2024-12-11 00:00:00.000,2024-08-14 00:00:00.000,119,113.47
11116,68478,2025-03-17 00:00:00.000,2024-12-11 00:00:00.000,96,7.95
11117,51216,2024-05-31 00:00:00.000,2022-10-05 00:00:00.000,604,2365.94
11117,60886,2024-11-24 00:00:00.000,2024-05-31 00:00:00.000,177,2419.06
11118,70457,2025-04-11 00:00:00.000,2024-12-09 00:00:00.000,123,37.93
11118,75034,2025-06-27 00:00:00.000,2025-04-11 00:00:00.000,77,7.95
11119,71358,2025-04-24 00:00:00.000,2024-07-05 00:00:00.000,293,49.99
11120,56903,2024-09-26 00:00:00.000,2022-10-13 00:00:00.000,714,2394.46
11120,66697,2025-02-18 00:00:00.000,2024-09-26 00:00:00.000,145,2473.04
11121,65022,2025-01-26 00:00:00.000,2024-11-23 00:00:00.000,64,35.23
11121,70025,2025-04-05 00:00:00.000,2025-01-26 00:00:00.000,69,14.98
11122,61373,2024-12-01 00:00:00.000,2024-07-23 00:00:00.000,131,9.99
11122,64738,2025-01-21 00:00:00.000,2024-12-01 00:00:00.000,51,24.99
11123,68404,2025-03-16 00:00:00.000,2024-09-16 00:00:00.000,181,7.95
11123,75001,2025-06-26 00:00:00.000,2025-03-16 00:00:00.000,102,103.96
11124,51649,2024-06-26 00:00:00.000,2022-10-04 00:00:00.000,631,2309.97
11124,60434,2024-11-17 00:00:00.000,2024-06-26 00:00:00.000,144,2419.06
11125,53927,2024-08-05 00:00:00.000,2024-07-02 00:00:00.000,34,39.47
11125,61444,2024-12-02 00:00:00.000,2024-08-05 00:00:00.000,119,32.27
11126,56683,2024-09-22 00:00:00.000,2022-10-27 00:00:00.000,696,793.76
11126,70014,2025-04-04 00:00:00.000,2024-09-22 00:00:00.000,194,778.62
11127,67537,2025-03-02 00:00:00.000,2024-09-09 00:00:00.000,174,39.99
11128,64097,2025-01-11 00:00:00.000,2024-11-18 00:00:00.000,54,89.96
11129,51381,2024-06-10 00:00:00.000,2023-01-05 00:00:00.000,522,2294.99
11131,71456,2025-04-25 00:00:00.000,2025-03-19 00:00:00.000,37,56.98
11131,72371,2025-05-06 00:00:00.000,2025-04-25 00:00:00.000,11,29.98
11131,73665,2025-05-23 00:00:00.000,2025-05-06 00:00:00.000,17,4.99
11131,74941,2025-06-24 00:00:00.000,2025-05-23 00:00:00.000,32,49.99
11134,60741,2024-11-22 00:00:00.000,2022-10-02 00:00:00.000,782,769.49
11134,70015,2025-04-04 00:00:00.000,2024-11-22 00:00:00.000,133,742.35
11137,74843,2025-06-21 00:00:00.000,2024-12-30 00:00:00.000,173,6.28
11138,74246,2025-06-01 00:00:00.000,2025-02-18 00:00:00.000,103,39.99
11139,68541,2025-03-18 00:00:00.000,2025-02-13 00:00:00.000,33,24.99
11141,67234,2025-02-27 00:00:00.000,2024-10-15 00:00:00.000,135,74.98
11142,53684,2024-07-31 00:00:00.000,2024-07-15 00:00:00.000,16,69.97
11142,56488,2024-09-19 00:00:00.000,2024-07-31 00:00:00.000,50,59.48
11142,56610,2024-09-21 00:00:00.000,2024-09-19 00:00:00.000,2,28.99
11142,60699,2024-11-22 00:00:00.000,2024-09-21 00:00:00.000,62,68.97
11142,62036,2024-12-12 00:00:00.000,2024-11-22 00:00:00.000,20,63.97
11142,62247,2024-12-15 00:00:00.000,2024-12-12 00:00:00.000,3,39.98
11142,63894,2025-01-08 00:00:00.000,2024-12-15 00:00:00.000,24,53.99
11142,66713,2025-02-19 00:00:00.000,2025-01-08 00:00:00.000,42,29.48
11142,66784,2025-02-20 00:00:00.000,2025-02-19 00:00:00.000,1,49.99
11142,68039,2025-03-10 00:00:00.000,2025-02-20 00:00:00.000,18,64.97
11142,72296,2025-05-05 00:00:00.000,2025-03-10 00:00:00.000,56,94.48
11142,72801,2025-05-12 00:00:00.000,2025-05-05 00:00:00.000,7,88.98
11142,72976,2025-05-14 00:00:00.000,2025-05-12 00:00:00.000,2,31.27
11142,73185,2025-05-17 00:00:00.000,2025-05-14 00:00:00.000,3,120.00
11142,74272,2025-06-02 00:00:00.000,2025-05-17 00:00:00.000,16,74.98
11142,74625,2025-06-14 00:00:00.000,2025-06-02 00:00:00.000,12,38.98
11143,73429,2025-05-20 00:00:00.000,2024-11-14 00:00:00.000,187,6.28
11146,63829,2025-01-07 00:00:00.000,2024-07-07 00:00:00.000,184,53.99
11146,66376,2025-02-14 00:00:00.000,2025-01-07 00:00:00.000,38,4.99
11147,57004,2024-09-28 00:00:00.000,2022-10-12 00:00:00.000,717,2376.96
11147,68538,2025-03-17 00:00:00.000,2024-09-28 00:00:00.000,170,2443.55
11148,70251,2025-04-08 00:00:00.000,2024-08-06 00:00:00.000,245,32.27
11148,72191,2025-05-04 00:00:00.000,2025-04-08 00:00:00.000,26,39.98
11149,69162,2025-03-27 00:00:00.000,2024-11-03 00:00:00.000,144,24.99
11149,71957,2025-04-30 00:00:00.000,2025-03-27 00:00:00.000,34,8.99
11150,59763,2024-11-08 00:00:00.000,2024-08-26 00:00:00.000,74,39.98
11150,62170,2024-12-14 00:00:00.000,2024-11-08 00:00:00.000,36,8.99
11151,56269,2024-09-14 00:00:00.000,2022-10-14 00:00:00.000,701,2319.26
11151,68811,2025-03-21 00:00:00.000,2024-09-14 00:00:00.000,188,2393.06
11153,55215,2024-08-28 00:00:00.000,2024-08-28 00:00:00.000,0,42.28
11157,66182,2025-02-10 00:00:00.000,2024-12-23 00:00:00.000,49,35.00
11159,70285,2025-04-08 00:00:00.000,2025-02-07 00:00:00.000,60,42.28
11161,70532,2025-04-12 00:00:00.000,2024-10-31 00:00:00.000,163,38.98
11163,63663,2025-01-04 00:00:00.000,2024-09-30 00:00:00.000,96,42.28
11164,63662,2025-01-04 00:00:00.000,2024-09-26 00:00:00.000,100,138.48
11165,59536,2024-11-04 00:00:00.000,2024-10-24 00:00:00.000,11,35.00
11166,72475,2025-05-07 00:00:00.000,2025-03-15 00:00:00.000,53,39.99
11167,71758,2025-04-29 00:00:00.000,2024-06-08 00:00:00.000,325,796.34
11168,70924,2025-04-17 00:00:00.000,2024-06-16 00:00:00.000,305,777.34
11169,66984,2025-02-23 00:00:00.000,2024-10-25 00:00:00.000,121,42.28
11170,74158,2025-05-30 00:00:00.000,2025-01-25 00:00:00.000,125,97.96
11171,51490,2024-06-17 00:00:00.000,2023-01-19 00:00:00.000,515,2381.95
11171,70299,2025-04-08 00:00:00.000,2024-06-17 00:00:00.000,295,756.33
11172,74581,2025-06-12 00:00:00.000,2024-10-02 00:00:00.000,253,89.96
11173,73809,2025-05-25 00:00:00.000,2024-08-01 00:00:00.000,297,67.49
11174,62770,2024-12-24 00:00:00.000,2024-12-12 00:00:00.000,12,6.28
11175,51591,2024-06-23 00:00:00.000,2023-01-27 00:00:00.000,513,2341.97
11175,69993,2025-04-04 00:00:00.000,2024-06-23 00:00:00.000,285,790.31
11176,52472,2024-07-11 00:00:00.000,2024-07-04 00:00:00.000,7,59.48
11176,52535,2024-07-12 00:00:00.000,2024-07-11 00:00:00.000,1,23.78
11176,52538,2024-07-12 00:00:00.000,2024-07-12 00:00:00.000,0,79.97
11176,52708,2024-07-15 00:00:00.000,2024-07-12 00:00:00.000,3,65.97
11176,53026,2024-07-22 00:00:00.000,2024-07-15 00:00:00.000,7,24.99
11176,53666,2024-07-31 00:00:00.000,2024-07-22 00:00:00.000,9,120.00
11176,54116,2024-08-08 00:00:00.000,2024-07-31 00:00:00.000,8,34.89
11176,54661,2024-08-18 00:00:00.000,2024-08-08 00:00:00.000,10,13.98
11176,55691,2024-09-04 00:00:00.000,2024-08-18 00:00:00.000,17,49.99
11176,55982,2024-09-09 00:00:00.000,2024-09-04 00:00:00.000,5,63.97
11176,57861,2024-10-11 00:00:00.000,2024-09-09 00:00:00.000,32,36.27
11176,60065,2024-11-12 00:00:00.000,2024-10-11 00:00:00.000,32,46.83
11176,60198,2024-11-14 00:00:00.000,2024-11-12 00:00:00.000,2,2.29
11176,62958,2024-12-27 00:00:00.000,2024-11-14 00:00:00.000,43,6.28
11176,63551,2025-01-03 00:00:00.000,2024-12-27 00:00:00.000,7,28.48
11176,64316,2025-01-15 00:00:00.000,2025-01-03 00:00:00.000,12,31.27
11176,65702,2025-02-03 00:00:00.000,2025-01-15 00:00:00.000,19,39.98
11176,66957,2025-02-23 00:00:00.000,2025-02-03 00:00:00.000,20,34.99
11176,67222,2025-02-27 00:00:00.000,2025-02-23 00:00:00.000,4,32.28
11176,69262,2025-03-28 00:00:00.000,2025-02-27 00:00:00.000,29,114.96
11176,69587,2025-03-30 00:00:00.000,2025-03-28 00:00:00.000,2,39.98
11176,70606,2025-04-13 00:00:00.000,2025-03-30 00:00:00.000,14,62.98
11176,71234,2025-04-22 00:00:00.000,2025-04-13 00:00:00.000,9,21.49
11176,74596,2025-06-13 00:00:00.000,2025-04-22 00:00:00.000,52,4.99
11176,74634,2025-06-14 00:00:00.000,2025-06-13 00:00:00.000,1,144.47
11176,74699,2025-06-16 00:00:00.000,2025-06-14 00:00:00.000,2,38.88
11176,75070,2025-06-28 00:00:00.000,2025-06-16 00:00:00.000,12,24.99
11177,68374,2025-03-15 00:00:00.000,2024-08-28 00:00:00.000,199,128.97
11178,58674,2024-10-25 00:00:00.000,2024-07-23 00:00:00.000,94,42.28
11179,74508,2025-06-10 00:00:00.000,2024-08-11 00:00:00.000,303,63.47
11180,67055,2025-02-24 00:00:00.000,2024-08-16 00:00:00.000,192,99.47
11181,61929,2024-12-10 00:00:00.000,2024-10-06 00:00:00.000,65,3.99
11182,74379,2025-06-06 00:00:00.000,2025-01-27 00:00:00.000,130,38.98
11183,60089,2024-11-12 00:00:00.000,2024-09-29 00:00:00.000,44,39.99
11184,68030,2025-03-10 00:00:00.000,2025-01-09 00:00:00.000,60,6.28
11185,54444,2024-08-14 00:00:00.000,2024-07-23 00:00:00.000,22,38.88
11185,54550,2024-08-16 00:00:00.000,2024-08-14 00:00:00.000,2,69.97
11185,57260,2024-09-30 00:00:00.000,2024-08-16 00:00:00.000,45,29.98
11185,58146,2024-10-16 00:00:00.000,2024-09-30 00:00:00.000,16,42.97
11185,61613,2024-12-05 00:00:00.000,2024-10-16 00:00:00.000,50,38.88
11185,61737,2024-12-07 00:00:00.000,2024-12-05 00:00:00.000,2,6.28
11185,62543,2024-12-20 00:00:00.000,2024-12-07 00:00:00.000,13,38.98
11185,63072,2024-12-29 00:00:00.000,2024-12-20 00:00:00.000,9,62.98
11185,63497,2025-01-02 00:00:00.000,2024-12-29 00:00:00.000,4,48.97
11185,63705,2025-01-05 00:00:00.000,2025-01-02 00:00:00.000,3,27.28
11185,63905,2025-01-08 00:00:00.000,2025-01-05 00:00:00.000,3,103.48
11185,64008,2025-01-10 00:00:00.000,2025-01-08 00:00:00.000,2,59.48
11185,64079,2025-01-11 00:00:00.000,2025-01-10 00:00:00.000,1,71.58
11185,64740,2025-01-21 00:00:00.000,2025-01-11 00:00:00.000,10,21.49
11185,66040,2025-02-08 00:00:00.000,2025-01-21 00:00:00.000,18,196.93
11185,67018,2025-02-24 00:00:00.000,2025-02-08 00:00:00.000,16,34.99
11185,67361,2025-02-28 00:00:00.000,2025-02-24 00:00:00.000,4,36.59
11185,68206,2025-03-13 00:00:00.000,2025-02-28 00:00:00.000,13,31.27
11185,69111,2025-03-26 00:00:00.000,2025-03-13 00:00:00.000,13,123.98
11185,69327,2025-03-29 00:00:00.000,2025-03-26 00:00:00.000,3,15.23
11185,69671,2025-03-31 00:00:00.000,2025-03-29 00:00:00.000,2,64.97
11185,71036,2025-04-19 00:00:00.000,2025-03-31 00:00:00.000,19,39.98
11185,71107,2025-04-20 00:00:00.000,2025-04-19 00:00:00.000,1,2.29
11185,72956,2025-05-14 00:00:00.000,2025-04-20 00:00:00.000,24,49.99
11185,74245,2025-06-01 00:00:00.000,2025-05-14 00:00:00.000,18,155.47
11185,75038,2025-06-27 00:00:00.000,2025-06-01 00:00:00.000,26,79.47
11186,74464,2025-06-08 00:00:00.000,2025-03-19 00:00:00.000,81,37.29
11187,63725,2025-01-05 00:00:00.000,2024-09-02 00:00:00.000,125,39.99
11188,74880,2025-06-22 00:00:00.000,2025-04-02 00:00:00.000,81,6.28
11189,52321,2024-07-07 00:00:00.000,2023-01-25 00:00:00.000,529,2365.95
11190,74750,2025-06-17 00:00:00.000,2025-01-27 00:00:00.000,141,39.99
11191,51399,2024-06-11 00:00:00.000,2023-01-10 00:00:00.000,518,2359.98
11191,70229,2025-04-07 00:00:00.000,2024-06-11 00:00:00.000,300,805.33
11192,67056,2025-02-24 00:00:00.000,2024-11-22 00:00:00.000,94,74.98
11193,64476,2025-01-17 00:00:00.000,2024-07-27 00:00:00.000,174,6.28
11194,72599,2025-05-09 00:00:00.000,2024-08-12 00:00:00.000,270,63.47
11195,68921,2025-03-23 00:00:00.000,2024-09-13 00:00:00.000,191,99.47
11196,66986,2025-02-23 00:00:00.000,2024-08-02 00:00:00.000,205,159.99
11197,62485,2024-12-19 00:00:00.000,2024-10-01 00:00:00.000,79,165.28
11198,52709,2024-07-15 00:00:00.000,2024-07-07 00:00:00.000,8,35.00
11199,68589,2025-03-18 00:00:00.000,2024-08-17 00:00:00.000,213,125.47
11200,53089,2024-07-23 00:00:00.000,2024-07-09 00:00:00.000,14,29.48
11200,53359,2024-07-28 00:00:00.000,2024-07-23 00:00:00.000,5,57.98
11200,54205,2024-08-10 00:00:00.000,2024-07-28 00:00:00.000,13,59.48
11200,54379,2024-08-13 00:00:00.000,2024-08-10 00:00:00.000,3,22.97
11200,54899,2024-08-22 00:00:00.000,2024-08-13 00:00:00.000,9,27.28
11200,55571,2024-09-02 00:00:00.000,2024-08-22 00:00:00.000,11,27.28
11200,56044,2024-09-10 00:00:00.000,2024-09-02 00:00:00.000,8,77.92
11200,57198,2024-09-29 00:00:00.000,2024-09-10 00:00:00.000,19,53.99
11200,57319,2024-10-01 00:00:00.000,2024-09-29 00:00:00.000,2,60.47
11200,57884,2024-10-11 00:00:00.000,2024-10-01 00:00:00.000,10,35.00
11200,60395,2024-11-17 00:00:00.000,2024-10-11 00:00:00.000,37,3.99
11200,60565,2024-11-20 00:00:00.000,2024-11-17 00:00:00.000,3,74.48
11200,62593,2024-12-21 00:00:00.000,2024-11-20 00:00:00.000,31,21.49
11200,62961,2024-12-27 00:00:00.000,2024-12-21 00:00:00.000,6,36.59
11200,63431,2025-01-01 00:00:00.000,2024-12-27 00:00:00.000,5,109.47
11200,64255,2025-01-14 00:00:00.000,2025-01-01 00:00:00.000,13,27.28
11200,65038,2025-01-26 00:00:00.000,2025-01-14 00:00:00.000,12,68.97
11200,66215,2025-02-11 00:00:00.000,2025-01-26 00:00:00.000,16,63.97
11200,67219,2025-02-27 00:00:00.000,2025-02-11 00:00:00.000,16,32.60
11200,67508,2025-03-02 00:00:00.000,2025-02-27 00:00:00.000,3,79.97
11200,67868,2025-03-07 00:00:00.000,2025-03-02 00:00:00.000,5,4.99
11200,68833,2025-03-22 00:00:00.000,2025-03-07 00:00:00.000,15,24.99
11200,70329,2025-04-09 00:00:00.000,2025-03-22 00:00:00.000,18,32.60
11200,73353,2025-05-19 00:00:00.000,2025-04-09 00:00:00.000,40,39.98
11200,74516,2025-06-10 00:00:00.000,2025-05-19 00:00:00.000,22,193.98
11200,74855,2025-06-21 00:00:00.000,2025-06-10 00:00:00.000,11,2.29
11201,66032,2025-02-08 00:00:00.000,2024-11-30 00:00:00.000,70,88.97
11202,66805,2025-02-20 00:00:00.000,2025-02-14 00:00:00.000,6,35.00
11203,53069,2024-07-23 00:00:00.000,2024-07-22 00:00:00.000,1,120.00
11203,54985,2024-08-24 00:00:00.000,2024-07-23 00:00:00.000,32,53.99
11203,55046,2024-08-25 00:00:00.000,2024-08-24 00:00:00.000,1,4.99
11203,55625,2024-09-03 00:00:00.000,2024-08-25 00:00:00.000,9,7.28
11203,55743,2024-09-05 00:00:00.000,2024-09-03 00:00:00.000,2,88.98
11203,56037,2024-09-10 00:00:00.000,2024-09-05 00:00:00.000,5,37.27
11203,60779,2024-11-23 00:00:00.000,2024-09-10 00:00:00.000,74,152.27
11203,62256,2024-12-15 00:00:00.000,2024-11-23 00:00:00.000,22,69.99
11203,63466,2025-01-01 00:00:00.000,2024-12-15 00:00:00.000,17,45.24
11203,66895,2025-02-22 00:00:00.000,2025-01-01 00:00:00.000,52,2.29
11203,67351,2025-02-28 00:00:00.000,2025-02-22 00:00:00.000,6,49.99
11203,67419,2025-03-01 00:00:00.000,2025-02-28 00:00:00.000,1,67.97
11203,68210,2025-03-13 00:00:00.000,2025-03-01 00:00:00.000,12,36.27
11203,68559,2025-03-18 00:00:00.000,2025-03-13 00:00:00.000,5,28.98
11203,71235,2025-04-22 00:00:00.000,2025-03-18 00:00:00.000,35,27.28
11203,72799,2025-05-12 00:00:00.000,2025-04-22 00:00:00.000,20,3.99
11204,70495,2025-04-11 00:00:00.000,2025-01-08 00:00:00.000,93,74.98
11205,67980,2025-03-09 00:00:00.000,2024-12-26 00:00:00.000,73,2.29
11206,59092,2024-10-29 00:00:00.000,2024-10-10 00:00:00.000,19,2.29
11207,68636,2025-03-19 00:00:00.000,2024-07-02 00:00:00.000,260,2.29
11208,66523,2025-02-16 00:00:00.000,2024-08-03 00:00:00.000,197,2.29
11209,74935,2025-06-23 00:00:00.000,2024-08-24 00:00:00.000,303,35.00
11210,65817,2025-02-05 00:00:00.000,2024-10-05 00:00:00.000,123,28.48
11211,54674,2024-08-18 00:00:00.000,2024-07-03 00:00:00.000,46,53.99
11211,55463,2024-08-31 00:00:00.000,2024-08-18 00:00:00.000,13,66.97
11211,55742,2024-09-05 00:00:00.000,2024-08-31 00:00:00.000,5,58.98
11211,56554,2024-09-20 00:00:00.000,2024-09-05 00:00:00.000,15,4.99
11211,61314,2024-11-30 00:00:00.000,2024-09-20 00:00:00.000,71,120.00
11211,62125,2024-12-13 00:00:00.000,2024-11-30 00:00:00.000,13,39.99
11211,63429,2025-01-01 00:00:00.000,2024-12-13 00:00:00.000,19,13.98
11211,64949,2025-01-25 00:00:00.000,2025-01-01 00:00:00.000,24,34.99
11211,66842,2025-02-21 00:00:00.000,2025-01-25 00:00:00.000,27,39.98
11211,67652,2025-03-04 00:00:00.000,2025-02-21 00:00:00.000,11,63.97
11211,69589,2025-03-30 00:00:00.000,2025-03-04 00:00:00.000,26,23.78
11211,70476,2025-04-11 00:00:00.000,2025-03-30 00:00:00.000,12,69.97
11211,70685,2025-04-14 00:00:00.000,2025-04-11 00:00:00.000,3,2.29
11211,71436,2025-04-25 00:00:00.000,2025-04-14 00:00:00.000,11,27.28
11211,72080,2025-05-02 00:00:00.000,2025-04-25 00:00:00.000,7,37.93
11211,74455,2025-06-08 00:00:00.000,2025-05-02 00:00:00.000,37,69.99
11212,52299,2024-07-07 00:00:00.000,2024-07-01 00:00:00.000,6,4.99
11212,52446,2024-07-10 00:00:00.000,2024-07-07 00:00:00.000,3,42.28
11212,52968,2024-07-21 00:00:00.000,2024-07-10 00:00:00.000,11,34.99
11212,54207,2024-08-10 00:00:00.000,2024-07-21 00:00:00.000,20,29.48
11212,56920,2024-09-27 00:00:00.000,2024-08-10 00:00:00.000,48,23.78
11212,57370,2024-10-02 00:00:00.000,2024-09-27 00:00:00.000,5,49.99
11212,57380,2024-10-02 00:00:00.000,2024-10-02 00:00:00.000,0,2.29
11212,63564,2025-01-03 00:00:00.000,2024-10-02 00:00:00.000,93,53.99
11212,64626,2025-01-19 00:00:00.000,2025-01-03 00:00:00.000,16,79.47
11212,65628,2025-02-02 00:00:00.000,2025-01-19 00:00:00.000,14,13.98
11212,66080,2025-02-09 00:00:00.000,2025-02-02 00:00:00.000,7,120.00
11212,66105,2025-02-09 00:00:00.000,2025-02-09 00:00:00.000,0,69.97
11212,67588,2025-03-03 00:00:00.000,2025-02-09 00:00:00.000,22,27.28
11212,72978,2025-05-14 00:00:00.000,2025-03-03 00:00:00.000,72,88.46
11212,74563,2025-06-12 00:00:00.000,2025-05-14 00:00:00.000,29,27.28
11212,74759,2025-06-18 00:00:00.000,2025-06-12 00:00:00.000,6,38.98
11213,66048,2025-02-08 00:00:00.000,2024-08-27 00:00:00.000,165,74.98
11214,71121,2025-04-20 00:00:00.000,2025-01-13 00:00:00.000,97,159.99
11215,53838,2024-08-03 00:00:00.000,2024-07-17 00:00:00.000,17,193.98
11215,55151,2024-08-27 00:00:00.000,2024-08-03 00:00:00.000,24,39.98
11215,55193,2024-08-28 00:00:00.000,2024-08-27 00:00:00.000,1,99.47
11215,56029,2024-09-10 00:00:00.000,2024-08-28 00:00:00.000,13,53.99
11215,56032,2024-09-10 00:00:00.000,2024-09-10 00:00:00.000,0,4.99
11215,57258,2024-09-30 00:00:00.000,2024-09-10 00:00:00.000,20,4.99
11215,58552,2024-10-23 00:00:00.000,2024-09-30 00:00:00.000,23,187.98
11215,58848,2024-10-28 00:00:00.000,2024-10-23 00:00:00.000,5,38.98
11215,59421,2024-11-03 00:00:00.000,2024-10-28 00:00:00.000,6,21.49
11215,61455,2024-12-02 00:00:00.000,2024-11-03 00:00:00.000,29,94.48
11215,62396,2024-12-18 00:00:00.000,2024-12-02 00:00:00.000,16,34.99
11215,65882,2025-02-06 00:00:00.000,2024-12-18 00:00:00.000,50,49.99
11215,66239,2025-02-11 00:00:00.000,2025-02-06 00:00:00.000,5,74.98
11215,69670,2025-03-31 00:00:00.000,2025-02-11 00:00:00.000,48,2.29
11215,71153,2025-04-21 00:00:00.000,2025-03-31 00:00:00.000,21,128.99
11215,73124,2025-05-16 00:00:00.000,2025-04-21 00:00:00.000,25,24.99
11216,52322,2024-07-07 00:00:00.000,2023-01-14 00:00:00.000,540,2369.97
11217,52759,2024-07-16 00:00:00.000,2023-01-09 00:00:00.000,554,2374.98
11218,74362,2025-06-05 00:00:00.000,2024-07-30 00:00:00.000,310,37.29
11219,74978,2025-06-25 00:00:00.000,2025-03-30 00:00:00.000,87,2.29
11220,72977,2025-05-14 00:00:00.000,2024-08-13 00:00:00.000,274,10.24
11221,68587,2025-03-18 00:00:00.000,2024-09-06 00:00:00.000,193,42.28
11222,71732,2025-04-29 00:00:00.000,2025-04-02 00:00:00.000,27,74.98
11223,52483,2024-07-11 00:00:00.000,2024-06-30 00:00:00.000,11,38.98
11223,54836,2024-08-21 00:00:00.000,2024-07-11 00:00:00.000,41,92.08
11223,55047,2024-08-25 00:00:00.000,2024-08-21 00:00:00.000,4,71.58
11223,55826,2024-09-06 00:00:00.000,2024-08-25 00:00:00.000,12,53.99
11223,56612,2024-09-21 00:00:00.000,2024-09-06 00:00:00.000,15,39.98
11223,57253,2024-09-30 00:00:00.000,2024-09-21 00:00:00.000,9,34.99
11223,57643,2024-10-07 00:00:00.000,2024-09-30 00:00:00.000,7,28.99
11223,57659,2024-10-07 00:00:00.000,2024-10-07 00:00:00.000,0,39.99
11223,57865,2024-10-11 00:00:00.000,2024-10-07 00:00:00.000,4,41.59
11223,60341,2024-11-16 00:00:00.000,2024-10-11 00:00:00.000,36,23.78
11223,61614,2024-12-05 00:00:00.000,2024-11-16 00:00:00.000,19,106.93
11223,62159,2024-12-14 00:00:00.000,2024-12-05 00:00:00.000,9,49.99
11223,62778,2024-12-24 00:00:00.000,2024-12-14 00:00:00.000,10,49.48
11223,62875,2024-12-26 00:00:00.000,2024-12-24 00:00:00.000,2,88.46
11223,64809,2025-01-22 00:00:00.000,2024-12-26 00:00:00.000,27,71.58
11223,65408,2025-01-29 00:00:00.000,2025-01-22 00:00:00.000,7,27.28
11223,65758,2025-02-04 00:00:00.000,2025-01-29 00:00:00.000,6,39.98
11223,68091,2025-03-11 00:00:00.000,2025-02-04 00:00:00.000,35,34.99
11223,68637,2025-03-19 00:00:00.000,2025-03-11 00:00:00.000,8,27.77
11223,70103,2025-04-06 00:00:00.000,2025-03-19 00:00:00.000,18,2.29
11223,70535,2025-04-12 00:00:00.000,2025-04-06 00:00:00.000,6,27.28
11223,71293,2025-04-23 00:00:00.000,2025-04-12 00:00:00.000,11,38.98
11223,71298,2025-04-23 00:00:00.000,2025-04-23 00:00:00.000,0,29.98
11223,71637,2025-04-28 00:00:00.000,2025-04-23 00:00:00.000,5,24.99
11223,72881,2025-05-13 00:00:00.000,2025-04-28 00:00:00.000,15,4.99
11223,74425,2025-06-07 00:00:00.000,2025-05-13 00:00:00.000,25,49.48
11224,51678,2024-06-28 00:00:00.000,2023-01-06 00:00:00.000,539,2329.98
11224,72256,2025-05-04 00:00:00.000,2024-06-28 00:00:00.000,310,777.34
11225,65843,2025-02-05 00:00:00.000,2024-11-21 00:00:00.000,76,70.96
11226,55430,2024-08-30 00:00:00.000,2024-07-23 00:00:00.000,38,35.00
11227,52566,2024-07-12 00:00:00.000,2023-01-02 00:00:00.000,557,2331.95
11228,74778,2025-06-18 00:00:00.000,2025-03-26 00:00:00.000,84,74.98
11229,75004,2025-06-26 00:00:00.000,2024-12-26 00:00:00.000,182,38.98
11230,72684,2025-05-10 00:00:00.000,2024-12-15 00:00:00.000,146,42.28
11231,70607,2025-04-13 00:00:00.000,2024-07-12 00:00:00.000,275,2.29
11232,70702,2025-04-14 00:00:00.000,2025-02-19 00:00:00.000,54,37.29
11233,59716,2024-11-07 00:00:00.000,2024-07-10 00:00:00.000,120,28.48
11234,66681,2025-02-18 00:00:00.000,2024-07-10 00:00:00.000,223,37.29
11235,74377,2025-06-06 00:00:00.000,2024-12-03 00:00:00.000,185,63.47
11236,74422,2025-06-07 00:00:00.000,2025-03-04 00:00:00.000,95,38.98
11237,51516,2024-06-19 00:00:00.000,2023-02-04 00:00:00.000,501,2319.99
11237,65557,2025-01-31 00:00:00.000,2024-06-19 00:00:00.000,226,2419.06
11237,71500,2025-04-26 00:00:00.000,2025-01-31 00:00:00.000,85,2452.34
11238,51573,2024-06-22 00:00:00.000,2022-06-07 00:00:00.000,746,2329.98
11238,54301,2024-08-11 00:00:00.000,2024-06-22 00:00:00.000,50,1249.84
11238,57240,2024-09-29 00:00:00.000,2024-08-11 00:00:00.000,49,562.96
11239,51411,2024-06-12 00:00:00.000,2022-06-20 00:00:00.000,723,2353.95
11239,58627,2024-10-24 00:00:00.000,2024-06-12 00:00:00.000,134,1214.85
11239,58833,2024-10-27 00:00:00.000,2024-10-24 00:00:00.000,3,567.76
11240,51205,2024-05-31 00:00:00.000,2022-07-29 00:00:00.000,672,2369.96
11240,57673,2024-10-07 00:00:00.000,2024-05-31 00:00:00.000,129,1237.82
11240,57953,2024-10-12 00:00:00.000,2024-10-07 00:00:00.000,5,578.46
11241,51192,2024-05-30 00:00:00.000,2024-02-10 00:00:00.000,110,2329.98
11241,55623,2024-09-03 00:00:00.000,2024-05-30 00:00:00.000,96,708.44
11241,57891,2024-10-11 00:00:00.000,2024-09-03 00:00:00.000,38,811.32
11241,61171,2024-11-28 00:00:00.000,2024-10-11 00:00:00.000,48,553.97
11241,64592,2025-01-18 00:00:00.000,2024-11-28 00:00:00.000,51,2588.33
11241,69624,2025-03-30 00:00:00.000,2025-01-18 00:00:00.000,71,2428.05
11242,51305,2024-06-06 00:00:00.000,2024-02-19 00:00:00.000,108,2319.99
11242,58646,2024-10-25 00:00:00.000,2024-06-06 00:00:00.000,141,574.98
11242,59645,2024-11-05 00:00:00.000,2024-10-25 00:00:00.000,11,539.99
11242,64772,2025-01-21 00:00:00.000,2024-11-05 00:00:00.000,77,2384.07
11242,71067,2025-04-19 00:00:00.000,2025-01-21 00:00:00.000,88,780.82
11242,72324,2025-05-05 00:00:00.000,2025-04-19 00:00:00.000,16,2419.06
11243,51427,2024-06-13 00:00:00.000,2022-07-23 00:00:00.000,691,2364.98
11243,52454,2024-07-10 00:00:00.000,2024-06-13 00:00:00.000,27,810.32
11243,59829,2024-11-08 00:00:00.000,2024-07-10 00:00:00.000,121,588.96
11244,51544,2024-06-21 00:00:00.000,2022-07-14 00:00:00.000,708,2354.99
11244,54970,2024-08-23 00:00:00.000,2024-06-21 00:00:00.000,63,811.32
11244,62467,2024-12-18 00:00:00.000,2024-08-23 00:00:00.000,117,609.45
11245,51178,2024-05-29 00:00:00.000,2023-02-25 00:00:00.000,459,2334.97
11245,66500,2025-02-15 00:00:00.000,2024-05-29 00:00:00.000,262,2418.05
11245,72793,2025-05-12 00:00:00.000,2025-02-15 00:00:00.000,86,2452.34
11246,51604,2024-06-24 00:00:00.000,2023-03-04 00:00:00.000,478,2329.98
11246,66482,2025-02-15 00:00:00.000,2024-06-24 00:00:00.000,236,2419.06
11246,73507,2025-05-21 00:00:00.000,2025-02-15 00:00:00.000,95,2451.30
11247,51408,2024-06-12 00:00:00.000,2022-07-20 00:00:00.000,693,2340.23
11247,55725,2024-09-04 00:00:00.000,2024-06-12 00:00:00.000,84,827.33
11247,64449,2025-01-16 00:00:00.000,2024-09-04 00:00:00.000,134,588.96
11249,51247,2024-06-02 00:00:00.000,2023-03-10 00:00:00.000,450,2309.97
11249,56133,2024-09-12 00:00:00.000,2024-06-02 00:00:00.000,102,1759.97
11249,66414,2025-02-14 00:00:00.000,2024-09-12 00:00:00.000,155,2420.34
11250,52410,2024-07-10 00:00:00.000,2022-08-16 00:00:00.000,694,2339.97
11250,61078,2024-11-27 00:00:00.000,2024-07-10 00:00:00.000,140,786.33
11250,63748,2025-01-05 00:00:00.000,2024-11-27 00:00:00.000,39,589.96
11252,51665,2024-06-27 00:00:00.000,2023-01-13 00:00:00.000,531,2341.97
11252,73397,2025-05-19 00:00:00.000,2024-06-27 00:00:00.000,326,765.32
11253,54292,2024-08-11 00:00:00.000,2024-07-31 00:00:00.000,11,35.00
11253,55190,2024-08-28 00:00:00.000,2024-08-11 00:00:00.000,17,88.97
11253,55519,2024-09-01 00:00:00.000,2024-08-28 00:00:00.000,4,24.99
11253,59428,2024-11-03 00:00:00.000,2024-09-01 00:00:00.000,63,37.27
11253,61120,2024-11-28 00:00:00.000,2024-11-03 00:00:00.000,25,63.97
11253,61121,2024-11-28 00:00:00.000,2024-11-28 00:00:00.000,0,23.78
11253,61430,2024-12-02 00:00:00.000,2024-11-28 00:00:00.000,4,34.99
11253,61926,2024-12-10 00:00:00.000,2024-12-02 00:00:00.000,8,53.99
11253,61927,2024-12-10 00:00:00.000,2024-12-10 00:00:00.000,0,2.29
11253,62248,2024-12-15 00:00:00.000,2024-12-10 00:00:00.000,5,4.99
11253,68492,2025-03-17 00:00:00.000,2024-12-15 00:00:00.000,92,94.48
11253,68624,2025-03-19 00:00:00.000,2025-03-17 00:00:00.000,2,48.97
11253,71296,2025-04-23 00:00:00.000,2025-03-19 00:00:00.000,35,28.98
11253,71710,2025-04-29 00:00:00.000,2025-04-23 00:00:00.000,6,39.98
11253,72186,2025-05-04 00:00:00.000,2025-04-29 00:00:00.000,5,49.99
11254,73048,2025-05-15 00:00:00.000,2025-04-24 00:00:00.000,21,63.47
11255,55400,2024-08-30 00:00:00.000,2024-07-25 00:00:00.000,36,38.98
11256,68505,2025-03-17 00:00:00.000,2024-09-14 00:00:00.000,184,42.28
11257,51231,2024-06-01 00:00:00.000,2023-01-23 00:00:00.000,495,2297.28
11257,73079,2025-05-15 00:00:00.000,2024-06-01 00:00:00.000,348,801.83
11258,62206,2024-12-14 00:00:00.000,2024-10-20 00:00:00.000,55,35.00
11259,51468,2024-06-16 00:00:00.000,2023-02-03 00:00:00.000,499,2414.99
11259,73568,2025-05-21 00:00:00.000,2024-06-16 00:00:00.000,339,777.34
11260,60705,2024-11-22 00:00:00.000,2024-07-07 00:00:00.000,138,38.98
11261,51210,2024-05-31 00:00:00.000,2023-02-26 00:00:00.000,460,2329.98
11261,73768,2025-05-24 00:00:00.000,2024-05-31 00:00:00.000,358,742.35
11262,53789,2024-08-02 00:00:00.000,2024-07-29 00:00:00.000,4,28.99
11262,54218,2024-08-10 00:00:00.000,2024-08-02 00:00:00.000,8,103.96
11262,57634,2024-10-07 00:00:00.000,2024-08-10 00:00:00.000,58,13.98
11262,57707,2024-10-08 00:00:00.000,2024-10-07 00:00:00.000,1,4.99
11262,59928,2024-11-10 00:00:00.000,2024-10-08 00:00:00.000,33,36.59
11262,59997,2024-11-11 00:00:00.000,2024-11-10 00:00:00.000,1,86.58
11262,60638,2024-11-21 00:00:00.000,2024-11-11 00:00:00.000,10,59.48
11262,61118,2024-11-28 00:00:00.000,2024-11-21 00:00:00.000,7,29.48
11262,61331,2024-11-30 00:00:00.000,2024-11-28 00:00:00.000,2,38.88
11262,61385,2024-12-01 00:00:00.000,2024-11-30 00:00:00.000,1,10.24
11262,63836,2025-01-07 00:00:00.000,2024-12-01 00:00:00.000,37,39.22
11262,65465,2025-01-30 00:00:00.000,2025-01-07 00:00:00.000,23,35.23
11262,65757,2025-02-04 00:00:00.000,2025-01-30 00:00:00.000,5,3.99
11262,66099,2025-02-09 00:00:00.000,2025-02-04 00:00:00.000,5,127.95
11262,66330,2025-02-13 00:00:00.000,2025-02-09 00:00:00.000,4,36.59
11262,66806,2025-02-20 00:00:00.000,2025-02-13 00:00:00.000,7,37.29
11262,67093,2025-02-25 00:00:00.000,2025-02-20 00:00:00.000,5,27.77
11262,68978,2025-03-24 00:00:00.000,2025-02-25 00:00:00.000,27,4.99
11262,69033,2025-03-25 00:00:00.000,2025-03-24 00:00:00.000,1,38.98
11262,70609,2025-04-13 00:00:00.000,2025-03-25 00:00:00.000,19,32.27
11262,72201,2025-05-04 00:00:00.000,2025-04-13 00:00:00.000,21,35.72
11262,72527,2025-05-08 00:00:00.000,2025-05-04 00:00:00.000,4,94.46
11262,73186,2025-05-17 00:00:00.000,2025-05-08 00:00:00.000,9,7.95
11262,74446,2025-06-08 00:00:00.000,2025-05-17 00:00:00.000,22,27.28
11262,74624,2025-06-14 00:00:00.000,2025-06-08 00:00:00.000,6,53.99
11262,74919,2025-06-23 00:00:00.000,2025-06-14 00:00:00.000,9,34.99
11263,51184,2024-05-29 00:00:00.000,2023-01-28 00:00:00.000,487,2394.97
11263,72776,2025-05-11 00:00:00.000,2024-05-29 00:00:00.000,347,780.82
11264,72051,2025-05-01 00:00:00.000,2024-06-03 00:00:00.000,332,806.32
11266,51554,2024-06-21 00:00:00.000,2023-02-09 00:00:00.000,498,2343.96
11267,51345,2024-06-08 00:00:00.000,2023-02-16 00:00:00.000,478,2364.96
11268,70906,2025-04-17 00:00:00.000,2024-10-28 00:00:00.000,171,91.97
11269,66126,2025-02-09 00:00:00.000,2025-01-21 00:00:00.000,19,39.99
11270,51346,2024-06-08 00:00:00.000,2023-02-09 00:00:00.000,485,2405.95
11271,51590,2024-06-23 00:00:00.000,2023-02-26 00:00:00.000,483,2394.97
11272,51444,2024-06-14 00:00:00.000,2023-02-18 00:00:00.000,482,2396.96
11273,58492,2024-10-22 00:00:00.000,2024-10-13 00:00:00.000,9,161.29
11274,53280,2024-07-26 00:00:00.000,2023-01-28 00:00:00.000,545,2309.97
11275,51430,2024-06-13 00:00:00.000,2023-01-29 00:00:00.000,501,2376.96
11276,52473,2024-07-11 00:00:00.000,2024-06-30 00:00:00.000,11,34.99
11276,55695,2024-09-04 00:00:00.000,2024-07-11 00:00:00.000,55,29.98
11276,56611,2024-09-21 00:00:00.000,2024-09-04 00:00:00.000,17,60.47
11276,58252,2024-10-18 00:00:00.000,2024-09-21 00:00:00.000,27,13.98
11276,58708,2024-10-26 00:00:00.000,2024-10-18 00:00:00.000,8,34.99
11276,62412,2024-12-18 00:00:00.000,2024-10-26 00:00:00.000,53,14.23
11276,62546,2024-12-20 00:00:00.000,2024-12-18 00:00:00.000,2,28.99
11276,62834,2024-12-25 00:00:00.000,2024-12-20 00:00:00.000,5,25.48
11276,64254,2025-01-14 00:00:00.000,2024-12-25 00:00:00.000,20,53.99
11276,64317,2025-01-15 00:00:00.000,2025-01-14 00:00:00.000,1,127.95
11276,64393,2025-01-16 00:00:00.000,2025-01-15 00:00:00.000,1,27.28
11276,65575,2025-02-01 00:00:00.000,2025-01-16 00:00:00.000,16,37.27
11276,67782,2025-03-06 00:00:00.000,2025-02-01 00:00:00.000,33,10.24
11276,69965,2025-04-04 00:00:00.000,2025-03-06 00:00:00.000,29,74.46
11276,70327,2025-04-09 00:00:00.000,2025-04-04 00:00:00.000,5,39.98
11276,70615,2025-04-13 00:00:00.000,2025-04-09 00:00:00.000,4,32.60
11276,70846,2025-04-16 00:00:00.000,2025-04-13 00:00:00.000,3,39.99
11276,71377,2025-04-24 00:00:00.000,2025-04-16 00:00:00.000,8,4.99
11276,73199,2025-05-17 00:00:00.000,2025-04-24 00:00:00.000,23,36.59
11276,73201,2025-05-17 00:00:00.000,2025-05-17 00:00:00.000,0,32.60
11276,73352,2025-05-19 00:00:00.000,2025-05-17 00:00:00.000,2,15.23
11276,73815,2025-05-25 00:00:00.000,2025-05-19 00:00:00.000,6,32.60
11276,74196,2025-05-31 00:00:00.000,2025-05-25 00:00:00.000,6,64.97
11276,74192,2025-05-31 00:00:00.000,2025-05-31 00:00:00.000,0,6.28
11276,74784,2025-06-19 00:00:00.000,2025-05-31 00:00:00.000,19,7.95
11276,74923,2025-06-23 00:00:00.000,2025-06-19 00:00:00.000,4,68.97
11277,53023,2024-07-22 00:00:00.000,2024-07-04 00:00:00.000,18,71.58
11277,53042,2024-07-22 00:00:00.000,2024-07-22 00:00:00.000,0,42.28
11277,54443,2024-08-14 00:00:00.000,2024-07-22 00:00:00.000,23,88.97
11277,55880,2024-09-07 00:00:00.000,2024-08-14 00:00:00.000,24,38.98
11277,56197,2024-09-13 00:00:00.000,2024-09-07 00:00:00.000,6,15.23
11277,56281,2024-09-15 00:00:00.000,2024-09-13 00:00:00.000,2,67.93
11277,57756,2024-10-09 00:00:00.000,2024-09-15 00:00:00.000,24,151.27
11277,57958,2024-10-13 00:00:00.000,2024-10-09 00:00:00.000,4,34.99
11277,58081,2024-10-15 00:00:00.000,2024-10-13 00:00:00.000,2,53.99
11277,59299,2024-11-01 00:00:00.000,2024-10-15 00:00:00.000,17,78.96
11277,61499,2024-12-03 00:00:00.000,2024-11-01 00:00:00.000,32,111.44
11277,62088,2024-12-13 00:00:00.000,2024-12-03 00:00:00.000,10,8.99
11277,62253,2024-12-15 00:00:00.000,2024-12-13 00:00:00.000,2,96.07
11277,63839,2025-01-07 00:00:00.000,2024-12-15 00:00:00.000,23,25.48
11277,63834,2025-01-07 00:00:00.000,2025-01-07 00:00:00.000,0,2.29
11277,63897,2025-01-08 00:00:00.000,2025-01-07 00:00:00.000,1,88.97
11277,65893,2025-02-06 00:00:00.000,2025-01-08 00:00:00.000,29,24.99
11277,66163,2025-02-10 00:00:00.000,2025-02-06 00:00:00.000,4,31.27
11277,66792,2025-02-20 00:00:00.000,2025-02-10 00:00:00.000,10,93.49
11277,69104,2025-03-26 00:00:00.000,2025-02-20 00:00:00.000,34,38.98
11277,69966,2025-04-04 00:00:00.000,2025-03-26 00:00:00.000,9,13.98
11277,70176,2025-04-07 00:00:00.000,2025-04-04 00:00:00.000,3,82.59
11277,71351,2025-04-24 00:00:00.000,2025-04-07 00:00:00.000,17,7.95
11277,74447,2025-06-08 00:00:00.000,2025-04-24 00:00:00.000,45,25.48
11277,74660,2025-06-15 00:00:00.000,2025-06-08 00:00:00.000,7,71.58
11277,74728,2025-06-17 00:00:00.000,2025-06-15 00:00:00.000,2,32.27
11278,51277,2024-06-04 00:00:00.000,2023-02-15 00:00:00.000,475,2329.98
11279,60671,2024-11-21 00:00:00.000,2024-08-02 00:00:00.000,111,42.28
11280,63837,2025-01-07 00:00:00.000,2024-11-30 00:00:00.000,38,2.29
11281,51417,2024-06-12 00:00:00.000,2023-02-12 00:00:00.000,486,2342.92
11282,51264,2024-06-03 00:00:00.000,2023-01-30 00:00:00.000,490,2420.46
11283,65104,2025-01-27 00:00:00.000,2024-10-28 00:00:00.000,91,2.29
11284,57339,2024-10-01 00:00:00.000,2024-07-08 00:00:00.000,85,45.24
11285,69180,2025-03-27 00:00:00.000,2024-12-26 00:00:00.000,91,2.29
11286,51553,2024-06-21 00:00:00.000,2023-02-20 00:00:00.000,487,2375.95
11287,52422,2024-07-10 00:00:00.000,2024-06-30 00:00:00.000,10,39.22
11287,53385,2024-07-28 00:00:00.000,2024-07-10 00:00:00.000,18,83.97
11287,55342,2024-08-29 00:00:00.000,2024-07-28 00:00:00.000,32,15.23
11287,55756,2024-09-05 00:00:00.000,2024-08-29 00:00:00.000,7,24.99
11287,57554,2024-10-05 00:00:00.000,2024-09-05 00:00:00.000,30,23.97
11287,58202,2024-10-17 00:00:00.000,2024-10-05 00:00:00.000,12,64.97
11287,58424,2024-10-21 00:00:00.000,2024-10-17 00:00:00.000,4,2.29
11287,58550,2024-10-23 00:00:00.000,2024-10-21 00:00:00.000,2,67.93
11287,59424,2024-11-03 00:00:00.000,2024-10-23 00:00:00.000,11,38.88
11287,60201,2024-11-14 00:00:00.000,2024-11-03 00:00:00.000,11,23.78
11287,60473,2024-11-18 00:00:00.000,2024-11-14 00:00:00.000,4,32.60
11287,61674,2024-12-06 00:00:00.000,2024-11-18 00:00:00.000,18,58.98
11287,62544,2024-12-20 00:00:00.000,2024-12-06 00:00:00.000,14,31.27
11287,62957,2024-12-27 00:00:00.000,2024-12-20 00:00:00.000,7,53.99
11287,63003,2024-12-28 00:00:00.000,2024-12-27 00:00:00.000,1,8.99
11287,63498,2025-01-02 00:00:00.000,2024-12-28 00:00:00.000,5,59.48
11287,67507,2025-03-02 00:00:00.000,2025-01-02 00:00:00.000,59,33.98
11287,68211,2025-03-13 00:00:00.000,2025-03-02 00:00:00.000,11,27.77
11287,69660,2025-03-31 00:00:00.000,2025-03-13 00:00:00.000,18,7.95
11287,70525,2025-04-12 00:00:00.000,2025-03-31 00:00:00.000,12,88.98
11287,70687,2025-04-14 00:00:00.000,2025-04-12 00:00:00.000,2,33.98
11287,71378,2025-04-24 00:00:00.000,2025-04-14 00:00:00.000,10,59.98
11287,72148,2025-05-03 00:00:00.000,2025-04-24 00:00:00.000,9,29.99
11287,74316,2025-06-04 00:00:00.000,2025-05-03 00:00:00.000,32,38.88
11287,74597,2025-06-13 00:00:00.000,2025-06-04 00:00:00.000,9,29.98
11287,75096,2025-06-29 00:00:00.000,2025-06-13 00:00:00.000,16,88.97
11288,64710,2025-01-20 00:00:00.000,2024-08-04 00:00:00.000,169,74.98
11289,51489,2024-06-17 00:00:00.000,2023-02-07 00:00:00.000,496,2327.21
11290,51677,2024-06-28 00:00:00.000,2023-02-19 00:00:00.000,495,2354.98
11291,51533,2024-06-20 00:00:00.000,2023-02-03 00:00:00.000,503,2294.99
11292,51230,2024-06-01 00:00:00.000,2023-02-14 00:00:00.000,473,2331.95
11293,54439,2024-08-14 00:00:00.000,2024-07-26 00:00:00.000,19,10.24
11294,74335,2025-06-04 00:00:00.000,2025-02-24 00:00:00.000,100,39.99
11295,51380,2024-06-10 00:00:00.000,2023-02-24 00:00:00.000,472,2479.98
11296,51959,2024-06-30 00:00:00.000,2023-01-31 00:00:00.000,516,2319.26
11297,53056,2024-07-22 00:00:00.000,2023-02-25 00:00:00.000,513,2369.97
11298,53122,2024-07-23 00:00:00.000,2023-02-11 00:00:00.000,528,2343.96
11299,53281,2024-07-26 00:00:00.000,2023-02-25 00:00:00.000,517,2436.97
11300,52083,2024-07-03 00:00:00.000,2024-07-02 00:00:00.000,1,32.28
11300,53835,2024-08-03 00:00:00.000,2024-07-03 00:00:00.000,31,91.58
11300,54388,2024-08-13 00:00:00.000,2024-08-03 00:00:00.000,10,74.98
11300,54662,2024-08-18 00:00:00.000,2024-08-13 00:00:00.000,5,7.95
11300,56487,2024-09-19 00:00:00.000,2024-08-18 00:00:00.000,32,34.99
11300,58365,2024-10-20 00:00:00.000,2024-09-19 00:00:00.000,31,88.46
11300,58370,2024-10-20 00:00:00.000,2024-10-20 00:00:00.000,0,38.88
11300,60130,2024-11-13 00:00:00.000,2024-10-20 00:00:00.000,24,8.99
11300,61611,2024-12-05 00:00:00.000,2024-11-13 00:00:00.000,22,60.47
11300,62876,2024-12-26 00:00:00.000,2024-12-05 00:00:00.000,21,34.99
11300,62896,2024-12-26 00:00:00.000,2024-12-26 00:00:00.000,0,108.46
11300,63307,2024-12-30 00:00:00.000,2024-12-26 00:00:00.000,4,29.98
11300,63770,2025-01-06 00:00:00.000,2024-12-30 00:00:00.000,7,2.29
11300,63771,2025-01-06 00:00:00.000,2025-01-06 00:00:00.000,0,28.48
11300,64195,2025-01-13 00:00:00.000,2025-01-06 00:00:00.000,7,21.49
11300,64397,2025-01-16 00:00:00.000,2025-01-13 00:00:00.000,3,38.88
11300,64417,2025-01-16 00:00:00.000,2025-01-16 00:00:00.000,0,109.96
11300,65975,2025-02-07 00:00:00.000,2025-01-16 00:00:00.000,22,58.98
11300,66785,2025-02-20 00:00:00.000,2025-02-07 00:00:00.000,13,3.99
11300,67164,2025-02-26 00:00:00.000,2025-02-20 00:00:00.000,6,17.27
11300,69182,2025-03-27 00:00:00.000,2025-02-26 00:00:00.000,29,166.28
11300,69740,2025-04-01 00:00:00.000,2025-03-27 00:00:00.000,5,88.97
11300,70767,2025-04-15 00:00:00.000,2025-04-01 00:00:00.000,14,59.48
11300,73197,2025-05-17 00:00:00.000,2025-04-15 00:00:00.000,32,41.93
11300,73437,2025-05-20 00:00:00.000,2025-05-17 00:00:00.000,3,98.95
11300,74226,2025-06-01 00:00:00.000,2025-05-20 00:00:00.000,12,109.97
11301,68184,2025-03-12 00:00:00.000,2024-11-08 00:00:00.000,124,128.97
11302,52147,2024-07-04 00:00:00.000,2023-02-05 00:00:00.000,515,2359.92
11303,53235,2024-07-25 00:00:00.000,2023-02-01 00:00:00.000,540,2297.28
11304,56609,2024-09-21 00:00:00.000,2024-08-19 00:00:00.000,33,2.29
11305,63588,2025-01-03 00:00:00.000,2024-08-24 00:00:00.000,132,74.98
11306,65922,2025-02-06 00:00:00.000,2024-11-29 00:00:00.000,69,39.99
11307,52452,2024-07-10 00:00:00.000,2023-02-03 00:00:00.000,523,2385.95
11308,74695,2025-06-16 00:00:00.000,2025-02-06 00:00:00.000,130,2.29
11309,74376,2025-06-06 00:00:00.000,2024-12-08 00:00:00.000,180,2.29
11310,73833,2025-05-25 00:00:00.000,2025-01-11 00:00:00.000,134,74.98
11311,66273,2025-02-12 00:00:00.000,2024-09-17 00:00:00.000,148,2.29
11312,59318,2024-11-01 00:00:00.000,2024-10-16 00:00:00.000,16,39.99
11313,71574,2025-04-27 00:00:00.000,2024-10-06 00:00:00.000,203,2.29
11314,72199,2025-05-04 00:00:00.000,2024-07-27 00:00:00.000,281,10.24
11315,73273,2025-05-18 00:00:00.000,2024-10-19 00:00:00.000,211,2.29
11317,52956,2024-07-20 00:00:00.000,2023-01-31 00:00:00.000,536,2294.99
11318,70325,2025-04-09 00:00:00.000,2025-03-18 00:00:00.000,22,2.29
11319,53282,2024-07-26 00:00:00.000,2023-02-08 00:00:00.000,534,2351.96
11320,64578,2025-01-18 00:00:00.000,2024-11-14 00:00:00.000,65,69.92
11321,58808,2024-10-27 00:00:00.000,2024-07-25 00:00:00.000,94,35.00
11322,58363,2024-10-20 00:00:00.000,2024-08-23 00:00:00.000,58,2.29
11323,52010,2024-07-01 00:00:00.000,2023-02-09 00:00:00.000,508,2496.27
11324,52319,2024-07-07 00:00:00.000,2023-02-25 00:00:00.000,498,2366.96
11325,52058,2024-07-02 00:00:00.000,2023-02-18 00:00:00.000,500,2465.93
11326,53055,2024-07-22 00:00:00.000,2023-02-14 00:00:00.000,524,2369.97
11327,52104,2024-07-03 00:00:00.000,2023-02-25 00:00:00.000,494,2337.27
11328,55863,2024-09-06 00:00:00.000,2024-06-06 00:00:00.000,92,2398.05
11329,52567,2024-07-12 00:00:00.000,2023-02-24 00:00:00.000,504,2319.99
11330,53205,2024-07-25 00:00:00.000,2024-07-14 00:00:00.000,11,154.98
11330,54112,2024-08-08 00:00:00.000,2024-07-25 00:00:00.000,14,28.98
11330,57792,2024-10-10 00:00:00.000,2024-08-08 00:00:00.000,63,7.95
11330,58084,2024-10-15 00:00:00.000,2024-10-10 00:00:00.000,5,63.97
11330,58556,2024-10-23 00:00:00.000,2024-10-15 00:00:00.000,8,71.58
11330,58557,2024-10-23 00:00:00.000,2024-10-23 00:00:00.000,0,38.88
11330,59422,2024-11-03 00:00:00.000,2024-10-23 00:00:00.000,11,39.98
11330,59510,2024-11-04 00:00:00.000,2024-11-03 00:00:00.000,1,29.48
11330,60200,2024-11-14 00:00:00.000,2024-11-04 00:00:00.000,10,58.47
11330,60337,2024-11-16 00:00:00.000,2024-11-14 00:00:00.000,2,2.29
11330,61555,2024-12-04 00:00:00.000,2024-11-16 00:00:00.000,18,32.27
11330,61800,2024-12-08 00:00:00.000,2024-12-04 00:00:00.000,4,79.97
11330,62542,2024-12-20 00:00:00.000,2024-12-08 00:00:00.000,12,34.99
11330,62560,2024-12-20 00:00:00.000,2024-12-20 00:00:00.000,0,39.99
11330,64950,2025-01-25 00:00:00.000,2024-12-20 00:00:00.000,36,34.99
11330,65689,2025-02-03 00:00:00.000,2025-01-25 00:00:00.000,9,58.47
11330,67031,2025-02-24 00:00:00.000,2025-02-03 00:00:00.000,21,8.99
11330,68117,2025-03-11 00:00:00.000,2025-02-24 00:00:00.000,15,4.99
11330,68888,2025-03-23 00:00:00.000,2025-03-11 00:00:00.000,12,49.99
11330,69674,2025-03-31 00:00:00.000,2025-03-23 00:00:00.000,8,61.08
11330,71105,2025-04-20 00:00:00.000,2025-03-31 00:00:00.000,20,2.29
11330,71965,2025-04-30 00:00:00.000,2025-04-20 00:00:00.000,10,84.96
11330,72081,2025-05-02 00:00:00.000,2025-04-30 00:00:00.000,2,38.88
11330,72798,2025-05-12 00:00:00.000,2025-05-02 00:00:00.000,10,38.98
11330,73049,2025-05-15 00:00:00.000,2025-05-12 00:00:00.000,3,28.98
11330,74922,2025-06-23 00:00:00.000,2025-05-15 00:00:00.000,39,24.99
11331,52484,2024-07-11 00:00:00.000,2024-07-09 00:00:00.000,2,27.28
11331,52487,2024-07-11 00:00:00.000,2024-07-11 00:00:00.000,0,59.98
11331,53093,2024-07-23 00:00:00.000,2024-07-11 00:00:00.000,12,61.08
11331,53243,2024-07-26 00:00:00.000,2024-07-23 00:00:00.000,3,34.99
11331,53632,2024-07-30 00:00:00.000,2024-07-26 00:00:00.000,4,99.53
11331,54051,2024-08-07 00:00:00.000,2024-07-30 00:00:00.000,8,78.48
11331,54331,2024-08-12 00:00:00.000,2024-08-07 00:00:00.000,5,34.99
11331,55385,2024-08-30 00:00:00.000,2024-08-12 00:00:00.000,18,67.97
11331,56147,2024-09-12 00:00:00.000,2024-08-30 00:00:00.000,13,27.28
11331,57202,2024-09-29 00:00:00.000,2024-09-12 00:00:00.000,17,2.29
11331,57323,2024-10-01 00:00:00.000,2024-09-29 00:00:00.000,2,34.89
11331,58083,2024-10-15 00:00:00.000,2024-10-01 00:00:00.000,14,120.00
11331,58499,2024-10-22 00:00:00.000,2024-10-15 00:00:00.000,7,29.99
11331,59292,2024-11-01 00:00:00.000,2024-10-22 00:00:00.000,10,27.77
11331,60266,2024-11-15 00:00:00.000,2024-11-01 00:00:00.000,14,28.99
11331,60853,2024-11-24 00:00:00.000,2024-11-15 00:00:00.000,9,36.27
11331,61449,2024-12-02 00:00:00.000,2024-11-24 00:00:00.000,8,36.59
11331,62267,2024-12-15 00:00:00.000,2024-12-02 00:00:00.000,13,37.29
11331,62775,2024-12-24 00:00:00.000,2024-12-15 00:00:00.000,9,35.23
11331,63634,2025-01-04 00:00:00.000,2024-12-24 00:00:00.000,11,28.98
11331,66448,2025-02-15 00:00:00.000,2025-01-04 00:00:00.000,42,166.28
11331,69959,2025-04-04 00:00:00.000,2025-02-15 00:00:00.000,48,49.99
11331,70104,2025-04-06 00:00:00.000,2025-04-04 00:00:00.000,2,7.28
11331,70534,2025-04-12 00:00:00.000,2025-04-06 00:00:00.000,6,64.97
11331,72211,2025-05-04 00:00:00.000,2025-04-12 00:00:00.000,22,77.96
11331,74975,2025-06-25 00:00:00.000,2025-05-04 00:00:00.000,52,38.98
11332,51323,2024-06-07 00:00:00.000,2023-03-16 00:00:00.000,449,2354.98
11333,51306,2024-06-06 00:00:00.000,2022-08-20 00:00:00.000,656,2344.26
11333,62135,2024-12-13 00:00:00.000,2024-06-06 00:00:00.000,190,2419.06
11334,51249,2024-06-02 00:00:00.000,2022-08-03 00:00:00.000,669,2334.97
11334,62926,2024-12-26 00:00:00.000,2024-06-02 00:00:00.000,207,2419.06
11335,51288,2024-06-05 00:00:00.000,2023-03-24 00:00:00.000,439,2344.26
11336,51307,2024-06-06 00:00:00.000,2024-02-27 00:00:00.000,100,2369.96
11337,51531,2024-06-20 00:00:00.000,2022-08-08 00:00:00.000,682,2388.96
11337,62449,2024-12-18 00:00:00.000,2024-06-20 00:00:00.000,181,2398.05
11338,51207,2024-05-31 00:00:00.000,2023-03-12 00:00:00.000,446,2369.96
11339,51641,2024-06-26 00:00:00.000,2024-03-08 00:00:00.000,110,2329.98
11340,51262,2024-06-03 00:00:00.000,2024-03-28 00:00:00.000,67,2363.96
11341,51270,2024-06-04 00:00:00.000,2022-09-10 00:00:00.000,633,2338.97
11341,62450,2024-12-18 00:00:00.000,2024-06-04 00:00:00.000,197,2453.04
11343,53399,2024-07-29 00:00:00.000,2022-09-03 00:00:00.000,695,2379.97
11343,62737,2024-12-23 00:00:00.000,2024-07-29 00:00:00.000,147,2442.03
11344,52020,2024-07-02 00:00:00.000,2022-10-12 00:00:00.000,629,2297.28
11344,62668,2024-12-22 00:00:00.000,2024-07-02 00:00:00.000,173,2422.54
11345,51224,2024-06-01 00:00:00.000,2024-03-23 00:00:00.000,70,2354.99
11346,52577,2024-07-13 00:00:00.000,2024-03-02 00:00:00.000,133,2453.95
11351,52966,2024-07-21 00:00:00.000,2022-11-11 00:00:00.000,618,2294.99
11351,65135,2025-01-27 00:00:00.000,2024-07-21 00:00:00.000,190,2398.05
11353,52967,2024-07-21 00:00:00.000,2022-11-11 00:00:00.000,618,2309.97
11353,63863,2025-01-07 00:00:00.000,2024-07-21 00:00:00.000,170,2393.06
11356,59485,2024-11-03 00:00:00.000,2022-10-09 00:00:00.000,756,902.98
11356,69791,2025-04-01 00:00:00.000,2024-11-03 00:00:00.000,149,791.32
11357,60178,2024-11-13 00:00:00.000,2022-11-17 00:00:00.000,727,826.46
11357,69654,2025-03-30 00:00:00.000,2024-11-13 00:00:00.000,137,742.35
11358,59831,2024-11-08 00:00:00.000,2022-11-27 00:00:00.000,712,848.47
11358,70821,2025-04-15 00:00:00.000,2024-11-08 00:00:00.000,158,811.32
11359,62999,2024-12-27 00:00:00.000,2022-11-12 00:00:00.000,776,826.46
11359,72355,2025-05-05 00:00:00.000,2024-12-27 00:00:00.000,129,758.62
11360,65150,2025-01-27 00:00:00.000,2022-11-26 00:00:00.000,793,848.47
11360,73709,2025-05-23 00:00:00.000,2025-01-27 00:00:00.000,116,777.34
11361,71432,2025-04-25 00:00:00.000,2025-03-02 00:00:00.000,54,49.99
11362,66950,2025-02-23 00:00:00.000,2024-08-28 00:00:00.000,179,49.99
11363,65396,2025-01-29 00:00:00.000,2022-11-07 00:00:00.000,814,893.47
11363,73411,2025-05-19 00:00:00.000,2025-01-29 00:00:00.000,110,742.35
11364,68469,2025-03-17 00:00:00.000,2022-11-06 00:00:00.000,862,804.48
11364,74026,2025-05-27 00:00:00.000,2025-03-17 00:00:00.000,71,742.35
11365,68470,2025-03-17 00:00:00.000,2022-10-30 00:00:00.000,869,893.47
11365,73710,2025-05-23 00:00:00.000,2025-03-17 00:00:00.000,67,756.33
11366,64246,2025-01-14 00:00:00.000,2024-11-23 00:00:00.000,52,27.28
11367,71494,2025-04-26 00:00:00.000,2024-12-06 00:00:00.000,141,27.28
11368,68937,2025-03-23 00:00:00.000,2022-11-23 00:00:00.000,851,880.44
11368,72126,2025-05-02 00:00:00.000,2025-03-23 00:00:00.000,40,850.81
11369,74032,2025-05-28 00:00:00.000,2024-12-04 00:00:00.000,175,59.98
11370,67492,2025-03-02 00:00:00.000,2024-12-12 00:00:00.000,80,49.99
11371,74097,2025-05-29 00:00:00.000,2025-04-08 00:00:00.000,51,24.99
11372,68070,2025-03-10 00:00:00.000,2022-11-06 00:00:00.000,855,839.48
11372,73097,2025-05-15 00:00:00.000,2025-03-10 00:00:00.000,66,751.34
11378,52731,2024-07-16 00:00:00.000,2024-03-18 00:00:00.000,120,2364.97
11379,53350,2024-07-28 00:00:00.000,2024-03-03 00:00:00.000,147,2376.96
11380,52162,2024-07-05 00:00:00.000,2023-03-12 00:00:00.000,481,2437.92
11381,52161,2024-07-05 00:00:00.000,2022-11-11 00:00:00.000,602,2341.97
11381,64521,2025-01-17 00:00:00.000,2024-07-05 00:00:00.000,196,2419.06
11382,52846,2024-07-18 00:00:00.000,2024-04-04 00:00:00.000,105,2294.99
11387,51550,2024-06-21 00:00:00.000,2022-12-25 00:00:00.000,544,2354.98
11387,55493,2024-08-31 00:00:00.000,2024-06-21 00:00:00.000,71,1228.83
11388,51360,2024-06-09 00:00:00.000,2022-12-02 00:00:00.000,555,2342.92
11388,56837,2024-09-25 00:00:00.000,2024-06-09 00:00:00.000,108,1268.84
11394,52108,2024-07-04 00:00:00.000,2022-12-03 00:00:00.000,579,2342.92
11394,63493,2025-01-01 00:00:00.000,2024-07-04 00:00:00.000,181,2419.06
11395,53006,2024-07-22 00:00:00.000,2023-04-15 00:00:00.000,464,2329.98
11398,52784,2024-07-17 00:00:00.000,2022-12-02 00:00:00.000,593,2294.99
11398,63494,2025-01-01 00:00:00.000,2024-07-17 00:00:00.000,168,2419.06
11400,51206,2024-05-31 00:00:00.000,2022-12-14 00:00:00.000,534,2318.96
11400,62451,2024-12-18 00:00:00.000,2024-05-31 00:00:00.000,201,1273.83
11401,51589,2024-06-23 00:00:00.000,2024-03-29 00:00:00.000,86,2374.47
11401,54100,2024-08-07 00:00:00.000,2024-06-23 00:00:00.000,45,574.98
11402,51228,2024-06-01 00:00:00.000,2024-04-08 00:00:00.000,54,2398.95
11402,55551,2024-09-01 00:00:00.000,2024-06-01 00:00:00.000,92,588.96
11403,51512,2024-06-19 00:00:00.000,2024-03-29 00:00:00.000,82,2397.95
11403,58831,2024-10-27 00:00:00.000,2024-06-19 00:00:00.000,130,563.77
11406,52469,2024-07-11 00:00:00.000,2024-04-05 00:00:00.000,97,2365.94
11409,51877,2024-06-29 00:00:00.000,2024-04-18 00:00:00.000,72,2394.97
11410,52213,2024-07-06 00:00:00.000,2024-04-14 00:00:00.000,83,2414.97
11412,52409,2024-07-10 00:00:00.000,2023-04-06 00:00:00.000,461,2366.94
11412,55932,2024-09-08 00:00:00.000,2024-07-10 00:00:00.000,60,1744.97
11412,68197,2025-03-12 00:00:00.000,2024-09-08 00:00:00.000,185,2393.06
11413,53135,2024-07-24 00:00:00.000,2023-01-09 00:00:00.000,562,2350.96
11413,63344,2024-12-30 00:00:00.000,2024-07-24 00:00:00.000,159,835.31
11413,65798,2025-02-04 00:00:00.000,2024-12-30 00:00:00.000,36,603.49
11414,52470,2024-07-11 00:00:00.000,2023-01-12 00:00:00.000,546,2398.97
11414,65874,2025-02-05 00:00:00.000,2024-07-11 00:00:00.000,209,615.47
11414,66412,2025-02-14 00:00:00.000,2025-02-05 00:00:00.000,9,777.34
11416,52109,2024-07-04 00:00:00.000,2024-04-08 00:00:00.000,87,2329.98
11416,57530,2024-10-04 00:00:00.000,2024-07-04 00:00:00.000,92,548.98
11417,51409,2024-06-12 00:00:00.000,2024-04-05 00:00:00.000,68,2461.97
11417,59283,2024-11-01 00:00:00.000,2024-06-12 00:00:00.000,142,593.96
11417,63360,2024-12-30 00:00:00.000,2024-11-01 00:00:00.000,59,548.98
11417,64450,2025-01-16 00:00:00.000,2024-12-30 00:00:00.000,17,2419.06
11417,69841,2025-04-02 00:00:00.000,2025-01-16 00:00:00.000,76,756.33
11417,73177,2025-05-16 00:00:00.000,2025-04-02 00:00:00.000,44,2419.06
11419,61002,2024-11-26 00:00:00.000,2024-08-11 00:00:00.000,107,48.97
11420,51923,2024-06-30 00:00:00.000,2024-04-02 00:00:00.000,89,2376.96
11420,62173,2024-12-14 00:00:00.000,2024-06-30 00:00:00.000,167,539.99
11420,63546,2025-01-02 00:00:00.000,2024-12-14 00:00:00.000,19,2433.04
11420,66825,2025-02-20 00:00:00.000,2025-01-02 00:00:00.000,49,539.99
11420,70507,2025-04-11 00:00:00.000,2025-02-20 00:00:00.000,50,777.34
11420,71996,2025-04-30 00:00:00.000,2025-04-11 00:00:00.000,19,2462.03
11421,53240,2024-07-26 00:00:00.000,2023-04-04 00:00:00.000,479,2294.99
11421,58783,2024-10-27 00:00:00.000,2024-07-26 00:00:00.000,93,1700.99
11421,68084,2025-03-10 00:00:00.000,2024-10-27 00:00:00.000,134,2384.07
11422,52160,2024-07-05 00:00:00.000,2023-01-21 00:00:00.000,531,2334.98
11422,66741,2025-02-19 00:00:00.000,2024-07-05 00:00:00.000,229,777.34
11422,70013,2025-04-04 00:00:00.000,2025-02-19 00:00:00.000,44,562.96
11423,53241,2024-07-26 00:00:00.000,2023-05-11 00:00:00.000,442,2316.97
11423,60899,2024-11-25 00:00:00.000,2024-07-26 00:00:00.000,122,1819.95
11423,68805,2025-03-21 00:00:00.000,2024-11-25 00:00:00.000,116,2393.06
11425,52671,2024-07-15 00:00:00.000,2024-04-23 00:00:00.000,83,2501.96
11425,61734,2024-12-07 00:00:00.000,2024-07-15 00:00:00.000,145,574.98
11425,66432,2025-02-14 00:00:00.000,2024-12-07 00:00:00.000,69,2413.06
11425,71346,2025-04-23 00:00:00.000,2025-02-14 00:00:00.000,68,570.47
11425,73635,2025-05-22 00:00:00.000,2025-04-23 00:00:00.000,29,2419.06
11427,55033,2024-08-25 00:00:00.000,2023-05-21 00:00:00.000,462,2354.98
11427,61313,2024-11-30 00:00:00.000,2024-08-25 00:00:00.000,97,1744.97
11427,68806,2025-03-21 00:00:00.000,2024-11-30 00:00:00.000,111,2418.05
11428,54318,2024-08-12 00:00:00.000,2023-05-06 00:00:00.000,464,2378.95
11428,64066,2025-01-11 00:00:00.000,2024-08-12 00:00:00.000,152,1754.98
11428,68949,2025-03-23 00:00:00.000,2025-01-11 00:00:00.000,71,2420.34
11429,53290,2024-07-27 00:00:00.000,2024-05-15 00:00:00.000,73,2329.98
11429,66076,2025-02-08 00:00:00.000,2024-07-27 00:00:00.000,196,2433.04
11429,72122,2025-05-02 00:00:00.000,2025-02-08 00:00:00.000,83,588.96
11429,73428,2025-05-20 00:00:00.000,2025-05-02 00:00:00.000,18,618.98
11429,73864,2025-05-25 00:00:00.000,2025-05-20 00:00:00.000,5,2426.00
11431,54149,2024-08-09 00:00:00.000,2023-05-22 00:00:00.000,445,2364.98
11431,67142,2025-02-26 00:00:00.000,2024-08-09 00:00:00.000,201,1749.96
11431,67478,2025-03-01 00:00:00.000,2025-02-26 00:00:00.000,3,2398.05
11432,52615,2024-07-14 00:00:00.000,2024-05-11 00:00:00.000,64,2329.98
11432,57414,2024-10-02 00:00:00.000,2024-07-14 00:00:00.000,80,1283.82
11432,66005,2025-02-07 00:00:00.000,2024-10-02 00:00:00.000,128,2469.05
11432,71995,2025-04-30 00:00:00.000,2025-02-07 00:00:00.000,82,553.97
11432,73877,2025-05-26 00:00:00.000,2025-04-30 00:00:00.000,26,621.96
11433,51259,2024-06-02 00:00:00.000,2024-05-03 00:00:00.000,30,2442.03
11433,51251,2024-06-02 00:00:00.000,2024-06-02 00:00:00.000,0,2443.35
11433,55142,2024-08-27 00:00:00.000,2024-06-02 00:00:00.000,86,2322.28
11433,62988,2024-12-27 00:00:00.000,2024-08-27 00:00:00.000,122,1268.84
11433,66368,2025-02-13 00:00:00.000,2024-12-27 00:00:00.000,48,2384.07
11434,62202,2024-12-14 00:00:00.000,2024-11-14 00:00:00.000,30,21.49
11436,60487,2024-11-18 00:00:00.000,2024-10-21 00:00:00.000,28,27.77
11439,51343,2024-06-08 00:00:00.000,2024-04-30 00:00:00.000,39,2457.33
11439,51602,2024-06-23 00:00:00.000,2024-06-08 00:00:00.000,15,2419.06
11439,54095,2024-08-07 00:00:00.000,2024-06-23 00:00:00.000,45,777.34
11439,54478,2024-08-15 00:00:00.000,2024-08-07 00:00:00.000,8,2344.96
11439,68807,2025-03-21 00:00:00.000,2024-08-15 00:00:00.000,218,2419.06
11443,56532,2024-09-19 00:00:00.000,2022-11-06 00:00:00.000,683,2440.95
11443,67574,2025-03-02 00:00:00.000,2024-09-19 00:00:00.000,164,2419.06
11444,51629,2024-06-25 00:00:00.000,2022-10-31 00:00:00.000,603,2376.96
11444,59332,2024-11-01 00:00:00.000,2024-06-25 00:00:00.000,129,2384.07
11445,51290,2024-06-05 00:00:00.000,2022-11-05 00:00:00.000,578,2304.98
11445,61081,2024-11-27 00:00:00.000,2024-06-05 00:00:00.000,175,2393.06
11446,51351,2024-06-08 00:00:00.000,2022-11-17 00:00:00.000,569,2354.98
11446,60613,2024-11-20 00:00:00.000,2024-06-08 00:00:00.000,165,2482.04
11447,51291,2024-06-05 00:00:00.000,2022-11-27 00:00:00.000,556,2309.97
11447,59207,2024-10-30 00:00:00.000,2024-06-05 00:00:00.000,147,2393.06
11448,51197,2024-05-30 00:00:00.000,2022-11-15 00:00:00.000,562,2318.96
11448,60630,2024-11-20 00:00:00.000,2024-05-30 00:00:00.000,174,2438.06
11449,51217,2024-05-31 00:00:00.000,2022-11-18 00:00:00.000,560,2362.27
11449,60836,2024-11-23 00:00:00.000,2024-05-31 00:00:00.000,176,2393.06
11450,51652,2024-06-26 00:00:00.000,2022-11-28 00:00:00.000,576,2370.22
11450,60380,2024-11-16 00:00:00.000,2024-06-26 00:00:00.000,143,2428.05
11451,51684,2024-06-28 00:00:00.000,2022-12-28 00:00:00.000,548,2366.94
11451,59578,2024-11-04 00:00:00.000,2024-06-28 00:00:00.000,129,2482.56
11452,51450,2024-06-14 00:00:00.000,2022-12-10 00:00:00.000,552,2414.99
11452,60043,2024-11-11 00:00:00.000,2024-06-14 00:00:00.000,150,2393.06
11453,51597,2024-06-23 00:00:00.000,2022-12-14 00:00:00.000,557,2382.93
11453,60518,2024-11-18 00:00:00.000,2024-06-23 00:00:00.000,148,2419.06
11454,51354,2024-06-08 00:00:00.000,2022-12-30 00:00:00.000,526,2294.99
11454,60451,2024-11-17 00:00:00.000,2024-06-08 00:00:00.000,162,2419.06
11455,51388,2024-06-10 00:00:00.000,2022-11-30 00:00:00.000,558,2319.99
11455,59208,2024-10-30 00:00:00.000,2024-06-10 00:00:00.000,142,2447.05
11456,51267,2024-06-03 00:00:00.000,2022-12-16 00:00:00.000,535,2391.43
11456,59209,2024-10-30 00:00:00.000,2024-06-03 00:00:00.000,149,2433.04
11457,52458,2024-07-10 00:00:00.000,2022-12-16 00:00:00.000,572,2359.96
11457,59271,2024-10-31 00:00:00.000,2024-07-10 00:00:00.000,113,2476.53
11458,62759,2024-12-24 00:00:00.000,2024-08-29 00:00:00.000,117,7.95
11458,74795,2025-06-19 00:00:00.000,2024-12-24 00:00:00.000,177,64.97
11459,52959,2024-07-20 00:00:00.000,2022-12-26 00:00:00.000,572,2322.28
11459,60452,2024-11-17 00:00:00.000,2024-07-20 00:00:00.000,120,2419.06
11460,53126,2024-07-23 00:00:00.000,2022-12-20 00:00:00.000,581,2294.99
11460,59902,2024-11-09 00:00:00.000,2024-07-23 00:00:00.000,109,2442.54
11461,53392,2024-07-28 00:00:00.000,2022-12-30 00:00:00.000,576,2294.99
11461,62580,2024-12-20 00:00:00.000,2024-07-28 00:00:00.000,145,2419.06
11462,53712,2024-07-31 00:00:00.000,2022-12-15 00:00:00.000,594,2322.28
11462,62818,2024-12-24 00:00:00.000,2024-07-31 00:00:00.000,146,2419.06
11463,58842,2024-10-28 00:00:00.000,2024-08-04 00:00:00.000,85,14.98
11463,72974,2025-05-14 00:00:00.000,2024-10-28 00:00:00.000,198,24.99
11464,54364,2024-08-12 00:00:00.000,2022-12-21 00:00:00.000,600,2334.46
11464,61370,2024-11-30 00:00:00.000,2024-08-12 00:00:00.000,110,2419.06
11465,54809,2024-08-20 00:00:00.000,2022-12-13 00:00:00.000,616,2319.99
11465,62085,2024-12-12 00:00:00.000,2024-08-20 00:00:00.000,114,2438.06
11466,59499,2024-11-04 00:00:00.000,2024-10-21 00:00:00.000,14,49.97
11466,64683,2025-01-20 00:00:00.000,2024-11-04 00:00:00.000,77,7.95
11467,68743,2025-03-21 00:00:00.000,2024-12-30 00:00:00.000,81,22.93
11467,74280,2025-06-03 00:00:00.000,2025-03-21 00:00:00.000,74,7.95
11468,51878,2024-06-29 00:00:00.000,2023-01-07 00:00:00.000,539,2319.99
11468,64716,2025-01-20 00:00:00.000,2024-06-29 00:00:00.000,205,1264.84
11470,53068,2024-07-23 00:00:00.000,2023-06-23 00:00:00.000,396,2294.99
11472,56268,2024-09-14 00:00:00.000,2022-12-25 00:00:00.000,629,2322.28
11472,69243,2025-03-27 00:00:00.000,2024-09-14 00:00:00.000,194,2443.55
11479,53134,2024-07-24 00:00:00.000,2024-05-06 00:00:00.000,79,2345.22
11479,58581,2024-10-23 00:00:00.000,2024-07-24 00:00:00.000,91,553.97
11480,52329,2024-07-08 00:00:00.000,2024-05-26 00:00:00.000,43,2309.97
11480,62813,2024-12-24 00:00:00.000,2024-07-08 00:00:00.000,169,553.97
11481,51576,2024-06-22 00:00:00.000,2023-06-28 00:00:00.000,360,2374.98
11481,56594,2024-09-20 00:00:00.000,2024-06-22 00:00:00.000,90,553.97
11482,53242,2024-07-26 00:00:00.000,2023-02-07 00:00:00.000,535,2354.98
11482,66152,2025-02-09 00:00:00.000,2024-07-26 00:00:00.000,198,2413.06
11483,52214,2024-07-06 00:00:00.000,2024-05-23 00:00:00.000,44,2354.98
11483,62465,2024-12-18 00:00:00.000,2024-07-06 00:00:00.000,165,539.99
11484,51482,2024-06-17 00:00:00.000,2023-06-03 00:00:00.000,380,2364.98
11484,55379,2024-08-29 00:00:00.000,2024-06-17 00:00:00.000,73,548.98
11485,52616,2024-07-14 00:00:00.000,2023-02-13 00:00:00.000,517,2398.47
11485,66245,2025-02-11 00:00:00.000,2024-07-14 00:00:00.000,212,1249.84
11488,52022,2024-07-02 00:00:00.000,2023-03-29 00:00:00.000,461,2322.28
11488,65451,2025-01-29 00:00:00.000,2024-07-02 00:00:00.000,211,2393.06
11489,53978,2024-08-06 00:00:00.000,2023-03-29 00:00:00.000,496,2359.46
11489,67259,2025-02-27 00:00:00.000,2024-08-06 00:00:00.000,205,2393.06
11491,53979,2024-08-06 00:00:00.000,2023-04-08 00:00:00.000,486,2329.98
11491,65934,2025-02-06 00:00:00.000,2024-08-06 00:00:00.000,184,2453.04
11492,52965,2024-07-21 00:00:00.000,2023-07-13 00:00:00.000,374,2354.98
11493,53005,2024-07-22 00:00:00.000,2023-04-15 00:00:00.000,464,2329.98
11493,66246,2025-02-11 00:00:00.000,2024-07-22 00:00:00.000,204,1228.83
11494,52282,2024-07-07 00:00:00.000,2023-05-24 00:00:00.000,410,2329.98
11494,67461,2025-03-01 00:00:00.000,2024-07-07 00:00:00.000,237,1243.84
11496,52112,2024-07-04 00:00:00.000,2023-05-01 00:00:00.000,430,2398.95
11496,70146,2025-04-06 00:00:00.000,2024-07-04 00:00:00.000,276,1214.85
11498,54834,2024-08-21 00:00:00.000,2024-07-30 00:00:00.000,22,4.99
11498,55101,2024-08-26 00:00:00.000,2024-08-21 00:00:00.000,5,59.98
11498,55158,2024-08-27 00:00:00.000,2024-08-26 00:00:00.000,1,78.98
11498,56655,2024-09-22 00:00:00.000,2024-08-27 00:00:00.000,26,21.49
11498,58039,2024-10-14 00:00:00.000,2024-09-22 00:00:00.000,22,24.99
11498,58652,2024-10-25 00:00:00.000,2024-10-14 00:00:00.000,11,37.93
11498,59924,2024-11-10 00:00:00.000,2024-10-25 00:00:00.000,16,53.99
11498,61496,2024-12-03 00:00:00.000,2024-11-10 00:00:00.000,23,31.27
11498,64188,2025-01-13 00:00:00.000,2024-12-03 00:00:00.000,41,2.29
11498,65881,2025-02-06 00:00:00.000,2025-01-13 00:00:00.000,24,22.97
11498,67918,2025-03-08 00:00:00.000,2025-02-06 00:00:00.000,30,94.46
11498,70559,2025-04-12 00:00:00.000,2025-03-08 00:00:00.000,35,74.98
11498,72013,2025-05-01 00:00:00.000,2025-04-12 00:00:00.000,19,6.28
11498,72187,2025-05-04 00:00:00.000,2025-05-01 00:00:00.000,3,34.99
11498,74511,2025-06-10 00:00:00.000,2025-05-04 00:00:00.000,37,3.99
11499,61116,2024-11-28 00:00:00.000,2024-09-05 00:00:00.000,84,122.29
11500,52561,2024-07-12 00:00:00.000,2024-07-02 00:00:00.000,10,83.97
11500,56392,2024-09-17 00:00:00.000,2024-07-12 00:00:00.000,67,4.99
11500,56708,2024-09-23 00:00:00.000,2024-09-17 00:00:00.000,6,31.27
11500,62491,2024-12-19 00:00:00.000,2024-09-23 00:00:00.000,87,94.48
11500,62710,2024-12-23 00:00:00.000,2024-12-19 00:00:00.000,4,29.99
11500,63632,2025-01-04 00:00:00.000,2024-12-23 00:00:00.000,12,53.99
11500,63706,2025-01-05 00:00:00.000,2025-01-04 00:00:00.000,1,38.98
11500,64480,2025-01-17 00:00:00.000,2025-01-05 00:00:00.000,12,24.99
11500,68343,2025-03-15 00:00:00.000,2025-01-17 00:00:00.000,57,13.98
11500,68830,2025-03-22 00:00:00.000,2025-03-15 00:00:00.000,7,30.48
11500,71708,2025-04-29 00:00:00.000,2025-03-22 00:00:00.000,38,63.97
11500,72874,2025-05-13 00:00:00.000,2025-04-29 00:00:00.000,14,78.97
11500,73120,2025-05-16 00:00:00.000,2025-05-13 00:00:00.000,3,58.98
11500,74031,2025-05-28 00:00:00.000,2025-05-16 00:00:00.000,12,7.95
11500,74536,2025-06-11 00:00:00.000,2025-05-28 00:00:00.000,14,2.29
11501,55107,2024-08-26 00:00:00.000,2024-08-26 00:00:00.000,0,91.95
11501,55697,2024-09-04 00:00:00.000,2024-08-26 00:00:00.000,9,4.99
11501,56869,2024-09-26 00:00:00.000,2024-09-04 00:00:00.000,22,24.99
11501,61982,2024-12-11 00:00:00.000,2024-09-26 00:00:00.000,76,59.98
11501,64178,2025-01-13 00:00:00.000,2024-12-11 00:00:00.000,33,48.97
11501,64313,2025-01-15 00:00:00.000,2025-01-13 00:00:00.000,2,62.98
11501,67146,2025-02-26 00:00:00.000,2025-01-15 00:00:00.000,42,34.99
11501,68484,2025-03-17 00:00:00.000,2025-02-26 00:00:00.000,19,60.47
11501,68967,2025-03-24 00:00:00.000,2025-03-17 00:00:00.000,7,63.47
11501,70396,2025-04-10 00:00:00.000,2025-03-24 00:00:00.000,17,94.48
11501,72601,2025-05-09 00:00:00.000,2025-04-10 00:00:00.000,29,24.99
11501,74042,2025-05-28 00:00:00.000,2025-05-09 00:00:00.000,19,24.99
11501,74793,2025-06-19 00:00:00.000,2025-05-28 00:00:00.000,22,122.29
11501,74909,2025-06-22 00:00:00.000,2025-06-19 00:00:00.000,3,138.48
11501,74913,2025-06-23 00:00:00.000,2025-06-22 00:00:00.000,1,7.95
11502,54610,2024-08-17 00:00:00.000,2024-07-01 00:00:00.000,47,117.96
11502,56654,2024-09-22 00:00:00.000,2024-08-17 00:00:00.000,36,63.97
11502,57567,2024-10-05 00:00:00.000,2024-09-22 00:00:00.000,13,70.96
11502,57609,2024-10-06 00:00:00.000,2024-10-05 00:00:00.000,1,69.99
11502,59723,2024-11-07 00:00:00.000,2024-10-06 00:00:00.000,32,69.97
11502,61928,2024-12-10 00:00:00.000,2024-11-07 00:00:00.000,33,53.99
11502,64009,2025-01-10 00:00:00.000,2024-12-10 00:00:00.000,31,82.47
11502,64744,2025-01-21 00:00:00.000,2025-01-10 00:00:00.000,11,29.98
11502,66375,2025-02-14 00:00:00.000,2025-01-21 00:00:00.000,24,123.45
11502,68104,2025-03-11 00:00:00.000,2025-02-14 00:00:00.000,25,7.28
11502,68887,2025-03-23 00:00:00.000,2025-03-11 00:00:00.000,12,7.95
11502,71220,2025-04-22 00:00:00.000,2025-03-23 00:00:00.000,30,43.98
11502,74161,2025-05-30 00:00:00.000,2025-04-22 00:00:00.000,38,33.43
11502,74977,2025-06-25 00:00:00.000,2025-05-30 00:00:00.000,26,97.96
11502,75069,2025-06-28 00:00:00.000,2025-06-25 00:00:00.000,3,98.96
11503,72596,2025-05-09 00:00:00.000,2024-10-25 00:00:00.000,196,2.29
11504,57406,2024-10-02 00:00:00.000,2024-09-30 00:00:00.000,2,42.28
11505,54269,2024-08-11 00:00:00.000,2024-07-24 00:00:00.000,18,23.78
11505,55104,2024-08-26 00:00:00.000,2024-08-11 00:00:00.000,15,27.28
11505,55462,2024-08-31 00:00:00.000,2024-08-26 00:00:00.000,5,114.46
11505,56084,2024-09-11 00:00:00.000,2024-08-31 00:00:00.000,11,123.98
11505,56830,2024-09-25 00:00:00.000,2024-09-11 00:00:00.000,14,74.98
11505,57244,2024-09-30 00:00:00.000,2024-09-25 00:00:00.000,5,22.97
11505,57857,2024-10-11 00:00:00.000,2024-09-30 00:00:00.000,11,24.99
11505,59351,2024-11-02 00:00:00.000,2024-10-11 00:00:00.000,22,7.28
11505,61552,2024-12-04 00:00:00.000,2024-11-02 00:00:00.000,32,88.97
11505,61866,2024-12-09 00:00:00.000,2024-12-04 00:00:00.000,5,63.97
11505,62089,2024-12-13 00:00:00.000,2024-12-09 00:00:00.000,4,7.95
11505,65102,2025-01-27 00:00:00.000,2024-12-13 00:00:00.000,45,53.98
11505,67864,2025-03-07 00:00:00.000,2025-01-27 00:00:00.000,39,45.22
11505,71233,2025-04-22 00:00:00.000,2025-03-07 00:00:00.000,46,62.98
11505,73791,2025-05-25 00:00:00.000,2025-04-22 00:00:00.000,33,49.99
11506,55627,2024-09-03 00:00:00.000,2024-08-07 00:00:00.000,27,21.49
11506,57438,2024-10-03 00:00:00.000,2024-09-03 00:00:00.000,30,63.97
11506,57911,2024-10-12 00:00:00.000,2024-10-03 00:00:00.000,9,62.98
11506,58073,2024-10-15 00:00:00.000,2024-10-12 00:00:00.000,3,22.97
11506,59925,2024-11-10 00:00:00.000,2024-10-15 00:00:00.000,26,18.97
11506,61495,2024-12-03 00:00:00.000,2024-11-10 00:00:00.000,23,49.99
11506,61609,2024-12-05 00:00:00.000,2024-12-03 00:00:00.000,2,38.97
11506,63073,2024-12-29 00:00:00.000,2024-12-05 00:00:00.000,24,3.99
11506,63083,2024-12-29 00:00:00.000,2024-12-29 00:00:00.000,0,94.48
11506,64693,2025-01-20 00:00:00.000,2024-12-29 00:00:00.000,22,53.99
11506,66035,2025-02-08 00:00:00.000,2025-01-20 00:00:00.000,19,38.98
11506,67728,2025-03-05 00:00:00.000,2025-02-08 00:00:00.000,25,35.00
11506,68901,2025-03-23 00:00:00.000,2025-03-05 00:00:00.000,18,39.98
11506,68954,2025-03-24 00:00:00.000,2025-03-23 00:00:00.000,1,7.95
11506,74920,2025-06-23 00:00:00.000,2025-03-24 00:00:00.000,91,72.96
11507,56284,2024-09-15 00:00:00.000,2024-07-19 00:00:00.000,58,63.97
11507,56450,2024-09-18 00:00:00.000,2024-09-15 00:00:00.000,3,89.46
11507,58144,2024-10-16 00:00:00.000,2024-09-18 00:00:00.000,28,12.98
11507,58354,2024-10-20 00:00:00.000,2024-10-16 00:00:00.000,4,48.97
11507,58489,2024-10-22 00:00:00.000,2024-10-20 00:00:00.000,2,34.99
11507,62022,2024-12-12 00:00:00.000,2024-10-22 00:00:00.000,51,7.95
11507,62484,2024-12-19 00:00:00.000,2024-12-12 00:00:00.000,7,53.99
11507,62889,2024-12-26 00:00:00.000,2024-12-19 00:00:00.000,7,49.99
11507,66274,2025-02-12 00:00:00.000,2024-12-26 00:00:00.000,48,27.28
11507,66786,2025-02-20 00:00:00.000,2025-02-12 00:00:00.000,8,4.99
11507,67363,2025-02-28 00:00:00.000,2025-02-20 00:00:00.000,8,43.97
11507,70496,2025-04-11 00:00:00.000,2025-02-28 00:00:00.000,42,35.00
11507,72664,2025-05-10 00:00:00.000,2025-04-11 00:00:00.000,29,23.78
11507,73280,2025-05-18 00:00:00.000,2025-05-10 00:00:00.000,8,119.98
11507,74856,2025-06-21 00:00:00.000,2025-05-18 00:00:00.000,34,7.28
11508,57967,2024-10-13 00:00:00.000,2024-10-01 00:00:00.000,12,2.29
11510,57863,2024-10-11 00:00:00.000,2024-08-11 00:00:00.000,61,32.27
11510,70284,2025-04-08 00:00:00.000,2024-10-11 00:00:00.000,179,99.47
11510,73728,2025-05-24 00:00:00.000,2025-04-08 00:00:00.000,46,58.98
11510,73960,2025-05-27 00:00:00.000,2025-05-24 00:00:00.000,3,27.96
11515,56525,2024-09-19 00:00:00.000,2023-01-30 00:00:00.000,598,2351.96
11516,60292,2024-11-15 00:00:00.000,2023-02-14 00:00:00.000,640,2337.27
11517,64805,2025-01-22 00:00:00.000,2024-11-25 00:00:00.000,58,2.29
11518,70560,2025-04-12 00:00:00.000,2025-03-28 00:00:00.000,15,71.96
11519,54440,2024-08-14 00:00:00.000,2024-08-12 00:00:00.000,2,14.23
11519,55885,2024-09-07 00:00:00.000,2024-08-14 00:00:00.000,24,60.47
11519,55887,2024-09-07 00:00:00.000,2024-09-07 00:00:00.000,0,37.27
11519,56390,2024-09-17 00:00:00.000,2024-09-07 00:00:00.000,10,7.28
11519,56798,2024-09-25 00:00:00.000,2024-09-17 00:00:00.000,8,8.99
11519,57318,2024-10-01 00:00:00.000,2024-09-25 00:00:00.000,6,49.99
11519,58300,2024-10-19 00:00:00.000,2024-10-01 00:00:00.000,18,6.28
11519,60585,2024-11-20 00:00:00.000,2024-10-19 00:00:00.000,32,119.98
11519,61115,2024-11-28 00:00:00.000,2024-11-20 00:00:00.000,8,84.98
11519,61673,2024-12-06 00:00:00.000,2024-11-28 00:00:00.000,8,53.99
11519,63304,2024-12-30 00:00:00.000,2024-12-06 00:00:00.000,24,87.96
11519,63305,2024-12-30 00:00:00.000,2024-12-30 00:00:00.000,0,39.98
11519,63569,2025-01-03 00:00:00.000,2024-12-30 00:00:00.000,4,73.96
11519,69259,2025-03-28 00:00:00.000,2025-01-03 00:00:00.000,84,63.97
11519,74579,2025-06-12 00:00:00.000,2025-03-28 00:00:00.000,76,39.99
11520,54675,2024-08-18 00:00:00.000,2024-07-24 00:00:00.000,25,74.48
11520,55428,2024-08-30 00:00:00.000,2024-08-18 00:00:00.000,12,74.98
11520,56282,2024-09-15 00:00:00.000,2024-08-30 00:00:00.000,16,63.47
11520,57436,2024-10-03 00:00:00.000,2024-09-15 00:00:00.000,18,24.99
11520,58417,2024-10-21 00:00:00.000,2024-10-03 00:00:00.000,18,7.95
11520,59290,2024-11-01 00:00:00.000,2024-10-21 00:00:00.000,11,13.98
11520,60635,2024-11-21 00:00:00.000,2024-11-01 00:00:00.000,20,8.99
11520,61126,2024-11-28 00:00:00.000,2024-11-21 00:00:00.000,7,93.49
11520,62829,2024-12-25 00:00:00.000,2024-11-28 00:00:00.000,27,62.98
11520,65968,2025-02-07 00:00:00.000,2024-12-25 00:00:00.000,44,30.48
11520,66212,2025-02-11 00:00:00.000,2025-02-07 00:00:00.000,4,34.99
11520,71716,2025-04-29 00:00:00.000,2025-02-11 00:00:00.000,77,49.48
11520,73811,2025-05-25 00:00:00.000,2025-04-29 00:00:00.000,26,92.48
11520,73812,2025-05-25 00:00:00.000,2025-05-25 00:00:00.000,0,7.28
11520,74822,2025-06-20 00:00:00.000,2025-05-25 00:00:00.000,26,119.98
11521,70287,2025-04-08 00:00:00.000,2024-08-04 00:00:00.000,247,42.28
11522,52105,2024-07-03 00:00:00.000,2023-02-02 00:00:00.000,517,2309.97
11524,68558,2025-03-18 00:00:00.000,2025-01-27 00:00:00.000,50,2.29
11525,53169,2024-07-24 00:00:00.000,2023-02-05 00:00:00.000,535,2357.28
11527,69831,2025-04-02 00:00:00.000,2024-07-09 00:00:00.000,267,37.29
11528,52998,2024-07-21 00:00:00.000,2023-02-11 00:00:00.000,526,2381.44
11529,52267,2024-07-06 00:00:00.000,2023-02-23 00:00:00.000,499,2365.94
11530,53007,2024-07-22 00:00:00.000,2024-06-29 00:00:00.000,23,8.99
11530,53200,2024-07-25 00:00:00.000,2024-07-22 00:00:00.000,3,30.48
11530,53994,2024-08-06 00:00:00.000,2024-07-25 00:00:00.000,12,24.99
11530,56283,2024-09-15 00:00:00.000,2024-08-06 00:00:00.000,40,38.98
11530,56653,2024-09-22 00:00:00.000,2024-09-15 00:00:00.000,7,4.99
11530,57308,2024-10-01 00:00:00.000,2024-09-22 00:00:00.000,9,7.95
11530,58807,2024-10-27 00:00:00.000,2024-10-01 00:00:00.000,26,65.97
11530,59153,2024-10-30 00:00:00.000,2024-10-27 00:00:00.000,3,24.99
11530,60974,2024-11-26 00:00:00.000,2024-10-30 00:00:00.000,27,6.28
11530,61286,2024-11-29 00:00:00.000,2024-11-26 00:00:00.000,3,34.98
11530,66447,2025-02-15 00:00:00.000,2024-11-29 00:00:00.000,78,59.48
11530,66844,2025-02-21 00:00:00.000,2025-02-15 00:00:00.000,6,27.28
11530,67654,2025-03-04 00:00:00.000,2025-02-21 00:00:00.000,11,39.98
11530,68114,2025-03-11 00:00:00.000,2025-03-04 00:00:00.000,7,69.99
11530,74194,2025-05-31 00:00:00.000,2025-03-11 00:00:00.000,81,49.99
11531,52453,2024-07-10 00:00:00.000,2023-01-29 00:00:00.000,528,2297.28
11532,74059,2025-05-28 00:00:00.000,2024-09-04 00:00:00.000,266,42.28
11533,74548,2025-06-11 00:00:00.000,2024-10-13 00:00:00.000,241,35.00
11534,52762,2024-07-16 00:00:00.000,2023-02-17 00:00:00.000,515,2341.46
11535,54468,2024-08-14 00:00:00.000,2023-02-01 00:00:00.000,560,2340.94
11536,54802,2024-08-20 00:00:00.000,2023-02-23 00:00:00.000,544,2337.27
11537,54968,2024-08-23 00:00:00.000,2023-02-20 00:00:00.000,550,2294.99
11538,53708,2024-07-31 00:00:00.000,2023-02-15 00:00:00.000,532,2316.97
11539,55018,2024-08-24 00:00:00.000,2023-02-22 00:00:00.000,549,2419.46
11540,54801,2024-08-20 00:00:00.000,2023-02-12 00:00:00.000,555,2379.91
11541,56176,2024-09-12 00:00:00.000,2023-02-11 00:00:00.000,579,2394.97
11546,54256,2024-08-11 00:00:00.000,2024-05-03 00:00:00.000,100,2388.96
11547,52111,2024-07-04 00:00:00.000,2024-05-26 00:00:00.000,39,2329.98
11547,62998,2024-12-27 00:00:00.000,2024-07-04 00:00:00.000,176,574.98
11548,55141,2024-08-27 00:00:00.000,2023-05-03 00:00:00.000,482,2429.46
11548,70572,2025-04-12 00:00:00.000,2024-08-27 00:00:00.000,228,1263.82
11549,55093,2024-08-26 00:00:00.000,2023-05-22 00:00:00.000,462,2309.97
11549,72911,2025-05-13 00:00:00.000,2024-08-26 00:00:00.000,260,1313.81
11550,51416,2024-06-12 00:00:00.000,2023-06-21 00:00:00.000,357,777.34
11550,54477,2024-08-15 00:00:00.000,2024-06-12 00:00:00.000,64,2414.99
11561,54189,2024-08-10 00:00:00.000,2023-07-21 00:00:00.000,386,2294.99
11564,54590,2024-08-17 00:00:00.000,2023-07-18 00:00:00.000,396,2319.99
11566,52309,2024-07-07 00:00:00.000,2024-06-29 00:00:00.000,8,195.27
11566,53041,2024-07-22 00:00:00.000,2024-07-07 00:00:00.000,15,36.27
11566,54010,2024-08-06 00:00:00.000,2024-07-22 00:00:00.000,15,21.49
11566,55171,2024-08-27 00:00:00.000,2024-08-06 00:00:00.000,21,27.77
11566,55370,2024-08-29 00:00:00.000,2024-08-27 00:00:00.000,2,13.98
11566,55587,2024-09-02 00:00:00.000,2024-08-29 00:00:00.000,4,7.28
11566,55588,2024-09-02 00:00:00.000,2024-09-02 00:00:00.000,0,39.98
11566,56253,2024-09-14 00:00:00.000,2024-09-02 00:00:00.000,12,7.28
11566,58806,2024-10-27 00:00:00.000,2024-09-14 00:00:00.000,43,4.99
11566,58875,2024-10-28 00:00:00.000,2024-10-27 00:00:00.000,1,39.98
11566,59681,2024-11-06 00:00:00.000,2024-10-28 00:00:00.000,9,68.97
11566,59867,2024-11-09 00:00:00.000,2024-11-06 00:00:00.000,3,36.27
11566,62504,2024-12-19 00:00:00.000,2024-11-09 00:00:00.000,40,12.98
11566,62557,2024-12-20 00:00:00.000,2024-12-19 00:00:00.000,1,68.97
11566,64645,2025-01-19 00:00:00.000,2024-12-20 00:00:00.000,30,97.96
11566,65367,2025-01-28 00:00:00.000,2025-01-19 00:00:00.000,9,39.98
11566,66123,2025-02-09 00:00:00.000,2025-01-28 00:00:00.000,12,28.99
11566,68711,2025-03-20 00:00:00.000,2025-02-09 00:00:00.000,39,48.97
11566,68992,2025-03-24 00:00:00.000,2025-03-20 00:00:00.000,4,29.48
11566,69357,2025-03-29 00:00:00.000,2025-03-24 00:00:00.000,5,7.28
11566,70555,2025-04-12 00:00:00.000,2025-03-29 00:00:00.000,14,30.48
11566,70631,2025-04-13 00:00:00.000,2025-04-12 00:00:00.000,1,25.48
11566,72387,2025-05-06 00:00:00.000,2025-04-13 00:00:00.000,23,25.48
11566,74463,2025-06-08 00:00:00.000,2025-05-06 00:00:00.000,33,36.27
11568,53721,2024-08-01 00:00:00.000,2023-06-11 00:00:00.000,417,2319.99
11568,66742,2025-02-19 00:00:00.000,2024-08-01 00:00:00.000,202,2398.05
11570,54376,2024-08-13 00:00:00.000,2023-08-25 00:00:00.000,354,2319.99
11571,54724,2024-08-19 00:00:00.000,2024-05-13 00:00:00.000,98,2319.26
11572,54040,2024-08-07 00:00:00.000,2024-05-10 00:00:00.000,89,2378.95
11575,54589,2024-08-17 00:00:00.000,2023-06-21 00:00:00.000,423,2294.99
11575,66483,2025-02-15 00:00:00.000,2024-08-17 00:00:00.000,182,2462.03
11576,54882,2024-08-22 00:00:00.000,2024-05-16 00:00:00.000,98,2414.99
11577,54253,2024-08-11 00:00:00.000,2024-05-22 00:00:00.000,81,2294.99
11578,54251,2024-08-11 00:00:00.000,2024-04-30 00:00:00.000,103,2334.97
11581,54503,2024-08-15 00:00:00.000,2024-07-13 00:00:00.000,33,6.28
11581,55951,2024-09-08 00:00:00.000,2024-08-15 00:00:00.000,24,53.99
11581,61825,2024-12-08 00:00:00.000,2024-09-08 00:00:00.000,91,67.97
11581,71306,2025-04-23 00:00:00.000,2024-12-08 00:00:00.000,136,69.97
11582,54881,2024-08-22 00:00:00.000,2024-05-08 00:00:00.000,106,2329.98
11583,55868,2024-09-07 00:00:00.000,2024-05-22 00:00:00.000,108,2309.97
11587,55924,2024-09-08 00:00:00.000,2024-04-30 00:00:00.000,131,2491.28
11588,57847,2024-10-11 00:00:00.000,2024-04-30 00:00:00.000,164,2319.99
11590,58474,2024-10-22 00:00:00.000,2024-05-02 00:00:00.000,173,2334.97
11591,58472,2024-10-22 00:00:00.000,2022-06-12 00:00:00.000,863,2316.97
11592,57845,2024-10-11 00:00:00.000,2022-06-12 00:00:00.000,852,2297.28
11593,60454,2024-11-18 00:00:00.000,2022-06-22 00:00:00.000,880,2329.98
11598,54941,2024-08-23 00:00:00.000,2023-08-11 00:00:00.000,378,2477.28
11599,59984,2024-11-11 00:00:00.000,2022-06-19 00:00:00.000,876,2378.95
11601,59648,2024-11-06 00:00:00.000,2022-06-20 00:00:00.000,870,2353.95
11603,54603,2024-08-17 00:00:00.000,2023-06-19 00:00:00.000,425,2319.99
11603,68028,2025-03-09 00:00:00.000,2024-08-17 00:00:00.000,204,2398.05
11604,54267,2024-08-11 00:00:00.000,2023-06-04 00:00:00.000,434,2343.96
11604,68513,2025-03-17 00:00:00.000,2024-08-11 00:00:00.000,218,2393.06
11605,53628,2024-07-30 00:00:00.000,2023-08-08 00:00:00.000,357,2294.99
11606,61036,2024-11-27 00:00:00.000,2022-06-09 00:00:00.000,902,2343.96
11607,59832,2024-11-09 00:00:00.000,2022-06-20 00:00:00.000,873,2334.97
11609,54673,2024-08-18 00:00:00.000,2023-06-29 00:00:00.000,416,2369.97
11609,71413,2025-04-24 00:00:00.000,2024-08-18 00:00:00.000,249,2453.04
11610,55970,2024-09-09 00:00:00.000,2023-06-11 00:00:00.000,456,2316.97
11610,69844,2025-04-02 00:00:00.000,2024-09-09 00:00:00.000,205,2398.05
11611,61093,2024-11-28 00:00:00.000,2022-06-24 00:00:00.000,888,2294.99
11612,56336,2024-09-16 00:00:00.000,2023-07-04 00:00:00.000,440,2326.96
11612,71071,2025-04-19 00:00:00.000,2024-09-16 00:00:00.000,215,2419.06
11613,56693,2024-09-23 00:00:00.000,2023-10-13 00:00:00.000,346,2309.97
11614,55682,2024-09-04 00:00:00.000,2023-10-10 00:00:00.000,330,2388.96
11615,51232,2024-06-01 00:00:00.000,2023-07-24 00:00:00.000,313,777.34
11615,56126,2024-09-12 00:00:00.000,2024-06-01 00:00:00.000,103,2356.95
11616,51506,2024-06-18 00:00:00.000,2023-07-05 00:00:00.000,349,784.28
11616,56227,2024-09-14 00:00:00.000,2024-06-18 00:00:00.000,88,2397.95
11617,55855,2024-09-06 00:00:00.000,2023-02-09 00:00:00.000,575,2357.28
11619,55877,2024-09-07 00:00:00.000,2024-07-10 00:00:00.000,59,78.48
11619,57199,2024-09-29 00:00:00.000,2024-09-07 00:00:00.000,22,8.99
11619,57324,2024-10-01 00:00:00.000,2024-09-29 00:00:00.000,2,64.97
11619,58850,2024-10-28 00:00:00.000,2024-10-01 00:00:00.000,27,27.28
11619,60580,2024-11-20 00:00:00.000,2024-10-28 00:00:00.000,23,29.99
11619,62831,2024-12-25 00:00:00.000,2024-11-20 00:00:00.000,35,31.27
11619,63896,2025-01-08 00:00:00.000,2024-12-25 00:00:00.000,14,7.28
11619,63962,2025-01-09 00:00:00.000,2025-01-08 00:00:00.000,1,25.48
11619,64131,2025-01-12 00:00:00.000,2025-01-09 00:00:00.000,3,49.99
11619,66897,2025-02-22 00:00:00.000,2025-01-12 00:00:00.000,41,38.98
11619,67208,2025-02-27 00:00:00.000,2025-02-22 00:00:00.000,5,7.95
11619,68762,2025-03-21 00:00:00.000,2025-02-27 00:00:00.000,22,119.98
11619,70175,2025-04-07 00:00:00.000,2025-03-21 00:00:00.000,17,67.93
11619,70494,2025-04-11 00:00:00.000,2025-04-07 00:00:00.000,4,37.29
11619,72145,2025-05-03 00:00:00.000,2025-04-11 00:00:00.000,22,3.99
11620,62888,2024-12-26 00:00:00.000,2024-07-10 00:00:00.000,169,2.29
11621,69700,2025-03-31 00:00:00.000,2024-12-31 00:00:00.000,90,120.95
11622,60224,2024-11-14 00:00:00.000,2024-09-07 00:00:00.000,68,131.46
11623,56836,2024-09-25 00:00:00.000,2023-02-06 00:00:00.000,597,2369.97
11624,56740,2024-09-23 00:00:00.000,2023-02-20 00:00:00.000,581,2319.99
11625,56681,2024-09-22 00:00:00.000,2023-02-23 00:00:00.000,577,2334.98
11626,55856,2024-09-06 00:00:00.000,2023-01-31 00:00:00.000,584,2380.47
11627,70415,2025-04-10 00:00:00.000,2025-01-26 00:00:00.000,74,39.99
11628,55441,2024-08-30 00:00:00.000,2023-02-11 00:00:00.000,566,2297.28
11629,56422,2024-09-17 00:00:00.000,2023-02-24 00:00:00.000,571,2351.96
11630,56895,2024-09-26 00:00:00.000,2023-02-20 00:00:00.000,584,2354.99
11631,52375,2024-07-09 00:00:00.000,2024-07-09 00:00:00.000,0,11.94
11631,53148,2024-07-24 00:00:00.000,2024-07-09 00:00:00.000,15,106.95
11631,54334,2024-08-12 00:00:00.000,2024-07-24 00:00:00.000,19,28.98
11631,54828,2024-08-21 00:00:00.000,2024-08-12 00:00:00.000,9,59.48
11631,55401,2024-08-30 00:00:00.000,2024-08-21 00:00:00.000,9,49.99
11631,58488,2024-10-22 00:00:00.000,2024-08-30 00:00:00.000,53,39.22
11631,59845,2024-11-09 00:00:00.000,2024-10-22 00:00:00.000,18,39.98
11631,59852,2024-11-09 00:00:00.000,2024-11-09 00:00:00.000,0,69.99
11631,63997,2025-01-10 00:00:00.000,2024-11-09 00:00:00.000,62,13.98
11631,64075,2025-01-11 00:00:00.000,2025-01-10 00:00:00.000,1,4.99
11631,64258,2025-01-14 00:00:00.000,2025-01-11 00:00:00.000,3,23.78
11631,65642,2025-02-02 00:00:00.000,2025-01-14 00:00:00.000,19,2.29
11631,68907,2025-03-23 00:00:00.000,2025-02-02 00:00:00.000,49,93.48
11631,69906,2025-04-03 00:00:00.000,2025-03-23 00:00:00.000,11,74.98
11631,73879,2025-05-26 00:00:00.000,2025-04-03 00:00:00.000,53,78.48
11632,52169,2024-07-05 00:00:00.000,2024-07-01 00:00:00.000,4,53.99
11632,54206,2024-08-10 00:00:00.000,2024-07-05 00:00:00.000,36,2.29
11632,54389,2024-08-13 00:00:00.000,2024-08-10 00:00:00.000,3,27.28
11632,55755,2024-09-05 00:00:00.000,2024-08-13 00:00:00.000,23,84.96
11632,56862,2024-09-26 00:00:00.000,2024-09-05 00:00:00.000,21,49.99
11632,58599,2024-10-24 00:00:00.000,2024-09-26 00:00:00.000,28,120.00
11632,59998,2024-11-11 00:00:00.000,2024-10-24 00:00:00.000,18,69.97
11632,61675,2024-12-06 00:00:00.000,2024-11-11 00:00:00.000,25,63.97
11632,62110,2024-12-13 00:00:00.000,2024-12-06 00:00:00.000,7,69.99
11632,63510,2025-01-02 00:00:00.000,2024-12-13 00:00:00.000,20,39.98
11632,65103,2025-01-27 00:00:00.000,2025-01-02 00:00:00.000,25,162.99
11632,69739,2025-04-01 00:00:00.000,2025-01-27 00:00:00.000,64,34.99
11632,70616,2025-04-13 00:00:00.000,2025-04-01 00:00:00.000,12,27.28
11632,73729,2025-05-24 00:00:00.000,2025-04-13 00:00:00.000,41,39.98
11632,74306,2025-06-04 00:00:00.000,2025-05-24 00:00:00.000,11,77.48
11633,74687,2025-06-15 00:00:00.000,2025-04-14 00:00:00.000,62,74.98
11634,56807,2024-09-25 00:00:00.000,2024-08-10 00:00:00.000,46,2.29
11635,66783,2025-02-20 00:00:00.000,2024-07-10 00:00:00.000,225,2.29
11636,74794,2025-06-19 00:00:00.000,2025-02-10 00:00:00.000,129,2.29
11637,52786,2024-07-17 00:00:00.000,2024-07-10 00:00:00.000,7,2.29
11638,68689,2025-03-20 00:00:00.000,2025-03-20 00:00:00.000,0,2.29
11639,74478,2025-06-09 00:00:00.000,2025-04-10 00:00:00.000,60,2.29
11640,56771,2024-09-24 00:00:00.000,2024-08-14 00:00:00.000,41,123.95
11640,68572,2025-03-18 00:00:00.000,2024-09-24 00:00:00.000,175,69.99
11640,71116,2025-04-20 00:00:00.000,2025-03-18 00:00:00.000,33,94.46
11640,74182,2025-05-30 00:00:00.000,2025-04-20 00:00:00.000,40,45.24
11641,56087,2024-09-11 00:00:00.000,2024-07-01 00:00:00.000,72,144.47
11641,56077,2024-09-11 00:00:00.000,2024-09-11 00:00:00.000,0,69.97
11641,59929,2024-11-10 00:00:00.000,2024-09-11 00:00:00.000,60,29.98
11641,64499,2025-01-17 00:00:00.000,2024-11-10 00:00:00.000,68,37.29
11642,61451,2024-12-02 00:00:00.000,2024-07-11 00:00:00.000,144,144.45
11642,62732,2024-12-23 00:00:00.000,2024-12-02 00:00:00.000,21,74.98
11642,73819,2025-05-25 00:00:00.000,2024-12-23 00:00:00.000,153,123.98
11642,74980,2025-06-25 00:00:00.000,2025-05-25 00:00:00.000,31,88.98
11643,61494,2024-12-03 00:00:00.000,2024-09-20 00:00:00.000,74,10.24
11644,74375,2025-06-06 00:00:00.000,2024-10-16 00:00:00.000,233,2.29
11645,74334,2025-06-04 00:00:00.000,2025-04-11 00:00:00.000,54,99.47
11646,62796,2024-12-24 00:00:00.000,2024-12-14 00:00:00.000,10,59.49
11648,65595,2025-02-01 00:00:00.000,2025-01-27 00:00:00.000,5,35.00
11649,56674,2024-09-22 00:00:00.000,2024-09-04 00:00:00.000,18,37.29
11650,73272,2025-05-18 00:00:00.000,2024-07-17 00:00:00.000,305,53.99
11651,54017,2024-08-06 00:00:00.000,2024-08-03 00:00:00.000,3,35.00
11651,56039,2024-09-10 00:00:00.000,2024-08-06 00:00:00.000,35,34.98
11651,61055,2024-11-27 00:00:00.000,2024-09-10 00:00:00.000,78,69.99
11651,68638,2025-03-19 00:00:00.000,2024-11-27 00:00:00.000,112,21.49
11652,64698,2025-01-20 00:00:00.000,2024-11-25 00:00:00.000,56,127.95
11652,66451,2025-02-15 00:00:00.000,2025-01-20 00:00:00.000,26,23.78
11652,73207,2025-05-17 00:00:00.000,2025-02-15 00:00:00.000,91,78.98
11652,73375,2025-05-19 00:00:00.000,2025-05-17 00:00:00.000,2,45.24
11653,68235,2025-03-13 00:00:00.000,2024-09-15 00:00:00.000,179,124.97
11654,56739,2024-09-23 00:00:00.000,2023-03-19 00:00:00.000,554,2376.96
11655,72159,2025-05-03 00:00:00.000,2025-02-28 00:00:00.000,64,39.99
11656,74592,2025-06-13 00:00:00.000,2025-02-10 00:00:00.000,123,2.29
11657,75095,2025-06-29 00:00:00.000,2024-10-24 00:00:00.000,248,53.99
11658,62731,2024-12-23 00:00:00.000,2024-09-22 00:00:00.000,92,48.98
11659,66389,2025-02-14 00:00:00.000,2024-10-08 00:00:00.000,129,78.98
11659,67791,2025-03-06 00:00:00.000,2025-02-14 00:00:00.000,20,32.28
11659,72036,2025-05-01 00:00:00.000,2025-03-06 00:00:00.000,56,37.29
11659,74424,2025-06-07 00:00:00.000,2025-05-01 00:00:00.000,37,21.49
11660,57970,2024-10-13 00:00:00.000,2024-10-07 00:00:00.000,6,23.78
11660,60156,2024-11-13 00:00:00.000,2024-10-13 00:00:00.000,31,50.23
11660,61122,2024-11-28 00:00:00.000,2024-11-13 00:00:00.000,15,89.46
11660,64325,2025-01-15 00:00:00.000,2024-11-28 00:00:00.000,48,123.98
11661,57723,2024-10-08 00:00:00.000,2024-09-05 00:00:00.000,33,35.00
11661,65892,2025-02-06 00:00:00.000,2024-10-08 00:00:00.000,121,32.27
11661,68352,2025-03-15 00:00:00.000,2025-02-06 00:00:00.000,37,30.48
11661,73055,2025-05-15 00:00:00.000,2025-03-15 00:00:00.000,61,119.98
11662,61605,2024-12-05 00:00:00.000,2024-10-05 00:00:00.000,61,62.98
11663,52827,2024-07-17 00:00:00.000,2023-03-29 00:00:00.000,476,2369.97
11664,53120,2024-07-23 00:00:00.000,2023-03-28 00:00:00.000,483,2369.97
11665,52760,2024-07-16 00:00:00.000,2023-03-14 00:00:00.000,490,2351.96
11666,52396,2024-07-09 00:00:00.000,2023-03-18 00:00:00.000,479,2369.97
11667,73461,2025-05-20 00:00:00.000,2024-12-03 00:00:00.000,168,37.29
11668,74342,2025-06-05 00:00:00.000,2025-05-17 00:00:00.000,19,53.99
11669,64575,2025-01-18 00:00:00.000,2025-01-17 00:00:00.000,1,50.23
11670,66611,2025-02-17 00:00:00.000,2024-09-12 00:00:00.000,158,37.29
11671,55912,2024-09-07 00:00:00.000,2023-03-22 00:00:00.000,535,2391.96
11672,66580,2025-02-17 00:00:00.000,2024-12-24 00:00:00.000,55,53.99
11673,53818,2024-08-02 00:00:00.000,2024-07-01 00:00:00.000,32,137.96
11674,64498,2025-01-17 00:00:00.000,2024-10-29 00:00:00.000,80,42.28
11675,52514,2024-07-11 00:00:00.000,2023-03-26 00:00:00.000,473,2319.99
11676,72686,2025-05-10 00:00:00.000,2025-01-19 00:00:00.000,111,37.29
11677,65699,2025-02-03 00:00:00.000,2024-09-04 00:00:00.000,152,119.98
11677,66335,2025-02-13 00:00:00.000,2025-02-03 00:00:00.000,10,94.46
11677,66789,2025-02-20 00:00:00.000,2025-02-13 00:00:00.000,7,27.28
11677,72035,2025-05-01 00:00:00.000,2025-02-20 00:00:00.000,70,35.00
11678,52320,2024-07-07 00:00:00.000,2023-03-11 00:00:00.000,484,2322.28
11679,71962,2025-04-30 00:00:00.000,2025-03-14 00:00:00.000,47,53.99
11680,74814,2025-06-20 00:00:00.000,2025-01-31 00:00:00.000,140,53.99
11681,71536,2025-04-26 00:00:00.000,2024-08-06 00:00:00.000,263,74.98
11682,72663,2025-05-10 00:00:00.000,2025-02-04 00:00:00.000,95,53.99
11683,52397,2024-07-09 00:00:00.000,2023-03-06 00:00:00.000,491,2318.96
11684,72898,2025-05-13 00:00:00.000,2024-11-30 00:00:00.000,164,39.99
11685,72973,2025-05-14 00:00:00.000,2024-08-10 00:00:00.000,277,62.98
11686,56734,2024-09-23 00:00:00.000,2024-08-07 00:00:00.000,47,74.98
11687,60576,2024-11-20 00:00:00.000,2024-09-11 00:00:00.000,70,62.98
11688,52758,2024-07-16 00:00:00.000,2023-03-03 00:00:00.000,501,2388.96
11689,65597,2025-02-01 00:00:00.000,2025-01-25 00:00:00.000,7,35.00
11690,56835,2024-09-25 00:00:00.000,2023-03-26 00:00:00.000,549,2325.96
11691,58255,2024-10-18 00:00:00.000,2024-07-10 00:00:00.000,100,53.99
11692,74792,2025-06-19 00:00:00.000,2024-12-06 00:00:00.000,195,53.99
11694,67217,2025-02-27 00:00:00.000,2024-09-10 00:00:00.000,170,53.99
11695,64550,2025-01-18 00:00:00.000,2024-09-08 00:00:00.000,132,53.99
11696,56997,2024-09-28 00:00:00.000,2023-03-02 00:00:00.000,576,2294.99
11697,67706,2025-03-05 00:00:00.000,2025-01-06 00:00:00.000,58,62.98
11698,56286,2024-09-15 00:00:00.000,2024-08-30 00:00:00.000,16,49.48
11698,56772,2024-09-24 00:00:00.000,2024-09-15 00:00:00.000,9,119.98
11698,68208,2025-03-13 00:00:00.000,2024-09-24 00:00:00.000,170,21.49
11698,74662,2025-06-15 00:00:00.000,2025-03-13 00:00:00.000,94,29.99
11699,63919,2025-01-08 00:00:00.000,2024-10-28 00:00:00.000,72,59.27
11700,59797,2024-11-08 00:00:00.000,2024-07-04 00:00:00.000,127,74.98
11701,57459,2024-10-03 00:00:00.000,2024-09-23 00:00:00.000,10,74.98
11702,70794,2025-04-15 00:00:00.000,2024-10-16 00:00:00.000,181,42.28
11703,70907,2025-04-17 00:00:00.000,2024-07-15 00:00:00.000,276,37.29
11704,62296,2024-12-16 00:00:00.000,2024-12-06 00:00:00.000,10,53.99
11705,58758,2024-10-26 00:00:00.000,2023-03-29 00:00:00.000,577,2362.27
11706,67705,2025-03-05 00:00:00.000,2024-08-07 00:00:00.000,210,53.99
11707,58569,2024-10-23 00:00:00.000,2023-03-11 00:00:00.000,592,2446.95
11708,58812,2024-10-27 00:00:00.000,2023-03-26 00:00:00.000,581,2330.23
11709,56773,2024-09-24 00:00:00.000,2024-08-10 00:00:00.000,45,69.99
11709,61607,2024-12-05 00:00:00.000,2024-09-24 00:00:00.000,72,64.97
11709,66680,2025-02-18 00:00:00.000,2024-12-05 00:00:00.000,75,99.47
11709,68356,2025-03-15 00:00:00.000,2025-02-18 00:00:00.000,25,69.97
11710,72899,2025-05-13 00:00:00.000,2025-04-24 00:00:00.000,19,35.00
11711,52791,2024-07-17 00:00:00.000,2024-07-09 00:00:00.000,8,27.28
11711,53372,2024-07-28 00:00:00.000,2024-07-17 00:00:00.000,11,4.99
11711,54117,2024-08-08 00:00:00.000,2024-07-28 00:00:00.000,11,38.98
11711,55045,2024-08-25 00:00:00.000,2024-08-08 00:00:00.000,17,4.99
11711,55815,2024-09-06 00:00:00.000,2024-08-25 00:00:00.000,12,13.98
11711,59611,2024-11-05 00:00:00.000,2024-09-06 00:00:00.000,60,37.29
11711,59718,2024-11-07 00:00:00.000,2024-11-05 00:00:00.000,2,28.99
11711,60133,2024-11-13 00:00:00.000,2024-11-07 00:00:00.000,6,68.97
11711,60577,2024-11-20 00:00:00.000,2024-11-13 00:00:00.000,7,63.97
11711,60851,2024-11-24 00:00:00.000,2024-11-20 00:00:00.000,4,31.27
11711,64134,2025-01-12 00:00:00.000,2024-11-24 00:00:00.000,49,32.27
11711,65470,2025-01-30 00:00:00.000,2025-01-12 00:00:00.000,18,38.97
11711,65471,2025-01-30 00:00:00.000,2025-01-30 00:00:00.000,0,61.08
11711,65520,2025-01-31 00:00:00.000,2025-01-30 00:00:00.000,1,23.97
11711,66586,2025-02-17 00:00:00.000,2025-01-31 00:00:00.000,17,100.09
11711,66959,2025-02-23 00:00:00.000,2025-02-17 00:00:00.000,6,58.98
11711,67158,2025-02-26 00:00:00.000,2025-02-23 00:00:00.000,3,29.98
11711,67504,2025-03-02 00:00:00.000,2025-02-26 00:00:00.000,4,3.99
11711,68267,2025-03-14 00:00:00.000,2025-03-02 00:00:00.000,12,98.49
11711,69181,2025-03-27 00:00:00.000,2025-03-14 00:00:00.000,13,4.99
11711,72370,2025-05-06 00:00:00.000,2025-03-27 00:00:00.000,40,60.47
11711,73257,2025-05-18 00:00:00.000,2025-05-06 00:00:00.000,12,120.00
11711,73878,2025-05-26 00:00:00.000,2025-05-18 00:00:00.000,8,34.99
11711,74698,2025-06-16 00:00:00.000,2025-05-26 00:00:00.000,21,36.59
11711,74887,2025-06-22 00:00:00.000,2025-06-16 00:00:00.000,6,4.99
11711,75036,2025-06-27 00:00:00.000,2025-06-22 00:00:00.000,5,62.98
11712,54118,2024-08-08 00:00:00.000,2024-07-06 00:00:00.000,33,9.99
11712,56245,2024-09-14 00:00:00.000,2024-08-08 00:00:00.000,37,7.28
11712,58619,2024-10-24 00:00:00.000,2024-09-14 00:00:00.000,40,47.94
11712,69595,2025-03-30 00:00:00.000,2024-10-24 00:00:00.000,157,29.99
11713,71232,2025-04-22 00:00:00.000,2024-12-06 00:00:00.000,137,62.98
11714,57995,2024-10-13 00:00:00.000,2024-07-20 00:00:00.000,85,39.99
11715,74191,2025-05-31 00:00:00.000,2025-05-27 00:00:00.000,4,53.99
11716,74623,2025-06-14 00:00:00.000,2024-10-30 00:00:00.000,227,53.99
11717,74125,2025-05-29 00:00:00.000,2024-10-24 00:00:00.000,217,138.48
11718,54775,2024-08-20 00:00:00.000,2024-08-05 00:00:00.000,15,62.98
11719,59846,2024-11-09 00:00:00.000,2024-09-25 00:00:00.000,45,69.97
11719,61119,2024-11-28 00:00:00.000,2024-11-09 00:00:00.000,19,60.47
11719,63330,2024-12-30 00:00:00.000,2024-11-28 00:00:00.000,32,35.00
11719,66715,2025-02-19 00:00:00.000,2024-12-30 00:00:00.000,51,27.28
11720,62704,2024-12-23 00:00:00.000,2024-10-16 00:00:00.000,68,53.99
11721,68590,2025-03-18 00:00:00.000,2024-11-14 00:00:00.000,124,42.28
11722,70416,2025-04-10 00:00:00.000,2024-12-29 00:00:00.000,102,74.98
11723,52740,2024-07-16 00:00:00.000,2024-07-02 00:00:00.000,14,29.99
11723,59848,2024-11-09 00:00:00.000,2024-07-16 00:00:00.000,116,49.97
11723,65761,2025-02-04 00:00:00.000,2024-11-09 00:00:00.000,87,32.60
11723,74321,2025-06-04 00:00:00.000,2025-02-04 00:00:00.000,120,39.98
11724,52650,2024-07-14 00:00:00.000,2024-07-07 00:00:00.000,7,42.28
11724,62552,2024-12-20 00:00:00.000,2024-07-14 00:00:00.000,159,32.28
11724,63965,2025-01-09 00:00:00.000,2024-12-20 00:00:00.000,20,14.98
11724,73056,2025-05-15 00:00:00.000,2025-01-09 00:00:00.000,126,48.97
11725,57316,2024-10-01 00:00:00.000,2024-08-31 00:00:00.000,31,53.99
11726,72544,2025-05-08 00:00:00.000,2025-03-11 00:00:00.000,58,160.46
11727,57465,2024-10-03 00:00:00.000,2023-03-13 00:00:00.000,570,2383.97
11728,70205,2025-04-07 00:00:00.000,2024-11-10 00:00:00.000,148,74.98
11729,74560,2025-06-12 00:00:00.000,2024-12-26 00:00:00.000,168,34.99
11730,74477,2025-06-09 00:00:00.000,2024-10-10 00:00:00.000,242,34.99
11731,63563,2025-01-03 00:00:00.000,2024-08-15 00:00:00.000,141,34.99
11732,64253,2025-01-14 00:00:00.000,2024-11-08 00:00:00.000,67,98.49
11733,74465,2025-06-08 00:00:00.000,2025-06-02 00:00:00.000,6,159.99
11734,61702,2024-12-06 00:00:00.000,2024-11-20 00:00:00.000,16,37.29
11735,73663,2025-05-23 00:00:00.000,2024-07-26 00:00:00.000,301,34.99
11736,72313,2025-05-05 00:00:00.000,2025-03-18 00:00:00.000,48,106.97
11737,62327,2024-12-16 00:00:00.000,2024-07-16 00:00:00.000,153,42.28
11738,53019,2024-07-22 00:00:00.000,2024-07-04 00:00:00.000,18,49.97
11738,54079,2024-08-07 00:00:00.000,2024-07-22 00:00:00.000,16,42.28
11738,59931,2024-11-10 00:00:00.000,2024-08-07 00:00:00.000,95,69.97
11738,74049,2025-05-28 00:00:00.000,2024-11-10 00:00:00.000,199,119.98
11739,56329,2024-09-15 00:00:00.000,2024-06-14 00:00:00.000,93,2398.05
11740,54548,2024-08-16 00:00:00.000,2024-08-06 00:00:00.000,10,37.27
11740,57821,2024-10-10 00:00:00.000,2024-08-16 00:00:00.000,55,35.00
11740,65477,2025-01-30 00:00:00.000,2024-10-10 00:00:00.000,112,63.97
11740,74801,2025-06-19 00:00:00.000,2025-01-30 00:00:00.000,140,49.97
11741,53052,2024-07-22 00:00:00.000,2023-03-16 00:00:00.000,494,2500.97
11742,58456,2024-10-21 00:00:00.000,2023-03-04 00:00:00.000,597,2337.27
11743,58111,2024-10-15 00:00:00.000,2023-03-26 00:00:00.000,569,2319.99
11744,65035,2025-01-26 00:00:00.000,2024-09-12 00:00:00.000,136,34.99
11745,57469,2024-10-03 00:00:00.000,2023-03-11 00:00:00.000,572,2369.96
11746,70388,2025-04-10 00:00:00.000,2024-06-29 00:00:00.000,285,34.99
11747,68320,2025-03-14 00:00:00.000,2025-01-06 00:00:00.000,67,61.97
11748,59934,2024-11-10 00:00:00.000,2024-11-06 00:00:00.000,4,14.98
11748,61750,2024-12-07 00:00:00.000,2024-11-10 00:00:00.000,27,4.99
11748,66807,2025-02-20 00:00:00.000,2024-12-07 00:00:00.000,75,35.00
11748,69812,2025-04-02 00:00:00.000,2025-02-20 00:00:00.000,41,41.59
11749,57598,2024-10-06 00:00:00.000,2024-09-07 00:00:00.000,29,14.98
11749,74224,2025-06-01 00:00:00.000,2024-10-06 00:00:00.000,238,7.95
11750,56322,2024-09-15 00:00:00.000,2022-12-13 00:00:00.000,642,2349.98
11750,67576,2025-03-02 00:00:00.000,2024-09-15 00:00:00.000,168,2398.05
11751,54868,2024-08-21 00:00:00.000,2022-12-07 00:00:00.000,623,2430.96
11751,62343,2024-12-16 00:00:00.000,2024-08-21 00:00:00.000,117,2384.07
11752,61733,2024-12-07 00:00:00.000,2024-07-29 00:00:00.000,131,7.95
11752,72452,2025-05-07 00:00:00.000,2024-12-07 00:00:00.000,151,51.96
11753,62822,2024-12-25 00:00:00.000,2024-09-18 00:00:00.000,98,9.99
11753,68411,2025-03-16 00:00:00.000,2024-12-25 00:00:00.000,81,29.98
11754,53768,2024-08-01 00:00:00.000,2022-12-15 00:00:00.000,595,2319.99
11754,63116,2024-12-29 00:00:00.000,2024-08-01 00:00:00.000,150,2443.55
11755,62583,2024-12-21 00:00:00.000,2024-10-30 00:00:00.000,52,7.28
11755,64388,2025-01-16 00:00:00.000,2024-12-21 00:00:00.000,26,8.99
11756,57521,2024-10-04 00:00:00.000,2022-12-27 00:00:00.000,647,2309.97
11756,69159,2025-03-26 00:00:00.000,2024-10-04 00:00:00.000,173,2393.06
11757,63011,2024-12-28 00:00:00.000,2024-07-25 00:00:00.000,156,6.28
11757,71635,2025-04-28 00:00:00.000,2024-12-28 00:00:00.000,121,27.28
11758,66028,2025-02-08 00:00:00.000,2024-08-29 00:00:00.000,163,6.28
11758,71428,2025-04-25 00:00:00.000,2025-02-08 00:00:00.000,76,27.28
11759,54810,2024-08-20 00:00:00.000,2022-12-09 00:00:00.000,620,2294.99
11759,61855,2024-12-08 00:00:00.000,2024-08-20 00:00:00.000,110,2384.07
11760,55509,2024-09-01 00:00:00.000,2024-08-30 00:00:00.000,2,122.48
11760,71094,2025-04-20 00:00:00.000,2024-09-01 00:00:00.000,231,127.95
11761,54302,2024-08-11 00:00:00.000,2023-01-04 00:00:00.000,585,2356.44
11761,63058,2024-12-28 00:00:00.000,2024-08-11 00:00:00.000,139,2393.06
11762,54303,2024-08-11 00:00:00.000,2023-01-06 00:00:00.000,583,2389.96
11762,61656,2024-12-05 00:00:00.000,2024-08-11 00:00:00.000,116,2438.06
11763,68034,2025-03-10 00:00:00.000,2024-07-01 00:00:00.000,252,14.23
11763,70598,2025-04-13 00:00:00.000,2025-03-10 00:00:00.000,34,37.93
11764,55175,2024-08-27 00:00:00.000,2023-02-08 00:00:00.000,566,2344.96
11764,61730,2024-12-06 00:00:00.000,2024-08-27 00:00:00.000,101,2384.07
11765,53915,2024-08-04 00:00:00.000,2023-02-11 00:00:00.000,540,2294.99
11765,62873,2024-12-25 00:00:00.000,2024-08-04 00:00:00.000,143,2473.05
11766,54304,2024-08-11 00:00:00.000,2023-02-18 00:00:00.000,540,2419.46
11766,61920,2024-12-09 00:00:00.000,2024-08-11 00:00:00.000,120,2461.03
11767,54240,2024-08-10 00:00:00.000,2023-02-16 00:00:00.000,541,2475.97
11767,62020,2024-12-11 00:00:00.000,2024-08-10 00:00:00.000,123,2443.55
11768,53865,2024-08-03 00:00:00.000,2023-02-02 00:00:00.000,548,2319.99
11768,62156,2024-12-13 00:00:00.000,2024-08-03 00:00:00.000,132,2419.06
11769,57934,2024-10-12 00:00:00.000,2024-09-27 00:00:00.000,15,125.47
11769,64394,2025-01-16 00:00:00.000,2024-10-12 00:00:00.000,96,27.77
11769,65109,2025-01-27 00:00:00.000,2025-01-16 00:00:00.000,11,94.46
11769,66584,2025-02-17 00:00:00.000,2025-01-27 00:00:00.000,21,152.27
11770,68827,2025-03-22 00:00:00.000,2025-01-07 00:00:00.000,74,34.99
11771,62695,2024-12-23 00:00:00.000,2024-08-30 00:00:00.000,115,59.48
11772,58061,2024-10-14 00:00:00.000,2023-03-09 00:00:00.000,585,2334.97
11773,57228,2024-09-29 00:00:00.000,2023-03-24 00:00:00.000,555,2405.47
11774,60099,2024-11-12 00:00:00.000,2023-03-27 00:00:00.000,596,2322.28
11775,59385,2024-11-02 00:00:00.000,2023-03-04 00:00:00.000,609,2334.98
11776,59383,2024-11-02 00:00:00.000,2023-03-06 00:00:00.000,607,2500.97
11777,60682,2024-11-21 00:00:00.000,2023-03-15 00:00:00.000,617,2337.26
11778,61156,2024-11-28 00:00:00.000,2023-03-28 00:00:00.000,611,2294.99
11779,60735,2024-11-22 00:00:00.000,2023-03-18 00:00:00.000,615,2294.99
11780,60421,2024-11-17 00:00:00.000,2023-03-16 00:00:00.000,612,2394.97
11781,72685,2025-05-10 00:00:00.000,2024-08-05 00:00:00.000,278,74.98
11782,66471,2025-02-15 00:00:00.000,2025-01-01 00:00:00.000,45,42.28
11783,57823,2024-10-10 00:00:00.000,2024-08-22 00:00:00.000,49,74.98
11784,60478,2024-11-18 00:00:00.000,2024-09-11 00:00:00.000,68,69.99
11784,67655,2025-03-04 00:00:00.000,2024-11-18 00:00:00.000,106,25.48
11784,68695,2025-03-20 00:00:00.000,2025-03-04 00:00:00.000,16,32.27
11784,73275,2025-05-18 00:00:00.000,2025-03-20 00:00:00.000,59,69.97
11785,65485,2025-01-30 00:00:00.000,2024-09-20 00:00:00.000,132,39.99
11786,74967,2025-06-24 00:00:00.000,2025-05-30 00:00:00.000,25,91.97
11787,70126,2025-04-06 00:00:00.000,2025-03-14 00:00:00.000,23,74.98
11788,64620,2025-01-19 00:00:00.000,2024-10-08 00:00:00.000,103,53.99
11789,56938,2024-09-27 00:00:00.000,2024-08-06 00:00:00.000,52,37.29
11790,58418,2024-10-21 00:00:00.000,2024-08-10 00:00:00.000,72,34.99
11791,72064,2025-05-02 00:00:00.000,2025-02-28 00:00:00.000,63,84.98
11792,61269,2024-11-29 00:00:00.000,2024-10-02 00:00:00.000,58,84.98
11793,52524,2024-07-12 00:00:00.000,2024-07-06 00:00:00.000,6,34.99
11794,75087,2025-06-29 00:00:00.000,2025-04-29 00:00:00.000,61,34.99
11795,71492,2025-04-26 00:00:00.000,2024-12-11 00:00:00.000,136,34.99
11796,59116,2024-10-29 00:00:00.000,2023-03-17 00:00:00.000,592,2416.93
11797,61155,2024-11-28 00:00:00.000,2023-03-15 00:00:00.000,624,2394.46
11798,59952,2024-11-10 00:00:00.000,2023-03-16 00:00:00.000,605,2374.98
11799,59805,2024-11-08 00:00:00.000,2023-03-11 00:00:00.000,608,2342.92
11800,64116,2025-01-12 00:00:00.000,2025-01-09 00:00:00.000,3,34.99
11801,74248,2025-06-01 00:00:00.000,2025-05-13 00:00:00.000,19,37.29
11802,54413,2024-08-13 00:00:00.000,2024-07-27 00:00:00.000,17,48.98
11802,55566,2024-09-02 00:00:00.000,2024-08-13 00:00:00.000,20,27.77
11802,68969,2025-03-24 00:00:00.000,2024-09-02 00:00:00.000,203,27.28
11802,72083,2025-05-02 00:00:00.000,2025-03-24 00:00:00.000,39,32.28
11803,71352,2025-04-24 00:00:00.000,2024-12-28 00:00:00.000,117,74.48
11804,64098,2025-01-11 00:00:00.000,2024-10-28 00:00:00.000,75,74.98
11805,70099,2025-04-06 00:00:00.000,2024-09-22 00:00:00.000,196,53.99
11806,67650,2025-03-04 00:00:00.000,2024-07-23 00:00:00.000,224,53.99
11807,66213,2025-02-11 00:00:00.000,2024-09-12 00:00:00.000,152,53.99
11808,56036,2024-09-10 00:00:00.000,2024-08-25 00:00:00.000,16,69.97
11808,56293,2024-09-15 00:00:00.000,2024-09-10 00:00:00.000,5,94.48
11808,62547,2024-12-20 00:00:00.000,2024-09-15 00:00:00.000,96,59.98
11808,69123,2025-03-26 00:00:00.000,2024-12-20 00:00:00.000,96,198.99
11809,59876,2024-11-09 00:00:00.000,2023-03-22 00:00:00.000,598,2350.96
11810,60812,2024-11-23 00:00:00.000,2023-03-21 00:00:00.000,613,2394.97
11811,60361,2024-11-16 00:00:00.000,2023-03-16 00:00:00.000,611,2319.99
11812,60419,2024-11-17 00:00:00.000,2023-03-04 00:00:00.000,624,2322.28
11813,61074,2024-11-27 00:00:00.000,2023-03-17 00:00:00.000,621,2374.98
11814,65992,2025-02-07 00:00:00.000,2024-11-22 00:00:00.000,77,42.28
11815,53279,2024-07-26 00:00:00.000,2023-03-03 00:00:00.000,511,2369.97
11816,53053,2024-07-22 00:00:00.000,2023-03-03 00:00:00.000,507,2354.98
11817,52657,2024-07-14 00:00:00.000,2023-03-14 00:00:00.000,488,2319.99
11818,52008,2024-07-01 00:00:00.000,2023-03-22 00:00:00.000,467,2375.95
11819,74726,2025-06-17 00:00:00.000,2024-07-17 00:00:00.000,335,53.99
11820,56614,2024-09-21 00:00:00.000,2024-07-11 00:00:00.000,72,32.27
11820,59682,2024-11-06 00:00:00.000,2024-09-21 00:00:00.000,46,35.00
11820,64702,2025-01-20 00:00:00.000,2024-11-06 00:00:00.000,75,69.99
11820,72454,2025-05-07 00:00:00.000,2025-01-20 00:00:00.000,107,34.98
11821,65631,2025-02-02 00:00:00.000,2024-12-29 00:00:00.000,35,49.99
11822,64948,2025-01-25 00:00:00.000,2024-10-19 00:00:00.000,98,49.99
11823,66228,2025-02-11 00:00:00.000,2024-10-17 00:00:00.000,117,77.92
11823,69813,2025-04-02 00:00:00.000,2025-02-11 00:00:00.000,50,36.59
11823,74668,2025-06-15 00:00:00.000,2025-04-02 00:00:00.000,74,13.98
11823,74949,2025-06-24 00:00:00.000,2025-06-15 00:00:00.000,9,69.97
11824,62798,2024-12-24 00:00:00.000,2024-08-17 00:00:00.000,129,39.99
11824,67098,2025-02-25 00:00:00.000,2024-12-24 00:00:00.000,63,61.08
11824,73529,2025-05-21 00:00:00.000,2025-02-25 00:00:00.000,85,9.99
11824,74522,2025-06-10 00:00:00.000,2025-05-21 00:00:00.000,20,58.98
11825,52658,2024-07-14 00:00:00.000,2023-03-17 00:00:00.000,485,2322.28
11826,52825,2024-07-17 00:00:00.000,2023-03-28 00:00:00.000,477,2319.99
11827,59355,2024-11-02 00:00:00.000,2024-07-22 00:00:00.000,103,69.97
11827,64576,2025-01-18 00:00:00.000,2024-11-02 00:00:00.000,77,37.29
11827,66841,2025-02-21 00:00:00.000,2025-01-18 00:00:00.000,34,191.77
11827,72666,2025-05-10 00:00:00.000,2025-02-21 00:00:00.000,78,64.97
11828,56465,2024-09-18 00:00:00.000,2024-09-02 00:00:00.000,16,39.99
11829,60601,2024-11-20 00:00:00.000,2024-08-12 00:00:00.000,100,76.95
11830,52009,2024-07-01 00:00:00.000,2023-02-28 00:00:00.000,489,2351.96
11831,52565,2024-07-12 00:00:00.000,2023-03-28 00:00:00.000,472,2354.98
11832,66036,2025-02-08 00:00:00.000,2024-07-20 00:00:00.000,203,49.99
11833,64972,2025-01-25 00:00:00.000,2024-11-11 00:00:00.000,75,86.58
11833,66916,2025-02-22 00:00:00.000,2025-01-25 00:00:00.000,28,59.49
11833,71118,2025-04-20 00:00:00.000,2025-02-22 00:00:00.000,57,9.99
11833,71718,2025-04-29 00:00:00.000,2025-04-20 00:00:00.000,9,69.97
11834,52716,2024-07-15 00:00:00.000,2023-03-23 00:00:00.000,480,2329.98
11835,58247,2024-10-17 00:00:00.000,2024-06-11 00:00:00.000,128,2453.04
11836,56633,2024-09-21 00:00:00.000,2024-08-23 00:00:00.000,29,35.00
11837,53054,2024-07-22 00:00:00.000,2023-03-14 00:00:00.000,496,2344.96
11838,65099,2025-01-27 00:00:00.000,2024-10-30 00:00:00.000,89,84.98
11839,60017,2024-11-11 00:00:00.000,2023-03-27 00:00:00.000,595,2376.96
11840,57460,2024-10-03 00:00:00.000,2024-09-29 00:00:00.000,4,37.29
11841,59719,2024-11-07 00:00:00.000,2024-10-19 00:00:00.000,19,69.97
11841,66582,2025-02-17 00:00:00.000,2024-11-07 00:00:00.000,102,23.78
11841,68420,2025-03-16 00:00:00.000,2025-02-17 00:00:00.000,27,101.95
11841,70206,2025-04-07 00:00:00.000,2025-03-16 00:00:00.000,22,42.28
11842,72288,2025-05-05 00:00:00.000,2024-10-11 00:00:00.000,206,58.98
11843,54080,2024-08-07 00:00:00.000,2024-07-09 00:00:00.000,29,42.28
11844,74582,2025-06-12 00:00:00.000,2025-03-06 00:00:00.000,98,74.98
11845,54636,2024-08-17 00:00:00.000,2024-07-15 00:00:00.000,33,42.28
11845,68107,2025-03-11 00:00:00.000,2024-08-17 00:00:00.000,206,64.97
11845,72669,2025-05-10 00:00:00.000,2025-03-11 00:00:00.000,60,49.97
11846,61863,2024-12-09 00:00:00.000,2024-09-27 00:00:00.000,73,49.99
11847,70833,2025-04-16 00:00:00.000,2024-11-27 00:00:00.000,140,49.99
11848,72477,2025-05-07 00:00:00.000,2024-12-26 00:00:00.000,132,42.28
11849,74580,2025-06-12 00:00:00.000,2025-04-28 00:00:00.000,45,198.99
11850,59349,2024-11-02 00:00:00.000,2024-09-07 00:00:00.000,56,49.99
11851,72391,2025-05-06 00:00:00.000,2024-11-15 00:00:00.000,172,35.00
11852,65564,2025-02-01 00:00:00.000,2024-12-09 00:00:00.000,54,49.99
11853,60546,2024-11-19 00:00:00.000,2024-10-09 00:00:00.000,41,39.99
11854,60233,2024-11-14 00:00:00.000,2023-03-26 00:00:00.000,599,2406.93
11855,66156,2025-02-10 00:00:00.000,2024-09-26 00:00:00.000,137,49.99
11856,74251,2025-06-01 00:00:00.000,2025-04-30 00:00:00.000,32,74.98
11857,72392,2025-05-06 00:00:00.000,2025-03-07 00:00:00.000,60,74.98
11858,61998,2024-12-11 00:00:00.000,2024-08-26 00:00:00.000,107,35.00
11859,72075,2025-05-02 00:00:00.000,2024-09-21 00:00:00.000,223,34.99
11860,70605,2025-04-13 00:00:00.000,2024-12-02 00:00:00.000,132,34.99
11861,59733,2024-11-07 00:00:00.000,2024-10-13 00:00:00.000,25,58.98
11861,71641,2025-04-28 00:00:00.000,2024-11-07 00:00:00.000,172,36.59
11861,71721,2025-04-29 00:00:00.000,2025-04-28 00:00:00.000,1,49.97
11861,73667,2025-05-23 00:00:00.000,2025-04-29 00:00:00.000,24,98.48
11862,68994,2025-03-24 00:00:00.000,2024-10-15 00:00:00.000,160,42.28
11863,65718,2025-02-03 00:00:00.000,2025-02-02 00:00:00.000,1,39.99
11864,59581,2024-11-05 00:00:00.000,2024-07-31 00:00:00.000,97,7.95
11865,67839,2025-03-07 00:00:00.000,2024-07-19 00:00:00.000,231,7.95
11866,56891,2024-09-26 00:00:00.000,2024-07-20 00:00:00.000,68,35.00
11867,68953,2025-03-24 00:00:00.000,2024-11-03 00:00:00.000,141,7.95
11868,57392,2024-10-02 00:00:00.000,2024-07-04 00:00:00.000,90,14.98
11868,60146,2024-11-13 00:00:00.000,2024-10-02 00:00:00.000,42,4.99
11868,69677,2025-03-31 00:00:00.000,2024-11-13 00:00:00.000,138,71.58
11868,73277,2025-05-18 00:00:00.000,2025-03-31 00:00:00.000,48,93.49
11869,61895,2024-12-09 00:00:00.000,2024-08-19 00:00:00.000,112,37.29
11869,65898,2025-02-06 00:00:00.000,2024-12-09 00:00:00.000,59,68.97
11869,70538,2025-04-12 00:00:00.000,2025-02-06 00:00:00.000,65,96.07
11869,74736,2025-06-17 00:00:00.000,2025-04-12 00:00:00.000,66,29.48
11870,74779,2025-06-18 00:00:00.000,2024-12-19 00:00:00.000,181,207.28
11871,58880,2024-10-28 00:00:00.000,2024-07-25 00:00:00.000,95,35.00
11872,60874,2024-11-24 00:00:00.000,2023-03-22 00:00:00.000,613,2369.97
11873,59622,2024-11-05 00:00:00.000,2023-03-08 00:00:00.000,608,2344.96
11874,74785,2025-06-19 00:00:00.000,2024-12-18 00:00:00.000,183,7.95
11875,60145,2024-11-13 00:00:00.000,2024-09-19 00:00:00.000,55,78.98
11875,67178,2025-02-26 00:00:00.000,2024-11-13 00:00:00.000,105,74.98
11875,71236,2025-04-22 00:00:00.000,2025-02-26 00:00:00.000,55,89.97
11875,75073,2025-06-28 00:00:00.000,2025-04-22 00:00:00.000,67,27.28
11876,66989,2025-02-23 00:00:00.000,2024-11-18 00:00:00.000,97,74.98
11877,74096,2025-05-29 00:00:00.000,2025-03-06 00:00:00.000,84,7.95
11878,72902,2025-05-13 00:00:00.000,2025-05-01 00:00:00.000,12,74.98
11879,69907,2025-04-03 00:00:00.000,2024-07-29 00:00:00.000,248,99.47
11880,69977,2025-04-04 00:00:00.000,2024-09-09 00:00:00.000,207,42.28
11881,73258,2025-05-18 00:00:00.000,2025-05-03 00:00:00.000,15,7.95
11882,61972,2024-12-11 00:00:00.000,2024-07-19 00:00:00.000,145,7.95
11883,70768,2025-04-15 00:00:00.000,2024-07-23 00:00:00.000,266,34.99
11884,74157,2025-05-30 00:00:00.000,2024-07-19 00:00:00.000,315,34.99
11885,52266,2024-07-06 00:00:00.000,2023-03-29 00:00:00.000,465,2322.28
11886,60359,2024-11-16 00:00:00.000,2023-03-29 00:00:00.000,598,2319.26
11887,61000,2024-11-26 00:00:00.000,2024-10-27 00:00:00.000,30,74.98
11889,53831,2024-08-03 00:00:00.000,2024-07-25 00:00:00.000,9,7.95
11890,61551,2024-12-04 00:00:00.000,2024-08-28 00:00:00.000,98,59.48
11891,61280,2024-11-29 00:00:00.000,2024-08-06 00:00:00.000,115,34.99
11892,55176,2024-08-27 00:00:00.000,2023-02-03 00:00:00.000,571,2334.97
11892,62626,2024-12-21 00:00:00.000,2024-08-27 00:00:00.000,116,2384.07
11893,54365,2024-08-12 00:00:00.000,2023-01-30 00:00:00.000,560,2319.99
11893,62693,2024-12-22 00:00:00.000,2024-08-12 00:00:00.000,132,2428.05
11894,53713,2024-07-31 00:00:00.000,2023-02-21 00:00:00.000,526,2394.97
11894,61654,2024-12-05 00:00:00.000,2024-07-31 00:00:00.000,127,2453.04
11895,54870,2024-08-21 00:00:00.000,2023-02-11 00:00:00.000,557,2354.99
11895,62815,2024-12-24 00:00:00.000,2024-08-21 00:00:00.000,125,2419.06
11896,55228,2024-08-28 00:00:00.000,2023-01-31 00:00:00.000,575,2341.97
11896,61968,2024-12-10 00:00:00.000,2024-08-28 00:00:00.000,104,2401.01
11897,57474,2024-10-03 00:00:00.000,2023-01-29 00:00:00.000,613,2329.98
11897,68401,2025-03-15 00:00:00.000,2024-10-03 00:00:00.000,163,2473.05
11898,55134,2024-08-26 00:00:00.000,2023-02-13 00:00:00.000,560,2394.97
11898,62691,2024-12-22 00:00:00.000,2024-08-26 00:00:00.000,118,2384.07
11899,53916,2024-08-04 00:00:00.000,2023-02-03 00:00:00.000,548,2395.45
11899,61781,2024-12-07 00:00:00.000,2024-08-04 00:00:00.000,125,2419.06
11900,54097,2024-08-07 00:00:00.000,2023-02-20 00:00:00.000,534,2374.98
11900,61969,2024-12-10 00:00:00.000,2024-08-07 00:00:00.000,125,2482.04
11901,58243,2024-10-17 00:00:00.000,2023-02-09 00:00:00.000,616,2374.98
11901,70450,2025-04-10 00:00:00.000,2024-10-17 00:00:00.000,175,2473.04
11902,62581,2024-12-21 00:00:00.000,2024-07-23 00:00:00.000,151,32.27
11902,74154,2025-05-30 00:00:00.000,2024-12-21 00:00:00.000,160,24.49
11903,54423,2024-08-13 00:00:00.000,2023-02-20 00:00:00.000,540,2294.99
11903,62084,2024-12-12 00:00:00.000,2024-08-13 00:00:00.000,121,2438.06
11904,55084,2024-08-25 00:00:00.000,2023-02-16 00:00:00.000,556,2395.45
11904,61368,2024-11-30 00:00:00.000,2024-08-25 00:00:00.000,97,2419.06
11905,55085,2024-08-25 00:00:00.000,2023-01-28 00:00:00.000,575,2367.93
11905,61655,2024-12-05 00:00:00.000,2024-08-25 00:00:00.000,102,2413.06
11906,54582,2024-08-16 00:00:00.000,2023-02-09 00:00:00.000,554,2391.94
11906,62018,2024-12-11 00:00:00.000,2024-08-16 00:00:00.000,117,2384.07
11907,54031,2024-08-06 00:00:00.000,2023-02-27 00:00:00.000,526,2297.28
11907,62530,2024-12-19 00:00:00.000,2024-08-06 00:00:00.000,135,2438.06
11908,53656,2024-07-30 00:00:00.000,2023-02-18 00:00:00.000,528,2319.99
11908,64849,2025-01-22 00:00:00.000,2024-07-30 00:00:00.000,176,2384.07
11909,55026,2024-08-24 00:00:00.000,2023-02-19 00:00:00.000,552,2297.28
11909,63423,2024-12-31 00:00:00.000,2024-08-24 00:00:00.000,129,2433.04
11910,54306,2024-08-11 00:00:00.000,2023-03-10 00:00:00.000,520,2319.99
11910,63547,2025-01-02 00:00:00.000,2024-08-11 00:00:00.000,144,2418.05
11911,61664,2024-12-06 00:00:00.000,2024-10-31 00:00:00.000,36,24.49
11911,73582,2025-05-22 00:00:00.000,2024-12-06 00:00:00.000,167,24.99
11912,58574,2024-10-23 00:00:00.000,2023-03-28 00:00:00.000,575,2319.99
11912,71348,2025-04-23 00:00:00.000,2024-10-23 00:00:00.000,182,2400.34
11913,72792,2025-05-12 00:00:00.000,2025-05-04 00:00:00.000,8,8.99
11913,73948,2025-05-27 00:00:00.000,2025-05-12 00:00:00.000,15,7.28
11914,54869,2024-08-21 00:00:00.000,2023-03-19 00:00:00.000,521,2329.98
11914,64850,2025-01-22 00:00:00.000,2024-08-21 00:00:00.000,154,2460.99
11915,53866,2024-08-03 00:00:00.000,2023-03-03 00:00:00.000,519,2369.96
11915,64896,2025-01-23 00:00:00.000,2024-08-03 00:00:00.000,173,2398.05
11916,53824,2024-08-02 00:00:00.000,2023-03-02 00:00:00.000,519,2405.47
11916,64727,2025-01-20 00:00:00.000,2024-08-02 00:00:00.000,171,2398.05
11917,53769,2024-08-01 00:00:00.000,2023-03-28 00:00:00.000,492,2337.27
11917,64611,2025-01-18 00:00:00.000,2024-08-01 00:00:00.000,170,2384.07
11918,57675,2024-10-07 00:00:00.000,2023-03-14 00:00:00.000,573,2411.94
11918,71555,2025-04-26 00:00:00.000,2024-10-07 00:00:00.000,201,2393.06
11919,58690,2024-10-25 00:00:00.000,2023-03-06 00:00:00.000,599,2334.98
11919,73641,2025-05-22 00:00:00.000,2024-10-25 00:00:00.000,209,2461.55
11920,58691,2024-10-25 00:00:00.000,2023-03-11 00:00:00.000,594,2362.27
11920,72849,2025-05-12 00:00:00.000,2024-10-25 00:00:00.000,199,2419.06
11921,68741,2025-03-21 00:00:00.000,2025-02-18 00:00:00.000,31,26.97
11921,71362,2025-04-24 00:00:00.000,2025-03-21 00:00:00.000,34,8.99
11922,56874,2024-09-26 00:00:00.000,2024-07-17 00:00:00.000,71,59.98
11922,59095,2024-10-29 00:00:00.000,2024-09-26 00:00:00.000,33,36.59
11922,62437,2024-12-18 00:00:00.000,2024-10-29 00:00:00.000,50,128.97
11922,68974,2025-03-24 00:00:00.000,2024-12-18 00:00:00.000,96,14.98
11923,74503,2025-06-10 00:00:00.000,2024-07-14 00:00:00.000,331,7.95
11924,60492,2024-11-18 00:00:00.000,2023-03-27 00:00:00.000,602,2318.96
11925,60496,2024-11-18 00:00:00.000,2023-03-10 00:00:00.000,619,2389.96
11926,60413,2024-11-17 00:00:00.000,2024-10-03 00:00:00.000,45,39.99
11927,75085,2025-06-29 00:00:00.000,2025-06-10 00:00:00.000,19,16.94
11928,72955,2025-05-14 00:00:00.000,2024-10-30 00:00:00.000,196,7.95
11929,71997,2025-04-30 00:00:00.000,2023-03-15 00:00:00.000,777,806.32
11929,73313,2025-05-18 00:00:00.000,2025-04-30 00:00:00.000,18,784.47
11930,72171,2025-05-03 00:00:00.000,2023-03-15 00:00:00.000,780,893.47
11930,73253,2025-05-17 00:00:00.000,2025-05-03 00:00:00.000,14,742.35
11931,69978,2025-04-04 00:00:00.000,2024-07-18 00:00:00.000,260,149.46
11932,62751,2024-12-24 00:00:00.000,2024-09-28 00:00:00.000,87,93.97
11933,61015,2024-11-26 00:00:00.000,2023-03-14 00:00:00.000,623,2354.99
11934,59878,2024-11-09 00:00:00.000,2023-04-20 00:00:00.000,569,2416.45
11937,61413,2024-12-01 00:00:00.000,2023-03-30 00:00:00.000,612,2309.97
11938,74530,2025-06-10 00:00:00.000,2024-08-06 00:00:00.000,308,35.00
11939,60497,2024-11-18 00:00:00.000,2023-04-11 00:00:00.000,587,2398.47
11940,73905,2025-05-26 00:00:00.000,2025-01-01 00:00:00.000,145,35.00
11941,69867,2025-04-03 00:00:00.000,2025-01-06 00:00:00.000,87,68.97
11942,51387,2024-06-10 00:00:00.000,2023-03-16 00:00:00.000,452,614.96
11942,73498,2025-05-20 00:00:00.000,2024-06-10 00:00:00.000,344,777.34
11943,51218,2024-05-31 00:00:00.000,2023-03-19 00:00:00.000,439,539.99
11943,73031,2025-05-14 00:00:00.000,2024-05-31 00:00:00.000,348,819.31
11944,53337,2024-07-27 00:00:00.000,2023-03-20 00:00:00.000,495,609.96
11944,73577,2025-05-21 00:00:00.000,2024-07-27 00:00:00.000,298,791.32
11945,67241,2025-02-27 00:00:00.000,2023-03-30 00:00:00.000,700,2332.28
11946,52516,2024-07-11 00:00:00.000,2023-03-22 00:00:00.000,477,554.97
11946,73711,2025-05-23 00:00:00.000,2024-07-11 00:00:00.000,316,742.35
11947,52270,2024-07-06 00:00:00.000,2023-03-14 00:00:00.000,480,629.96
11947,74093,2025-05-28 00:00:00.000,2024-07-06 00:00:00.000,326,742.35
11948,67841,2025-03-07 00:00:00.000,2025-02-05 00:00:00.000,30,32.27
11949,66987,2025-02-23 00:00:00.000,2024-12-15 00:00:00.000,70,35.00
11950,70250,2025-04-08 00:00:00.000,2024-07-19 00:00:00.000,263,34.99
11951,66511,2025-02-16 00:00:00.000,2025-01-19 00:00:00.000,28,7.28
11951,70600,2025-04-13 00:00:00.000,2025-02-16 00:00:00.000,56,8.99
11952,54241,2024-08-10 00:00:00.000,2023-03-06 00:00:00.000,523,2395.96
11952,63817,2025-01-06 00:00:00.000,2024-08-10 00:00:00.000,149,2398.05
11953,66473,2025-02-15 00:00:00.000,2024-07-11 00:00:00.000,219,42.28
11954,60422,2024-11-17 00:00:00.000,2023-04-02 00:00:00.000,595,2332.28
11955,61076,2024-11-27 00:00:00.000,2023-03-30 00:00:00.000,608,2374.98
11956,59249,2024-10-31 00:00:00.000,2023-04-01 00:00:00.000,579,2294.99
11957,74501,2025-06-09 00:00:00.000,2024-07-14 00:00:00.000,330,42.28
11958,70453,2025-04-11 00:00:00.000,2024-11-15 00:00:00.000,147,84.98
11959,70498,2025-04-11 00:00:00.000,2024-08-22 00:00:00.000,232,103.49
11960,62946,2024-12-27 00:00:00.000,2024-08-24 00:00:00.000,125,34.99
11961,68003,2025-03-09 00:00:00.000,2024-07-13 00:00:00.000,239,37.29
11962,64348,2025-01-15 00:00:00.000,2025-01-10 00:00:00.000,5,35.00
11963,53972,2024-08-05 00:00:00.000,2023-03-23 00:00:00.000,501,2294.99
11963,64851,2025-01-22 00:00:00.000,2024-08-05 00:00:00.000,170,2398.05
11964,55083,2024-08-25 00:00:00.000,2023-03-15 00:00:00.000,529,2329.99
11964,63944,2025-01-08 00:00:00.000,2024-08-25 00:00:00.000,136,2443.55
11965,52969,2024-07-21 00:00:00.000,2024-07-12 00:00:00.000,9,27.28
11965,72066,2025-05-02 00:00:00.000,2024-07-21 00:00:00.000,285,24.49
11966,71628,2025-04-28 00:00:00.000,2025-04-02 00:00:00.000,26,6.28
11966,73346,2025-05-19 00:00:00.000,2025-04-28 00:00:00.000,21,24.49
11967,55133,2024-08-26 00:00:00.000,2023-03-24 00:00:00.000,521,2358.97
11967,63820,2025-01-06 00:00:00.000,2024-08-26 00:00:00.000,133,2419.06
11968,54366,2024-08-12 00:00:00.000,2023-03-29 00:00:00.000,502,2294.99
11968,64451,2025-01-16 00:00:00.000,2024-08-12 00:00:00.000,157,2384.07
11969,54927,2024-08-22 00:00:00.000,2023-03-20 00:00:00.000,521,2319.99
11969,64376,2025-01-15 00:00:00.000,2024-08-22 00:00:00.000,146,2453.04
11970,66808,2025-02-20 00:00:00.000,2024-10-24 00:00:00.000,119,74.98
11971,71491,2025-04-26 00:00:00.000,2024-09-14 00:00:00.000,224,59.48
11972,73643,2025-05-23 00:00:00.000,2025-04-10 00:00:00.000,43,22.97
11973,54170,2024-08-09 00:00:00.000,2024-07-29 00:00:00.000,11,74.98
11974,72390,2025-05-06 00:00:00.000,2025-03-31 00:00:00.000,36,74.98
11975,68342,2025-03-15 00:00:00.000,2024-12-16 00:00:00.000,89,48.97
11976,54242,2024-08-10 00:00:00.000,2023-03-26 00:00:00.000,503,2319.26
11976,64947,2025-01-24 00:00:00.000,2024-08-10 00:00:00.000,167,2393.06
11977,55607,2024-09-02 00:00:00.000,2023-04-02 00:00:00.000,519,2350.96
11977,64294,2025-01-14 00:00:00.000,2024-09-02 00:00:00.000,134,2461.55
11978,70703,2025-04-14 00:00:00.000,2024-07-05 00:00:00.000,283,39.99
11979,57679,2024-10-07 00:00:00.000,2024-07-16 00:00:00.000,83,2461.55
11980,71735,2025-04-29 00:00:00.000,2025-02-22 00:00:00.000,66,99.47
11981,75119,2025-06-29 00:00:00.000,2024-09-08 00:00:00.000,294,42.28
11982,67616,2025-03-03 00:00:00.000,2025-01-16 00:00:00.000,46,37.29
11983,53119,2024-07-23 00:00:00.000,2023-04-09 00:00:00.000,471,2294.99
11984,57587,2024-10-05 00:00:00.000,2024-07-17 00:00:00.000,80,2400.34
11985,74410,2025-06-06 00:00:00.000,2024-07-29 00:00:00.000,312,39.99
11986,56533,2024-09-19 00:00:00.000,2023-04-23 00:00:00.000,515,2392.20
11986,65087,2025-01-26 00:00:00.000,2024-09-19 00:00:00.000,129,2453.04
11987,66270,2025-02-12 00:00:00.000,2024-11-16 00:00:00.000,88,24.49
11987,70456,2025-04-11 00:00:00.000,2025-02-12 00:00:00.000,58,89.46
11988,55670,2024-09-03 00:00:00.000,2023-04-11 00:00:00.000,511,2309.97
11988,63750,2025-01-05 00:00:00.000,2024-09-03 00:00:00.000,124,2393.06
11989,56010,2024-09-09 00:00:00.000,2023-04-04 00:00:00.000,524,2380.47
11989,63751,2025-01-05 00:00:00.000,2024-09-09 00:00:00.000,118,2384.07
11990,56371,2024-09-16 00:00:00.000,2023-04-14 00:00:00.000,521,2369.96
11990,64786,2025-01-21 00:00:00.000,2024-09-16 00:00:00.000,127,2419.06
11991,61913,2024-12-09 00:00:00.000,2023-04-02 00:00:00.000,617,2319.99
11991,73503,2025-05-20 00:00:00.000,2024-12-09 00:00:00.000,162,2433.04
11992,62078,2024-12-12 00:00:00.000,2023-04-18 00:00:00.000,604,2329.98
11992,72845,2025-05-12 00:00:00.000,2024-12-12 00:00:00.000,151,2393.06
11993,64165,2025-01-12 00:00:00.000,2023-04-14 00:00:00.000,639,2337.27
11993,73785,2025-05-24 00:00:00.000,2025-01-12 00:00:00.000,132,2419.06
11994,56752,2024-09-23 00:00:00.000,2023-04-26 00:00:00.000,516,2374.98
11994,64852,2025-01-22 00:00:00.000,2024-09-23 00:00:00.000,121,2419.06
11995,63736,2025-01-05 00:00:00.000,2023-04-09 00:00:00.000,637,2405.47
11995,72786,2025-05-11 00:00:00.000,2025-01-05 00:00:00.000,126,2443.55
11996,52159,2024-07-05 00:00:00.000,2023-04-05 00:00:00.000,457,1291.77
11996,63484,2025-01-01 00:00:00.000,2024-07-05 00:00:00.000,180,2391.94
11997,53133,2024-07-24 00:00:00.000,2023-04-06 00:00:00.000,475,1249.84
11997,64229,2025-01-13 00:00:00.000,2024-07-24 00:00:00.000,173,2379.95
11998,52844,2024-07-18 00:00:00.000,2023-04-17 00:00:00.000,458,1249.84
11998,65143,2025-01-27 00:00:00.000,2024-07-18 00:00:00.000,193,2337.27
11999,55140,2024-08-27 00:00:00.000,2023-04-11 00:00:00.000,504,1308.31
11999,63483,2025-01-01 00:00:00.000,2024-08-27 00:00:00.000,127,2334.97
12000,55961,2024-09-08 00:00:00.000,2023-04-17 00:00:00.000,510,2309.97
12000,64296,2025-01-14 00:00:00.000,2024-09-08 00:00:00.000,128,2473.04
12001,56327,2024-09-15 00:00:00.000,2023-04-15 00:00:00.000,519,2318.96
12001,64244,2025-01-13 00:00:00.000,2024-09-15 00:00:00.000,120,2419.06
12002,55962,2024-09-08 00:00:00.000,2023-04-25 00:00:00.000,502,2357.28
12002,63549,2025-01-02 00:00:00.000,2024-09-08 00:00:00.000,116,2413.06
12003,55449,2024-08-30 00:00:00.000,2023-04-07 00:00:00.000,511,2399.47
12003,63995,2025-01-09 00:00:00.000,2024-08-30 00:00:00.000,132,2482.04
12004,56902,2024-09-26 00:00:00.000,2023-04-09 00:00:00.000,536,2319.99
12004,63878,2025-01-07 00:00:00.000,2024-09-26 00:00:00.000,103,2419.06
12005,56338,2024-09-16 00:00:00.000,2023-04-22 00:00:00.000,513,1214.85
12005,64433,2025-01-16 00:00:00.000,2024-09-16 00:00:00.000,122,2369.97
12006,60253,2024-11-15 00:00:00.000,2024-10-04 00:00:00.000,42,27.28
12006,63013,2024-12-28 00:00:00.000,2024-11-15 00:00:00.000,43,24.49
12007,55926,2024-09-08 00:00:00.000,2023-05-08 00:00:00.000,489,1283.82
12007,66821,2025-02-20 00:00:00.000,2024-09-08 00:00:00.000,165,2339.97
12008,73413,2025-05-20 00:00:00.000,2024-11-09 00:00:00.000,192,49.48
12008,74854,2025-06-21 00:00:00.000,2025-05-20 00:00:00.000,32,24.49
12009,56788,2024-09-24 00:00:00.000,2023-05-12 00:00:00.000,501,2376.45
12009,64177,2025-01-12 00:00:00.000,2024-09-24 00:00:00.000,110,2419.06
12010,55669,2024-09-03 00:00:00.000,2023-05-22 00:00:00.000,470,2384.96
12010,63755,2025-01-05 00:00:00.000,2024-09-03 00:00:00.000,124,2443.55
12011,53062,2024-07-22 00:00:00.000,2023-05-02 00:00:00.000,447,618.47
12011,73178,2025-05-16 00:00:00.000,2024-07-22 00:00:00.000,298,742.35
12012,62235,2024-12-15 00:00:00.000,2024-07-15 00:00:00.000,153,39.98
12012,64073,2025-01-11 00:00:00.000,2024-12-15 00:00:00.000,27,24.99
12013,54140,2024-08-08 00:00:00.000,2023-05-10 00:00:00.000,456,549.98
12014,58891,2024-10-28 00:00:00.000,2023-05-09 00:00:00.000,538,549.98
12016,59248,2024-10-31 00:00:00.000,2023-04-15 00:00:00.000,565,2334.97
12018,66995,2025-02-23 00:00:00.000,2023-03-30 00:00:00.000,696,2433.47
12021,57945,2024-10-12 00:00:00.000,2023-05-04 00:00:00.000,527,643.47
12022,65563,2025-02-01 00:00:00.000,2025-01-15 00:00:00.000,17,98.96
12023,67683,2025-03-04 00:00:00.000,2023-03-31 00:00:00.000,704,2354.99
12024,64418,2025-01-16 00:00:00.000,2024-07-25 00:00:00.000,175,74.98
12025,60095,2024-11-12 00:00:00.000,2023-04-19 00:00:00.000,573,2332.28
12026,59250,2024-10-31 00:00:00.000,2023-04-23 00:00:00.000,557,2398.47
12027,62857,2024-12-25 00:00:00.000,2023-04-11 00:00:00.000,624,2334.97
12030,62858,2024-12-25 00:00:00.000,2023-04-07 00:00:00.000,628,2391.96
12033,62073,2024-12-12 00:00:00.000,2023-04-24 00:00:00.000,598,2370.96
12034,66958,2025-02-23 00:00:00.000,2025-02-22 00:00:00.000,1,32.27
12034,74851,2025-06-21 00:00:00.000,2025-02-23 00:00:00.000,118,2.29
12035,56436,2024-09-18 00:00:00.000,2024-07-09 00:00:00.000,71,13.98
12035,57962,2024-10-13 00:00:00.000,2024-09-18 00:00:00.000,25,2.29
12036,59343,2024-11-02 00:00:00.000,2024-08-17 00:00:00.000,77,27.28
12036,67968,2025-03-09 00:00:00.000,2024-11-02 00:00:00.000,127,39.98
12037,56019,2024-09-09 00:00:00.000,2023-05-28 00:00:00.000,470,1249.84
12037,66063,2025-02-08 00:00:00.000,2024-09-09 00:00:00.000,152,2482.27
12038,61976,2024-12-11 00:00:00.000,2024-10-03 00:00:00.000,69,64.47
12038,75030,2025-06-27 00:00:00.000,2024-12-11 00:00:00.000,198,24.99
12039,55543,2024-09-01 00:00:00.000,2023-05-28 00:00:00.000,462,2394.46
12039,63756,2025-01-05 00:00:00.000,2024-09-01 00:00:00.000,126,2443.55
12040,74416,2025-06-07 00:00:00.000,2024-07-15 00:00:00.000,327,8.99
12041,61360,2024-11-30 00:00:00.000,2023-04-10 00:00:00.000,600,2419.96
12042,62005,2024-12-11 00:00:00.000,2023-04-06 00:00:00.000,615,2396.96
12043,72954,2025-05-14 00:00:00.000,2025-02-20 00:00:00.000,83,8.99
12044,72063,2025-05-02 00:00:00.000,2025-04-19 00:00:00.000,13,8.99
12045,69866,2025-04-03 00:00:00.000,2024-10-19 00:00:00.000,166,8.99
12046,56416,2024-09-17 00:00:00.000,2024-07-19 00:00:00.000,60,35.00
12047,68540,2025-03-18 00:00:00.000,2024-10-01 00:00:00.000,168,8.99
12048,71594,2025-04-27 00:00:00.000,2025-02-10 00:00:00.000,76,74.98
12049,70378,2025-04-10 00:00:00.000,2025-01-18 00:00:00.000,82,74.48
12050,52360,2024-07-08 00:00:00.000,2023-04-13 00:00:00.000,452,2445.46
12051,59152,2024-10-30 00:00:00.000,2024-07-25 00:00:00.000,97,49.99
12052,52515,2024-07-11 00:00:00.000,2023-04-04 00:00:00.000,464,2357.28
12053,52011,2024-07-01 00:00:00.000,2023-03-30 00:00:00.000,459,2394.97
12054,52741,2024-07-16 00:00:00.000,2024-06-30 00:00:00.000,16,14.98
12054,62550,2024-12-20 00:00:00.000,2024-07-16 00:00:00.000,157,152.60
12054,64577,2025-01-18 00:00:00.000,2024-12-20 00:00:00.000,29,39.99
12054,73276,2025-05-18 00:00:00.000,2025-01-18 00:00:00.000,120,69.97
12055,53945,2024-08-05 00:00:00.000,2024-07-23 00:00:00.000,13,4.99
12055,74200,2025-05-31 00:00:00.000,2024-08-05 00:00:00.000,299,23.97
12055,74751,2025-06-17 00:00:00.000,2025-05-31 00:00:00.000,17,45.24
12056,63077,2024-12-29 00:00:00.000,2024-11-13 00:00:00.000,46,69.97
12056,72900,2025-05-13 00:00:00.000,2024-12-29 00:00:00.000,135,74.98
12056,74323,2025-06-04 00:00:00.000,2025-05-13 00:00:00.000,22,39.98
12057,61706,2024-12-06 00:00:00.000,2024-07-28 00:00:00.000,131,37.29
12058,52203,2024-07-05 00:00:00.000,2023-04-15 00:00:00.000,447,2357.93
12059,53170,2024-07-24 00:00:00.000,2023-04-23 00:00:00.000,458,2351.96
12060,60887,2024-11-24 00:00:00.000,2024-07-02 00:00:00.000,145,2393.06
12061,52381,2024-07-09 00:00:00.000,2024-06-30 00:00:00.000,9,37.27
12061,56457,2024-09-18 00:00:00.000,2024-07-09 00:00:00.000,71,12.94
12061,67366,2025-02-28 00:00:00.000,2024-09-18 00:00:00.000,163,14.98
12062,74626,2025-06-14 00:00:00.000,2024-07-26 00:00:00.000,323,49.99
12063,70708,2025-04-14 00:00:00.000,2025-02-09 00:00:00.000,64,35.00
12064,71734,2025-04-29 00:00:00.000,2024-08-17 00:00:00.000,255,47.94
12065,55487,2024-08-31 00:00:00.000,2024-08-05 00:00:00.000,26,42.28
12066,66581,2025-02-17 00:00:00.000,2024-07-31 00:00:00.000,201,49.99
12067,62850,2024-12-25 00:00:00.000,2024-09-23 00:00:00.000,93,74.98
12068,71595,2025-04-27 00:00:00.000,2024-12-04 00:00:00.000,144,35.00
12069,53438,2024-07-29 00:00:00.000,2023-03-31 00:00:00.000,486,2319.26
12070,73959,2025-05-27 00:00:00.000,2025-04-28 00:00:00.000,29,49.99
12071,52922,2024-07-19 00:00:00.000,2023-04-24 00:00:00.000,452,2394.97
12072,54299,2024-08-11 00:00:00.000,2023-04-13 00:00:00.000,486,2372.91
12073,56765,2024-09-24 00:00:00.000,2024-08-05 00:00:00.000,50,58.98
12074,68496,2025-03-17 00:00:00.000,2025-01-10 00:00:00.000,66,13.98
12074,68487,2025-03-17 00:00:00.000,2025-03-17 00:00:00.000,0,69.97
12074,69209,2025-03-27 00:00:00.000,2025-03-17 00:00:00.000,10,99.47
12075,62805,2024-12-24 00:00:00.000,2023-04-23 00:00:00.000,611,2354.99
12076,54469,2024-08-14 00:00:00.000,2023-04-05 00:00:00.000,497,2294.99
12077,53102,2024-07-23 00:00:00.000,2024-06-30 00:00:00.000,23,4.99
12077,63094,2024-12-29 00:00:00.000,2024-07-23 00:00:00.000,159,50.23
12077,74799,2025-06-19 00:00:00.000,2024-12-29 00:00:00.000,172,29.99
12078,61520,2024-12-03 00:00:00.000,2023-04-28 00:00:00.000,585,2396.96
12079,61412,2024-12-01 00:00:00.000,2023-04-06 00:00:00.000,605,2429.93
12082,55020,2024-08-24 00:00:00.000,2023-04-18 00:00:00.000,494,2334.97
12083,53762,2024-08-01 00:00:00.000,2023-04-25 00:00:00.000,464,2414.99
12084,62445,2024-12-18 00:00:00.000,2023-04-09 00:00:00.000,619,2406.94
12085,64883,2025-01-23 00:00:00.000,2024-11-20 00:00:00.000,64,99.47
12087,74715,2025-06-16 00:00:00.000,2025-03-11 00:00:00.000,97,42.28
12088,75029,2025-06-26 00:00:00.000,2025-05-27 00:00:00.000,30,111.96
12089,60508,2024-11-18 00:00:00.000,2024-07-04 00:00:00.000,137,2393.06
12091,65598,2025-02-01 00:00:00.000,2024-07-07 00:00:00.000,209,74.98
12092,59370,2024-11-02 00:00:00.000,2024-10-01 00:00:00.000,32,42.28
12093,74918,2025-06-23 00:00:00.000,2025-04-06 00:00:00.000,78,8.99
12094,62804,2024-12-24 00:00:00.000,2023-04-06 00:00:00.000,628,2384.25
12095,63507,2025-01-02 00:00:00.000,2024-10-01 00:00:00.000,93,8.99
12096,62511,2024-12-19 00:00:00.000,2023-04-18 00:00:00.000,611,2322.28
12097,60673,2024-11-21 00:00:00.000,2024-10-20 00:00:00.000,32,56.98
12097,65573,2025-02-01 00:00:00.000,2024-11-21 00:00:00.000,72,32.27
12097,74824,2025-06-20 00:00:00.000,2025-02-01 00:00:00.000,139,78.98
12098,72818,2025-05-12 00:00:00.000,2024-06-30 00:00:00.000,316,74.98
12099,70100,2025-04-06 00:00:00.000,2024-09-10 00:00:00.000,208,8.99
12100,66522,2025-02-16 00:00:00.000,2025-01-12 00:00:00.000,35,8.99
12101,59620,2024-11-05 00:00:00.000,2024-08-13 00:00:00.000,84,42.28
12102,53651,2024-07-30 00:00:00.000,2023-04-08 00:00:00.000,479,2324.92
12103,54803,2024-08-20 00:00:00.000,2023-04-29 00:00:00.000,479,2419.46
12104,54093,2024-08-07 00:00:00.000,2023-03-30 00:00:00.000,496,2329.98
12105,53856,2024-08-03 00:00:00.000,2023-04-02 00:00:00.000,489,2414.99
12106,64871,2025-01-23 00:00:00.000,2024-11-12 00:00:00.000,72,69.99
12106,67915,2025-03-08 00:00:00.000,2025-01-23 00:00:00.000,44,24.99
12106,68214,2025-03-13 00:00:00.000,2025-03-08 00:00:00.000,5,37.27
12107,56992,2024-09-28 00:00:00.000,2024-07-30 00:00:00.000,60,35.00
12107,59166,2024-10-30 00:00:00.000,2024-09-28 00:00:00.000,32,119.98
12107,63020,2024-12-28 00:00:00.000,2024-10-30 00:00:00.000,59,34.98
12108,61769,2024-12-07 00:00:00.000,2023-04-19 00:00:00.000,598,2367.93
12109,62070,2024-12-12 00:00:00.000,2023-04-11 00:00:00.000,611,2351.96
12110,62923,2024-12-26 00:00:00.000,2023-04-15 00:00:00.000,621,2309.97
12111,66896,2025-02-22 00:00:00.000,2024-12-09 00:00:00.000,75,120.00
12112,54647,2024-08-17 00:00:00.000,2023-04-28 00:00:00.000,477,2351.96
12113,59259,2024-10-31 00:00:00.000,2024-07-21 00:00:00.000,102,2442.54
12114,61082,2024-11-27 00:00:00.000,2024-08-01 00:00:00.000,118,2393.06
12115,60564,2024-11-20 00:00:00.000,2024-11-04 00:00:00.000,16,49.99
12116,54864,2024-08-21 00:00:00.000,2023-04-21 00:00:00.000,488,2354.98
12117,73376,2025-05-19 00:00:00.000,2025-01-02 00:00:00.000,137,39.99
12118,62984,2024-12-27 00:00:00.000,2023-04-05 00:00:00.000,632,2425.93
12119,70128,2025-04-06 00:00:00.000,2024-10-04 00:00:00.000,184,42.28
12120,63042,2024-12-28 00:00:00.000,2023-04-04 00:00:00.000,634,2329.99
12121,63043,2024-12-28 00:00:00.000,2023-04-22 00:00:00.000,616,2367.93
12122,59967,2024-11-10 00:00:00.000,2024-08-04 00:00:00.000,98,2384.07
12123,52523,2024-07-12 00:00:00.000,2023-07-12 00:00:00.000,366,2351.96
12123,70724,2025-04-14 00:00:00.000,2024-07-12 00:00:00.000,276,777.34
12123,71214,2025-04-21 00:00:00.000,2025-04-14 00:00:00.000,7,659.44
12124,51245,2024-06-01 00:00:00.000,2022-06-30 00:00:00.000,702,2428.05
12124,51441,2024-06-14 00:00:00.000,2024-06-01 00:00:00.000,13,2451.30
12124,54111,2024-08-08 00:00:00.000,2024-06-14 00:00:00.000,55,2339.97
12124,67960,2025-03-08 00:00:00.000,2024-08-08 00:00:00.000,212,2398.05
12125,54190,2024-08-10 00:00:00.000,2023-10-15 00:00:00.000,300,2369.96
12125,70524,2025-04-12 00:00:00.000,2024-08-10 00:00:00.000,245,1735.98
12125,71018,2025-04-18 00:00:00.000,2025-04-12 00:00:00.000,6,2418.05
12126,64276,2025-01-14 00:00:00.000,2024-09-07 00:00:00.000,129,27.77
12128,54822,2024-08-21 00:00:00.000,2023-10-01 00:00:00.000,325,2439.99
12128,71623,2025-04-27 00:00:00.000,2024-08-21 00:00:00.000,249,2428.05
12128,72272,2025-05-05 00:00:00.000,2025-04-27 00:00:00.000,8,1763.97
12129,54250,2024-08-11 00:00:00.000,2023-10-25 00:00:00.000,291,2356.95
12129,70086,2025-04-05 00:00:00.000,2024-08-11 00:00:00.000,237,2419.06
12129,73933,2025-05-26 00:00:00.000,2025-04-05 00:00:00.000,51,1709.98
12130,51221,2024-05-31 00:00:00.000,2023-10-08 00:00:00.000,236,1183.47
12130,53876,2024-08-04 00:00:00.000,2024-05-31 00:00:00.000,65,2334.97
12130,70800,2025-04-15 00:00:00.000,2024-08-04 00:00:00.000,254,2398.05
12131,51644,2024-06-26 00:00:00.000,2022-07-23 00:00:00.000,704,2443.35
12131,52017,2024-07-01 00:00:00.000,2024-06-26 00:00:00.000,5,2420.34
12131,56909,2024-09-27 00:00:00.000,2024-07-01 00:00:00.000,88,2354.98
12131,68134,2025-03-11 00:00:00.000,2024-09-27 00:00:00.000,165,2469.05
12132,51181,2024-05-29 00:00:00.000,2022-07-01 00:00:00.000,698,2514.93
12132,52725,2024-07-15 00:00:00.000,2024-05-29 00:00:00.000,47,2508.03
12132,56226,2024-09-14 00:00:00.000,2024-07-15 00:00:00.000,61,2294.99
12132,68620,2025-03-18 00:00:00.000,2024-09-14 00:00:00.000,185,2398.05
12133,54528,2024-08-16 00:00:00.000,2023-07-13 00:00:00.000,400,2441.93
12133,71552,2025-04-26 00:00:00.000,2024-08-16 00:00:00.000,253,539.99
12133,72099,2025-05-02 00:00:00.000,2025-04-26 00:00:00.000,6,777.34
12134,68053,2025-03-10 00:00:00.000,2024-12-04 00:00:00.000,96,62.98
12135,61352,2024-11-30 00:00:00.000,2024-10-08 00:00:00.000,53,35.00
12136,62660,2024-12-22 00:00:00.000,2024-09-23 00:00:00.000,90,99.47
12136,68166,2025-03-12 00:00:00.000,2024-12-22 00:00:00.000,80,4.99
12136,74953,2025-06-24 00:00:00.000,2025-03-12 00:00:00.000,104,49.97
12137,57791,2024-10-10 00:00:00.000,2024-08-18 00:00:00.000,53,49.99
12138,65456,2025-01-30 00:00:00.000,2025-01-27 00:00:00.000,3,7.95
12139,73552,2025-05-21 00:00:00.000,2024-12-01 00:00:00.000,171,94.98
12140,64087,2025-01-11 00:00:00.000,2024-11-01 00:00:00.000,71,13.98
12140,66472,2025-02-15 00:00:00.000,2025-01-11 00:00:00.000,35,47.94
12140,69599,2025-03-30 00:00:00.000,2025-02-15 00:00:00.000,43,23.97
12141,54174,2024-08-09 00:00:00.000,2023-04-06 00:00:00.000,491,2400.95
12142,53760,2024-08-01 00:00:00.000,2023-04-28 00:00:00.000,461,2366.94
12143,54703,2024-08-18 00:00:00.000,2023-04-17 00:00:00.000,489,2414.99
12144,70090,2025-04-06 00:00:00.000,2024-08-21 00:00:00.000,228,7.95
12145,74247,2025-06-01 00:00:00.000,2025-04-29 00:00:00.000,33,124.97
12146,70312,2025-04-09 00:00:00.000,2024-11-28 00:00:00.000,132,127.95
12147,65650,2025-02-02 00:00:00.000,2024-11-22 00:00:00.000,72,49.97
12147,68644,2025-03-19 00:00:00.000,2025-02-02 00:00:00.000,45,37.27
12147,70704,2025-04-14 00:00:00.000,2025-03-19 00:00:00.000,26,170.23
12148,74185,2025-05-31 00:00:00.000,2025-04-24 00:00:00.000,37,7.95
12149,74471,2025-06-09 00:00:00.000,2024-09-30 00:00:00.000,252,7.95
12150,65683,2025-02-03 00:00:00.000,2025-01-13 00:00:00.000,21,7.95
12151,53965,2024-08-05 00:00:00.000,2023-04-15 00:00:00.000,478,2316.97
12152,54024,2024-08-06 00:00:00.000,2023-03-31 00:00:00.000,494,2359.46
12153,53857,2024-08-03 00:00:00.000,2023-04-28 00:00:00.000,463,2359.96
12154,62683,2024-12-22 00:00:00.000,2024-08-13 00:00:00.000,131,2419.06
12155,55077,2024-08-25 00:00:00.000,2023-04-22 00:00:00.000,491,2351.96
12156,53858,2024-08-03 00:00:00.000,2023-04-07 00:00:00.000,484,2341.97
12157,71953,2025-04-30 00:00:00.000,2024-10-09 00:00:00.000,203,7.95
12158,70332,2025-04-09 00:00:00.000,2025-01-31 00:00:00.000,68,37.27
12158,70775,2025-04-15 00:00:00.000,2025-04-09 00:00:00.000,6,49.97
12158,72883,2025-05-13 00:00:00.000,2025-04-15 00:00:00.000,28,39.98
12159,56615,2024-09-21 00:00:00.000,2024-07-26 00:00:00.000,57,69.97
12159,74113,2025-05-29 00:00:00.000,2024-09-21 00:00:00.000,250,14.98
12159,74706,2025-06-16 00:00:00.000,2025-05-29 00:00:00.000,18,39.98
12160,54094,2024-08-07 00:00:00.000,2023-04-19 00:00:00.000,476,2366.96
12161,71490,2025-04-26 00:00:00.000,2024-08-08 00:00:00.000,261,7.95
12162,55019,2024-08-24 00:00:00.000,2023-04-12 00:00:00.000,500,2334.97
12163,53859,2024-08-03 00:00:00.000,2023-04-06 00:00:00.000,485,2366.46
12164,53707,2024-07-31 00:00:00.000,2023-04-26 00:00:00.000,462,2329.99
12165,53386,2024-07-28 00:00:00.000,2024-07-01 00:00:00.000,27,70.96
12165,54491,2024-08-15 00:00:00.000,2024-07-28 00:00:00.000,18,12.94
12165,61558,2024-12-04 00:00:00.000,2024-08-15 00:00:00.000,111,37.27
12166,66797,2025-02-20 00:00:00.000,2024-12-10 00:00:00.000,72,49.97
12166,69039,2025-03-25 00:00:00.000,2025-02-20 00:00:00.000,33,34.98
12166,70545,2025-04-12 00:00:00.000,2025-03-25 00:00:00.000,18,39.98
12167,54358,2024-08-12 00:00:00.000,2023-03-30 00:00:00.000,501,2396.96
12168,64830,2025-01-22 00:00:00.000,2024-07-28 00:00:00.000,178,64.93
12169,54644,2024-08-17 00:00:00.000,2023-03-30 00:00:00.000,506,2369.97
12170,54091,2024-08-07 00:00:00.000,2023-04-24 00:00:00.000,471,2329.99
12171,54023,2024-08-06 00:00:00.000,2023-04-02 00:00:00.000,492,2405.47
12172,54645,2024-08-17 00:00:00.000,2023-04-21 00:00:00.000,484,2351.96
12173,53908,2024-08-04 00:00:00.000,2023-04-13 00:00:00.000,479,2350.96
12174,54863,2024-08-21 00:00:00.000,2023-05-07 00:00:00.000,472,2294.99
12175,71162,2025-04-21 00:00:00.000,2025-04-18 00:00:00.000,3,120.00
12176,74688,2025-06-15 00:00:00.000,2024-07-04 00:00:00.000,346,42.28
12177,62388,2024-12-17 00:00:00.000,2024-08-06 00:00:00.000,133,2407.04
12178,53759,2024-08-01 00:00:00.000,2023-05-26 00:00:00.000,433,2354.98
12179,61767,2024-12-07 00:00:00.000,2023-05-17 00:00:00.000,570,2334.97
12180,61519,2024-12-03 00:00:00.000,2023-05-11 00:00:00.000,572,2351.96
12181,54298,2024-08-11 00:00:00.000,2023-05-04 00:00:00.000,465,2380.47
12182,61740,2024-12-07 00:00:00.000,2024-08-13 00:00:00.000,116,29.99
12182,62901,2024-12-26 00:00:00.000,2024-12-07 00:00:00.000,19,4.99
12182,68909,2025-03-23 00:00:00.000,2024-12-26 00:00:00.000,87,14.98
12183,54221,2024-08-10 00:00:00.000,2024-07-21 00:00:00.000,20,4.99
12183,59226,2024-10-31 00:00:00.000,2024-08-10 00:00:00.000,82,69.97
12183,61831,2024-12-08 00:00:00.000,2024-10-31 00:00:00.000,38,103.49
12184,54646,2024-08-17 00:00:00.000,2023-05-23 00:00:00.000,452,2297.28
12185,56228,2024-09-14 00:00:00.000,2024-08-28 00:00:00.000,17,7.95
12186,54092,2024-08-07 00:00:00.000,2023-05-26 00:00:00.000,439,2334.97
12187,54234,2024-08-10 00:00:00.000,2023-05-26 00:00:00.000,442,2329.98
12188,54173,2024-08-09 00:00:00.000,2023-05-26 00:00:00.000,441,2354.98
12189,54573,2024-08-16 00:00:00.000,2023-05-15 00:00:00.000,459,2371.96
12190,53855,2024-08-03 00:00:00.000,2023-05-10 00:00:00.000,451,2312.26
12191,67207,2025-02-27 00:00:00.000,2024-09-15 00:00:00.000,165,120.00
12192,73682,2025-05-23 00:00:00.000,2024-09-11 00:00:00.000,254,39.99
12193,61725,2024-12-06 00:00:00.000,2024-08-28 00:00:00.000,100,2438.06
12194,57691,2024-10-08 00:00:00.000,2024-09-17 00:00:00.000,21,7.95
12195,62919,2024-12-26 00:00:00.000,2024-10-22 00:00:00.000,65,116.46
12196,57499,2024-10-04 00:00:00.000,2024-09-09 00:00:00.000,25,4.99
12196,62040,2024-12-12 00:00:00.000,2024-10-04 00:00:00.000,69,69.97
12196,74647,2025-06-14 00:00:00.000,2024-12-12 00:00:00.000,184,35.00
12197,57621,2024-10-06 00:00:00.000,2024-07-03 00:00:00.000,95,39.99
12198,61837,2024-12-08 00:00:00.000,2023-05-16 00:00:00.000,572,2391.43
12199,70706,2025-04-14 00:00:00.000,2024-11-15 00:00:00.000,150,74.98
12200,54133,2024-08-08 00:00:00.000,2023-05-21 00:00:00.000,445,2357.28
12201,63882,2025-01-08 00:00:00.000,2024-11-10 00:00:00.000,59,7.95
12202,56254,2024-09-14 00:00:00.000,2024-07-07 00:00:00.000,69,42.28
12202,59780,2024-11-08 00:00:00.000,2024-09-14 00:00:00.000,55,7.28
12202,67711,2025-03-05 00:00:00.000,2024-11-08 00:00:00.000,117,71.94
12203,62489,2024-12-19 00:00:00.000,2024-12-02 00:00:00.000,17,14.98
12203,72811,2025-05-12 00:00:00.000,2024-12-19 00:00:00.000,144,98.96
12203,74411,2025-06-06 00:00:00.000,2025-05-12 00:00:00.000,25,42.28
12204,60675,2024-11-21 00:00:00.000,2024-06-29 00:00:00.000,145,96.96
12205,74214,2025-05-31 00:00:00.000,2025-03-27 00:00:00.000,65,37.29
12206,54090,2024-08-07 00:00:00.000,2023-05-29 00:00:00.000,436,2329.98
12207,56059,2024-09-10 00:00:00.000,2023-05-26 00:00:00.000,473,2297.28
12208,56316,2024-09-15 00:00:00.000,2023-05-17 00:00:00.000,487,2375.95
12209,56586,2024-09-20 00:00:00.000,2023-05-18 00:00:00.000,491,2329.98
12210,55870,2024-09-07 00:00:00.000,2023-08-15 00:00:00.000,389,2334.97
12210,70575,2025-04-12 00:00:00.000,2024-09-07 00:00:00.000,217,2419.06
12211,62178,2024-12-14 00:00:00.000,2022-08-06 00:00:00.000,861,2329.98
12212,61669,2024-12-06 00:00:00.000,2022-08-26 00:00:00.000,833,2319.99
12213,55454,2024-08-31 00:00:00.000,2023-10-09 00:00:00.000,327,2369.96
12214,56599,2024-09-21 00:00:00.000,2023-08-07 00:00:00.000,411,2332.28
12214,73309,2025-05-18 00:00:00.000,2024-09-21 00:00:00.000,239,2422.54
12215,55968,2024-09-09 00:00:00.000,2023-08-10 00:00:00.000,396,2357.28
12215,73618,2025-05-22 00:00:00.000,2024-09-09 00:00:00.000,255,2462.03
12216,55923,2024-09-08 00:00:00.000,2023-08-25 00:00:00.000,380,2431.95
12216,73332,2025-05-18 00:00:00.000,2024-09-08 00:00:00.000,252,2452.04
12217,61671,2024-12-06 00:00:00.000,2022-08-22 00:00:00.000,837,2294.99
12218,56758,2024-09-24 00:00:00.000,2023-10-25 00:00:00.000,335,2400.95
12219,62886,2024-12-26 00:00:00.000,2022-08-23 00:00:00.000,856,2388.96
12220,63016,2024-12-28 00:00:00.000,2022-08-08 00:00:00.000,873,2371.96
12221,62481,2024-12-19 00:00:00.000,2022-08-01 00:00:00.000,871,2389.98
12222,56540,2024-09-20 00:00:00.000,2023-08-13 00:00:00.000,404,2431.95
12222,72580,2025-05-08 00:00:00.000,2024-09-20 00:00:00.000,230,2428.05
12225,58019,2024-10-14 00:00:00.000,2023-10-19 00:00:00.000,361,2309.97
12226,57307,2024-10-01 00:00:00.000,2023-10-19 00:00:00.000,348,2318.96
12228,58352,2024-10-20 00:00:00.000,2023-11-22 00:00:00.000,333,2329.98
12229,58469,2024-10-22 00:00:00.000,2023-11-07 00:00:00.000,350,2344.26
12230,60124,2024-11-13 00:00:00.000,2023-11-20 00:00:00.000,359,2351.96
12231,60634,2024-11-21 00:00:00.000,2023-11-15 00:00:00.000,372,2304.98
12232,59839,2024-11-09 00:00:00.000,2023-11-03 00:00:00.000,372,2304.98
12235,61628,2024-12-05 00:00:00.000,2024-08-22 00:00:00.000,105,27.77
12237,59272,2024-11-01 00:00:00.000,2023-11-17 00:00:00.000,350,2398.97
12239,57903,2024-10-12 00:00:00.000,2023-08-23 00:00:00.000,416,2401.95
12239,73331,2025-05-18 00:00:00.000,2024-10-12 00:00:00.000,218,2428.05
12240,59392,2024-11-02 00:00:00.000,2023-05-29 00:00:00.000,523,564.99
12241,60553,2024-11-19 00:00:00.000,2023-05-17 00:00:00.000,552,589.47
12242,59965,2024-11-10 00:00:00.000,2023-05-17 00:00:00.000,543,573.98
12243,60506,2024-11-18 00:00:00.000,2023-05-25 00:00:00.000,543,539.99
12244,58132,2024-10-16 00:00:00.000,2024-07-18 00:00:00.000,90,64.97
12245,60107,2024-11-12 00:00:00.000,2023-05-13 00:00:00.000,549,567.27
12246,60298,2024-11-15 00:00:00.000,2023-05-07 00:00:00.000,558,572.26
12247,57371,2024-10-02 00:00:00.000,2024-07-03 00:00:00.000,91,27.28
12248,61909,2024-12-09 00:00:00.000,2023-05-11 00:00:00.000,578,539.99
12249,68813,2025-03-22 00:00:00.000,2024-08-28 00:00:00.000,206,64.97
12250,61910,2024-12-09 00:00:00.000,2023-05-08 00:00:00.000,581,564.99
12251,62458,2024-12-18 00:00:00.000,2023-05-06 00:00:00.000,592,549.98
12252,62807,2024-12-24 00:00:00.000,2023-05-26 00:00:00.000,578,563.96
12253,62276,2024-12-15 00:00:00.000,2023-05-19 00:00:00.000,576,666.94
12254,63015,2024-12-28 00:00:00.000,2022-08-15 00:00:00.000,866,2389.96
12255,62480,2024-12-19 00:00:00.000,2022-08-20 00:00:00.000,852,2304.98
12256,64311,2025-01-15 00:00:00.000,2022-08-29 00:00:00.000,870,2374.98
12259,60490,2024-11-18 00:00:00.000,2024-08-02 00:00:00.000,108,58.98
12260,63041,2024-12-28 00:00:00.000,2024-07-15 00:00:00.000,166,58.98
12261,64692,2025-01-20 00:00:00.000,2022-09-21 00:00:00.000,852,2394.97
12262,55436,2024-08-30 00:00:00.000,2024-08-09 00:00:00.000,21,58.98
12263,58071,2024-10-15 00:00:00.000,2023-08-28 00:00:00.000,414,2324.92
12263,74092,2025-05-28 00:00:00.000,2024-10-15 00:00:00.000,225,2433.04
12264,51477,2024-06-16 00:00:00.000,2023-09-10 00:00:00.000,280,1243.84
12264,58588,2024-10-24 00:00:00.000,2024-06-16 00:00:00.000,130,2369.96
12265,63704,2025-01-05 00:00:00.000,2022-09-25 00:00:00.000,833,2385.95
12266,59833,2024-11-09 00:00:00.000,2023-11-16 00:00:00.000,359,2329.98
12267,64310,2025-01-15 00:00:00.000,2022-08-31 00:00:00.000,868,2294.99
12270,61862,2024-12-09 00:00:00.000,2023-11-23 00:00:00.000,382,2405.47
12271,51261,2024-06-02 00:00:00.000,2023-09-11 00:00:00.000,265,1268.84
12271,58194,2024-10-17 00:00:00.000,2024-06-02 00:00:00.000,137,2342.92
12272,51681,2024-06-28 00:00:00.000,2023-09-02 00:00:00.000,300,751.34
12272,55869,2024-09-07 00:00:00.000,2024-06-28 00:00:00.000,71,2316.97
12275,63069,2024-12-29 00:00:00.000,2023-12-15 00:00:00.000,380,2363.96
12276,62243,2024-12-15 00:00:00.000,2023-12-01 00:00:00.000,380,2344.96
12277,52669,2024-07-14 00:00:00.000,2023-09-14 00:00:00.000,304,1237.82
12277,58586,2024-10-24 00:00:00.000,2024-07-14 00:00:00.000,102,2357.28
12279,64127,2025-01-12 00:00:00.000,2022-10-12 00:00:00.000,823,2395.96
12280,64129,2025-01-12 00:00:00.000,2022-10-12 00:00:00.000,823,2344.96
12281,51680,2024-06-28 00:00:00.000,2023-09-13 00:00:00.000,289,777.34
12281,55556,2024-09-02 00:00:00.000,2024-06-28 00:00:00.000,66,2342.92
12282,54359,2024-08-12 00:00:00.000,2023-09-24 00:00:00.000,323,742.35
12282,55813,2024-09-06 00:00:00.000,2024-08-12 00:00:00.000,25,2319.99
12283,51960,2024-06-30 00:00:00.000,2023-08-30 00:00:00.000,305,1223.84
12283,57790,2024-10-10 00:00:00.000,2024-06-30 00:00:00.000,102,2309.97
12284,54134,2024-08-08 00:00:00.000,2023-09-06 00:00:00.000,337,1223.84
12284,58353,2024-10-20 00:00:00.000,2024-08-08 00:00:00.000,73,2329.99
12285,64186,2025-01-13 00:00:00.000,2022-10-29 00:00:00.000,807,2389.98
12286,54300,2024-08-11 00:00:00.000,2023-10-16 00:00:00.000,300,800.31
12286,56378,2024-09-17 00:00:00.000,2024-08-11 00:00:00.000,37,2405.47
12287,54027,2024-08-06 00:00:00.000,2023-10-29 00:00:00.000,282,1282.82
12287,58641,2024-10-25 00:00:00.000,2024-08-06 00:00:00.000,80,2388.45
12288,74532,2025-06-10 00:00:00.000,2025-03-02 00:00:00.000,100,58.98
12289,55663,2024-09-03 00:00:00.000,2023-10-20 00:00:00.000,319,1236.78
12289,58415,2024-10-21 00:00:00.000,2024-09-03 00:00:00.000,48,2359.98
12290,63560,2025-01-03 00:00:00.000,2022-10-05 00:00:00.000,821,2294.99
12291,53663,2024-07-31 00:00:00.000,2023-12-23 00:00:00.000,221,2428.94
12291,54427,2024-08-13 00:00:00.000,2024-07-31 00:00:00.000,13,1174.48
12291,71191,2025-04-21 00:00:00.000,2024-08-13 00:00:00.000,251,2393.06
12292,54252,2024-08-11 00:00:00.000,2023-10-20 00:00:00.000,296,2414.99
12292,70308,2025-04-08 00:00:00.000,2024-08-11 00:00:00.000,240,563.77
12293,68182,2025-03-12 00:00:00.000,2024-10-31 00:00:00.000,132,23.78
12294,64342,2025-01-15 00:00:00.000,2024-10-21 00:00:00.000,86,21.49
12295,56934,2024-09-27 00:00:00.000,2024-07-14 00:00:00.000,75,39.98
12295,64502,2025-01-17 00:00:00.000,2024-09-27 00:00:00.000,112,49.99
12295,67118,2025-02-25 00:00:00.000,2025-01-17 00:00:00.000,39,38.98
12296,51322,2024-06-07 00:00:00.000,2022-10-18 00:00:00.000,598,2451.30
12296,53828,2024-08-02 00:00:00.000,2024-06-07 00:00:00.000,56,2433.04
12296,58543,2024-10-23 00:00:00.000,2024-08-02 00:00:00.000,82,2294.99
12296,69156,2025-03-26 00:00:00.000,2024-10-23 00:00:00.000,154,2407.04
12297,56694,2024-09-23 00:00:00.000,2024-01-12 00:00:00.000,255,2419.95
12297,59136,2024-10-29 00:00:00.000,2024-09-23 00:00:00.000,36,1155.48
12297,70432,2025-04-10 00:00:00.000,2024-10-29 00:00:00.000,163,2398.05
12298,56021,2024-09-10 00:00:00.000,2024-01-21 00:00:00.000,233,2414.45
12298,68879,2025-03-22 00:00:00.000,2024-09-10 00:00:00.000,193,1174.48
12298,72824,2025-05-12 00:00:00.000,2025-03-22 00:00:00.000,51,2393.06
12299,53878,2024-08-04 00:00:00.000,2023-10-09 00:00:00.000,300,2356.96
12299,70448,2025-04-10 00:00:00.000,2024-08-04 00:00:00.000,249,548.98
12300,51547,2024-06-21 00:00:00.000,2022-10-23 00:00:00.000,607,2498.34
12300,54146,2024-08-08 00:00:00.000,2024-06-21 00:00:00.000,48,2393.06
12300,58251,2024-10-18 00:00:00.000,2024-08-08 00:00:00.000,71,2319.99
12300,68621,2025-03-18 00:00:00.000,2024-10-18 00:00:00.000,151,2453.04
12301,51341,2024-06-08 00:00:00.000,2022-10-09 00:00:00.000,608,2482.23
12301,55811,2024-09-05 00:00:00.000,2024-06-08 00:00:00.000,89,2493.54
12301,57243,2024-09-30 00:00:00.000,2024-09-05 00:00:00.000,25,2322.28
12301,71190,2025-04-21 00:00:00.000,2024-09-30 00:00:00.000,203,2419.06
12302,55505,2024-09-01 00:00:00.000,2024-01-23 00:00:00.000,222,2374.98
12302,69083,2025-03-25 00:00:00.000,2024-09-01 00:00:00.000,205,1184.46
12302,74002,2025-05-27 00:00:00.000,2025-03-25 00:00:00.000,63,2461.03
12303,67611,2025-03-03 00:00:00.000,2025-01-17 00:00:00.000,45,21.49
12304,74122,2025-05-29 00:00:00.000,2025-02-01 00:00:00.000,117,62.98
12305,53664,2024-07-31 00:00:00.000,2023-11-27 00:00:00.000,247,2319.99
12305,69649,2025-03-30 00:00:00.000,2024-07-31 00:00:00.000,242,548.98
12306,59743,2024-11-07 00:00:00.000,2024-10-01 00:00:00.000,37,39.98
12307,51248,2024-06-02 00:00:00.000,2022-10-28 00:00:00.000,583,2443.35
12307,56795,2024-09-24 00:00:00.000,2024-06-02 00:00:00.000,114,2422.54
12307,57242,2024-09-30 00:00:00.000,2024-09-24 00:00:00.000,6,2344.96
12307,70998,2025-04-18 00:00:00.000,2024-09-30 00:00:00.000,200,2384.07
12308,51428,2024-06-13 00:00:00.000,2022-11-02 00:00:00.000,589,2500.44
12308,55681,2024-09-03 00:00:00.000,2024-06-13 00:00:00.000,82,2422.54
12308,57846,2024-10-11 00:00:00.000,2024-09-03 00:00:00.000,38,2339.97
12308,71128,2025-04-20 00:00:00.000,2024-10-11 00:00:00.000,191,2428.05
12309,57996,2024-10-13 00:00:00.000,2024-08-28 00:00:00.000,46,78.48
12310,68923,2025-03-23 00:00:00.000,2025-03-13 00:00:00.000,10,34.99
12311,73614,2025-05-22 00:00:00.000,2025-02-16 00:00:00.000,95,43.98
12314,55397,2024-08-30 00:00:00.000,2024-01-16 00:00:00.000,227,2351.96
12314,68946,2025-03-23 00:00:00.000,2024-08-30 00:00:00.000,205,1155.48
12314,74144,2025-05-29 00:00:00.000,2025-03-23 00:00:00.000,67,2419.06
12315,51510,2024-06-18 00:00:00.000,2023-11-26 00:00:00.000,205,2419.06
12315,54378,2024-08-13 00:00:00.000,2024-06-18 00:00:00.000,56,2334.97
12316,52466,2024-07-10 00:00:00.000,2023-10-30 00:00:00.000,254,2384.07
12316,54660,2024-08-18 00:00:00.000,2024-07-10 00:00:00.000,39,2343.96
12317,53873,2024-08-03 00:00:00.000,2023-11-25 00:00:00.000,252,2407.04
12317,54934,2024-08-23 00:00:00.000,2024-08-03 00:00:00.000,20,2344.96
12318,53976,2024-08-05 00:00:00.000,2023-11-11 00:00:00.000,268,2384.07
12318,54049,2024-08-07 00:00:00.000,2024-08-05 00:00:00.000,2,2374.98
12319,72229,2025-05-04 00:00:00.000,2024-09-09 00:00:00.000,237,4.99
12320,69207,2025-03-27 00:00:00.000,2025-01-16 00:00:00.000,70,42.97
12321,53679,2024-07-31 00:00:00.000,2022-11-01 00:00:00.000,638,2492.32
12321,57686,2024-10-07 00:00:00.000,2024-07-31 00:00:00.000,68,2428.05
12321,58416,2024-10-21 00:00:00.000,2024-10-07 00:00:00.000,14,2318.96
12321,71262,2025-04-22 00:00:00.000,2024-10-21 00:00:00.000,183,2398.05
12323,54602,2024-08-17 00:00:00.000,2022-11-23 00:00:00.000,633,2501.31
12323,58017,2024-10-13 00:00:00.000,2024-08-17 00:00:00.000,57,2413.06
12323,58020,2024-10-14 00:00:00.000,2024-10-13 00:00:00.000,1,2344.26
12324,70793,2025-04-15 00:00:00.000,2025-04-01 00:00:00.000,14,7.28
12325,73988,2025-05-27 00:00:00.000,2025-01-04 00:00:00.000,143,34.99
12326,72034,2025-05-01 00:00:00.000,2025-02-28 00:00:00.000,62,28.99
12327,61630,2024-12-05 00:00:00.000,2024-07-07 00:00:00.000,151,4.99
12328,54105,2024-08-08 00:00:00.000,2023-11-04 00:00:00.000,278,2344.96
12328,54819,2024-08-20 00:00:00.000,2024-08-08 00:00:00.000,12,2398.05
12329,67126,2025-02-25 00:00:00.000,2024-10-21 00:00:00.000,127,49.99
12330,56335,2024-09-16 00:00:00.000,2024-01-20 00:00:00.000,240,2334.46
12330,69642,2025-03-30 00:00:00.000,2024-09-16 00:00:00.000,195,1134.47
12330,73865,2025-05-25 00:00:00.000,2025-03-30 00:00:00.000,56,2393.06
12332,55980,2024-09-09 00:00:00.000,2022-11-12 00:00:00.000,667,2482.23
12332,58638,2024-10-24 00:00:00.000,2024-09-09 00:00:00.000,45,2419.06
12332,60767,2024-11-23 00:00:00.000,2024-10-24 00:00:00.000,30,2309.97
12333,56279,2024-09-15 00:00:00.000,2022-11-17 00:00:00.000,668,2484.94
12333,58700,2024-10-25 00:00:00.000,2024-09-15 00:00:00.000,40,2393.06
12333,59490,2024-11-04 00:00:00.000,2024-10-25 00:00:00.000,10,2372.95
12334,74810,2025-06-19 00:00:00.000,2024-11-12 00:00:00.000,219,49.99
12335,54827,2024-08-21 00:00:00.000,2023-11-11 00:00:00.000,284,2369.96
12335,54879,2024-08-21 00:00:00.000,2024-08-21 00:00:00.000,0,2493.54
12336,73224,2025-05-17 00:00:00.000,2024-07-25 00:00:00.000,296,49.99
12337,55917,2024-09-07 00:00:00.000,2023-05-06 00:00:00.000,490,2343.96
12337,63879,2025-01-07 00:00:00.000,2024-09-07 00:00:00.000,122,2393.06
12338,56789,2024-09-24 00:00:00.000,2023-05-25 00:00:00.000,488,2436.97
12338,64452,2025-01-16 00:00:00.000,2024-09-24 00:00:00.000,114,2453.04
12339,56064,2024-09-10 00:00:00.000,2023-06-14 00:00:00.000,454,2374.98
12339,63550,2025-01-02 00:00:00.000,2024-09-10 00:00:00.000,114,2419.06
12340,56218,2024-09-13 00:00:00.000,2023-06-24 00:00:00.000,447,2318.96
12340,66940,2025-02-22 00:00:00.000,2024-09-13 00:00:00.000,162,2384.07
12341,55374,2024-08-29 00:00:00.000,2023-06-05 00:00:00.000,451,2294.99
12341,66078,2025-02-08 00:00:00.000,2024-08-29 00:00:00.000,163,2496.53
12342,55859,2024-09-06 00:00:00.000,2023-06-11 00:00:00.000,453,2369.96
12342,66941,2025-02-22 00:00:00.000,2024-09-06 00:00:00.000,169,2419.06
12343,57633,2024-10-06 00:00:00.000,2023-06-18 00:00:00.000,476,1223.84
12343,66746,2025-02-19 00:00:00.000,2024-10-06 00:00:00.000,136,2294.99
12344,57486,2024-10-04 00:00:00.000,2024-08-13 00:00:00.000,52,11.94
12344,64122,2025-01-12 00:00:00.000,2024-10-04 00:00:00.000,100,24.49
12345,55512,2024-09-01 00:00:00.000,2024-08-30 00:00:00.000,2,24.49
12345,74587,2025-06-13 00:00:00.000,2024-09-01 00:00:00.000,285,3.99
12346,56270,2024-09-14 00:00:00.000,2023-06-05 00:00:00.000,467,2354.98
12346,66637,2025-02-17 00:00:00.000,2024-09-14 00:00:00.000,156,2438.06
12347,55668,2024-09-03 00:00:00.000,2023-06-14 00:00:00.000,447,2370.96
12347,67016,2025-02-23 00:00:00.000,2024-09-03 00:00:00.000,173,2419.06
12348,56113,2024-09-11 00:00:00.000,2023-06-29 00:00:00.000,440,2423.95
12348,66261,2025-02-11 00:00:00.000,2024-09-11 00:00:00.000,153,2433.04
12349,55446,2024-08-30 00:00:00.000,2023-05-30 00:00:00.000,458,2329.98
12349,65560,2025-01-31 00:00:00.000,2024-08-30 00:00:00.000,154,2393.06
12350,56900,2024-09-26 00:00:00.000,2023-06-07 00:00:00.000,477,2319.99
12350,67080,2025-02-24 00:00:00.000,2024-09-26 00:00:00.000,151,2400.34
12351,72518,2025-05-08 00:00:00.000,2024-11-22 00:00:00.000,167,24.49
12351,75064,2025-06-28 00:00:00.000,2025-05-08 00:00:00.000,51,67.97
12352,69795,2025-04-02 00:00:00.000,2025-02-27 00:00:00.000,34,186.28
12352,71100,2025-04-20 00:00:00.000,2025-04-02 00:00:00.000,18,24.49
12353,55666,2024-09-03 00:00:00.000,2023-06-26 00:00:00.000,435,2309.97
12353,65394,2025-01-28 00:00:00.000,2024-09-03 00:00:00.000,147,2384.07
12354,56948,2024-09-27 00:00:00.000,2023-06-04 00:00:00.000,481,2309.97
12354,65626,2025-02-01 00:00:00.000,2024-09-27 00:00:00.000,127,2438.06
12355,55447,2024-08-30 00:00:00.000,2023-05-30 00:00:00.000,458,2350.96
12355,66565,2025-02-16 00:00:00.000,2024-08-30 00:00:00.000,170,2418.05
12356,56369,2024-09-16 00:00:00.000,2023-06-10 00:00:00.000,464,2341.97
12356,66696,2025-02-18 00:00:00.000,2024-09-16 00:00:00.000,155,2419.06
12357,69727,2025-04-01 00:00:00.000,2025-03-30 00:00:00.000,2,3.99
12357,74559,2025-06-12 00:00:00.000,2025-04-01 00:00:00.000,72,24.49
12358,56476,2024-09-18 00:00:00.000,2023-06-29 00:00:00.000,447,2297.28
12358,65744,2025-02-03 00:00:00.000,2024-09-18 00:00:00.000,138,2419.06
12359,66514,2025-02-16 00:00:00.000,2025-02-10 00:00:00.000,6,6.28
12359,67907,2025-03-08 00:00:00.000,2025-02-16 00:00:00.000,20,24.49
12360,56949,2024-09-27 00:00:00.000,2023-06-17 00:00:00.000,468,2294.99
12360,67017,2025-02-23 00:00:00.000,2024-09-27 00:00:00.000,149,2384.07
12361,70455,2025-04-11 00:00:00.000,2025-02-17 00:00:00.000,53,29.98
12361,71027,2025-04-19 00:00:00.000,2025-04-11 00:00:00.000,8,24.49
12362,56587,2024-09-20 00:00:00.000,2023-05-05 00:00:00.000,504,2325.96
12363,60908,2024-11-25 00:00:00.000,2024-08-28 00:00:00.000,89,59.98
12363,65824,2025-02-05 00:00:00.000,2024-11-25 00:00:00.000,72,29.99
12363,67538,2025-03-02 00:00:00.000,2025-02-05 00:00:00.000,25,133.96
12364,55442,2024-08-30 00:00:00.000,2023-05-27 00:00:00.000,461,2319.99
12365,59617,2024-11-05 00:00:00.000,2024-08-31 00:00:00.000,66,39.99
12366,71660,2025-04-28 00:00:00.000,2024-09-10 00:00:00.000,230,74.98
12367,70490,2025-04-11 00:00:00.000,2024-07-12 00:00:00.000,273,110.46
12369,72443,2025-05-07 00:00:00.000,2025-02-24 00:00:00.000,72,26.97
12369,73036,2025-05-15 00:00:00.000,2025-05-07 00:00:00.000,8,64.97
12370,55035,2024-08-25 00:00:00.000,2024-07-12 00:00:00.000,44,32.27
12370,59276,2024-11-01 00:00:00.000,2024-08-25 00:00:00.000,68,26.97
12371,69870,2025-04-03 00:00:00.000,2024-11-30 00:00:00.000,124,64.47
12371,71493,2025-04-26 00:00:00.000,2025-04-03 00:00:00.000,23,27.28
12372,55748,2024-09-05 00:00:00.000,2024-08-21 00:00:00.000,15,7.28
12372,62405,2024-12-18 00:00:00.000,2024-09-05 00:00:00.000,104,2.29
12373,64377,2025-01-16 00:00:00.000,2022-11-26 00:00:00.000,782,2359.46
12376,59439,2024-11-03 00:00:00.000,2024-10-09 00:00:00.000,25,25.48
12378,62768,2024-12-24 00:00:00.000,2024-01-07 00:00:00.000,352,2294.99
12380,58277,2024-10-18 00:00:00.000,2023-11-04 00:00:00.000,349,1223.84
12380,60457,2024-11-18 00:00:00.000,2024-10-18 00:00:00.000,31,2297.28
12381,53860,2024-08-03 00:00:00.000,2023-11-19 00:00:00.000,258,751.34
12381,56377,2024-09-17 00:00:00.000,2024-08-03 00:00:00.000,45,2338.97
12382,58457,2024-10-21 00:00:00.000,2023-11-28 00:00:00.000,328,1214.85
12382,59580,2024-11-05 00:00:00.000,2024-10-21 00:00:00.000,15,2319.99
12383,63823,2025-01-07 00:00:00.000,2022-10-30 00:00:00.000,800,2319.99
12384,51642,2024-06-26 00:00:00.000,2024-01-16 00:00:00.000,162,2428.97
12384,56016,2024-09-09 00:00:00.000,2024-06-26 00:00:00.000,75,578.46
12385,55453,2024-08-31 00:00:00.000,2023-11-01 00:00:00.000,304,2304.98
12385,55602,2024-09-02 00:00:00.000,2024-08-31 00:00:00.000,2,742.35
12386,61548,2024-12-04 00:00:00.000,2024-01-02 00:00:00.000,337,2375.95
12388,64619,2025-01-19 00:00:00.000,2024-01-12 00:00:00.000,373,2329.98
12390,51191,2024-05-30 00:00:00.000,2024-01-05 00:00:00.000,146,2344.96
12390,58698,2024-10-25 00:00:00.000,2024-05-30 00:00:00.000,148,561.48
12391,57291,2024-09-30 00:00:00.000,2023-11-24 00:00:00.000,311,777.34
12391,58839,2024-10-28 00:00:00.000,2024-09-30 00:00:00.000,28,2294.99
12392,54466,2024-08-14 00:00:00.000,2024-06-29 00:00:00.000,46,49.99
12394,59408,2024-11-03 00:00:00.000,2023-11-16 00:00:00.000,353,2371.96
12394,60163,2024-11-13 00:00:00.000,2024-11-03 00:00:00.000,10,1214.85
12395,66942,2025-02-23 00:00:00.000,2022-11-18 00:00:00.000,828,2389.98
12397,51285,2024-06-05 00:00:00.000,2024-01-23 00:00:00.000,134,2329.98
12397,58582,2024-10-23 00:00:00.000,2024-06-05 00:00:00.000,140,588.96
12398,54255,2024-08-11 00:00:00.000,2022-11-16 00:00:00.000,634,2319.99
12398,66564,2025-02-16 00:00:00.000,2024-08-11 00:00:00.000,189,600.46
12402,58705,2024-10-26 00:00:00.000,2023-11-08 00:00:00.000,353,2391.96
12402,59325,2024-11-01 00:00:00.000,2024-10-26 00:00:00.000,6,777.34
12404,58585,2024-10-24 00:00:00.000,2023-12-22 00:00:00.000,307,2393.96
12404,59386,2024-11-02 00:00:00.000,2024-10-24 00:00:00.000,9,786.33
12409,70249,2025-04-08 00:00:00.000,2024-10-19 00:00:00.000,171,120.00
12410,74720,2025-06-17 00:00:00.000,2024-09-04 00:00:00.000,286,120.00
12411,68542,2025-03-18 00:00:00.000,2024-11-29 00:00:00.000,109,120.00
12412,70562,2025-04-12 00:00:00.000,2025-03-26 00:00:00.000,17,138.48
12413,64152,2025-01-12 00:00:00.000,2024-11-19 00:00:00.000,54,42.28
12414,65488,2025-01-30 00:00:00.000,2024-10-26 00:00:00.000,96,37.29
12418,70218,2025-04-07 00:00:00.000,2023-05-22 00:00:00.000,686,2391.45
12423,71059,2025-04-19 00:00:00.000,2023-05-20 00:00:00.000,700,2329.98
12430,58208,2024-10-17 00:00:00.000,2024-09-19 00:00:00.000,28,69.97
12430,62435,2024-12-18 00:00:00.000,2024-10-17 00:00:00.000,62,74.98
12430,74540,2025-06-11 00:00:00.000,2024-12-18 00:00:00.000,175,64.97
12431,59353,2024-11-02 00:00:00.000,2024-08-20 00:00:00.000,74,27.28
12431,70266,2025-04-08 00:00:00.000,2024-11-02 00:00:00.000,157,32.28
12431,74488,2025-06-09 00:00:00.000,2025-04-08 00:00:00.000,62,69.99
12435,63044,2024-12-28 00:00:00.000,2023-05-05 00:00:00.000,603,2341.97
12437,62380,2024-12-17 00:00:00.000,2023-05-14 00:00:00.000,583,2404.95
12438,55795,2024-09-05 00:00:00.000,2023-05-10 00:00:00.000,484,2319.99
12440,61634,2024-12-05 00:00:00.000,2023-04-30 00:00:00.000,585,2334.98
12441,62616,2024-12-21 00:00:00.000,2023-05-04 00:00:00.000,597,2297.28
12442,63471,2025-01-01 00:00:00.000,2023-05-01 00:00:00.000,611,2322.28
12444,54000,2024-08-06 00:00:00.000,2024-08-02 00:00:00.000,4,78.98
12444,61461,2024-12-02 00:00:00.000,2024-08-06 00:00:00.000,118,114.47
12444,75008,2025-06-26 00:00:00.000,2024-12-02 00:00:00.000,206,64.97
12446,64930,2025-01-24 00:00:00.000,2023-05-09 00:00:00.000,626,2366.46
12448,63340,2024-12-30 00:00:00.000,2023-05-27 00:00:00.000,583,2337.27
12450,64503,2025-01-17 00:00:00.000,2023-05-25 00:00:00.000,603,2376.96
12452,63341,2024-12-30 00:00:00.000,2023-05-22 00:00:00.000,588,2357.28
12459,59326,2024-11-01 00:00:00.000,2023-12-02 00:00:00.000,335,1249.84
12459,60256,2024-11-15 00:00:00.000,2024-11-01 00:00:00.000,14,2297.28
12460,59752,2024-11-07 00:00:00.000,2023-12-25 00:00:00.000,318,1249.84
12460,60455,2024-11-18 00:00:00.000,2024-11-07 00:00:00.000,11,2379.97
12461,51660,2024-06-27 00:00:00.000,2024-01-15 00:00:00.000,164,2369.96
12461,58413,2024-10-20 00:00:00.000,2024-06-27 00:00:00.000,115,588.96
12462,51339,2024-06-08 00:00:00.000,2024-02-07 00:00:00.000,122,2373.47
12462,57744,2024-10-08 00:00:00.000,2024-06-08 00:00:00.000,122,624.97
12463,58470,2024-10-22 00:00:00.000,2023-12-06 00:00:00.000,321,2388.45
12463,59628,2024-11-05 00:00:00.000,2024-10-22 00:00:00.000,14,742.35
12464,66271,2025-02-12 00:00:00.000,2022-12-22 00:00:00.000,783,2319.99
12465,65129,2025-01-27 00:00:00.000,2024-08-29 00:00:00.000,151,49.99
12468,66507,2025-02-16 00:00:00.000,2022-12-11 00:00:00.000,798,2297.28
12473,60766,2024-11-23 00:00:00.000,2023-12-11 00:00:00.000,348,2329.98
12473,61304,2024-11-29 00:00:00.000,2024-11-23 00:00:00.000,6,1263.82
12474,66093,2025-02-09 00:00:00.000,2022-12-21 00:00:00.000,781,2349.98
12475,64804,2025-01-22 00:00:00.000,2024-02-03 00:00:00.000,354,2366.96
12476,69055,2025-03-25 00:00:00.000,2025-03-10 00:00:00.000,15,49.99
12479,64546,2025-01-18 00:00:00.000,2024-02-04 00:00:00.000,349,2329.99
12480,67025,2025-02-24 00:00:00.000,2022-12-09 00:00:00.000,808,2329.98
12483,66380,2025-02-14 00:00:00.000,2022-12-03 00:00:00.000,804,2319.99
12484,64689,2025-01-20 00:00:00.000,2024-02-24 00:00:00.000,331,2391.94
12485,66893,2025-02-22 00:00:00.000,2022-12-11 00:00:00.000,804,2345.22
12486,61096,2024-11-28 00:00:00.000,2023-12-19 00:00:00.000,345,2309.97
12486,61638,2024-12-05 00:00:00.000,2024-11-28 00:00:00.000,7,1293.33
12487,64251,2025-01-14 00:00:00.000,2024-02-14 00:00:00.000,335,2329.98
12489,56413,2024-09-17 00:00:00.000,2024-08-19 00:00:00.000,29,38.98
12489,58622,2024-10-24 00:00:00.000,2024-09-17 00:00:00.000,37,8.99
12489,74526,2025-06-10 00:00:00.000,2024-10-24 00:00:00.000,229,69.97
12490,58315,2024-10-19 00:00:00.000,2024-08-17 00:00:00.000,63,38.88
12490,65660,2025-02-02 00:00:00.000,2024-10-19 00:00:00.000,106,69.97
12492,58288,2024-10-19 00:00:00.000,2023-12-13 00:00:00.000,311,2339.97
12492,63670,2025-01-04 00:00:00.000,2024-10-19 00:00:00.000,77,777.34
12494,68900,2025-03-23 00:00:00.000,2022-11-30 00:00:00.000,844,2369.96
12495,64454,2025-01-17 00:00:00.000,2024-02-18 00:00:00.000,334,2344.96
12499,65021,2025-01-26 00:00:00.000,2024-02-13 00:00:00.000,348,2329.98
12500,65682,2025-02-03 00:00:00.000,2024-02-01 00:00:00.000,368,2403.96
12501,66019,2025-02-08 00:00:00.000,2024-02-28 00:00:00.000,346,2344.96
12502,65927,2025-02-06 00:00:00.000,2024-07-05 00:00:00.000,216,49.99
12503,67063,2025-02-24 00:00:00.000,2024-07-17 00:00:00.000,222,58.98
12509,63719,2025-01-05 00:00:00.000,2024-07-23 00:00:00.000,166,32.60
12509,65530,2025-01-31 00:00:00.000,2025-01-05 00:00:00.000,26,37.27
12510,54039,2024-08-07 00:00:00.000,2023-01-26 00:00:00.000,559,2294.99
12510,66762,2025-02-19 00:00:00.000,2024-08-07 00:00:00.000,196,567.76
12513,68185,2025-03-12 00:00:00.000,2024-11-16 00:00:00.000,116,58.98
12519,74618,2025-06-13 00:00:00.000,2024-10-10 00:00:00.000,246,49.99
12520,68203,2025-03-13 00:00:00.000,2023-01-01 00:00:00.000,802,2341.46
12521,66943,2025-02-23 00:00:00.000,2024-03-06 00:00:00.000,354,2366.96
12522,68161,2025-03-12 00:00:00.000,2023-01-23 00:00:00.000,779,2309.97
12523,69096,2025-03-26 00:00:00.000,2023-01-27 00:00:00.000,789,2354.98
12526,58542,2024-10-23 00:00:00.000,2023-12-10 00:00:00.000,318,2329.98
12526,67548,2025-03-02 00:00:00.000,2024-10-23 00:00:00.000,130,850.30
12530,56395,2024-09-17 00:00:00.000,2024-07-17 00:00:00.000,62,69.97
12530,61050,2024-11-27 00:00:00.000,2024-09-17 00:00:00.000,71,68.97
12530,72614,2025-05-09 00:00:00.000,2024-11-27 00:00:00.000,163,74.98
12532,67916,2025-03-08 00:00:00.000,2025-02-25 00:00:00.000,11,69.97
12532,67989,2025-03-09 00:00:00.000,2025-03-08 00:00:00.000,1,94.48
12532,73834,2025-05-25 00:00:00.000,2025-03-09 00:00:00.000,77,35.00
12533,56170,2024-09-12 00:00:00.000,2024-07-03 00:00:00.000,71,198.99
12540,64501,2025-01-17 00:00:00.000,2024-08-01 00:00:00.000,169,49.99
12545,69610,2025-03-30 00:00:00.000,2024-12-26 00:00:00.000,94,69.46
12546,65748,2025-02-04 00:00:00.000,2024-03-07 00:00:00.000,334,2344.96
12547,67497,2025-03-02 00:00:00.000,2023-01-13 00:00:00.000,779,2319.99
12548,65330,2025-01-28 00:00:00.000,2024-03-17 00:00:00.000,317,2318.96
12549,68821,2025-03-22 00:00:00.000,2023-01-17 00:00:00.000,795,2329.98
12550,72691,2025-05-10 00:00:00.000,2024-11-12 00:00:00.000,179,58.98
12551,74783,2025-06-18 00:00:00.000,2025-01-08 00:00:00.000,161,49.99
12554,68656,2025-03-19 00:00:00.000,2024-12-26 00:00:00.000,83,58.98
12559,59837,2024-11-09 00:00:00.000,2023-12-23 00:00:00.000,322,2334.97
12559,64507,2025-01-17 00:00:00.000,2024-11-09 00:00:00.000,69,1249.84
12560,59210,2024-10-31 00:00:00.000,2023-12-15 00:00:00.000,321,2363.96
12560,64430,2025-01-16 00:00:00.000,2024-10-31 00:00:00.000,77,1223.84
12561,68266,2025-03-14 00:00:00.000,2023-02-24 00:00:00.000,749,2309.97
12563,61355,2024-11-30 00:00:00.000,2024-11-30 00:00:00.000,0,49.99
12564,70910,2025-04-17 00:00:00.000,2024-08-06 00:00:00.000,254,74.48
12566,67062,2025-02-24 00:00:00.000,2024-10-30 00:00:00.000,117,58.98
12567,67810,2025-03-06 00:00:00.000,2024-07-13 00:00:00.000,236,33.98
12568,54570,2024-08-16 00:00:00.000,2024-07-15 00:00:00.000,32,58.47
12570,64105,2025-01-11 00:00:00.000,2023-06-03 00:00:00.000,588,604.96
12571,63603,2025-01-03 00:00:00.000,2023-05-30 00:00:00.000,584,569.97
12572,66194,2025-02-10 00:00:00.000,2023-06-23 00:00:00.000,598,539.99
12573,65497,2025-01-30 00:00:00.000,2023-06-09 00:00:00.000,601,618.98
12574,66750,2025-02-19 00:00:00.000,2023-06-16 00:00:00.000,614,554.97
12575,67189,2025-02-26 00:00:00.000,2023-06-16 00:00:00.000,621,618.98
12576,66690,2025-02-18 00:00:00.000,2023-06-05 00:00:00.000,624,603.97
12577,66751,2025-02-19 00:00:00.000,2023-07-17 00:00:00.000,583,564.98
12578,69008,2025-03-24 00:00:00.000,2023-07-16 00:00:00.000,617,618.98
12579,68192,2025-03-12 00:00:00.000,2023-07-17 00:00:00.000,604,539.99
12580,68793,2025-03-21 00:00:00.000,2023-07-16 00:00:00.000,614,539.99
12581,68607,2025-03-18 00:00:00.000,2023-07-29 00:00:00.000,598,574.98
12582,69871,2025-04-03 00:00:00.000,2024-12-30 00:00:00.000,94,58.98
12583,68137,2025-03-11 00:00:00.000,2023-07-30 00:00:00.000,590,574.98
12584,70921,2025-04-17 00:00:00.000,2023-07-12 00:00:00.000,645,561.97
12585,70226,2025-04-07 00:00:00.000,2023-07-30 00:00:00.000,617,579.97
12586,71418,2025-04-24 00:00:00.000,2023-07-05 00:00:00.000,659,564.99
12587,73872,2025-05-26 00:00:00.000,2025-04-04 00:00:00.000,52,49.99
12588,69989,2025-04-04 00:00:00.000,2023-06-30 00:00:00.000,644,589.98
12589,70359,2025-04-09 00:00:00.000,2023-07-21 00:00:00.000,628,615.96
12590,69363,2025-03-29 00:00:00.000,2025-03-14 00:00:00.000,15,8.99
12592,72542,2025-05-08 00:00:00.000,2024-11-26 00:00:00.000,163,42.97
12593,65364,2025-01-28 00:00:00.000,2024-07-20 00:00:00.000,192,33.98
12594,73223,2025-05-17 00:00:00.000,2025-04-26 00:00:00.000,21,8.99
12595,63595,2025-01-03 00:00:00.000,2024-08-07 00:00:00.000,149,8.99
12596,74550,2025-06-11 00:00:00.000,2025-02-23 00:00:00.000,108,8.99
12597,67445,2025-03-01 00:00:00.000,2025-01-03 00:00:00.000,57,44.22
12598,67681,2025-03-04 00:00:00.000,2025-01-03 00:00:00.000,60,8.99
12599,59211,2024-10-31 00:00:00.000,2024-01-17 00:00:00.000,288,2348.96
12599,63981,2025-01-09 00:00:00.000,2024-10-31 00:00:00.000,70,1228.83
12601,74689,2025-06-15 00:00:00.000,2025-01-28 00:00:00.000,138,8.99
12602,73980,2025-05-27 00:00:00.000,2024-07-22 00:00:00.000,309,36.27
12603,66990,2025-02-23 00:00:00.000,2024-09-05 00:00:00.000,171,8.99
12606,74271,2025-06-02 00:00:00.000,2025-02-02 00:00:00.000,120,47.97
12606,75022,2025-06-26 00:00:00.000,2025-06-02 00:00:00.000,24,246.45
12607,54104,2024-08-08 00:00:00.000,2023-01-31 00:00:00.000,555,2322.28
12607,66203,2025-02-10 00:00:00.000,2024-08-08 00:00:00.000,186,588.96
12608,60250,2024-11-15 00:00:00.000,2024-01-08 00:00:00.000,312,2376.96
12608,67071,2025-02-24 00:00:00.000,2024-11-15 00:00:00.000,101,1263.82
12609,60319,2024-11-16 00:00:00.000,2024-01-08 00:00:00.000,313,2304.98
12609,66816,2025-02-20 00:00:00.000,2024-11-16 00:00:00.000,96,1282.82
12610,66475,2025-02-15 00:00:00.000,2024-12-07 00:00:00.000,70,8.99
12611,72310,2025-05-05 00:00:00.000,2024-11-30 00:00:00.000,156,58.47
12612,60044,2024-11-12 00:00:00.000,2024-01-15 00:00:00.000,302,2339.97
12612,65726,2025-02-03 00:00:00.000,2024-11-12 00:00:00.000,83,1268.84
12613,67975,2025-03-09 00:00:00.000,2023-01-29 00:00:00.000,770,2405.47
12614,68820,2025-03-22 00:00:00.000,2023-02-19 00:00:00.000,762,2339.97
12615,61604,2024-12-05 00:00:00.000,2024-01-10 00:00:00.000,330,2341.97
12615,68783,2025-03-21 00:00:00.000,2024-12-05 00:00:00.000,106,1249.84
12618,70763,2025-04-15 00:00:00.000,2023-02-02 00:00:00.000,803,2344.96
12619,57747,2024-10-09 00:00:00.000,2024-01-04 00:00:00.000,279,2319.99
12619,68007,2025-03-09 00:00:00.000,2024-10-09 00:00:00.000,151,831.32
12620,54431,2024-08-14 00:00:00.000,2023-02-19 00:00:00.000,542,2332.28
12620,67139,2025-02-25 00:00:00.000,2024-08-14 00:00:00.000,195,570.47
12621,53877,2024-08-04 00:00:00.000,2023-02-24 00:00:00.000,527,2329.98
12621,66884,2025-02-21 00:00:00.000,2024-08-04 00:00:00.000,201,562.96
12622,59273,2024-11-01 00:00:00.000,2024-01-19 00:00:00.000,287,2334.97
12622,69839,2025-04-02 00:00:00.000,2024-11-01 00:00:00.000,152,751.34
12623,61381,2024-12-01 00:00:00.000,2024-01-24 00:00:00.000,312,2329.99
12623,67823,2025-03-06 00:00:00.000,2024-12-01 00:00:00.000,95,1251.12
12624,67088,2025-02-25 00:00:00.000,2024-03-16 00:00:00.000,346,2329.98
12626,70983,2025-04-18 00:00:00.000,2025-04-09 00:00:00.000,9,8.99
12627,61297,2024-11-29 00:00:00.000,2024-09-20 00:00:00.000,70,101.95
12630,54524,2024-08-15 00:00:00.000,2024-01-09 00:00:00.000,219,2419.06
12630,56797,2024-09-25 00:00:00.000,2024-08-15 00:00:00.000,41,2334.98
12631,58070,2024-10-14 00:00:00.000,2023-03-26 00:00:00.000,568,2398.05
12631,58486,2024-10-22 00:00:00.000,2024-10-14 00:00:00.000,8,2478.24
12631,59649,2024-11-06 00:00:00.000,2024-10-22 00:00:00.000,15,2344.96
12632,57251,2024-09-30 00:00:00.000,2023-03-13 00:00:00.000,567,2475.95
12632,59985,2024-11-11 00:00:00.000,2024-09-30 00:00:00.000,42,2319.99
12632,60315,2024-11-15 00:00:00.000,2024-11-11 00:00:00.000,4,2419.06
12633,67453,2025-03-01 00:00:00.000,2024-12-14 00:00:00.000,77,49.99
12634,53975,2024-08-05 00:00:00.000,2024-01-29 00:00:00.000,189,2419.06
12634,56692,2024-09-23 00:00:00.000,2024-08-05 00:00:00.000,49,2297.28
12636,62126,2024-12-13 00:00:00.000,2024-10-30 00:00:00.000,44,8.99
12637,55384,2024-08-30 00:00:00.000,2024-02-08 00:00:00.000,204,2376.96
12637,57011,2024-09-28 00:00:00.000,2024-08-30 00:00:00.000,29,2419.06
12638,69905,2025-04-03 00:00:00.000,2025-03-05 00:00:00.000,29,29.48
12640,55333,2024-08-29 00:00:00.000,2024-02-15 00:00:00.000,196,2309.97
12640,56906,2024-09-26 00:00:00.000,2024-08-29 00:00:00.000,28,2393.06
12643,75058,2025-06-27 00:00:00.000,2024-07-10 00:00:00.000,352,93.97
12644,56376,2024-09-16 00:00:00.000,2024-02-01 00:00:00.000,228,2419.06
12644,56483,2024-09-19 00:00:00.000,2024-09-16 00:00:00.000,3,2369.96
12645,55553,2024-09-01 00:00:00.000,2024-02-15 00:00:00.000,199,2419.06
12645,56188,2024-09-13 00:00:00.000,2024-09-01 00:00:00.000,12,2357.28
12646,74252,2025-06-01 00:00:00.000,2024-07-23 00:00:00.000,313,8.99
12647,55504,2024-08-31 00:00:00.000,2024-01-28 00:00:00.000,216,2478.04
12647,56484,2024-09-19 00:00:00.000,2024-08-31 00:00:00.000,19,2359.46
12648,56127,2024-09-12 00:00:00.000,2024-02-23 00:00:00.000,202,2325.96
12648,57299,2024-09-30 00:00:00.000,2024-09-12 00:00:00.000,18,2442.54
12650,59986,2024-11-11 00:00:00.000,2023-03-07 00:00:00.000,615,2372.95
12650,60561,2024-11-19 00:00:00.000,2024-11-11 00:00:00.000,8,2419.06
12650,60850,2024-11-24 00:00:00.000,2024-11-19 00:00:00.000,5,2443.35
12652,71403,2025-04-24 00:00:00.000,2025-01-31 00:00:00.000,83,49.99
12653,56908,2024-09-27 00:00:00.000,2024-02-12 00:00:00.000,228,2388.45
12653,58836,2024-10-27 00:00:00.000,2024-09-27 00:00:00.000,30,2422.54
12654,60918,2024-11-25 00:00:00.000,2024-07-25 00:00:00.000,123,36.27
12655,59404,2024-11-02 00:00:00.000,2023-03-11 00:00:00.000,602,2419.06
12655,59650,2024-11-06 00:00:00.000,2024-11-02 00:00:00.000,4,2444.96
12655,60335,2024-11-16 00:00:00.000,2024-11-06 00:00:00.000,10,2457.33
12657,51188,2024-05-29 00:00:00.000,2024-03-28 00:00:00.000,62,539.99
12657,56334,2024-09-16 00:00:00.000,2024-05-29 00:00:00.000,110,2341.97
12657,73783,2025-05-24 00:00:00.000,2024-09-16 00:00:00.000,250,2453.04
12658,56225,2024-09-14 00:00:00.000,2024-02-10 00:00:00.000,217,2363.97
12658,57956,2024-10-12 00:00:00.000,2024-09-14 00:00:00.000,28,2428.05
12664,68060,2025-03-10 00:00:00.000,2024-10-11 00:00:00.000,150,8.99
12665,63762,2025-01-06 00:00:00.000,2024-11-28 00:00:00.000,39,7.28
12665,67148,2025-02-26 00:00:00.000,2025-01-06 00:00:00.000,51,64.97
12666,70166,2025-04-07 00:00:00.000,2025-04-04 00:00:00.000,3,27.28
12666,74156,2025-05-30 00:00:00.000,2025-04-07 00:00:00.000,53,2.29
12667,56950,2024-09-27 00:00:00.000,2023-07-03 00:00:00.000,452,2344.96
12667,66502,2025-02-15 00:00:00.000,2024-09-27 00:00:00.000,141,2419.06
12668,55448,2024-08-30 00:00:00.000,2023-07-12 00:00:00.000,415,2329.98
12668,66698,2025-02-18 00:00:00.000,2024-08-30 00:00:00.000,172,2438.06
12669,55915,2024-09-07 00:00:00.000,2023-07-09 00:00:00.000,426,2357.93
12669,66699,2025-02-18 00:00:00.000,2024-09-07 00:00:00.000,164,2384.07
12670,56114,2024-09-11 00:00:00.000,2023-07-25 00:00:00.000,414,2351.96
12670,66262,2025-02-11 00:00:00.000,2024-09-11 00:00:00.000,153,2384.07
12671,56323,2024-09-15 00:00:00.000,2023-07-11 00:00:00.000,432,2319.99
12671,65395,2025-01-28 00:00:00.000,2024-09-15 00:00:00.000,135,2433.04
12672,60180,2024-11-14 00:00:00.000,2024-09-15 00:00:00.000,60,59.98
12672,60329,2024-11-16 00:00:00.000,2024-11-14 00:00:00.000,2,162.99
12673,56324,2024-09-15 00:00:00.000,2023-07-26 00:00:00.000,417,2334.97
12673,65801,2025-02-04 00:00:00.000,2024-09-15 00:00:00.000,142,2384.07
12674,56688,2024-09-22 00:00:00.000,2023-07-22 00:00:00.000,428,2319.99
12674,65745,2025-02-03 00:00:00.000,2024-09-22 00:00:00.000,134,2438.06
12675,56530,2024-09-19 00:00:00.000,2023-07-12 00:00:00.000,435,2357.28
12675,66372,2025-02-13 00:00:00.000,2024-09-19 00:00:00.000,147,2384.07
12676,55499,2024-08-31 00:00:00.000,2023-07-20 00:00:00.000,408,2349.98
12676,65878,2025-02-05 00:00:00.000,2024-08-31 00:00:00.000,158,2438.06
12677,56751,2024-09-23 00:00:00.000,2023-07-06 00:00:00.000,445,2294.99
12677,66827,2025-02-20 00:00:00.000,2024-09-23 00:00:00.000,150,2419.06
12678,56648,2024-09-22 00:00:00.000,2024-08-24 00:00:00.000,29,159.00
12678,58715,2024-10-26 00:00:00.000,2024-09-22 00:00:00.000,34,92.97
12679,59587,2024-11-05 00:00:00.000,2024-08-12 00:00:00.000,85,3.99
12679,71703,2025-04-29 00:00:00.000,2024-11-05 00:00:00.000,175,159.00
12680,55667,2024-09-03 00:00:00.000,2023-07-23 00:00:00.000,408,2369.97
12680,66566,2025-02-16 00:00:00.000,2024-09-03 00:00:00.000,166,2461.03
12681,58407,2024-10-20 00:00:00.000,2023-07-28 00:00:00.000,450,2341.97
12681,66638,2025-02-17 00:00:00.000,2024-10-20 00:00:00.000,120,2393.06
12682,60330,2024-11-16 00:00:00.000,2024-11-01 00:00:00.000,15,3.99
12682,71499,2025-04-26 00:00:00.000,2024-11-16 00:00:00.000,161,159.00
12683,58461,2024-10-21 00:00:00.000,2023-07-20 00:00:00.000,459,2316.97
12683,66828,2025-02-20 00:00:00.000,2024-10-21 00:00:00.000,122,2413.06
12684,58408,2024-10-20 00:00:00.000,2023-07-08 00:00:00.000,470,2410.94
12684,68736,2025-03-20 00:00:00.000,2024-10-20 00:00:00.000,151,2433.04
12685,57585,2024-10-05 00:00:00.000,2023-06-30 00:00:00.000,463,2416.95
12685,68086,2025-03-10 00:00:00.000,2024-10-05 00:00:00.000,156,2438.06
12686,58633,2024-10-24 00:00:00.000,2023-07-30 00:00:00.000,452,2354.98
12686,67573,2025-03-02 00:00:00.000,2024-10-24 00:00:00.000,129,2438.06
12687,57524,2024-10-04 00:00:00.000,2023-08-17 00:00:00.000,414,2349.98
12687,68737,2025-03-20 00:00:00.000,2024-10-04 00:00:00.000,167,2384.07
12688,57295,2024-09-30 00:00:00.000,2023-08-08 00:00:00.000,419,2376.96
12688,67643,2025-03-03 00:00:00.000,2024-09-30 00:00:00.000,154,2419.06
12689,57420,2024-10-02 00:00:00.000,2023-08-23 00:00:00.000,406,2331.95
12689,67414,2025-02-28 00:00:00.000,2024-10-02 00:00:00.000,149,2443.55
12690,74417,2025-06-07 00:00:00.000,2024-12-04 00:00:00.000,185,32.27
12690,74879,2025-06-22 00:00:00.000,2025-06-07 00:00:00.000,15,159.00
12691,68156,2025-03-12 00:00:00.000,2024-09-23 00:00:00.000,170,38.98
12691,72965,2025-05-14 00:00:00.000,2025-03-12 00:00:00.000,63,159.00
12692,68153,2025-03-12 00:00:00.000,2024-11-04 00:00:00.000,128,149.98
12692,74310,2025-06-04 00:00:00.000,2025-03-12 00:00:00.000,84,159.00
12693,58462,2024-10-21 00:00:00.000,2023-08-02 00:00:00.000,446,2329.99
12693,69024,2025-03-24 00:00:00.000,2024-10-21 00:00:00.000,154,2419.06
12694,58066,2024-10-14 00:00:00.000,2023-08-12 00:00:00.000,429,2351.96
12694,68087,2025-03-10 00:00:00.000,2024-10-14 00:00:00.000,147,2384.07
12695,67490,2025-03-02 00:00:00.000,2024-10-09 00:00:00.000,144,3.99
12695,68199,2025-03-13 00:00:00.000,2025-03-02 00:00:00.000,11,29.98
12696,74336,2025-06-05 00:00:00.000,2024-10-11 00:00:00.000,237,24.99
12696,74724,2025-06-17 00:00:00.000,2025-06-05 00:00:00.000,12,47.97
12697,69093,2025-03-26 00:00:00.000,2025-02-06 00:00:00.000,48,14.23
12697,70823,2025-04-16 00:00:00.000,2025-03-26 00:00:00.000,21,68.97
12698,58889,2024-10-28 00:00:00.000,2023-08-13 00:00:00.000,442,2294.99
12698,67415,2025-02-28 00:00:00.000,2024-10-28 00:00:00.000,123,2420.34
12699,58242,2024-10-17 00:00:00.000,2023-08-14 00:00:00.000,430,2364.96
12699,68810,2025-03-21 00:00:00.000,2024-10-17 00:00:00.000,155,2384.07
12700,58116,2024-10-15 00:00:00.000,2023-09-28 00:00:00.000,383,2369.96
12700,69089,2025-03-25 00:00:00.000,2024-10-15 00:00:00.000,161,2419.06
12701,58244,2024-10-17 00:00:00.000,2023-09-17 00:00:00.000,396,2354.99
12701,67481,2025-03-01 00:00:00.000,2024-10-17 00:00:00.000,135,2442.03
12702,58404,2024-10-20 00:00:00.000,2023-09-18 00:00:00.000,398,2388.96
12702,67964,2025-03-08 00:00:00.000,2024-10-20 00:00:00.000,139,2473.04
12703,58064,2024-10-14 00:00:00.000,2023-09-04 00:00:00.000,406,2448.96
12703,67696,2025-03-04 00:00:00.000,2024-10-14 00:00:00.000,141,2393.06
12704,68092,2025-03-11 00:00:00.000,2025-01-07 00:00:00.000,63,29.98
12704,68276,2025-03-14 00:00:00.000,2025-03-11 00:00:00.000,3,159.00
12705,58065,2024-10-14 00:00:00.000,2023-08-30 00:00:00.000,411,2376.96
12705,68679,2025-03-19 00:00:00.000,2024-10-14 00:00:00.000,156,2428.05
12706,57833,2024-10-10 00:00:00.000,2023-09-12 00:00:00.000,394,2331.95
12706,68680,2025-03-19 00:00:00.000,2024-10-10 00:00:00.000,160,2448.04
12707,56177,2024-09-12 00:00:00.000,2023-05-24 00:00:00.000,477,2369.96
12708,69566,2025-03-30 00:00:00.000,2024-07-04 00:00:00.000,269,8.99
12709,56743,2024-09-23 00:00:00.000,2023-05-09 00:00:00.000,503,2354.98
12710,62867,2024-12-25 00:00:00.000,2024-08-16 00:00:00.000,131,2419.06
12711,70033,2025-04-05 00:00:00.000,2023-03-26 00:00:00.000,741,2384.97
12712,67024,2025-02-24 00:00:00.000,2024-03-11 00:00:00.000,350,2391.96
12713,69099,2025-03-26 00:00:00.000,2024-03-12 00:00:00.000,379,2369.96
12715,63297,2024-12-30 00:00:00.000,2024-08-11 00:00:00.000,141,7.28
12715,63500,2025-01-02 00:00:00.000,2024-12-30 00:00:00.000,3,2.29
12717,70172,2025-04-07 00:00:00.000,2023-03-22 00:00:00.000,747,2304.98
12729,63722,2025-01-05 00:00:00.000,2024-10-28 00:00:00.000,69,36.27
12730,73685,2025-05-23 00:00:00.000,2025-01-21 00:00:00.000,122,8.99
12733,65848,2025-02-05 00:00:00.000,2024-09-09 00:00:00.000,149,8.99
12735,67777,2025-03-06 00:00:00.000,2024-03-09 00:00:00.000,362,2354.98
12736,67848,2025-03-07 00:00:00.000,2024-03-09 00:00:00.000,363,2388.96
12738,53291,2024-07-27 00:00:00.000,2024-03-11 00:00:00.000,138,2366.94
12738,57684,2024-10-07 00:00:00.000,2024-07-27 00:00:00.000,72,539.99
12740,74244,2025-06-01 00:00:00.000,2025-05-25 00:00:00.000,7,68.97
12742,52110,2024-07-04 00:00:00.000,2024-04-24 00:00:00.000,71,2394.97
12742,59705,2024-11-06 00:00:00.000,2024-07-04 00:00:00.000,125,681.92
12745,61038,2024-11-27 00:00:00.000,2024-03-14 00:00:00.000,258,2376.96
12745,73844,2025-05-25 00:00:00.000,2024-11-27 00:00:00.000,179,751.34
12746,69698,2025-03-31 00:00:00.000,2024-12-23 00:00:00.000,98,36.27
12747,68097,2025-03-11 00:00:00.000,2024-04-28 00:00:00.000,317,2334.97
12749,69955,2025-04-04 00:00:00.000,2023-03-28 00:00:00.000,738,2337.27
12750,55146,2024-08-27 00:00:00.000,2023-03-11 00:00:00.000,535,2309.97
12750,69387,2025-03-29 00:00:00.000,2024-08-27 00:00:00.000,214,603.49
12752,62199,2024-12-14 00:00:00.000,2024-12-05 00:00:00.000,9,119.98
12752,66533,2025-02-16 00:00:00.000,2024-12-14 00:00:00.000,64,32.28
12753,60404,2024-11-17 00:00:00.000,2024-08-03 00:00:00.000,106,133.49
12754,54770,2024-08-20 00:00:00.000,2023-03-07 00:00:00.000,532,2316.97
12754,67694,2025-03-04 00:00:00.000,2024-08-20 00:00:00.000,196,607.96
12755,63533,2025-01-02 00:00:00.000,2023-05-14 00:00:00.000,599,2420.45
12756,63669,2025-01-04 00:00:00.000,2023-05-19 00:00:00.000,596,2329.98
12760,58371,2024-10-20 00:00:00.000,2024-08-21 00:00:00.000,60,49.96
12760,58733,2024-10-26 00:00:00.000,2024-10-20 00:00:00.000,6,119.98
12760,59868,2024-11-09 00:00:00.000,2024-10-26 00:00:00.000,14,66.97
12761,63928,2025-01-08 00:00:00.000,2023-05-24 00:00:00.000,595,2350.96
12762,74070,2025-05-28 00:00:00.000,2023-05-23 00:00:00.000,736,2354.99
12764,55660,2024-09-03 00:00:00.000,2023-05-17 00:00:00.000,475,769.49
12766,59543,2024-11-04 00:00:00.000,2023-05-22 00:00:00.000,532,839.46
12768,62378,2024-12-17 00:00:00.000,2023-05-13 00:00:00.000,584,848.47
12769,63924,2025-01-08 00:00:00.000,2023-05-24 00:00:00.000,595,2369.97
12770,64428,2025-01-16 00:00:00.000,2023-05-19 00:00:00.000,608,2365.23
12771,63792,2025-01-06 00:00:00.000,2023-05-10 00:00:00.000,607,2329.98
12772,64655,2025-01-19 00:00:00.000,2023-05-08 00:00:00.000,622,2334.97
12773,63930,2025-01-08 00:00:00.000,2023-05-28 00:00:00.000,591,2329.98
12774,65001,2025-01-25 00:00:00.000,2023-05-21 00:00:00.000,615,2364.96
12776,74910,2025-06-22 00:00:00.000,2024-08-25 00:00:00.000,301,37.29
12777,63667,2025-01-04 00:00:00.000,2023-05-08 00:00:00.000,607,2322.28
12779,64766,2025-01-21 00:00:00.000,2023-05-02 00:00:00.000,630,2401.96
12780,66544,2025-02-16 00:00:00.000,2023-05-22 00:00:00.000,636,2362.27
12784,65851,2025-02-05 00:00:00.000,2023-05-20 00:00:00.000,627,2406.95
12787,67057,2025-02-24 00:00:00.000,2024-10-11 00:00:00.000,136,37.29
12789,67182,2025-02-26 00:00:00.000,2023-05-24 00:00:00.000,644,2401.95
12795,53790,2024-08-02 00:00:00.000,2024-07-05 00:00:00.000,28,37.27
12795,70705,2025-04-14 00:00:00.000,2024-08-02 00:00:00.000,255,42.28
12795,74290,2025-06-03 00:00:00.000,2025-04-14 00:00:00.000,50,119.98
12803,74713,2025-06-16 00:00:00.000,2024-10-05 00:00:00.000,254,44.22
12804,71366,2025-04-24 00:00:00.000,2023-03-04 00:00:00.000,782,2369.96
12805,54659,2024-08-18 00:00:00.000,2023-03-25 00:00:00.000,512,2354.99
12805,67902,2025-03-07 00:00:00.000,2024-08-18 00:00:00.000,201,588.96
12806,52021,2024-07-02 00:00:00.000,2024-04-19 00:00:00.000,74,2366.96
12806,59900,2024-11-09 00:00:00.000,2024-07-02 00:00:00.000,130,539.99
12807,51967,2024-07-01 00:00:00.000,2024-04-10 00:00:00.000,82,2413.45
12807,62017,2024-12-11 00:00:00.000,2024-07-01 00:00:00.000,163,539.99
12808,60456,2024-11-18 00:00:00.000,2024-03-09 00:00:00.000,254,2319.99
12808,74073,2025-05-28 00:00:00.000,2024-11-18 00:00:00.000,191,742.35
12813,71367,2025-04-24 00:00:00.000,2024-04-03 00:00:00.000,386,2317.92
12816,70765,2025-04-15 00:00:00.000,2024-04-20 00:00:00.000,360,2444.92
12817,70322,2025-04-09 00:00:00.000,2023-04-25 00:00:00.000,715,2344.26
12819,69579,2025-03-30 00:00:00.000,2023-04-06 00:00:00.000,724,2369.96
12820,69578,2025-03-30 00:00:00.000,2023-04-14 00:00:00.000,716,2329.98
12821,72891,2025-05-13 00:00:00.000,2024-11-04 00:00:00.000,190,49.96
12825,71229,2025-04-22 00:00:00.000,2024-04-16 00:00:00.000,371,2369.96
12826,70881,2025-04-17 00:00:00.000,2024-04-18 00:00:00.000,364,2356.95
12827,70603,2025-04-13 00:00:00.000,2024-05-09 00:00:00.000,339,2389.98
12829,71572,2025-04-27 00:00:00.000,2024-05-09 00:00:00.000,353,2356.96
12830,74040,2025-05-28 00:00:00.000,2023-04-11 00:00:00.000,778,2337.27
12833,69877,2025-04-03 00:00:00.000,2024-05-25 00:00:00.000,313,2309.97
12834,72143,2025-05-03 00:00:00.000,2023-04-19 00:00:00.000,745,2319.99
12836,71596,2025-04-27 00:00:00.000,2024-11-09 00:00:00.000,169,39.47
12839,59762,2024-11-08 00:00:00.000,2024-03-11 00:00:00.000,242,2342.92
12841,73351,2025-05-19 00:00:00.000,2023-04-27 00:00:00.000,753,2354.98
12843,72285,2025-05-05 00:00:00.000,2023-04-15 00:00:00.000,751,2439.99
12846,71030,2025-04-19 00:00:00.000,2024-05-22 00:00:00.000,332,2388.96
12849,73659,2025-05-23 00:00:00.000,2023-04-12 00:00:00.000,772,2309.97
12850,69577,2025-03-30 00:00:00.000,2024-05-28 00:00:00.000,306,2334.97
12852,70029,2025-04-05 00:00:00.000,2024-05-06 00:00:00.000,334,2362.27
12853,60956,2024-11-26 00:00:00.000,2024-03-16 00:00:00.000,255,2304.98
12854,59488,2024-11-04 00:00:00.000,2024-03-02 00:00:00.000,247,2317.92
12855,59905,2024-11-10 00:00:00.000,2024-03-07 00:00:00.000,248,2342.92
12856,60045,2024-11-12 00:00:00.000,2024-03-06 00:00:00.000,251,2388.96
12857,61114,2024-11-28 00:00:00.000,2024-02-29 00:00:00.000,273,2334.98
12858,71101,2025-04-20 00:00:00.000,2024-05-17 00:00:00.000,338,2322.28
12859,61279,2024-11-29 00:00:00.000,2024-03-03 00:00:00.000,271,2316.97
12859,68512,2025-03-17 00:00:00.000,2024-11-29 00:00:00.000,108,1277.83
12860,62769,2024-12-24 00:00:00.000,2024-04-17 00:00:00.000,251,2414.99
12861,61672,2024-12-06 00:00:00.000,2024-04-20 00:00:00.000,230,2344.96
12863,71961,2025-04-30 00:00:00.000,2024-05-09 00:00:00.000,356,2406.93
12864,73069,2025-05-15 00:00:00.000,2024-07-27 00:00:00.000,292,49.97
12865,56989,2024-09-28 00:00:00.000,2024-09-04 00:00:00.000,24,36.27
12866,73045,2025-05-15 00:00:00.000,2023-04-12 00:00:00.000,764,2304.98
12867,73425,2025-05-20 00:00:00.000,2024-05-12 00:00:00.000,373,2294.99
12871,74906,2025-06-22 00:00:00.000,2025-04-10 00:00:00.000,73,33.98
12873,62767,2024-12-24 00:00:00.000,2024-04-07 00:00:00.000,261,2354.98
12873,68603,2025-03-18 00:00:00.000,2024-12-24 00:00:00.000,84,1249.84
12874,64128,2025-01-12 00:00:00.000,2024-04-14 00:00:00.000,273,2352.27
12874,67824,2025-03-06 00:00:00.000,2025-01-12 00:00:00.000,53,1214.85
12880,64814,2025-01-22 00:00:00.000,2024-10-12 00:00:00.000,102,94.48
12880,65466,2025-01-30 00:00:00.000,2025-01-22 00:00:00.000,8,33.98
12880,68654,2025-03-19 00:00:00.000,2025-01-30 00:00:00.000,48,35.00
12881,66002,2025-02-07 00:00:00.000,2023-05-17 00:00:00.000,632,2329.99
12882,66186,2025-02-10 00:00:00.000,2023-05-19 00:00:00.000,633,2351.96
12883,66921,2025-02-22 00:00:00.000,2023-05-14 00:00:00.000,650,2297.28
12884,66479,2025-02-15 00:00:00.000,2023-05-05 00:00:00.000,652,2322.28
12885,67067,2025-02-24 00:00:00.000,2023-05-11 00:00:00.000,655,2369.97
12886,66477,2025-02-15 00:00:00.000,2023-05-18 00:00:00.000,639,2386.95
12892,62251,2024-12-15 00:00:00.000,2024-07-16 00:00:00.000,152,141.94
12892,67615,2025-03-03 00:00:00.000,2024-12-15 00:00:00.000,78,42.28
12892,71969,2025-04-30 00:00:00.000,2025-03-03 00:00:00.000,58,78.98
12893,73067,2025-05-15 00:00:00.000,2024-12-20 00:00:00.000,146,35.00
12894,67123,2025-02-25 00:00:00.000,2024-12-14 00:00:00.000,73,35.00
12895,59184,2024-10-30 00:00:00.000,2024-07-18 00:00:00.000,104,85.94
12895,69335,2025-03-29 00:00:00.000,2024-10-30 00:00:00.000,150,144.47
12895,72147,2025-05-03 00:00:00.000,2025-03-29 00:00:00.000,35,68.97
12898,66130,2025-02-09 00:00:00.000,2023-05-11 00:00:00.000,640,2380.47
12901,65490,2025-01-30 00:00:00.000,2023-05-06 00:00:00.000,635,2338.97
12904,65541,2025-01-31 00:00:00.000,2023-05-23 00:00:00.000,619,2337.26
12912,69061,2025-03-25 00:00:00.000,2023-05-28 00:00:00.000,667,2319.99
12913,69062,2025-03-25 00:00:00.000,2023-05-26 00:00:00.000,669,2344.26
12915,68133,2025-03-11 00:00:00.000,2023-05-11 00:00:00.000,670,2317.92
12916,65900,2025-02-06 00:00:00.000,2024-10-09 00:00:00.000,120,119.98
12916,68778,2025-03-21 00:00:00.000,2025-02-06 00:00:00.000,43,42.28
12916,72526,2025-05-08 00:00:00.000,2025-03-21 00:00:00.000,48,29.99
12917,56472,2024-09-18 00:00:00.000,2023-05-22 00:00:00.000,485,2319.99
12918,56106,2024-09-11 00:00:00.000,2023-06-04 00:00:00.000,465,2319.99
12919,54395,2024-08-13 00:00:00.000,2024-07-14 00:00:00.000,30,94.46
12919,67451,2025-03-01 00:00:00.000,2024-08-13 00:00:00.000,200,74.98
12919,70269,2025-04-08 00:00:00.000,2025-03-01 00:00:00.000,38,23.97
12920,66127,2025-02-09 00:00:00.000,2024-11-16 00:00:00.000,85,56.98
12921,68781,2025-03-21 00:00:00.000,2023-06-25 00:00:00.000,635,2359.98
12922,69293,2025-03-28 00:00:00.000,2023-06-18 00:00:00.000,649,2331.95
12923,67619,2025-03-03 00:00:00.000,2023-06-17 00:00:00.000,625,2304.98
12926,55662,2024-09-03 00:00:00.000,2023-06-23 00:00:00.000,438,2351.96
12927,62628,2024-12-22 00:00:00.000,2024-09-26 00:00:00.000,87,8.99
12928,58437,2024-10-21 00:00:00.000,2024-08-18 00:00:00.000,64,94.48
12928,64973,2025-01-25 00:00:00.000,2024-10-21 00:00:00.000,96,43.97
12928,69980,2025-04-04 00:00:00.000,2025-01-25 00:00:00.000,69,74.98
12929,56896,2024-09-26 00:00:00.000,2023-06-01 00:00:00.000,483,2376.96
12930,56637,2024-09-21 00:00:00.000,2023-06-12 00:00:00.000,467,2332.28
12931,62436,2024-12-18 00:00:00.000,2024-07-06 00:00:00.000,165,146.95
12932,69245,2025-03-28 00:00:00.000,2024-09-25 00:00:00.000,184,8.99
12933,61148,2024-11-28 00:00:00.000,2024-11-21 00:00:00.000,7,133.96
12934,56007,2024-09-09 00:00:00.000,2023-06-08 00:00:00.000,459,2369.97
12935,56585,2024-09-20 00:00:00.000,2023-06-20 00:00:00.000,458,2350.96
12936,68111,2025-03-11 00:00:00.000,2025-02-24 00:00:00.000,15,32.28
12936,68700,2025-03-20 00:00:00.000,2025-03-11 00:00:00.000,9,123.98
12936,68753,2025-03-21 00:00:00.000,2025-03-20 00:00:00.000,1,68.97
12939,55521,2024-09-01 00:00:00.000,2024-08-21 00:00:00.000,11,32.28
12939,66860,2025-02-21 00:00:00.000,2024-09-01 00:00:00.000,173,59.22
12939,75079,2025-06-28 00:00:00.000,2025-02-21 00:00:00.000,127,68.49
12940,68952,2025-03-24 00:00:00.000,2024-11-11 00:00:00.000,133,8.99
12941,55598,2024-09-02 00:00:00.000,2023-06-15 00:00:00.000,445,2374.98
12942,56175,2024-09-12 00:00:00.000,2023-06-11 00:00:00.000,459,2319.99
12943,74753,2025-06-17 00:00:00.000,2024-09-24 00:00:00.000,266,96.96
12944,58094,2024-10-15 00:00:00.000,2024-08-25 00:00:00.000,51,13.98
12944,58603,2024-10-24 00:00:00.000,2024-10-15 00:00:00.000,9,32.28
12944,65694,2025-02-03 00:00:00.000,2024-10-24 00:00:00.000,102,77.96
12945,62507,2024-12-19 00:00:00.000,2024-10-16 00:00:00.000,64,138.48
12945,65971,2025-02-07 00:00:00.000,2024-12-19 00:00:00.000,50,29.99
12945,75006,2025-06-26 00:00:00.000,2025-02-07 00:00:00.000,139,102.95
12947,69219,2025-03-27 00:00:00.000,2023-05-31 00:00:00.000,666,2325.96
12949,67739,2025-03-05 00:00:00.000,2023-06-11 00:00:00.000,633,2376.96
12950,68928,2025-03-23 00:00:00.000,2023-06-27 00:00:00.000,635,2316.97
12954,60179,2024-11-14 00:00:00.000,2024-10-17 00:00:00.000,28,8.99
12955,74619,2025-06-14 00:00:00.000,2025-04-19 00:00:00.000,56,8.99
12956,69179,2025-03-27 00:00:00.000,2024-11-28 00:00:00.000,119,8.99
12957,74041,2025-05-28 00:00:00.000,2024-10-14 00:00:00.000,226,8.99
12958,70286,2025-04-08 00:00:00.000,2025-02-21 00:00:00.000,46,198.99
12959,63449,2025-01-01 00:00:00.000,2024-12-08 00:00:00.000,24,63.97
12959,69597,2025-03-30 00:00:00.000,2025-01-01 00:00:00.000,88,69.97
12959,74183,2025-05-30 00:00:00.000,2025-03-30 00:00:00.000,61,35.00
12960,58720,2024-10-26 00:00:00.000,2024-09-05 00:00:00.000,51,8.99
12961,74780,2025-06-18 00:00:00.000,2025-04-05 00:00:00.000,74,74.98
12962,70795,2025-04-15 00:00:00.000,2025-03-26 00:00:00.000,20,74.98
12963,74062,2025-05-28 00:00:00.000,2025-05-09 00:00:00.000,19,99.47
12964,65058,2025-01-26 00:00:00.000,2024-09-12 00:00:00.000,136,35.00
12964,67665,2025-03-04 00:00:00.000,2025-01-26 00:00:00.000,37,49.97
12964,70897,2025-04-17 00:00:00.000,2025-03-04 00:00:00.000,44,4.99
12969,59228,2024-10-31 00:00:00.000,2024-10-14 00:00:00.000,17,37.27
12969,65519,2025-01-31 00:00:00.000,2024-10-31 00:00:00.000,92,64.97
12969,68236,2025-03-13 00:00:00.000,2025-01-31 00:00:00.000,41,42.28
12970,58170,2024-10-16 00:00:00.000,2024-09-29 00:00:00.000,17,141.96
12970,67506,2025-03-02 00:00:00.000,2024-10-16 00:00:00.000,137,203.22
12970,68910,2025-03-23 00:00:00.000,2025-03-02 00:00:00.000,21,68.97
12972,59726,2024-11-07 00:00:00.000,2024-10-20 00:00:00.000,18,68.97
12972,64500,2025-01-17 00:00:00.000,2024-11-07 00:00:00.000,71,39.99
12972,70111,2025-04-06 00:00:00.000,2025-01-17 00:00:00.000,79,37.27
12973,73808,2025-05-25 00:00:00.000,2025-03-25 00:00:00.000,61,8.99
12975,68241,2025-03-13 00:00:00.000,2023-06-11 00:00:00.000,641,2436.97
12980,55661,2024-09-03 00:00:00.000,2023-06-06 00:00:00.000,455,2370.96
12981,56783,2024-09-24 00:00:00.000,2023-06-21 00:00:00.000,461,2366.46
12982,67682,2025-03-04 00:00:00.000,2025-01-29 00:00:00.000,34,48.98
12984,55049,2024-08-25 00:00:00.000,2024-07-05 00:00:00.000,51,69.97
12984,58502,2024-10-22 00:00:00.000,2024-08-25 00:00:00.000,58,23.97
12984,69588,2025-03-30 00:00:00.000,2024-10-22 00:00:00.000,159,68.97
12985,62643,2024-12-22 00:00:00.000,2024-12-18 00:00:00.000,4,8.99
12986,61422,2024-12-01 00:00:00.000,2024-08-05 00:00:00.000,118,2453.04
12987,57834,2024-10-10 00:00:00.000,2023-09-16 00:00:00.000,390,2294.99
12987,68400,2025-03-15 00:00:00.000,2024-10-10 00:00:00.000,156,2393.06
12988,58245,2024-10-17 00:00:00.000,2023-08-31 00:00:00.000,413,2482.27
12988,68886,2025-03-22 00:00:00.000,2024-10-17 00:00:00.000,156,2384.07
12989,57583,2024-10-05 00:00:00.000,2023-08-31 00:00:00.000,401,2369.97
12989,67903,2025-03-07 00:00:00.000,2024-10-05 00:00:00.000,153,2398.05
12990,58460,2024-10-21 00:00:00.000,2023-09-17 00:00:00.000,400,2319.99
12990,67575,2025-03-02 00:00:00.000,2024-10-21 00:00:00.000,132,2438.06
12991,58776,2024-10-26 00:00:00.000,2023-09-17 00:00:00.000,405,1237.82
12991,66547,2025-02-16 00:00:00.000,2024-10-26 00:00:00.000,113,2354.98
12992,62289,2024-12-16 00:00:00.000,2024-08-22 00:00:00.000,116,7.28
12992,63825,2025-01-07 00:00:00.000,2024-12-16 00:00:00.000,22,114.96
12993,57794,2024-10-10 00:00:00.000,2024-09-04 00:00:00.000,36,27.28
12993,58782,2024-10-27 00:00:00.000,2024-10-10 00:00:00.000,17,28.99
12994,58573,2024-10-23 00:00:00.000,2023-09-27 00:00:00.000,392,2364.96
12994,68029,2025-03-09 00:00:00.000,2024-10-23 00:00:00.000,137,2419.06
12995,57893,2024-10-11 00:00:00.000,2023-09-16 00:00:00.000,391,2357.93
12995,69244,2025-03-27 00:00:00.000,2024-10-11 00:00:00.000,167,2443.55
12996,58117,2024-10-15 00:00:00.000,2023-09-21 00:00:00.000,390,2374.98
12996,67644,2025-03-03 00:00:00.000,2024-10-15 00:00:00.000,139,2384.07
12997,70313,2025-04-09 00:00:00.000,2024-12-04 00:00:00.000,126,35.23
12997,70316,2025-04-09 00:00:00.000,2025-04-09 00:00:00.000,0,42.97
12998,58467,2024-10-21 00:00:00.000,2023-08-31 00:00:00.000,417,1249.84
12998,65777,2025-02-04 00:00:00.000,2024-10-21 00:00:00.000,106,2395.96
12999,58405,2024-10-20 00:00:00.000,2023-09-22 00:00:00.000,394,2349.98
12999,68738,2025-03-20 00:00:00.000,2024-10-20 00:00:00.000,151,2419.06
13000,57737,2024-10-08 00:00:00.000,2023-09-09 00:00:00.000,395,2294.99
13000,69025,2025-03-24 00:00:00.000,2024-10-08 00:00:00.000,167,2433.04
13001,57582,2024-10-05 00:00:00.000,2023-09-23 00:00:00.000,378,2332.28
13001,68088,2025-03-10 00:00:00.000,2024-10-05 00:00:00.000,156,2418.05
13002,68956,2025-03-24 00:00:00.000,2024-07-27 00:00:00.000,240,24.99
13002,71158,2025-04-21 00:00:00.000,2025-03-24 00:00:00.000,28,101.96
13003,57635,2024-10-07 00:00:00.000,2024-08-10 00:00:00.000,58,64.97
13003,62095,2024-12-13 00:00:00.000,2024-10-07 00:00:00.000,67,159.00
13004,63694,2025-01-05 00:00:00.000,2024-11-21 00:00:00.000,45,159.00
13004,65814,2025-02-05 00:00:00.000,2025-01-05 00:00:00.000,31,6.28
13005,70462,2025-04-11 00:00:00.000,2025-01-14 00:00:00.000,87,159.00
13005,74939,2025-06-24 00:00:00.000,2025-04-11 00:00:00.000,74,162.99
13006,58340,2024-10-19 00:00:00.000,2023-09-23 00:00:00.000,392,2319.99
13006,67416,2025-02-28 00:00:00.000,2024-10-19 00:00:00.000,132,2393.06
13007,59205,2024-10-30 00:00:00.000,2023-09-05 00:00:00.000,421,1249.84
13007,68786,2025-03-21 00:00:00.000,2024-10-30 00:00:00.000,142,2349.98
13008,68036,2025-03-10 00:00:00.000,2025-01-16 00:00:00.000,53,36.27
13008,73261,2025-05-18 00:00:00.000,2025-03-10 00:00:00.000,69,61.96
13009,67425,2025-03-01 00:00:00.000,2025-02-16 00:00:00.000,13,39.98
13009,73581,2025-05-22 00:00:00.000,2025-03-01 00:00:00.000,82,35.23
13010,59486,2024-11-03 00:00:00.000,2023-09-27 00:00:00.000,403,1312.82
13010,68252,2025-03-13 00:00:00.000,2024-11-03 00:00:00.000,130,2332.28
13011,58241,2024-10-17 00:00:00.000,2023-09-19 00:00:00.000,394,2316.97
13011,67838,2025-03-06 00:00:00.000,2024-10-17 00:00:00.000,140,2453.04
13012,57473,2024-10-03 00:00:00.000,2023-09-19 00:00:00.000,380,2493.98
13012,68681,2025-03-19 00:00:00.000,2024-10-03 00:00:00.000,167,2452.04
13013,67489,2025-03-02 00:00:00.000,2025-02-26 00:00:00.000,4,69.99
13013,69953,2025-04-04 00:00:00.000,2025-03-02 00:00:00.000,33,36.27
13014,74537,2025-06-11 00:00:00.000,2024-10-05 00:00:00.000,249,120.00
13015,57637,2024-10-07 00:00:00.000,2024-06-29 00:00:00.000,100,120.00
13016,56741,2024-09-23 00:00:00.000,2023-06-12 00:00:00.000,469,2369.97
13018,70804,2025-04-15 00:00:00.000,2023-08-30 00:00:00.000,594,570.96
13019,68596,2025-03-18 00:00:00.000,2023-06-13 00:00:00.000,644,2391.94
13020,73239,2025-05-17 00:00:00.000,2023-09-01 00:00:00.000,624,539.99
13021,72492,2025-05-07 00:00:00.000,2023-09-17 00:00:00.000,598,596.96
13022,72706,2025-05-10 00:00:00.000,2023-08-31 00:00:00.000,618,594.92
13023,74186,2025-05-31 00:00:00.000,2025-02-06 00:00:00.000,114,29.98
13024,72105,2025-05-02 00:00:00.000,2023-09-16 00:00:00.000,594,615.96
13025,73867,2025-05-26 00:00:00.000,2023-09-11 00:00:00.000,623,618.98
13026,72447,2025-05-07 00:00:00.000,2024-11-26 00:00:00.000,162,49.99
13029,62067,2024-12-12 00:00:00.000,2023-06-21 00:00:00.000,540,779.48
13032,55722,2024-09-04 00:00:00.000,2023-06-01 00:00:00.000,461,2297.28
13034,66029,2025-02-08 00:00:00.000,2024-11-06 00:00:00.000,94,59.48
13035,72061,2025-05-02 00:00:00.000,2023-09-21 00:00:00.000,589,588.96
13036,72271,2025-05-05 00:00:00.000,2023-09-08 00:00:00.000,605,627.97
13037,70454,2025-04-11 00:00:00.000,2024-09-27 00:00:00.000,196,24.99
13038,59577,2024-11-04 00:00:00.000,2023-09-11 00:00:00.000,420,1214.85
13038,68661,2025-03-19 00:00:00.000,2024-11-04 00:00:00.000,135,2294.99
13039,66297,2025-02-12 00:00:00.000,2023-06-01 00:00:00.000,622,839.48
13040,74758,2025-06-18 00:00:00.000,2025-04-21 00:00:00.000,58,34.99
13041,60460,2024-11-18 00:00:00.000,2024-09-03 00:00:00.000,76,64.97
13042,68895,2025-03-23 00:00:00.000,2024-10-22 00:00:00.000,152,59.48
13043,66769,2025-02-20 00:00:00.000,2024-09-10 00:00:00.000,163,86.95
13044,70759,2025-04-15 00:00:00.000,2024-12-23 00:00:00.000,113,34.99
13045,62285,2024-12-16 00:00:00.000,2024-09-09 00:00:00.000,98,27.28
13046,61374,2024-12-01 00:00:00.000,2024-08-18 00:00:00.000,105,34.99
13047,66267,2025-02-12 00:00:00.000,2025-01-24 00:00:00.000,19,87.97
13047,66643,2025-02-18 00:00:00.000,2025-02-12 00:00:00.000,6,29.98
13048,60049,2024-11-12 00:00:00.000,2024-10-27 00:00:00.000,16,27.28
13048,70168,2025-04-07 00:00:00.000,2024-11-12 00:00:00.000,146,78.98
13049,59707,2024-11-06 00:00:00.000,2023-09-22 00:00:00.000,411,1223.84
13049,70076,2025-04-05 00:00:00.000,2024-11-06 00:00:00.000,150,2351.96
13050,61425,2024-12-01 00:00:00.000,2023-09-19 00:00:00.000,439,1249.84
13050,70228,2025-04-07 00:00:00.000,2024-12-01 00:00:00.000,127,2329.99
13051,58630,2024-10-24 00:00:00.000,2023-09-11 00:00:00.000,409,2362.27
13051,69160,2025-03-26 00:00:00.000,2024-10-24 00:00:00.000,153,2398.05
13055,65849,2025-02-05 00:00:00.000,2023-06-14 00:00:00.000,602,902.46
13056,68187,2025-03-12 00:00:00.000,2023-06-07 00:00:00.000,644,848.47
13057,70139,2025-04-06 00:00:00.000,2023-06-07 00:00:00.000,669,898.46
13058,51551,2024-06-21 00:00:00.000,2023-06-18 00:00:00.000,369,588.96
13059,51209,2024-05-31 00:00:00.000,2023-06-02 00:00:00.000,364,646.45
13060,52451,2024-07-10 00:00:00.000,2023-06-05 00:00:00.000,401,626.44
13062,68857,2025-03-22 00:00:00.000,2023-05-30 00:00:00.000,662,2318.96
13063,69288,2025-03-28 00:00:00.000,2023-06-09 00:00:00.000,658,2329.98
13064,67456,2025-03-01 00:00:00.000,2023-06-20 00:00:00.000,620,2397.91
13066,54641,2024-08-17 00:00:00.000,2023-06-17 00:00:00.000,427,589.96
13067,56995,2024-09-28 00:00:00.000,2023-06-20 00:00:00.000,466,615.96
13068,55791,2024-09-05 00:00:00.000,2023-06-10 00:00:00.000,453,633.96
13069,55789,2024-09-05 00:00:00.000,2023-06-15 00:00:00.000,448,549.98
13071,61517,2024-12-03 00:00:00.000,2024-10-27 00:00:00.000,37,35.00
13071,71164,2025-04-21 00:00:00.000,2024-12-03 00:00:00.000,139,29.99
13071,74228,2025-06-01 00:00:00.000,2025-04-21 00:00:00.000,41,49.97
13072,74469,2025-06-08 00:00:00.000,2024-11-28 00:00:00.000,192,35.00
13075,57627,2024-10-06 00:00:00.000,2023-09-21 00:00:00.000,381,2294.99
13075,68682,2025-03-19 00:00:00.000,2024-10-06 00:00:00.000,164,2477.53
13076,58278,2024-10-18 00:00:00.000,2023-09-21 00:00:00.000,393,2428.97
13076,68539,2025-03-17 00:00:00.000,2024-10-18 00:00:00.000,150,2384.07
13077,58689,2024-10-25 00:00:00.000,2023-09-22 00:00:00.000,399,2294.99
13077,70522,2025-04-11 00:00:00.000,2024-10-25 00:00:00.000,168,2422.54
13078,58183,2024-10-16 00:00:00.000,2023-09-06 00:00:00.000,406,2359.98
13078,70822,2025-04-15 00:00:00.000,2024-10-16 00:00:00.000,181,2419.06
13079,58631,2024-10-24 00:00:00.000,2023-09-24 00:00:00.000,396,2309.97
13079,69863,2025-04-02 00:00:00.000,2024-10-24 00:00:00.000,160,2393.06
13080,57676,2024-10-07 00:00:00.000,2023-10-05 00:00:00.000,368,2362.27
13080,69944,2025-04-03 00:00:00.000,2024-10-07 00:00:00.000,178,2433.04
13081,58632,2024-10-24 00:00:00.000,2023-10-27 00:00:00.000,363,2329.99
13081,71023,2025-04-18 00:00:00.000,2024-10-24 00:00:00.000,176,2393.06
13082,58279,2024-10-18 00:00:00.000,2023-10-07 00:00:00.000,377,2382.93
13082,70597,2025-04-12 00:00:00.000,2024-10-18 00:00:00.000,176,2452.04
13083,56742,2024-09-23 00:00:00.000,2023-06-12 00:00:00.000,469,2350.96
13085,59803,2024-11-08 00:00:00.000,2023-06-02 00:00:00.000,525,646.45
13086,67386,2025-02-28 00:00:00.000,2023-06-25 00:00:00.000,614,2362.27
13087,68924,2025-03-23 00:00:00.000,2023-06-27 00:00:00.000,635,2359.98
13088,67735,2025-03-05 00:00:00.000,2023-06-29 00:00:00.000,615,2316.97
13089,60026,2024-11-11 00:00:00.000,2023-10-19 00:00:00.000,389,2309.97
13089,70672,2025-04-13 00:00:00.000,2024-11-11 00:00:00.000,153,2419.06
13090,60505,2024-11-18 00:00:00.000,2023-11-22 00:00:00.000,362,2344.26
13090,71092,2025-04-19 00:00:00.000,2024-11-18 00:00:00.000,152,2419.06
13091,60614,2024-11-20 00:00:00.000,2023-11-24 00:00:00.000,362,2349.98
13091,69849,2025-04-02 00:00:00.000,2024-11-20 00:00:00.000,133,2443.55
13092,71459,2025-04-25 00:00:00.000,2024-07-28 00:00:00.000,271,111.96
13093,56682,2024-09-22 00:00:00.000,2023-06-03 00:00:00.000,477,2334.98
13095,69035,2025-03-25 00:00:00.000,2024-07-11 00:00:00.000,257,88.97
13095,70043,2025-04-05 00:00:00.000,2025-03-25 00:00:00.000,11,94.97
13095,73681,2025-05-23 00:00:00.000,2025-04-05 00:00:00.000,48,74.98
13096,70482,2025-04-11 00:00:00.000,2025-03-16 00:00:00.000,26,23.97
13096,71246,2025-04-22 00:00:00.000,2025-04-11 00:00:00.000,11,140.45
13096,74487,2025-06-09 00:00:00.000,2025-04-22 00:00:00.000,48,29.99
13099,68375,2025-03-15 00:00:00.000,2024-10-02 00:00:00.000,164,96.96
13101,62386,2024-12-17 00:00:00.000,2024-09-02 00:00:00.000,106,2384.07
13103,59753,2024-11-07 00:00:00.000,2023-11-26 00:00:00.000,347,2395.45
13103,71416,2025-04-24 00:00:00.000,2024-11-07 00:00:00.000,168,2398.05
13104,60370,2024-11-16 00:00:00.000,2023-11-10 00:00:00.000,372,2394.97
13104,71544,2025-04-26 00:00:00.000,2024-11-16 00:00:00.000,161,2428.05
13105,66205,2025-02-10 00:00:00.000,2023-11-10 00:00:00.000,458,1239.07
13105,69850,2025-04-02 00:00:00.000,2025-02-10 00:00:00.000,51,2297.28
13106,66260,2025-02-11 00:00:00.000,2023-11-16 00:00:00.000,453,1251.12
13106,70730,2025-04-14 00:00:00.000,2025-02-11 00:00:00.000,62,2374.98
13107,67480,2025-03-01 00:00:00.000,2023-11-03 00:00:00.000,484,1249.84
13107,71268,2025-04-22 00:00:00.000,2025-03-01 00:00:00.000,52,2351.96
13108,68678,2025-03-19 00:00:00.000,2023-11-18 00:00:00.000,487,1274.33
13108,73076,2025-05-15 00:00:00.000,2025-03-19 00:00:00.000,57,2372.91
13109,68265,2025-03-13 00:00:00.000,2023-11-18 00:00:00.000,481,1283.82
13109,72710,2025-05-10 00:00:00.000,2025-03-13 00:00:00.000,58,2349.98
13110,71279,2025-04-22 00:00:00.000,2023-11-04 00:00:00.000,535,1214.85
13110,72418,2025-05-06 00:00:00.000,2025-04-22 00:00:00.000,14,2319.99
13111,69942,2025-04-03 00:00:00.000,2023-11-29 00:00:00.000,491,1249.84
13111,72495,2025-05-07 00:00:00.000,2025-04-03 00:00:00.000,34,2385.94
13112,70937,2025-04-17 00:00:00.000,2023-11-10 00:00:00.000,524,1274.33
13112,72921,2025-05-13 00:00:00.000,2025-04-17 00:00:00.000,26,2394.46
13113,63108,2024-12-29 00:00:00.000,2023-11-15 00:00:00.000,410,2359.98
13113,70071,2025-04-05 00:00:00.000,2024-12-29 00:00:00.000,97,2401.01
13114,62676,2024-12-22 00:00:00.000,2023-10-31 00:00:00.000,418,2351.96
13114,71417,2025-04-24 00:00:00.000,2024-12-22 00:00:00.000,123,2384.07
13115,62220,2024-12-14 00:00:00.000,2023-11-26 00:00:00.000,384,2297.28
13115,70072,2025-04-05 00:00:00.000,2024-12-14 00:00:00.000,112,2433.04
13116,67087,2025-02-25 00:00:00.000,2024-08-13 00:00:00.000,196,38.98
13116,71099,2025-04-20 00:00:00.000,2025-02-25 00:00:00.000,54,159.00
13117,61587,2024-12-04 00:00:00.000,2023-11-02 00:00:00.000,398,2344.26
13117,70435,2025-04-10 00:00:00.000,2024-12-04 00:00:00.000,127,2438.06
13118,73336,2025-05-18 00:00:00.000,2023-11-22 00:00:00.000,543,1249.84
13118,73765,2025-05-24 00:00:00.000,2025-05-18 00:00:00.000,6,2370.96
13119,62520,2024-12-19 00:00:00.000,2023-11-11 00:00:00.000,404,2364.97
13119,71485,2025-04-25 00:00:00.000,2024-12-19 00:00:00.000,127,2393.06
13120,72280,2025-05-05 00:00:00.000,2024-07-15 00:00:00.000,294,92.97
13120,73951,2025-05-27 00:00:00.000,2025-05-05 00:00:00.000,22,62.94
13121,62350,2024-12-17 00:00:00.000,2024-09-05 00:00:00.000,103,38.98
13121,65805,2025-02-05 00:00:00.000,2024-12-17 00:00:00.000,50,27.28
13122,61420,2024-12-01 00:00:00.000,2023-11-12 00:00:00.000,385,2380.95
13122,71688,2025-04-28 00:00:00.000,2024-12-01 00:00:00.000,148,2419.06
13123,61472,2024-12-02 00:00:00.000,2023-11-14 00:00:00.000,384,2297.28
13123,69655,2025-03-30 00:00:00.000,2024-12-02 00:00:00.000,118,2419.06
13124,70382,2025-04-10 00:00:00.000,2025-03-31 00:00:00.000,10,62.94
13124,74281,2025-06-03 00:00:00.000,2025-04-10 00:00:00.000,54,3.99
13125,69666,2025-03-31 00:00:00.000,2024-10-18 00:00:00.000,164,6.28
13125,73505,2025-05-21 00:00:00.000,2025-03-31 00:00:00.000,51,27.28
13126,63109,2024-12-29 00:00:00.000,2023-11-07 00:00:00.000,418,2364.97
13126,71423,2025-04-24 00:00:00.000,2024-12-29 00:00:00.000,116,2401.01
13127,66433,2025-02-15 00:00:00.000,2024-11-18 00:00:00.000,89,24.99
13127,67495,2025-03-02 00:00:00.000,2025-02-15 00:00:00.000,15,54.99
13128,62142,2024-12-13 00:00:00.000,2023-11-29 00:00:00.000,380,2329.98
13128,69721,2025-03-31 00:00:00.000,2024-12-13 00:00:00.000,108,2438.06
13129,62077,2024-12-12 00:00:00.000,2023-11-18 00:00:00.000,390,2354.99
13129,71148,2025-04-20 00:00:00.000,2024-12-12 00:00:00.000,129,2419.06
13130,61588,2024-12-04 00:00:00.000,2023-11-25 00:00:00.000,375,2354.99
13130,71149,2025-04-20 00:00:00.000,2024-12-04 00:00:00.000,137,2393.06
13131,62221,2024-12-14 00:00:00.000,2023-11-23 00:00:00.000,387,2294.99
13131,71424,2025-04-24 00:00:00.000,2024-12-14 00:00:00.000,131,2393.06
13132,61774,2024-12-07 00:00:00.000,2023-11-08 00:00:00.000,395,2369.97
13132,70451,2025-04-10 00:00:00.000,2024-12-07 00:00:00.000,124,2461.55
13133,62932,2024-12-26 00:00:00.000,2023-11-14 00:00:00.000,408,2344.96
13133,69656,2025-03-30 00:00:00.000,2024-12-26 00:00:00.000,94,2419.06
13134,72107,2025-05-02 00:00:00.000,2023-11-17 00:00:00.000,532,2349.98
13134,72639,2025-05-09 00:00:00.000,2025-05-02 00:00:00.000,7,1249.84
13135,61473,2024-12-02 00:00:00.000,2023-11-08 00:00:00.000,390,2304.98
13135,71020,2025-04-18 00:00:00.000,2024-12-02 00:00:00.000,137,2419.06
13136,67972,2025-03-09 00:00:00.000,2024-11-21 00:00:00.000,108,34.99
13137,57544,2024-10-05 00:00:00.000,2024-08-25 00:00:00.000,41,108.98
13137,60459,2024-11-18 00:00:00.000,2024-10-05 00:00:00.000,44,64.97
13138,52478,2024-07-11 00:00:00.000,2024-07-04 00:00:00.000,7,54.99
13138,63004,2024-12-28 00:00:00.000,2024-07-11 00:00:00.000,170,24.99
13139,62678,2024-12-22 00:00:00.000,2023-11-09 00:00:00.000,409,2389.97
13139,71278,2025-04-22 00:00:00.000,2024-12-22 00:00:00.000,121,2393.06
13140,74591,2025-06-13 00:00:00.000,2024-12-22 00:00:00.000,173,48.97
13140,74845,2025-06-21 00:00:00.000,2025-06-13 00:00:00.000,8,206.25
13141,71093,2025-04-20 00:00:00.000,2025-03-16 00:00:00.000,35,27.28
13141,71505,2025-04-26 00:00:00.000,2025-04-20 00:00:00.000,6,133.98
13142,68925,2025-03-23 00:00:00.000,2023-06-01 00:00:00.000,661,2354.99
13144,56500,2024-09-19 00:00:00.000,2024-08-05 00:00:00.000,45,68.97
13144,61452,2024-12-02 00:00:00.000,2024-09-19 00:00:00.000,74,32.28
13144,65844,2025-02-05 00:00:00.000,2024-12-02 00:00:00.000,65,45.24
13149,71696,2025-04-29 00:00:00.000,2024-09-06 00:00:00.000,235,29.98
13150,63621,2025-01-04 00:00:00.000,2024-12-01 00:00:00.000,34,54.25
13152,70426,2025-04-10 00:00:00.000,2023-06-15 00:00:00.000,665,2400.95
13155,57313,2024-10-01 00:00:00.000,2024-08-12 00:00:00.000,50,133.49
13155,73954,2025-05-27 00:00:00.000,2024-10-01 00:00:00.000,238,8.99
13156,74029,2025-05-28 00:00:00.000,2023-11-18 00:00:00.000,557,592.27
13157,74420,2025-06-07 00:00:00.000,2025-01-29 00:00:00.000,129,34.99
13158,68686,2025-03-20 00:00:00.000,2024-07-07 00:00:00.000,256,78.98
13158,68819,2025-03-22 00:00:00.000,2025-03-20 00:00:00.000,2,77.96
13159,66520,2025-02-16 00:00:00.000,2024-12-26 00:00:00.000,52,48.97
13159,73101,2025-05-16 00:00:00.000,2025-02-16 00:00:00.000,89,35.23
13160,62864,2024-12-25 00:00:00.000,2023-11-24 00:00:00.000,397,2374.98
13160,71217,2025-04-21 00:00:00.000,2024-12-25 00:00:00.000,117,2393.06
13161,71186,2025-04-21 00:00:00.000,2023-06-10 00:00:00.000,681,2341.97
13165,70504,2025-04-11 00:00:00.000,2023-06-15 00:00:00.000,666,2319.99
13169,68412,2025-03-16 00:00:00.000,2024-11-04 00:00:00.000,132,120.00
13170,56736,2024-09-23 00:00:00.000,2024-08-27 00:00:00.000,27,110.96
13171,59616,2024-11-05 00:00:00.000,2024-07-01 00:00:00.000,127,71.97
13172,74470,2025-06-09 00:00:00.000,2025-03-07 00:00:00.000,94,120.00
13173,56471,2024-09-18 00:00:00.000,2023-06-10 00:00:00.000,466,2416.45
13174,55956,2024-09-08 00:00:00.000,2023-06-18 00:00:00.000,448,2376.96
13175,67224,2025-02-27 00:00:00.000,2024-11-24 00:00:00.000,95,64.97
13175,70561,2025-04-12 00:00:00.000,2025-02-27 00:00:00.000,44,61.97
13175,75075,2025-06-28 00:00:00.000,2025-04-12 00:00:00.000,77,119.96
13176,56582,2024-09-20 00:00:00.000,2023-06-29 00:00:00.000,449,2309.97
13177,56583,2024-09-20 00:00:00.000,2023-06-28 00:00:00.000,450,2316.97
13178,56315,2024-09-15 00:00:00.000,2023-06-11 00:00:00.000,462,2316.97
13179,63973,2025-01-09 00:00:00.000,2024-09-14 00:00:00.000,117,42.28
13179,64631,2025-01-19 00:00:00.000,2025-01-09 00:00:00.000,10,29.99
13179,72985,2025-05-14 00:00:00.000,2025-01-19 00:00:00.000,115,39.98
13180,64951,2025-01-25 00:00:00.000,2024-10-13 00:00:00.000,104,120.00
13181,69909,2025-04-03 00:00:00.000,2024-08-16 00:00:00.000,230,56.97
13182,72440,2025-05-07 00:00:00.000,2025-02-21 00:00:00.000,75,120.00
13183,55172,2024-08-27 00:00:00.000,2024-08-11 00:00:00.000,16,75.97
13184,72190,2025-05-04 00:00:00.000,2025-03-18 00:00:00.000,47,120.00
13185,57653,2024-10-07 00:00:00.000,2024-08-16 00:00:00.000,52,4.99
13185,58673,2024-10-25 00:00:00.000,2024-10-07 00:00:00.000,18,42.28
13185,62551,2024-12-20 00:00:00.000,2024-10-25 00:00:00.000,56,32.60
13189,56214,2024-09-13 00:00:00.000,2023-06-21 00:00:00.000,450,2322.28
13190,56998,2024-09-28 00:00:00.000,2023-06-11 00:00:00.000,475,2319.99
13197,66229,2025-02-11 00:00:00.000,2024-09-06 00:00:00.000,158,4.99
13197,70497,2025-04-11 00:00:00.000,2025-02-11 00:00:00.000,59,50.23
13198,54295,2024-08-11 00:00:00.000,2024-07-25 00:00:00.000,17,39.99
13198,67225,2025-02-27 00:00:00.000,2024-08-11 00:00:00.000,200,14.98
13199,65717,2025-02-03 00:00:00.000,2024-06-29 00:00:00.000,219,42.28
13199,67926,2025-03-08 00:00:00.000,2025-02-03 00:00:00.000,33,39.98
13201,68758,2025-03-21 00:00:00.000,2024-12-15 00:00:00.000,96,9.99
13201,72478,2025-05-07 00:00:00.000,2025-03-21 00:00:00.000,47,50.23
13202,55721,2024-09-04 00:00:00.000,2023-06-09 00:00:00.000,453,2376.96
13203,55794,2024-09-05 00:00:00.000,2023-06-29 00:00:00.000,434,2309.97
13205,56584,2024-09-20 00:00:00.000,2023-06-20 00:00:00.000,458,2359.97
13206,62208,2024-12-14 00:00:00.000,2024-07-19 00:00:00.000,148,85.94
13206,65583,2025-02-01 00:00:00.000,2024-12-14 00:00:00.000,49,7.28
13208,56058,2024-09-10 00:00:00.000,2023-06-01 00:00:00.000,467,2369.97
13210,70505,2025-04-11 00:00:00.000,2023-06-01 00:00:00.000,680,2319.99
13212,70353,2025-04-09 00:00:00.000,2023-06-28 00:00:00.000,651,2382.93
13214,70355,2025-04-09 00:00:00.000,2023-06-12 00:00:00.000,667,2319.99
13220,55491,2024-08-31 00:00:00.000,2023-06-01 00:00:00.000,457,2500.97
13221,56738,2024-09-23 00:00:00.000,2023-06-19 00:00:00.000,462,2351.96
13222,57713,2024-10-08 00:00:00.000,2024-08-21 00:00:00.000,48,74.46
13222,70209,2025-04-07 00:00:00.000,2024-10-08 00:00:00.000,181,61.97
13224,58524,2024-10-22 00:00:00.000,2023-06-23 00:00:00.000,487,2354.47
13225,71746,2025-04-29 00:00:00.000,2023-06-10 00:00:00.000,689,2322.28
13226,71541,2025-04-26 00:00:00.000,2023-06-05 00:00:00.000,691,2382.93
13230,57728,2024-10-08 00:00:00.000,2023-06-15 00:00:00.000,481,2461.97
13231,57405,2024-10-02 00:00:00.000,2024-09-23 00:00:00.000,9,74.98
13231,64085,2025-01-11 00:00:00.000,2024-10-02 00:00:00.000,101,14.98
13231,66525,2025-02-16 00:00:00.000,2025-01-11 00:00:00.000,36,127.95
13233,69985,2025-04-04 00:00:00.000,2023-07-21 00:00:00.000,623,2405.95
13237,57287,2024-09-30 00:00:00.000,2023-07-18 00:00:00.000,440,2334.97
13238,58811,2024-10-27 00:00:00.000,2023-07-08 00:00:00.000,477,2329.98
13239,68293,2025-03-14 00:00:00.000,2024-10-23 00:00:00.000,142,37.27
13239,72804,2025-05-12 00:00:00.000,2025-03-14 00:00:00.000,59,33.98
13239,73596,2025-05-22 00:00:00.000,2025-05-12 00:00:00.000,10,14.98
13243,58759,2024-10-26 00:00:00.000,2023-07-07 00:00:00.000,477,2329.98
13246,71327,2025-04-23 00:00:00.000,2023-06-30 00:00:00.000,663,2369.96
13247,70992,2025-04-18 00:00:00.000,2023-07-15 00:00:00.000,643,2366.96
13248,70217,2025-04-07 00:00:00.000,2023-07-01 00:00:00.000,646,2309.97
13249,62568,2024-12-20 00:00:00.000,2024-09-09 00:00:00.000,102,2438.06
13250,57578,2024-10-05 00:00:00.000,2023-07-22 00:00:00.000,441,2319.99
13251,56960,2024-09-28 00:00:00.000,2024-04-02 00:00:00.000,179,2322.28
13251,57632,2024-10-06 00:00:00.000,2024-09-28 00:00:00.000,8,2473.04
13252,57746,2024-10-08 00:00:00.000,2024-04-11 00:00:00.000,180,2419.06
13252,58196,2024-10-17 00:00:00.000,2024-10-08 00:00:00.000,9,2329.98
13253,58473,2024-10-22 00:00:00.000,2024-04-03 00:00:00.000,202,2304.98
13253,58774,2024-10-26 00:00:00.000,2024-10-22 00:00:00.000,4,2398.05
13254,57688,2024-10-07 00:00:00.000,2024-05-12 00:00:00.000,148,2393.06
13254,58072,2024-10-15 00:00:00.000,2024-10-07 00:00:00.000,8,2358.97
13255,53448,2024-07-29 00:00:00.000,2024-05-03 00:00:00.000,87,588.96
13255,55739,2024-09-05 00:00:00.000,2024-07-29 00:00:00.000,38,2356.95
13255,72182,2025-05-03 00:00:00.000,2024-09-05 00:00:00.000,240,2398.05
13256,54975,2024-08-23 00:00:00.000,2024-05-14 00:00:00.000,101,620.46
13256,55969,2024-09-09 00:00:00.000,2024-08-23 00:00:00.000,17,2369.96
13256,73938,2025-05-26 00:00:00.000,2024-09-09 00:00:00.000,259,2433.04
13257,54184,2024-08-09 00:00:00.000,2022-06-14 00:00:00.000,787,539.99
13257,58141,2024-10-16 00:00:00.000,2024-08-09 00:00:00.000,68,2403.96
13257,72511,2025-05-07 00:00:00.000,2024-10-16 00:00:00.000,203,2419.06
13258,56957,2024-09-27 00:00:00.000,2022-06-06 00:00:00.000,844,561.92
13258,58587,2024-10-24 00:00:00.000,2024-09-27 00:00:00.000,27,2362.27
13258,73095,2025-05-15 00:00:00.000,2024-10-24 00:00:00.000,203,2384.07
13259,57010,2024-09-28 00:00:00.000,2022-06-24 00:00:00.000,827,659.44
13259,58195,2024-10-17 00:00:00.000,2024-09-28 00:00:00.000,19,2400.93
13259,71068,2025-04-19 00:00:00.000,2024-10-17 00:00:00.000,184,1214.85
13260,52013,2024-07-01 00:00:00.000,2022-06-18 00:00:00.000,744,751.34
13260,57535,2024-10-05 00:00:00.000,2024-07-01 00:00:00.000,96,2369.96
13260,64175,2025-01-12 00:00:00.000,2024-10-05 00:00:00.000,99,539.99
13261,57844,2024-10-11 00:00:00.000,2022-06-09 00:00:00.000,855,2339.97
13261,62513,2024-12-19 00:00:00.000,2024-10-11 00:00:00.000,69,742.35
13261,67474,2025-03-01 00:00:00.000,2024-12-19 00:00:00.000,72,539.99
13262,67060,2025-02-24 00:00:00.000,2024-08-21 00:00:00.000,187,8.99
13263,60251,2024-11-15 00:00:00.000,2023-04-14 00:00:00.000,581,2359.46
13263,60517,2024-11-18 00:00:00.000,2024-11-15 00:00:00.000,3,2483.03
13263,61603,2024-12-05 00:00:00.000,2024-11-18 00:00:00.000,17,2451.30
13264,57690,2024-10-08 00:00:00.000,2022-06-04 00:00:00.000,857,2369.96
13264,66133,2025-02-09 00:00:00.000,2024-10-08 00:00:00.000,124,777.34
13264,67957,2025-03-08 00:00:00.000,2025-02-09 00:00:00.000,27,539.99
13265,60838,2024-11-24 00:00:00.000,2022-06-12 00:00:00.000,896,2369.96
13265,67128,2025-02-25 00:00:00.000,2024-11-24 00:00:00.000,93,771.34
13265,70161,2025-04-06 00:00:00.000,2025-02-25 00:00:00.000,40,539.99
13267,58722,2024-10-26 00:00:00.000,2024-09-10 00:00:00.000,46,4.99
13267,70326,2025-04-09 00:00:00.000,2024-10-26 00:00:00.000,165,29.98
13267,74431,2025-06-07 00:00:00.000,2025-04-09 00:00:00.000,59,14.98
13268,61932,2024-12-10 00:00:00.000,2024-07-15 00:00:00.000,148,69.97
13268,62797,2024-12-24 00:00:00.000,2024-12-10 00:00:00.000,14,37.29
13268,65652,2025-02-02 00:00:00.000,2024-12-24 00:00:00.000,40,113.47
13269,71540,2025-04-26 00:00:00.000,2023-07-14 00:00:00.000,652,2325.96
13273,58000,2024-10-13 00:00:00.000,2023-07-27 00:00:00.000,444,2475.97
13274,57729,2024-10-08 00:00:00.000,2023-07-02 00:00:00.000,464,2394.46
13277,57288,2024-09-30 00:00:00.000,2023-07-18 00:00:00.000,440,2316.97
13278,57517,2024-10-04 00:00:00.000,2023-07-28 00:00:00.000,434,2396.96
13279,58525,2024-10-22 00:00:00.000,2023-07-04 00:00:00.000,476,2351.96
13280,57410,2024-10-02 00:00:00.000,2023-07-24 00:00:00.000,436,2376.96
13283,58110,2024-10-15 00:00:00.000,2023-07-07 00:00:00.000,466,2316.97
13284,61421,2024-12-01 00:00:00.000,2024-09-02 00:00:00.000,90,2393.06
13285,57568,2024-10-05 00:00:00.000,2024-07-08 00:00:00.000,89,106.95
13285,69187,2025-03-27 00:00:00.000,2024-10-05 00:00:00.000,173,94.46
13286,58681,2024-10-25 00:00:00.000,2023-07-12 00:00:00.000,471,2334.97
13287,58177,2024-10-16 00:00:00.000,2023-07-13 00:00:00.000,461,2319.99
13288,58396,2024-10-20 00:00:00.000,2023-07-28 00:00:00.000,450,2391.94
13289,61990,2024-12-11 00:00:00.000,2024-12-08 00:00:00.000,3,4.99
13289,74701,2025-06-16 00:00:00.000,2024-12-11 00:00:00.000,187,23.97
13290,65973,2025-02-07 00:00:00.000,2024-09-20 00:00:00.000,140,13.98
13290,70891,2025-04-17 00:00:00.000,2025-02-07 00:00:00.000,69,22.93
13292,58682,2024-10-25 00:00:00.000,2023-07-20 00:00:00.000,463,2297.28
13298,58236,2024-10-17 00:00:00.000,2023-07-21 00:00:00.000,454,2329.98
13299,57353,2024-10-01 00:00:00.000,2023-07-27 00:00:00.000,432,2391.95
13303,65577,2025-02-01 00:00:00.000,2024-10-02 00:00:00.000,122,9.99
13303,65828,2025-02-05 00:00:00.000,2025-02-01 00:00:00.000,4,13.98
13304,58529,2024-10-22 00:00:00.000,2023-07-28 00:00:00.000,452,2430.95
13314,58179,2024-10-16 00:00:00.000,2023-07-18 00:00:00.000,456,2410.94
13315,57470,2024-10-03 00:00:00.000,2023-07-27 00:00:00.000,434,2359.97
13316,57828,2024-10-10 00:00:00.000,2023-07-26 00:00:00.000,442,2394.97
13318,52900,2024-07-19 00:00:00.000,2024-07-14 00:00:00.000,5,68.97
13318,65410,2025-01-29 00:00:00.000,2024-07-19 00:00:00.000,194,58.47
13318,67662,2025-03-04 00:00:00.000,2025-01-29 00:00:00.000,34,38.88
13319,58398,2024-10-20 00:00:00.000,2023-07-04 00:00:00.000,474,2465.95
13324,57732,2024-10-08 00:00:00.000,2023-07-09 00:00:00.000,457,2345.22
13325,58761,2024-10-26 00:00:00.000,2023-07-06 00:00:00.000,478,2376.96
13326,58335,2024-10-19 00:00:00.000,2023-07-06 00:00:00.000,471,2329.99
13328,61723,2024-12-06 00:00:00.000,2024-09-12 00:00:00.000,85,2398.05
13329,58526,2024-10-22 00:00:00.000,2023-07-13 00:00:00.000,467,2363.96
13330,55889,2024-09-07 00:00:00.000,2024-09-01 00:00:00.000,6,4.99
13330,66108,2025-02-09 00:00:00.000,2024-09-07 00:00:00.000,155,14.98
13340,58333,2024-10-19 00:00:00.000,2023-07-20 00:00:00.000,457,2364.96
13343,62740,2024-12-23 00:00:00.000,2024-10-05 00:00:00.000,79,2401.01
13345,61845,2024-12-08 00:00:00.000,2024-10-21 00:00:00.000,48,2442.54
13346,57355,2024-10-01 00:00:00.000,2023-07-20 00:00:00.000,439,2316.97
13348,58527,2024-10-22 00:00:00.000,2023-07-07 00:00:00.000,473,2433.47
13350,62194,2024-12-14 00:00:00.000,2024-09-17 00:00:00.000,88,13.98
13350,75100,2025-06-29 00:00:00.000,2024-12-14 00:00:00.000,197,78.48
13351,57670,2024-10-07 00:00:00.000,2023-07-21 00:00:00.000,444,2294.99
13353,69767,2025-04-01 00:00:00.000,2023-07-24 00:00:00.000,617,2365.94
13354,57731,2024-10-08 00:00:00.000,2023-07-27 00:00:00.000,439,2316.97
13355,58813,2024-10-27 00:00:00.000,2023-07-14 00:00:00.000,471,2376.97
13357,71412,2025-04-24 00:00:00.000,2023-07-07 00:00:00.000,657,2362.27
13359,70295,2025-04-08 00:00:00.000,2023-07-01 00:00:00.000,647,2456.28
13361,70354,2025-04-09 00:00:00.000,2023-07-27 00:00:00.000,622,2322.28
13362,71411,2025-04-24 00:00:00.000,2023-07-06 00:00:00.000,658,2294.99
13366,61475,2024-12-02 00:00:00.000,2024-10-25 00:00:00.000,38,2419.06
13367,57412,2024-10-02 00:00:00.000,2023-07-29 00:00:00.000,431,2334.97
13369,58760,2024-10-26 00:00:00.000,2023-07-04 00:00:00.000,480,2334.98
13378,57356,2024-10-01 00:00:00.000,2023-07-02 00:00:00.000,457,2340.94
13380,71060,2025-04-19 00:00:00.000,2023-07-03 00:00:00.000,656,2376.96
13382,58528,2024-10-22 00:00:00.000,2023-07-14 00:00:00.000,466,2344.26
13383,69982,2025-04-04 00:00:00.000,2023-07-02 00:00:00.000,642,2329.98
13384,71183,2025-04-21 00:00:00.000,2023-07-06 00:00:00.000,655,2391.96
13385,70711,2025-04-14 00:00:00.000,2023-07-25 00:00:00.000,629,2366.94
13400,70292,2025-04-08 00:00:00.000,2023-07-28 00:00:00.000,620,2386.94
13401,71255,2025-04-22 00:00:00.000,2023-07-30 00:00:00.000,632,2354.99
13402,69619,2025-03-30 00:00:00.000,2023-07-24 00:00:00.000,615,2349.98
13403,58001,2024-10-13 00:00:00.000,2023-07-25 00:00:00.000,446,2396.96
13404,58639,2024-10-24 00:00:00.000,2024-05-17 00:00:00.000,160,2393.06
13404,58704,2024-10-26 00:00:00.000,2024-10-24 00:00:00.000,2,2369.96
13405,60832,2024-11-23 00:00:00.000,2023-04-02 00:00:00.000,601,2398.05
13405,60896,2024-11-25 00:00:00.000,2024-11-23 00:00:00.000,2,2344.96
13405,62702,2024-12-23 00:00:00.000,2024-11-25 00:00:00.000,28,2457.33
13406,59409,2024-11-03 00:00:00.000,2022-06-29 00:00:00.000,858,2369.96
13406,67621,2025-03-03 00:00:00.000,2024-11-03 00:00:00.000,120,777.34
13406,71016,2025-04-18 00:00:00.000,2025-03-03 00:00:00.000,46,574.98
13407,58471,2024-10-22 00:00:00.000,2024-05-28 00:00:00.000,147,2376.96
13407,58637,2024-10-24 00:00:00.000,2024-10-22 00:00:00.000,2,2478.04
13408,58193,2024-10-17 00:00:00.000,2024-05-15 00:00:00.000,155,2349.96
13408,58772,2024-10-26 00:00:00.000,2024-10-17 00:00:00.000,9,2393.06
13411,57534,2024-10-05 00:00:00.000,2024-05-08 00:00:00.000,150,2354.98
13411,59141,2024-10-29 00:00:00.000,2024-10-05 00:00:00.000,24,2393.06
13412,73548,2025-05-21 00:00:00.000,2025-05-10 00:00:00.000,11,36.27
13418,64231,2025-01-13 00:00:00.000,2024-10-04 00:00:00.000,101,2438.06
13419,57466,2024-10-03 00:00:00.000,2023-07-12 00:00:00.000,449,2294.99
13420,57467,2024-10-03 00:00:00.000,2023-07-23 00:00:00.000,438,2354.98
13423,65473,2025-01-30 00:00:00.000,2024-12-23 00:00:00.000,38,119.96
13423,75083,2025-06-28 00:00:00.000,2025-01-30 00:00:00.000,149,39.99
13424,58570,2024-10-23 00:00:00.000,2023-07-04 00:00:00.000,477,2363.96
13425,58624,2024-10-24 00:00:00.000,2023-07-25 00:00:00.000,457,2366.96
13426,57730,2024-10-08 00:00:00.000,2023-08-05 00:00:00.000,430,2316.97
13429,59956,2024-11-10 00:00:00.000,2023-08-11 00:00:00.000,457,2405.47
13431,60098,2024-11-12 00:00:00.000,2023-08-14 00:00:00.000,456,2410.94
13433,59880,2024-11-09 00:00:00.000,2023-08-18 00:00:00.000,449,2351.96
13435,60293,2024-11-15 00:00:00.000,2023-08-17 00:00:00.000,456,2394.97
13436,59454,2024-11-03 00:00:00.000,2023-08-12 00:00:00.000,449,2316.97
13438,59957,2024-11-10 00:00:00.000,2023-08-02 00:00:00.000,466,2319.99
13440,63740,2025-01-05 00:00:00.000,2024-10-11 00:00:00.000,86,2438.06
13442,60551,2024-11-19 00:00:00.000,2023-08-18 00:00:00.000,459,2319.26
13443,60020,2024-11-11 00:00:00.000,2023-08-10 00:00:00.000,459,2354.98
13446,60498,2024-11-18 00:00:00.000,2023-08-01 00:00:00.000,475,2354.99
13447,60364,2024-11-16 00:00:00.000,2023-08-26 00:00:00.000,448,2351.96
13449,60097,2024-11-12 00:00:00.000,2023-08-12 00:00:00.000,458,2344.96
13450,59689,2024-11-06 00:00:00.000,2023-09-28 00:00:00.000,405,2329.98
13452,59189,2024-10-30 00:00:00.000,2023-08-30 00:00:00.000,427,2356.95
13453,60365,2024-11-16 00:00:00.000,2023-09-08 00:00:00.000,435,2394.97
13456,59117,2024-10-29 00:00:00.000,2023-09-14 00:00:00.000,411,2400.95
13460,63681,2025-01-04 00:00:00.000,2024-09-30 00:00:00.000,96,2398.05
13461,60234,2024-11-14 00:00:00.000,2023-08-30 00:00:00.000,442,2294.99
13462,72407,2025-05-06 00:00:00.000,2023-09-18 00:00:00.000,596,2376.45
13464,60291,2024-11-15 00:00:00.000,2023-09-19 00:00:00.000,423,2319.99
13466,71658,2025-04-28 00:00:00.000,2025-02-15 00:00:00.000,72,39.99
13466,73206,2025-05-17 00:00:00.000,2025-04-28 00:00:00.000,19,9.99
13468,60494,2024-11-18 00:00:00.000,2023-09-24 00:00:00.000,421,2444.96
13474,58151,2024-10-16 00:00:00.000,2024-10-06 00:00:00.000,10,14.98
13474,67712,2025-03-05 00:00:00.000,2024-10-16 00:00:00.000,140,121.57
13474,68855,2025-03-22 00:00:00.000,2025-03-05 00:00:00.000,17,133.96
13477,61014,2024-11-26 00:00:00.000,2023-09-28 00:00:00.000,425,2329.98
13478,59452,2024-11-03 00:00:00.000,2023-09-13 00:00:00.000,417,2454.97
13482,72549,2025-05-08 00:00:00.000,2023-09-02 00:00:00.000,614,2319.26
13484,59380,2024-11-02 00:00:00.000,2023-10-12 00:00:00.000,387,2369.97
13486,59521,2024-11-04 00:00:00.000,2024-09-21 00:00:00.000,44,64.98
13486,65596,2025-02-01 00:00:00.000,2024-11-04 00:00:00.000,89,120.48
13487,60495,2024-11-18 00:00:00.000,2023-10-29 00:00:00.000,386,2351.96
13489,60811,2024-11-23 00:00:00.000,2023-10-03 00:00:00.000,417,2297.28
13491,65351,2025-01-28 00:00:00.000,2024-07-01 00:00:00.000,211,39.98
13491,74648,2025-06-14 00:00:00.000,2025-01-28 00:00:00.000,137,121.45
13492,60929,2024-11-25 00:00:00.000,2023-10-29 00:00:00.000,393,2318.96
13493,56737,2024-09-23 00:00:00.000,2024-08-25 00:00:00.000,29,14.98
13495,56420,2024-09-17 00:00:00.000,2024-08-22 00:00:00.000,26,14.98
13503,58450,2024-10-21 00:00:00.000,2024-09-18 00:00:00.000,33,64.98
13504,73347,2025-05-19 00:00:00.000,2023-04-16 00:00:00.000,764,2344.96
13505,63040,2024-12-28 00:00:00.000,2024-11-06 00:00:00.000,52,58.96
13507,56781,2024-09-24 00:00:00.000,2024-09-18 00:00:00.000,6,14.98
13509,59683,2024-11-06 00:00:00.000,2024-10-16 00:00:00.000,21,14.98
13511,73189,2025-05-17 00:00:00.000,2023-05-04 00:00:00.000,744,2433.96
13513,72286,2025-05-05 00:00:00.000,2022-06-02 00:00:00.000,1068,2339.97
13514,72197,2025-05-04 00:00:00.000,2022-07-19 00:00:00.000,1020,2394.97
13515,74037,2025-05-28 00:00:00.000,2022-07-13 00:00:00.000,1050,2369.97
13516,64345,2025-01-15 00:00:00.000,2024-12-21 00:00:00.000,25,28.99
13517,64690,2025-01-20 00:00:00.000,2024-05-23 00:00:00.000,242,2363.96
13517,69917,2025-04-03 00:00:00.000,2025-01-20 00:00:00.000,73,1253.32
13518,72952,2025-05-14 00:00:00.000,2023-11-17 00:00:00.000,544,589.26
13519,51204,2024-05-31 00:00:00.000,2023-11-26 00:00:00.000,187,2443.35
13520,53345,2024-07-28 00:00:00.000,2023-11-17 00:00:00.000,254,2479.94
13521,52153,2024-07-05 00:00:00.000,2023-11-22 00:00:00.000,226,2443.35
13522,60842,2024-11-24 00:00:00.000,2024-09-23 00:00:00.000,62,34.99
13523,60897,2024-11-25 00:00:00.000,2024-10-22 00:00:00.000,34,32.27
13524,56320,2024-09-15 00:00:00.000,2023-11-20 00:00:00.000,300,2457.33
13525,58338,2024-10-19 00:00:00.000,2023-11-06 00:00:00.000,348,2535.81
13526,60428,2024-11-17 00:00:00.000,2023-12-15 00:00:00.000,338,2478.34
13527,62138,2024-12-13 00:00:00.000,2023-12-08 00:00:00.000,371,2479.94
13528,64598,2025-01-18 00:00:00.000,2023-12-10 00:00:00.000,405,2459.62
13529,64041,2025-01-10 00:00:00.000,2023-12-16 00:00:00.000,391,2543.44
13533,72613,2025-05-09 00:00:00.000,2024-09-08 00:00:00.000,243,68.97
13534,72157,2025-05-03 00:00:00.000,2025-01-06 00:00:00.000,117,36.27
13535,68713,2025-03-20 00:00:00.000,2024-12-20 00:00:00.000,90,14.98
13536,73589,2025-05-22 00:00:00.000,2023-05-25 00:00:00.000,728,2394.97
13537,73657,2025-05-23 00:00:00.000,2023-04-30 00:00:00.000,754,2331.95
13538,72284,2025-05-05 00:00:00.000,2022-07-26 00:00:00.000,1014,2329.98
13539,69611,2025-03-30 00:00:00.000,2025-01-04 00:00:00.000,85,68.97
13540,51966,2024-07-01 00:00:00.000,2022-07-11 00:00:00.000,721,2400.93
13540,62944,2024-12-26 00:00:00.000,2024-07-01 00:00:00.000,178,548.98
13541,54377,2024-08-13 00:00:00.000,2022-07-30 00:00:00.000,745,2396.94
13541,61310,2024-11-29 00:00:00.000,2024-08-13 00:00:00.000,108,561.48
13542,72196,2025-05-04 00:00:00.000,2022-07-28 00:00:00.000,1011,2364.97
13543,73807,2025-05-25 00:00:00.000,2022-07-28 00:00:00.000,1032,2344.96
13544,70974,2025-04-18 00:00:00.000,2024-09-18 00:00:00.000,212,68.97
13545,72870,2025-05-13 00:00:00.000,2022-07-13 00:00:00.000,1035,2329.98
13546,72867,2025-05-13 00:00:00.000,2022-06-30 00:00:00.000,1048,2339.97
13547,67527,2025-03-02 00:00:00.000,2025-01-15 00:00:00.000,46,49.97
13548,74036,2025-05-28 00:00:00.000,2022-07-03 00:00:00.000,1060,2329.98
13551,65096,2025-01-27 00:00:00.000,2024-05-05 00:00:00.000,267,2349.98
13551,69769,2025-04-01 00:00:00.000,2025-01-27 00:00:00.000,64,1223.84
13552,73192,2025-05-17 00:00:00.000,2023-05-25 00:00:00.000,723,2344.26
13553,64524,2025-01-18 00:00:00.000,2024-05-01 00:00:00.000,262,2316.97
13553,71069,2025-04-19 00:00:00.000,2025-01-18 00:00:00.000,91,1214.85
13554,64791,2025-01-22 00:00:00.000,2024-05-12 00:00:00.000,255,2354.98
13554,69918,2025-04-03 00:00:00.000,2025-01-22 00:00:00.000,71,1214.85
13555,54266,2024-08-11 00:00:00.000,2023-05-25 00:00:00.000,444,2334.46
13555,67640,2025-03-03 00:00:00.000,2024-08-11 00:00:00.000,204,571.72
13556,56542,2024-09-20 00:00:00.000,2023-05-20 00:00:00.000,489,2329.98
13556,71087,2025-04-19 00:00:00.000,2024-09-20 00:00:00.000,211,588.96
13557,62827,2024-12-25 00:00:00.000,2024-05-16 00:00:00.000,223,2371.96
13558,55740,2024-09-05 00:00:00.000,2023-05-17 00:00:00.000,477,2381.96
13558,70745,2025-04-14 00:00:00.000,2024-09-05 00:00:00.000,221,539.99
13559,54387,2024-08-13 00:00:00.000,2022-07-28 00:00:00.000,747,2329.98
13559,61423,2024-12-01 00:00:00.000,2024-08-13 00:00:00.000,110,600.46
13560,54604,2024-08-17 00:00:00.000,2022-08-18 00:00:00.000,730,2334.97
13560,64895,2025-01-23 00:00:00.000,2024-08-17 00:00:00.000,159,539.99
13561,61489,2024-12-03 00:00:00.000,2024-04-30 00:00:00.000,217,2344.26
13562,61549,2024-12-04 00:00:00.000,2024-05-24 00:00:00.000,194,2319.99
13563,63824,2025-01-07 00:00:00.000,2022-06-09 00:00:00.000,943,2369.96
13564,72281,2025-05-05 00:00:00.000,2023-05-06 00:00:00.000,730,2353.95
13565,73587,2025-05-22 00:00:00.000,2023-06-24 00:00:00.000,698,2332.28
13567,73658,2025-05-23 00:00:00.000,2022-08-04 00:00:00.000,1023,2357.28
13570,74107,2025-05-29 00:00:00.000,2022-08-13 00:00:00.000,1020,2369.96
13572,72649,2025-05-10 00:00:00.000,2022-08-01 00:00:00.000,1013,2366.96
13575,60521,2024-11-19 00:00:00.000,2023-06-19 00:00:00.000,519,2398.95
13575,61029,2024-11-26 00:00:00.000,2024-11-19 00:00:00.000,7,2420.34
13575,63504,2025-01-02 00:00:00.000,2024-11-26 00:00:00.000,37,2457.33
13576,57789,2024-10-10 00:00:00.000,2022-06-10 00:00:00.000,853,2329.98
13576,60625,2024-11-20 00:00:00.000,2024-10-10 00:00:00.000,41,2422.54
13577,59576,2024-11-04 00:00:00.000,2023-06-22 00:00:00.000,501,2420.34
13577,60632,2024-11-21 00:00:00.000,2024-11-04 00:00:00.000,17,2304.98
13577,64307,2025-01-15 00:00:00.000,2024-11-21 00:00:00.000,55,2543.44
13579,59213,2024-10-31 00:00:00.000,2022-08-26 00:00:00.000,797,2329.98
13579,70645,2025-04-13 00:00:00.000,2024-10-31 00:00:00.000,164,786.33
13579,71089,2025-04-19 00:00:00.000,2025-04-13 00:00:00.000,6,600.46
13580,60958,2024-11-26 00:00:00.000,2022-08-22 00:00:00.000,827,2354.98
13580,73252,2025-05-17 00:00:00.000,2024-11-26 00:00:00.000,172,574.98
13580,74074,2025-05-28 00:00:00.000,2025-05-17 00:00:00.000,11,777.34
13581,58640,2024-10-25 00:00:00.000,2022-06-05 00:00:00.000,873,2334.97
13581,59830,2024-11-08 00:00:00.000,2024-10-25 00:00:00.000,14,2461.55
13582,65128,2025-01-27 00:00:00.000,2024-06-30 00:00:00.000,211,8.99
13583,59079,2024-10-29 00:00:00.000,2022-06-22 00:00:00.000,860,2403.96
13583,59646,2024-11-05 00:00:00.000,2024-10-29 00:00:00.000,7,2393.06
13584,59651,2024-11-06 00:00:00.000,2022-06-27 00:00:00.000,863,2329.98
13584,62872,2024-12-25 00:00:00.000,2024-11-06 00:00:00.000,49,2453.04
13585,59836,2024-11-09 00:00:00.000,2022-06-23 00:00:00.000,870,2370.96
13585,62468,2024-12-18 00:00:00.000,2024-11-09 00:00:00.000,39,2419.06
13586,73372,2025-05-19 00:00:00.000,2024-09-26 00:00:00.000,235,88.97
13590,59715,2024-11-07 00:00:00.000,2022-06-04 00:00:00.000,887,2329.98
13590,62624,2024-12-21 00:00:00.000,2024-11-07 00:00:00.000,44,2398.05
13591,60957,2024-11-26 00:00:00.000,2022-06-03 00:00:00.000,907,2334.97
13591,61905,2024-12-09 00:00:00.000,2024-11-26 00:00:00.000,13,2442.03
13592,60560,2024-11-19 00:00:00.000,2023-06-03 00:00:00.000,535,2419.06
13592,60698,2024-11-22 00:00:00.000,2024-11-19 00:00:00.000,3,2354.98
13592,64007,2025-01-10 00:00:00.000,2024-11-22 00:00:00.000,49,2478.34
13595,59204,2024-10-30 00:00:00.000,2023-06-14 00:00:00.000,504,2419.06
13595,61094,2024-11-28 00:00:00.000,2024-10-30 00:00:00.000,29,2309.97
13595,64250,2025-01-14 00:00:00.000,2024-11-28 00:00:00.000,47,2479.94
13599,67450,2025-03-01 00:00:00.000,2024-09-30 00:00:00.000,152,36.27
13600,59212,2024-10-31 00:00:00.000,2022-07-05 00:00:00.000,849,2419.95
13600,61470,2024-12-02 00:00:00.000,2024-10-31 00:00:00.000,32,2462.03
13602,60322,2024-11-16 00:00:00.000,2022-07-07 00:00:00.000,863,2378.95
13602,61303,2024-11-29 00:00:00.000,2024-11-16 00:00:00.000,13,2419.06
13603,59871,2024-11-09 00:00:00.000,2024-08-21 00:00:00.000,80,49.97
13604,74842,2025-06-20 00:00:00.000,2025-03-11 00:00:00.000,101,44.98
13605,59983,2024-11-11 00:00:00.000,2023-06-22 00:00:00.000,508,2294.99
13605,62625,2024-12-21 00:00:00.000,2024-11-11 00:00:00.000,40,2398.05
13605,63367,2024-12-31 00:00:00.000,2024-12-21 00:00:00.000,10,2478.34
13606,59987,2024-11-11 00:00:00.000,2022-09-16 00:00:00.000,787,2334.97
13606,73383,2025-05-19 00:00:00.000,2024-11-11 00:00:00.000,189,742.35
13606,74089,2025-05-28 00:00:00.000,2025-05-19 00:00:00.000,9,539.99
13607,60895,2024-11-25 00:00:00.000,2022-09-17 00:00:00.000,800,2322.28
13607,72722,2025-05-10 00:00:00.000,2024-11-25 00:00:00.000,166,564.48
13609,70975,2025-04-18 00:00:00.000,2025-01-06 00:00:00.000,102,88.97
13612,73987,2025-05-27 00:00:00.000,2024-11-09 00:00:00.000,199,49.97
13613,61106,2024-11-28 00:00:00.000,2024-07-15 00:00:00.000,136,69.99
13613,61376,2024-12-01 00:00:00.000,2024-11-28 00:00:00.000,3,7.95
13614,56857,2024-09-26 00:00:00.000,2024-09-25 00:00:00.000,1,7.95
13614,68472,2025-03-17 00:00:00.000,2024-09-26 00:00:00.000,172,27.28
13615,60966,2024-11-26 00:00:00.000,2024-06-30 00:00:00.000,149,78.98
13615,68955,2025-03-24 00:00:00.000,2024-11-26 00:00:00.000,118,59.98
13616,63110,2024-12-29 00:00:00.000,2023-12-14 00:00:00.000,381,2349.92
13616,70309,2025-04-08 00:00:00.000,2024-12-29 00:00:00.000,100,2473.04
13617,71359,2025-04-24 00:00:00.000,2024-09-17 00:00:00.000,219,53.98
13617,74844,2025-06-21 00:00:00.000,2025-04-24 00:00:00.000,58,24.99
13618,61911,2024-12-09 00:00:00.000,2023-12-11 00:00:00.000,364,2294.99
13618,71771,2025-04-29 00:00:00.000,2024-12-09 00:00:00.000,141,2419.06
13619,62567,2024-12-20 00:00:00.000,2023-12-20 00:00:00.000,366,2325.96
13619,71350,2025-04-23 00:00:00.000,2024-12-20 00:00:00.000,124,2433.04
13620,62933,2024-12-26 00:00:00.000,2023-12-06 00:00:00.000,386,2379.91
13620,70750,2025-04-14 00:00:00.000,2024-12-26 00:00:00.000,109,2419.06
13621,64535,2025-01-18 00:00:00.000,2024-12-22 00:00:00.000,27,7.95
13621,66023,2025-02-08 00:00:00.000,2025-01-18 00:00:00.000,21,89.46
13622,62621,2024-12-21 00:00:00.000,2023-12-02 00:00:00.000,385,2316.97
13622,69864,2025-04-02 00:00:00.000,2024-12-21 00:00:00.000,102,2453.04
13623,67485,2025-03-02 00:00:00.000,2024-11-26 00:00:00.000,96,40.22
13623,73345,2025-05-19 00:00:00.000,2025-03-02 00:00:00.000,78,54.99
13624,73264,2025-05-18 00:00:00.000,2024-07-24 00:00:00.000,298,54.99
13624,74475,2025-06-09 00:00:00.000,2025-05-18 00:00:00.000,22,3.99
13625,61309,2024-11-29 00:00:00.000,2023-12-21 00:00:00.000,344,2439.99
13625,69658,2025-03-30 00:00:00.000,2024-11-29 00:00:00.000,121,2473.05
13626,61842,2024-12-08 00:00:00.000,2023-12-13 00:00:00.000,361,2386.94
13626,70751,2025-04-14 00:00:00.000,2024-12-08 00:00:00.000,127,2473.05
13627,54717,2024-08-19 00:00:00.000,2024-08-16 00:00:00.000,3,27.28
13627,71159,2025-04-21 00:00:00.000,2024-08-19 00:00:00.000,245,120.00
13628,65335,2025-01-28 00:00:00.000,2024-08-31 00:00:00.000,150,120.00
13628,67086,2025-02-25 00:00:00.000,2025-01-28 00:00:00.000,28,38.98
13629,61912,2024-12-09 00:00:00.000,2023-12-21 00:00:00.000,354,2426.95
13629,71151,2025-04-20 00:00:00.000,2024-12-09 00:00:00.000,132,2413.06
13630,62934,2024-12-26 00:00:00.000,2023-12-01 00:00:00.000,391,2369.24
13630,72184,2025-05-03 00:00:00.000,2024-12-26 00:00:00.000,128,2384.07
13631,62622,2024-12-21 00:00:00.000,2023-12-01 00:00:00.000,386,2369.97
13631,73640,2025-05-22 00:00:00.000,2024-12-21 00:00:00.000,152,2398.05
13632,62143,2024-12-13 00:00:00.000,2023-12-22 00:00:00.000,357,2319.99
13632,73337,2025-05-18 00:00:00.000,2024-12-13 00:00:00.000,156,2447.05
13633,62677,2024-12-22 00:00:00.000,2023-12-25 00:00:00.000,363,2369.97
13633,72848,2025-05-12 00:00:00.000,2024-12-22 00:00:00.000,141,2384.07
13634,72448,2025-05-07 00:00:00.000,2025-02-02 00:00:00.000,94,120.00
13634,73801,2025-05-25 00:00:00.000,2025-05-07 00:00:00.000,18,12.98
13635,72735,2025-05-11 00:00:00.000,2024-07-03 00:00:00.000,312,120.00
13635,73950,2025-05-27 00:00:00.000,2025-05-11 00:00:00.000,16,63.47
13636,62277,2024-12-15 00:00:00.000,2023-12-14 00:00:00.000,367,2322.28
13636,72000,2025-04-30 00:00:00.000,2024-12-15 00:00:00.000,136,2438.06
13637,62145,2024-12-13 00:00:00.000,2023-12-25 00:00:00.000,354,2294.99
13637,73715,2025-05-23 00:00:00.000,2024-12-13 00:00:00.000,161,2433.04
13638,62865,2024-12-25 00:00:00.000,2023-12-14 00:00:00.000,377,2363.96
13638,72640,2025-05-09 00:00:00.000,2024-12-25 00:00:00.000,135,2419.06
13639,55972,2024-09-09 00:00:00.000,2024-07-16 00:00:00.000,55,64.97
13639,60569,2024-11-20 00:00:00.000,2024-09-09 00:00:00.000,72,120.00
13640,70169,2025-04-07 00:00:00.000,2024-08-14 00:00:00.000,236,38.98
13641,59652,2024-11-06 00:00:00.000,2024-08-16 00:00:00.000,82,27.28
13642,58026,2024-10-14 00:00:00.000,2024-10-08 00:00:00.000,6,49.99
13643,62809,2024-12-24 00:00:00.000,2023-12-07 00:00:00.000,383,2334.97
13643,72185,2025-05-03 00:00:00.000,2024-12-24 00:00:00.000,130,2393.06
13644,62459,2024-12-18 00:00:00.000,2023-12-16 00:00:00.000,368,2319.99
13644,73787,2025-05-24 00:00:00.000,2024-12-18 00:00:00.000,157,2473.05
13645,62079,2024-12-12 00:00:00.000,2023-12-19 00:00:00.000,359,2369.97
13645,73254,2025-05-17 00:00:00.000,2024-12-12 00:00:00.000,156,2398.05
13646,62384,2024-12-17 00:00:00.000,2023-12-22 00:00:00.000,361,2410.43
13646,72437,2025-05-06 00:00:00.000,2024-12-17 00:00:00.000,140,2384.07
13647,62009,2024-12-11 00:00:00.000,2023-12-01 00:00:00.000,376,2359.98
13647,73637,2025-05-22 00:00:00.000,2024-12-11 00:00:00.000,162,2384.07
13648,61362,2024-11-30 00:00:00.000,2023-12-29 00:00:00.000,337,2297.28
13648,73712,2025-05-23 00:00:00.000,2024-11-30 00:00:00.000,174,2419.06
13649,62010,2024-12-11 00:00:00.000,2023-12-20 00:00:00.000,357,2369.97
13649,73179,2025-05-16 00:00:00.000,2024-12-11 00:00:00.000,156,2393.06
13650,61525,2024-12-03 00:00:00.000,2023-12-11 00:00:00.000,358,2334.97
13650,74145,2025-05-29 00:00:00.000,2024-12-03 00:00:00.000,177,2384.07
13651,61719,2024-12-06 00:00:00.000,2023-12-06 00:00:00.000,366,2343.96
13651,73578,2025-05-21 00:00:00.000,2024-12-06 00:00:00.000,166,2419.06
13653,59548,2024-11-04 00:00:00.000,2023-10-13 00:00:00.000,388,2365.23
13657,59624,2024-11-05 00:00:00.000,2023-09-30 00:00:00.000,402,2375.95
13658,60734,2024-11-22 00:00:00.000,2023-10-13 00:00:00.000,406,2344.26
13660,64236,2025-01-13 00:00:00.000,2024-10-19 00:00:00.000,86,2398.05
13661,63703,2025-01-05 00:00:00.000,2022-07-07 00:00:00.000,913,2334.97
13662,51503,2024-06-18 00:00:00.000,2023-06-13 00:00:00.000,371,839.48
13664,69205,2025-03-27 00:00:00.000,2024-12-26 00:00:00.000,91,195.27
13665,74685,2025-06-15 00:00:00.000,2025-01-01 00:00:00.000,165,68.97
13666,72365,2025-05-06 00:00:00.000,2022-09-13 00:00:00.000,966,2322.28
13667,52851,2024-07-18 00:00:00.000,2023-06-04 00:00:00.000,410,819.48
13668,52525,2024-07-12 00:00:00.000,2024-07-08 00:00:00.000,4,27.28
13668,72517,2025-05-08 00:00:00.000,2024-07-12 00:00:00.000,300,7.95
13669,58546,2024-10-23 00:00:00.000,2024-09-19 00:00:00.000,34,7.95
13669,74786,2025-06-19 00:00:00.000,2024-10-23 00:00:00.000,239,27.28
13670,57749,2024-10-09 00:00:00.000,2024-07-24 00:00:00.000,77,29.98
13670,72134,2025-05-03 00:00:00.000,2024-10-09 00:00:00.000,206,123.98
13675,70346,2025-04-09 00:00:00.000,2024-11-15 00:00:00.000,145,165.26
13676,64642,2025-01-19 00:00:00.000,2024-08-26 00:00:00.000,146,32.60
13678,64736,2025-01-21 00:00:00.000,2022-07-25 00:00:00.000,911,2354.98
13679,63372,2024-12-31 00:00:00.000,2022-07-25 00:00:00.000,890,2354.99
13680,63701,2025-01-05 00:00:00.000,2022-07-19 00:00:00.000,901,2369.97
13685,56485,2024-09-19 00:00:00.000,2022-09-28 00:00:00.000,722,2365.95
13685,64945,2025-01-24 00:00:00.000,2024-09-19 00:00:00.000,127,565.47
13686,56337,2024-09-16 00:00:00.000,2022-09-07 00:00:00.000,740,2374.98
13686,65875,2025-02-05 00:00:00.000,2024-09-16 00:00:00.000,142,539.99
13687,65098,2025-01-27 00:00:00.000,2022-07-11 00:00:00.000,931,2294.99
13689,64864,2025-01-23 00:00:00.000,2022-07-23 00:00:00.000,915,2319.99
13690,66327,2025-02-13 00:00:00.000,2022-07-25 00:00:00.000,934,2319.99
13690,70222,2025-04-07 00:00:00.000,2025-02-13 00:00:00.000,53,1263.82
13691,65097,2025-01-27 00:00:00.000,2022-07-27 00:00:00.000,915,2398.47
13693,65681,2025-02-03 00:00:00.000,2022-07-20 00:00:00.000,929,2319.99
13693,72410,2025-05-06 00:00:00.000,2025-02-03 00:00:00.000,92,1273.32
13694,67449,2025-03-01 00:00:00.000,2024-09-04 00:00:00.000,178,33.98
13697,56486,2024-09-19 00:00:00.000,2022-09-23 00:00:00.000,727,2342.92
13697,65503,2025-01-30 00:00:00.000,2024-09-19 00:00:00.000,133,564.48
13700,74000,2025-05-27 00:00:00.000,2023-10-24 00:00:00.000,581,2344.26
13701,64196,2025-01-13 00:00:00.000,2024-09-29 00:00:00.000,106,42.97
13701,66859,2025-02-21 00:00:00.000,2025-01-13 00:00:00.000,39,74.98
13701,74800,2025-06-19 00:00:00.000,2025-02-21 00:00:00.000,118,14.98
13702,72321,2025-05-05 00:00:00.000,2023-10-17 00:00:00.000,566,2297.28
13704,59686,2024-11-06 00:00:00.000,2023-10-13 00:00:00.000,390,554.97
13705,64837,2025-01-22 00:00:00.000,2023-10-15 00:00:00.000,465,574.98
13707,65969,2025-02-07 00:00:00.000,2025-01-28 00:00:00.000,10,100.09
13707,72018,2025-05-01 00:00:00.000,2025-02-07 00:00:00.000,83,14.98
13707,74966,2025-06-24 00:00:00.000,2025-05-01 00:00:00.000,54,39.99
13708,58229,2024-10-17 00:00:00.000,2024-07-27 00:00:00.000,82,39.99
13708,61743,2024-12-07 00:00:00.000,2024-10-17 00:00:00.000,51,14.98
13708,74541,2025-06-11 00:00:00.000,2024-12-07 00:00:00.000,186,36.59
13712,73308,2025-05-18 00:00:00.000,2023-10-04 00:00:00.000,592,2322.28
13713,73562,2025-05-21 00:00:00.000,2023-10-27 00:00:00.000,572,2384.96
13714,63923,2025-01-08 00:00:00.000,2023-10-11 00:00:00.000,455,589.96
13715,66352,2025-02-13 00:00:00.000,2023-11-23 00:00:00.000,448,596.96
13716,66615,2025-02-17 00:00:00.000,2023-11-12 00:00:00.000,463,634.96
13718,66919,2025-02-22 00:00:00.000,2023-10-31 00:00:00.000,480,618.98
13721,67454,2025-03-01 00:00:00.000,2023-11-18 00:00:00.000,469,604.96
13722,68594,2025-03-18 00:00:00.000,2023-11-21 00:00:00.000,483,659.45
13724,72618,2025-05-09 00:00:00.000,2023-11-10 00:00:00.000,546,2294.99
13725,73559,2025-05-21 00:00:00.000,2023-11-18 00:00:00.000,550,2350.96
13726,73005,2025-05-14 00:00:00.000,2023-11-14 00:00:00.000,547,2319.26
13728,73997,2025-05-27 00:00:00.000,2023-11-25 00:00:00.000,549,2436.45
13729,72042,2025-05-01 00:00:00.000,2023-11-24 00:00:00.000,524,2440.47
13730,73152,2025-05-16 00:00:00.000,2023-10-30 00:00:00.000,564,2389.46
13732,56349,2024-09-16 00:00:00.000,2024-07-05 00:00:00.000,73,68.97
13732,64927,2025-01-24 00:00:00.000,2024-09-16 00:00:00.000,130,35.00
13733,72403,2025-05-06 00:00:00.000,2023-11-01 00:00:00.000,552,2371.96
13734,72317,2025-05-05 00:00:00.000,2023-11-05 00:00:00.000,547,2340.94
13735,74127,2025-05-29 00:00:00.000,2023-11-03 00:00:00.000,573,2334.97
13736,73465,2025-05-20 00:00:00.000,2023-11-09 00:00:00.000,558,2297.28
13741,51364,2024-06-09 00:00:00.000,2023-11-15 00:00:00.000,207,769.49
13742,51664,2024-06-27 00:00:00.000,2023-12-21 00:00:00.000,189,806.76
13744,51608,2024-06-24 00:00:00.000,2023-12-28 00:00:00.000,179,777.44
13745,51379,2024-06-10 00:00:00.000,2023-12-27 00:00:00.000,166,839.46
13746,51609,2024-06-24 00:00:00.000,2023-12-10 00:00:00.000,197,806.76
13747,51552,2024-06-21 00:00:00.000,2023-12-30 00:00:00.000,174,863.97
13751,66595,2025-02-17 00:00:00.000,2024-11-19 00:00:00.000,90,58.98
13751,74061,2025-05-28 00:00:00.000,2025-02-17 00:00:00.000,100,96.96
13756,58042,2024-10-14 00:00:00.000,2024-07-31 00:00:00.000,75,71.58
13756,59850,2024-11-09 00:00:00.000,2024-10-14 00:00:00.000,26,68.97
13756,60672,2024-11-21 00:00:00.000,2024-11-09 00:00:00.000,12,99.47
13758,60342,2024-11-16 00:00:00.000,2024-07-06 00:00:00.000,133,195.59
13758,64201,2025-01-13 00:00:00.000,2024-11-16 00:00:00.000,58,17.27
13758,73274,2025-05-18 00:00:00.000,2025-01-13 00:00:00.000,125,28.99
13760,60225,2024-11-14 00:00:00.000,2024-11-12 00:00:00.000,2,74.98
13760,66588,2025-02-17 00:00:00.000,2024-11-14 00:00:00.000,95,36.59
13760,74313,2025-06-04 00:00:00.000,2025-02-17 00:00:00.000,107,68.97
13762,66861,2025-02-21 00:00:00.000,2024-08-26 00:00:00.000,179,70.96
13762,73443,2025-05-20 00:00:00.000,2025-02-21 00:00:00.000,88,78.48
13762,74381,2025-06-06 00:00:00.000,2025-05-20 00:00:00.000,17,42.97
13765,66091,2025-02-09 00:00:00.000,2022-08-01 00:00:00.000,923,2329.98
13765,74133,2025-05-29 00:00:00.000,2025-02-09 00:00:00.000,109,1243.84
13766,53680,2024-07-31 00:00:00.000,2023-06-15 00:00:00.000,412,819.48
13767,72966,2025-05-14 00:00:00.000,2022-09-09 00:00:00.000,978,2331.95
13768,55555,2024-09-02 00:00:00.000,2023-06-18 00:00:00.000,442,2341.97
13768,70447,2025-04-10 00:00:00.000,2024-09-02 00:00:00.000,220,539.99
13769,58706,2024-10-26 00:00:00.000,2023-06-18 00:00:00.000,496,2354.99
13769,71345,2025-04-23 00:00:00.000,2024-10-26 00:00:00.000,179,548.98
13770,55925,2024-09-08 00:00:00.000,2022-09-18 00:00:00.000,721,2309.97
13770,67761,2025-03-05 00:00:00.000,2024-09-08 00:00:00.000,178,539.99
13771,56961,2024-09-28 00:00:00.000,2022-10-08 00:00:00.000,721,2378.96
13771,68463,2025-03-16 00:00:00.000,2024-09-28 00:00:00.000,169,578.46
13772,66702,2025-02-19 00:00:00.000,2022-08-05 00:00:00.000,929,2349.98
13774,51303,2024-06-06 00:00:00.000,2022-10-27 00:00:00.000,588,814.47
13776,54501,2024-08-15 00:00:00.000,2024-08-07 00:00:00.000,8,36.59
13777,65686,2025-02-03 00:00:00.000,2022-08-25 00:00:00.000,893,2344.96
13777,74071,2025-05-28 00:00:00.000,2025-02-03 00:00:00.000,114,1223.84
13778,51638,2024-06-26 00:00:00.000,2022-10-07 00:00:00.000,628,819.48
13779,56388,2024-09-17 00:00:00.000,2023-06-03 00:00:00.000,472,881.44
13781,60405,2024-11-17 00:00:00.000,2024-11-02 00:00:00.000,15,39.99
13782,59274,2024-11-01 00:00:00.000,2022-10-02 00:00:00.000,761,2344.96
13782,68464,2025-03-16 00:00:00.000,2024-11-01 00:00:00.000,135,588.96
13783,65951,2025-02-07 00:00:00.000,2022-08-17 00:00:00.000,905,2376.96
13784,66577,2025-02-17 00:00:00.000,2022-08-07 00:00:00.000,925,2294.99
13784,73758,2025-05-24 00:00:00.000,2025-02-17 00:00:00.000,96,1264.84
13785,60349,2024-11-16 00:00:00.000,2024-09-28 00:00:00.000,49,38.88
13788,68650,2025-03-19 00:00:00.000,2024-08-29 00:00:00.000,202,166.83
13789,51340,2024-06-08 00:00:00.000,2022-10-08 00:00:00.000,609,819.48
13790,52168,2024-07-05 00:00:00.000,2022-10-16 00:00:00.000,628,819.48
13791,66124,2025-02-09 00:00:00.000,2024-11-04 00:00:00.000,97,36.27
13792,66443,2025-02-15 00:00:00.000,2022-08-01 00:00:00.000,929,2354.99
13792,73689,2025-05-23 00:00:00.000,2025-02-15 00:00:00.000,97,1282.82
13793,55506,2024-09-01 00:00:00.000,2023-06-19 00:00:00.000,440,839.48
13794,68687,2025-03-20 00:00:00.000,2022-08-29 00:00:00.000,934,2369.97
13794,72912,2025-05-13 00:00:00.000,2025-03-20 00:00:00.000,54,1263.82
13795,53785,2024-08-02 00:00:00.000,2022-10-04 00:00:00.000,668,779.48
13798,74400,2025-06-06 00:00:00.000,2025-05-06 00:00:00.000,31,100.09
13799,55824,2024-09-06 00:00:00.000,2023-06-17 00:00:00.000,447,828.47
13800,58035,2024-10-14 00:00:00.000,2023-06-22 00:00:00.000,480,819.48
13801,58362,2024-10-20 00:00:00.000,2023-07-11 00:00:00.000,467,819.48
13806,58787,2024-10-27 00:00:00.000,2023-07-14 00:00:00.000,471,893.94
13807,55513,2024-09-01 00:00:00.000,2022-11-27 00:00:00.000,644,928.49
13808,58487,2024-10-22 00:00:00.000,2022-11-04 00:00:00.000,718,828.47
13811,61045,2024-11-27 00:00:00.000,2023-07-25 00:00:00.000,491,819.48
13812,59289,2024-11-01 00:00:00.000,2023-07-12 00:00:00.000,478,819.48
13814,56163,2024-09-12 00:00:00.000,2024-08-21 00:00:00.000,22,107.08
13815,67231,2025-02-27 00:00:00.000,2024-07-11 00:00:00.000,231,80.57
13816,65424,2025-01-29 00:00:00.000,2024-09-22 00:00:00.000,129,45.58
13820,66944,2025-02-23 00:00:00.000,2022-08-27 00:00:00.000,911,2329.99
13821,66090,2025-02-09 00:00:00.000,2022-07-31 00:00:00.000,924,2362.27
13822,60046,2024-11-12 00:00:00.000,2022-11-13 00:00:00.000,730,2369.96
13822,68618,2025-03-18 00:00:00.000,2024-11-12 00:00:00.000,126,574.98
13823,58131,2024-10-16 00:00:00.000,2023-07-18 00:00:00.000,456,2374.98
13823,70818,2025-04-15 00:00:00.000,2024-10-16 00:00:00.000,181,574.98
13829,57491,2024-10-04 00:00:00.000,2022-11-12 00:00:00.000,692,801.77
13830,74525,2025-06-10 00:00:00.000,2025-05-12 00:00:00.000,29,195.59
13836,60776,2024-11-23 00:00:00.000,2022-10-31 00:00:00.000,754,801.77
13838,73828,2025-05-25 00:00:00.000,2025-02-10 00:00:00.000,104,71.58
13839,60467,2024-11-18 00:00:00.000,2023-07-05 00:00:00.000,502,799.48
13840,62956,2024-12-27 00:00:00.000,2023-07-27 00:00:00.000,519,828.47
13841,51211,2024-05-31 00:00:00.000,2022-08-21 00:00:00.000,649,751.34
13841,68546,2025-03-18 00:00:00.000,2024-05-31 00:00:00.000,291,2294.99
13842,60574,2024-11-20 00:00:00.000,2022-11-14 00:00:00.000,737,826.46
13844,59281,2024-11-01 00:00:00.000,2022-11-25 00:00:00.000,707,777.44
13845,66952,2025-02-23 00:00:00.000,2022-08-24 00:00:00.000,914,2338.97
13846,66442,2025-02-15 00:00:00.000,2022-08-29 00:00:00.000,901,2354.98
13847,65570,2025-02-01 00:00:00.000,2022-08-19 00:00:00.000,897,2309.97
13849,51396,2024-06-11 00:00:00.000,2023-12-08 00:00:00.000,186,902.98
13854,52511,2024-07-11 00:00:00.000,2023-12-24 00:00:00.000,200,804.47
13855,53389,2024-07-28 00:00:00.000,2023-12-22 00:00:00.000,219,913.96
13856,52876,2024-07-18 00:00:00.000,2023-12-12 00:00:00.000,219,800.46
13860,56168,2024-09-12 00:00:00.000,2024-07-03 00:00:00.000,71,39.99
13860,67710,2025-03-05 00:00:00.000,2024-09-12 00:00:00.000,174,38.88
13860,74818,2025-06-20 00:00:00.000,2025-03-05 00:00:00.000,107,28.99
13862,52921,2024-07-19 00:00:00.000,2023-12-23 00:00:00.000,209,804.48
13865,59748,2024-11-07 00:00:00.000,2023-12-31 00:00:00.000,312,2351.96
13866,59688,2024-11-06 00:00:00.000,2024-01-13 00:00:00.000,298,2457.95
13870,53051,2024-07-22 00:00:00.000,2024-01-25 00:00:00.000,179,839.48
13871,53234,2024-07-25 00:00:00.000,2024-01-07 00:00:00.000,200,878.96
13873,60094,2024-11-12 00:00:00.000,2024-01-05 00:00:00.000,312,2322.28
13877,53437,2024-07-29 00:00:00.000,2024-01-21 00:00:00.000,190,848.47
13882,52318,2024-07-07 00:00:00.000,2024-01-12 00:00:00.000,177,839.46
13883,52007,2024-07-01 00:00:00.000,2024-01-18 00:00:00.000,165,839.48
13884,52609,2024-07-13 00:00:00.000,2024-01-09 00:00:00.000,186,861.44
13885,59322,2024-11-01 00:00:00.000,2023-12-31 00:00:00.000,306,2401.45
13886,60549,2024-11-19 00:00:00.000,2024-01-13 00:00:00.000,311,2354.98
13887,59951,2024-11-10 00:00:00.000,2024-02-10 00:00:00.000,274,2319.99
13889,53328,2024-07-27 00:00:00.000,2024-02-14 00:00:00.000,164,902.46
13890,54643,2024-08-17 00:00:00.000,2024-02-11 00:00:00.000,188,800.46
13892,53821,2024-08-02 00:00:00.000,2024-01-29 00:00:00.000,186,839.48
13894,60290,2024-11-15 00:00:00.000,2024-02-01 00:00:00.000,288,2366.94
13895,59246,2024-10-31 00:00:00.000,2024-02-17 00:00:00.000,257,2376.96
13896,59623,2024-11-05 00:00:00.000,2024-03-12 00:00:00.000,238,2332.28
13897,59804,2024-11-08 00:00:00.000,2024-03-24 00:00:00.000,229,2316.97
13898,59875,2024-11-09 00:00:00.000,2024-03-20 00:00:00.000,234,2391.94
13903,59247,2024-10-31 00:00:00.000,2024-02-29 00:00:00.000,245,2329.98
13904,60876,2024-11-24 00:00:00.000,2024-03-25 00:00:00.000,244,2319.99
13905,61154,2024-11-28 00:00:00.000,2024-03-26 00:00:00.000,247,2366.96
13906,54921,2024-08-22 00:00:00.000,2024-03-07 00:00:00.000,168,839.48
13907,59379,2024-11-02 00:00:00.000,2024-03-22 00:00:00.000,225,2414.99
13908,64439,2025-01-16 00:00:00.000,2024-10-06 00:00:00.000,102,2420.34
13909,65673,2025-02-02 00:00:00.000,2024-10-04 00:00:00.000,121,2419.06
13910,60093,2024-11-12 00:00:00.000,2024-03-07 00:00:00.000,250,2344.96
13911,60927,2024-11-25 00:00:00.000,2024-03-01 00:00:00.000,269,2366.96
13912,59115,2024-10-29 00:00:00.000,2024-04-07 00:00:00.000,205,2366.46
13915,53758,2024-08-01 00:00:00.000,2024-04-18 00:00:00.000,105,863.97
13917,53706,2024-07-31 00:00:00.000,2024-04-28 00:00:00.000,94,839.46
13920,60980,2024-11-26 00:00:00.000,2024-09-06 00:00:00.000,81,78.48
13920,62661,2024-12-22 00:00:00.000,2024-11-26 00:00:00.000,26,47.94
13920,69590,2025-03-30 00:00:00.000,2024-12-22 00:00:00.000,98,68.97
13925,54089,2024-08-07 00:00:00.000,2024-04-01 00:00:00.000,128,777.44
13927,54756,2024-08-19 00:00:00.000,2024-04-20 00:00:00.000,121,839.48
13936,68761,2025-03-21 00:00:00.000,2024-10-22 00:00:00.000,150,118.96
13936,70331,2025-04-09 00:00:00.000,2025-03-21 00:00:00.000,19,64.97
13938,54572,2024-08-16 00:00:00.000,2024-04-28 00:00:00.000,110,889.45
13939,54131,2024-08-08 00:00:00.000,2024-04-21 00:00:00.000,109,902.46
13941,65966,2025-02-07 00:00:00.000,2024-10-02 00:00:00.000,128,28.99
13941,72670,2025-05-10 00:00:00.000,2025-02-07 00:00:00.000,92,143.97
13941,73463,2025-05-20 00:00:00.000,2025-05-10 00:00:00.000,10,74.98
13944,57550,2024-10-05 00:00:00.000,2024-07-08 00:00:00.000,89,71.58
13944,69124,2025-03-26 00:00:00.000,2024-10-05 00:00:00.000,172,42.28
13944,74432,2025-06-07 00:00:00.000,2025-03-26 00:00:00.000,73,9.99
13947,60928,2024-11-25 00:00:00.000,2024-05-06 00:00:00.000,203,2423.48
13948,60418,2024-11-17 00:00:00.000,2024-05-11 00:00:00.000,190,2380.47
13949,61153,2024-11-28 00:00:00.000,2024-05-26 00:00:00.000,186,2366.96
13952,67484,2025-03-02 00:00:00.000,2025-02-04 00:00:00.000,26,32.27
13953,62144,2024-12-13 00:00:00.000,2023-12-13 00:00:00.000,366,2322.28
13953,73499,2025-05-20 00:00:00.000,2024-12-13 00:00:00.000,158,2447.05
13954,62168,2024-12-14 00:00:00.000,2024-12-08 00:00:00.000,6,24.49
13954,67699,2025-03-05 00:00:00.000,2024-12-14 00:00:00.000,81,78.98
13955,62935,2024-12-26 00:00:00.000,2023-12-07 00:00:00.000,385,2373.47
13955,73180,2025-05-16 00:00:00.000,2024-12-26 00:00:00.000,141,2443.55
13956,68812,2025-03-22 00:00:00.000,2025-01-10 00:00:00.000,71,32.27
13957,72922,2025-05-13 00:00:00.000,2023-12-18 00:00:00.000,512,2349.98
13957,73639,2025-05-22 00:00:00.000,2025-05-13 00:00:00.000,9,1223.84
13958,62808,2024-12-24 00:00:00.000,2023-12-02 00:00:00.000,388,2405.47
13958,72268,2025-05-04 00:00:00.000,2024-12-24 00:00:00.000,131,2384.07
13959,64721,2025-01-20 00:00:00.000,2023-12-04 00:00:00.000,413,2362.27
13959,72787,2025-05-11 00:00:00.000,2025-01-20 00:00:00.000,111,2447.05
13960,64939,2025-01-24 00:00:00.000,2023-12-12 00:00:00.000,409,2322.28
13960,73786,2025-05-24 00:00:00.000,2025-01-24 00:00:00.000,120,2478.04
13961,74719,2025-06-17 00:00:00.000,2025-03-02 00:00:00.000,107,86.95
13962,74847,2025-06-21 00:00:00.000,2024-07-22 00:00:00.000,334,49.99
13963,74620,2025-06-14 00:00:00.000,2024-09-30 00:00:00.000,257,64.97
13964,65071,2025-01-26 00:00:00.000,2023-12-08 00:00:00.000,415,2341.97
13964,73335,2025-05-18 00:00:00.000,2025-01-26 00:00:00.000,112,2393.06
13965,64108,2025-01-11 00:00:00.000,2023-12-27 00:00:00.000,381,2394.97
13965,73579,2025-05-21 00:00:00.000,2025-01-11 00:00:00.000,130,2406.00
13966,64364,2025-01-15 00:00:00.000,2023-12-12 00:00:00.000,400,2394.97
13966,73940,2025-05-27 00:00:00.000,2025-01-15 00:00:00.000,132,2398.05
13967,73502,2025-05-20 00:00:00.000,2023-12-07 00:00:00.000,530,1274.33
13967,74139,2025-05-29 00:00:00.000,2025-05-20 00:00:00.000,9,2398.48
13968,54769,2024-08-19 00:00:00.000,2023-12-19 00:00:00.000,244,791.32
13968,73694,2025-05-23 00:00:00.000,2024-08-19 00:00:00.000,277,2318.96
13969,72789,2025-05-12 00:00:00.000,2025-02-19 00:00:00.000,82,27.28
13970,63411,2024-12-31 00:00:00.000,2023-12-09 00:00:00.000,388,2374.98
13970,72728,2025-05-11 00:00:00.000,2024-12-31 00:00:00.000,131,2419.06
13971,63800,2025-01-06 00:00:00.000,2023-12-27 00:00:00.000,376,2309.97
13971,73789,2025-05-25 00:00:00.000,2025-01-06 00:00:00.000,139,2413.06
13972,73870,2025-05-26 00:00:00.000,2025-03-12 00:00:00.000,75,27.28
13973,56187,2024-09-12 00:00:00.000,2023-12-17 00:00:00.000,270,764.28
13973,72707,2025-05-10 00:00:00.000,2024-09-12 00:00:00.000,240,2349.98
13974,57427,2024-10-02 00:00:00.000,2023-12-18 00:00:00.000,289,796.34
13974,72106,2025-05-02 00:00:00.000,2024-10-02 00:00:00.000,212,2369.97
13975,59982,2024-11-10 00:00:00.000,2024-01-23 00:00:00.000,292,792.34
13975,73393,2025-05-19 00:00:00.000,2024-11-10 00:00:00.000,190,2297.28
13976,60231,2024-11-14 00:00:00.000,2024-05-25 00:00:00.000,173,2329.98
13977,60733,2024-11-22 00:00:00.000,2024-04-29 00:00:00.000,207,2345.22
13978,60680,2024-11-21 00:00:00.000,2024-05-21 00:00:00.000,184,2331.95
13979,55173,2024-08-27 00:00:00.000,2024-05-06 00:00:00.000,113,839.48
13981,62471,2024-12-19 00:00:00.000,2024-10-04 00:00:00.000,76,35.23
13982,70092,2025-04-06 00:00:00.000,2024-08-13 00:00:00.000,236,24.99
13983,62823,2024-12-25 00:00:00.000,2024-08-07 00:00:00.000,140,34.99
13984,54132,2024-08-08 00:00:00.000,2024-05-10 00:00:00.000,90,839.48
13986,54922,2024-08-22 00:00:00.000,2023-06-09 00:00:00.000,440,893.47
13988,66587,2025-02-17 00:00:00.000,2024-12-27 00:00:00.000,52,36.59
13988,67438,2025-03-01 00:00:00.000,2025-02-17 00:00:00.000,12,49.97
13988,67589,2025-03-03 00:00:00.000,2025-03-01 00:00:00.000,2,33.98
13990,55076,2024-08-25 00:00:00.000,2023-06-17 00:00:00.000,435,893.47
13992,56104,2024-09-11 00:00:00.000,2023-06-05 00:00:00.000,464,801.77
13993,55792,2024-09-05 00:00:00.000,2023-06-08 00:00:00.000,455,804.48
13994,66138,2025-02-09 00:00:00.000,2024-01-11 00:00:00.000,395,2457.33
13995,70944,2025-04-18 00:00:00.000,2024-10-14 00:00:00.000,186,29.98
13996,61275,2024-11-29 00:00:00.000,2024-10-14 00:00:00.000,46,34.99
13997,73919,2025-05-26 00:00:00.000,2024-01-07 00:00:00.000,505,2514.93
13998,68890,2025-03-23 00:00:00.000,2024-07-06 00:00:00.000,260,147.28
13999,60681,2024-11-21 00:00:00.000,2023-06-26 00:00:00.000,514,2294.99
14003,67455,2025-03-01 00:00:00.000,2023-06-18 00:00:00.000,622,578.96
14005,59245,2024-10-31 00:00:00.000,2023-07-25 00:00:00.000,464,2318.96
14006,59324,2024-11-01 00:00:00.000,2023-07-06 00:00:00.000,484,2294.99
14007,51366,2024-06-09 00:00:00.000,2024-01-11 00:00:00.000,150,1700.99
14008,62753,2024-12-24 00:00:00.000,2024-07-14 00:00:00.000,163,28.98
14009,70020,2025-04-05 00:00:00.000,2025-03-15 00:00:00.000,21,28.98
14010,53439,2024-07-29 00:00:00.000,2024-01-12 00:00:00.000,199,1789.97
14011,52717,2024-07-15 00:00:00.000,2024-01-06 00:00:00.000,191,1760.47
14012,60762,2024-11-22 00:00:00.000,2024-01-25 00:00:00.000,302,777.34
14012,72493,2025-05-07 00:00:00.000,2024-11-22 00:00:00.000,166,2423.48
14013,72861,2025-05-13 00:00:00.000,2024-10-05 00:00:00.000,220,34.99
14014,69868,2025-04-03 00:00:00.000,2024-10-19 00:00:00.000,166,27.28
14015,68962,2025-03-24 00:00:00.000,2024-11-03 00:00:00.000,141,34.99
14016,65749,2025-02-04 00:00:00.000,2024-12-22 00:00:00.000,44,63.97
14017,55439,2024-08-30 00:00:00.000,2023-06-30 00:00:00.000,427,848.47
14018,69092,2025-03-26 00:00:00.000,2025-03-06 00:00:00.000,20,38.88
14019,74338,2025-06-05 00:00:00.000,2024-12-28 00:00:00.000,159,36.59
14020,63801,2025-01-06 00:00:00.000,2024-01-27 00:00:00.000,345,2322.28
14020,72729,2025-05-11 00:00:00.000,2025-01-06 00:00:00.000,125,2438.06
14022,70130,2025-04-06 00:00:00.000,2023-07-13 00:00:00.000,633,668.46
14023,73558,2025-05-21 00:00:00.000,2023-07-19 00:00:00.000,672,574.98
14024,55720,2024-09-04 00:00:00.000,2023-07-25 00:00:00.000,407,902.46
14025,72398,2025-05-06 00:00:00.000,2023-06-30 00:00:00.000,676,585.94
14026,72694,2025-05-10 00:00:00.000,2023-07-13 00:00:00.000,667,589.26
14030,63738,2025-01-05 00:00:00.000,2024-01-24 00:00:00.000,347,2414.99
14030,72730,2025-05-11 00:00:00.000,2025-01-05 00:00:00.000,126,2419.06
14031,64434,2025-01-16 00:00:00.000,2024-01-18 00:00:00.000,364,2496.26
14031,72731,2025-05-11 00:00:00.000,2025-01-16 00:00:00.000,115,2419.06
14032,63605,2025-01-03 00:00:00.000,2024-01-04 00:00:00.000,365,2368.95
14032,73338,2025-05-19 00:00:00.000,2025-01-03 00:00:00.000,136,2419.06
14033,65010,2025-01-25 00:00:00.000,2024-01-17 00:00:00.000,374,2294.99
14033,73098,2025-05-16 00:00:00.000,2025-01-25 00:00:00.000,111,2443.55
14034,72641,2025-05-10 00:00:00.000,2024-12-22 00:00:00.000,139,54.25
14036,55537,2024-09-01 00:00:00.000,2023-08-19 00:00:00.000,379,839.48
14037,56680,2024-09-22 00:00:00.000,2023-08-23 00:00:00.000,396,898.46
14038,63410,2024-12-31 00:00:00.000,2024-01-10 00:00:00.000,356,2376.96
14038,73256,2025-05-18 00:00:00.000,2024-12-31 00:00:00.000,138,2393.06
14039,64599,2025-01-18 00:00:00.000,2024-01-14 00:00:00.000,370,2339.97
14039,72358,2025-05-06 00:00:00.000,2025-01-18 00:00:00.000,108,2419.06
14041,65860,2025-02-05 00:00:00.000,2024-10-03 00:00:00.000,125,2413.06
14044,59453,2024-11-03 00:00:00.000,2023-08-24 00:00:00.000,437,2357.28
14045,64228,2025-01-13 00:00:00.000,2024-01-10 00:00:00.000,369,2370.96
14045,73868,2025-05-26 00:00:00.000,2025-01-13 00:00:00.000,133,2384.07
14046,51571,2024-06-22 00:00:00.000,2024-01-08 00:00:00.000,166,1268.84
14046,64362,2025-01-15 00:00:00.000,2024-06-22 00:00:00.000,207,2304.98
14047,51377,2024-06-10 00:00:00.000,2023-12-31 00:00:00.000,162,1249.84
14047,64166,2025-01-12 00:00:00.000,2024-06-10 00:00:00.000,216,2322.28
14048,59759,2024-11-07 00:00:00.000,2024-01-17 00:00:00.000,295,742.35
14048,72625,2025-05-09 00:00:00.000,2024-11-07 00:00:00.000,183,2309.97
14049,59270,2024-10-31 00:00:00.000,2023-12-31 00:00:00.000,305,876.33
14049,73567,2025-05-21 00:00:00.000,2024-10-31 00:00:00.000,202,2342.93
14050,51301,2024-06-06 00:00:00.000,2024-01-08 00:00:00.000,150,1223.84
14050,63606,2025-01-03 00:00:00.000,2024-06-06 00:00:00.000,211,2354.98
14051,52281,2024-07-07 00:00:00.000,2024-01-08 00:00:00.000,181,1237.82
14051,64107,2025-01-11 00:00:00.000,2024-07-07 00:00:00.000,188,2319.99
14052,59500,2024-11-04 00:00:00.000,2024-07-01 00:00:00.000,126,58.98
14053,52411,2024-07-10 00:00:00.000,2024-07-08 00:00:00.000,2,27.28
14054,73109,2025-05-16 00:00:00.000,2025-04-30 00:00:00.000,16,24.49
14054,74972,2025-06-25 00:00:00.000,2025-05-16 00:00:00.000,40,69.99
14055,64295,2025-01-14 00:00:00.000,2024-01-09 00:00:00.000,371,751.34
14055,74136,2025-05-29 00:00:00.000,2025-01-14 00:00:00.000,135,2376.96
14056,62090,2024-12-13 00:00:00.000,2024-10-08 00:00:00.000,66,24.99
14056,74789,2025-06-19 00:00:00.000,2024-12-13 00:00:00.000,188,78.98
14057,74848,2025-06-21 00:00:00.000,2025-02-03 00:00:00.000,138,49.99
14058,52845,2024-07-18 00:00:00.000,2024-01-06 00:00:00.000,194,1283.82
14058,63539,2025-01-02 00:00:00.000,2024-07-18 00:00:00.000,168,2297.28
14059,61482,2024-12-03 00:00:00.000,2024-08-16 00:00:00.000,109,32.27
14060,69027,2025-03-25 00:00:00.000,2024-08-12 00:00:00.000,225,49.48
14061,55338,2024-08-29 00:00:00.000,2024-07-29 00:00:00.000,31,49.99
14062,54254,2024-08-11 00:00:00.000,2024-01-19 00:00:00.000,205,1223.84
14062,64363,2025-01-15 00:00:00.000,2024-08-11 00:00:00.000,157,2374.98
14063,54317,2024-08-12 00:00:00.000,2024-01-16 00:00:00.000,209,1249.84
14063,63485,2025-01-01 00:00:00.000,2024-08-12 00:00:00.000,142,2354.99
14064,55814,2024-09-06 00:00:00.000,2024-01-27 00:00:00.000,223,1303.83
14064,64600,2025-01-18 00:00:00.000,2024-09-06 00:00:00.000,134,2318.96
14065,55741,2024-09-05 00:00:00.000,2024-01-06 00:00:00.000,243,1214.85
14065,63985,2025-01-09 00:00:00.000,2024-09-05 00:00:00.000,126,2322.28
14066,51195,2024-05-30 00:00:00.000,2024-01-21 00:00:00.000,130,804.47
14066,63945,2025-01-08 00:00:00.000,2024-05-30 00:00:00.000,223,758.62
14067,64298,2025-01-15 00:00:00.000,2024-09-10 00:00:00.000,127,64.97
14068,64533,2025-01-18 00:00:00.000,2024-10-01 00:00:00.000,109,49.99
14069,73792,2025-05-25 00:00:00.000,2025-01-26 00:00:00.000,119,123.95
14070,56128,2024-09-12 00:00:00.000,2024-01-17 00:00:00.000,239,1249.84
14070,64106,2025-01-11 00:00:00.000,2024-09-12 00:00:00.000,121,2319.99
14071,56541,2024-09-20 00:00:00.000,2024-01-13 00:00:00.000,251,1248.83
14071,63349,2024-12-30 00:00:00.000,2024-09-20 00:00:00.000,101,2319.99
14072,64456,2025-01-17 00:00:00.000,2024-12-22 00:00:00.000,26,24.99
14073,68815,2025-03-22 00:00:00.000,2024-07-15 00:00:00.000,250,117.96
14074,58718,2024-10-26 00:00:00.000,2024-10-11 00:00:00.000,15,32.60
14077,67656,2025-03-04 00:00:00.000,2024-12-31 00:00:00.000,63,24.99
14077,68234,2025-03-13 00:00:00.000,2025-03-04 00:00:00.000,9,37.29
14077,68691,2025-03-20 00:00:00.000,2025-03-13 00:00:00.000,7,49.48
14079,58264,2024-10-18 00:00:00.000,2024-06-29 00:00:00.000,111,78.48
14079,72203,2025-05-04 00:00:00.000,2024-10-18 00:00:00.000,198,68.97
14079,75040,2025-06-27 00:00:00.000,2025-05-04 00:00:00.000,54,38.88
14080,55793,2024-09-05 00:00:00.000,2023-08-18 00:00:00.000,384,848.47
14081,52954,2024-07-20 00:00:00.000,2023-08-22 00:00:00.000,333,2451.30
14083,54513,2024-08-15 00:00:00.000,2023-08-12 00:00:00.000,369,1750.98
14084,57912,2024-10-12 00:00:00.000,2024-10-03 00:00:00.000,9,35.23
14084,64191,2025-01-13 00:00:00.000,2024-10-12 00:00:00.000,93,53.47
14084,65042,2025-01-26 00:00:00.000,2025-01-13 00:00:00.000,13,14.98
14086,74853,2025-06-21 00:00:00.000,2025-03-23 00:00:00.000,90,38.88
14087,56855,2024-09-26 00:00:00.000,2024-07-10 00:00:00.000,78,133.49
14087,61732,2024-12-07 00:00:00.000,2024-09-26 00:00:00.000,72,49.48
14088,58454,2024-10-21 00:00:00.000,2023-08-12 00:00:00.000,436,1754.98
14089,56363,2024-09-16 00:00:00.000,2023-08-10 00:00:00.000,403,893.47
14091,57858,2024-10-11 00:00:00.000,2024-07-02 00:00:00.000,101,24.99
14091,58169,2024-10-16 00:00:00.000,2024-10-11 00:00:00.000,5,42.28
14091,62045,2024-12-12 00:00:00.000,2024-10-16 00:00:00.000,57,64.97
14091,63638,2025-01-04 00:00:00.000,2024-12-12 00:00:00.000,23,64.97
14095,56056,2024-09-10 00:00:00.000,2023-09-29 00:00:00.000,347,801.77
14096,61705,2024-12-06 00:00:00.000,2024-11-10 00:00:00.000,26,42.28
14096,63565,2025-01-03 00:00:00.000,2024-12-06 00:00:00.000,28,78.48
14096,64392,2025-01-16 00:00:00.000,2025-01-03 00:00:00.000,13,28.98
14096,74862,2025-06-21 00:00:00.000,2025-01-16 00:00:00.000,156,58.96
14098,56105,2024-09-11 00:00:00.000,2023-09-11 00:00:00.000,366,845.46
14099,56191,2024-09-13 00:00:00.000,2024-08-16 00:00:00.000,28,13.98
14099,66326,2025-02-13 00:00:00.000,2024-09-13 00:00:00.000,153,159.00
14100,69567,2025-03-30 00:00:00.000,2024-11-11 00:00:00.000,139,27.28
14100,72444,2025-05-07 00:00:00.000,2025-03-30 00:00:00.000,38,39.98
14101,52456,2024-07-10 00:00:00.000,2024-01-27 00:00:00.000,165,839.48
14101,64176,2025-01-12 00:00:00.000,2024-07-10 00:00:00.000,186,791.32
14102,53000,2024-07-21 00:00:00.000,2024-01-16 00:00:00.000,187,839.48
14102,63424,2024-12-31 00:00:00.000,2024-07-21 00:00:00.000,163,756.33
14103,54514,2024-08-15 00:00:00.000,2024-01-03 00:00:00.000,225,784.47
14103,66013,2025-02-07 00:00:00.000,2024-08-15 00:00:00.000,176,756.33
14104,55490,2024-08-31 00:00:00.000,2023-09-02 00:00:00.000,364,889.47
14105,56057,2024-09-10 00:00:00.000,2023-09-06 00:00:00.000,370,784.47
14106,56940,2024-09-27 00:00:00.000,2023-09-26 00:00:00.000,367,839.46
14109,64290,2025-01-14 00:00:00.000,2023-09-28 00:00:00.000,474,1700.99
14112,59381,2024-11-02 00:00:00.000,2023-10-04 00:00:00.000,395,2360.95
14115,59807,2024-11-08 00:00:00.000,2023-10-06 00:00:00.000,399,2297.28
14116,60605,2024-11-20 00:00:00.000,2023-10-22 00:00:00.000,395,2316.97
14117,60096,2024-11-12 00:00:00.000,2023-10-26 00:00:00.000,383,2351.96
14118,66624,2025-02-17 00:00:00.000,2024-09-29 00:00:00.000,141,2419.06
14119,60272,2024-11-15 00:00:00.000,2024-09-23 00:00:00.000,53,68.97
14119,69358,2025-03-29 00:00:00.000,2024-11-15 00:00:00.000,134,74.98
14120,61017,2024-11-26 00:00:00.000,2023-10-22 00:00:00.000,401,2376.45
14121,59749,2024-11-07 00:00:00.000,2023-10-29 00:00:00.000,375,2319.26
14123,62171,2024-12-14 00:00:00.000,2024-08-20 00:00:00.000,116,32.60
14124,70754,2025-04-15 00:00:00.000,2024-09-27 00:00:00.000,200,24.99
14125,52718,2024-07-15 00:00:00.000,2024-01-20 00:00:00.000,177,1700.99
14126,71704,2025-04-29 00:00:00.000,2024-07-29 00:00:00.000,274,71.58
14127,54236,2024-08-10 00:00:00.000,2024-01-12 00:00:00.000,211,1760.47
14128,53910,2024-08-04 00:00:00.000,2024-01-13 00:00:00.000,204,1764.96
14129,56259,2024-09-14 00:00:00.000,2024-01-01 00:00:00.000,257,1700.99
14130,56944,2024-09-27 00:00:00.000,2024-01-03 00:00:00.000,268,1764.96
14131,55371,2024-08-29 00:00:00.000,2024-01-08 00:00:00.000,234,1735.98
14132,57734,2024-10-08 00:00:00.000,2024-01-16 00:00:00.000,266,1754.98
14133,57519,2024-10-04 00:00:00.000,2024-01-11 00:00:00.000,267,1714.97
14134,57415,2024-10-02 00:00:00.000,2024-01-01 00:00:00.000,275,1785.97
14137,61113,2024-11-28 00:00:00.000,2022-11-26 00:00:00.000,733,819.48
14138,59348,2024-11-02 00:00:00.000,2022-11-04 00:00:00.000,729,865.95
14139,60900,2024-11-25 00:00:00.000,2022-11-29 00:00:00.000,727,819.48
14140,61440,2024-12-02 00:00:00.000,2022-11-05 00:00:00.000,758,819.48
14141,62766,2024-12-24 00:00:00.000,2023-07-21 00:00:00.000,522,839.46
14143,74775,2025-06-18 00:00:00.000,2024-09-11 00:00:00.000,280,42.97
14146,51461,2024-06-15 00:00:00.000,2022-09-18 00:00:00.000,636,827.33
14146,68481,2025-03-17 00:00:00.000,2024-06-15 00:00:00.000,275,2344.96
14147,63757,2025-01-06 00:00:00.000,2022-12-29 00:00:00.000,739,819.48
14148,63832,2025-01-07 00:00:00.000,2023-01-26 00:00:00.000,712,828.47
14149,64801,2025-01-22 00:00:00.000,2023-01-10 00:00:00.000,743,839.48
14150,52012,2024-07-01 00:00:00.000,2022-09-08 00:00:00.000,662,777.34
14150,67585,2025-03-03 00:00:00.000,2024-07-01 00:00:00.000,245,2349.98
14154,64863,2025-01-23 00:00:00.000,2023-07-27 00:00:00.000,546,836.44
14155,67778,2025-03-06 00:00:00.000,2022-09-27 00:00:00.000,891,2414.99
14156,70784,2025-04-15 00:00:00.000,2024-07-12 00:00:00.000,277,195.59
14157,55221,2024-08-28 00:00:00.000,2022-09-09 00:00:00.000,719,777.34
14157,69320,2025-03-29 00:00:00.000,2024-08-28 00:00:00.000,213,2294.99
14158,68748,2025-03-21 00:00:00.000,2022-09-07 00:00:00.000,926,2398.47
14159,68281,2025-03-14 00:00:00.000,2022-09-06 00:00:00.000,920,2351.96
14160,59410,2024-11-03 00:00:00.000,2023-01-22 00:00:00.000,651,2376.96
14160,68083,2025-03-10 00:00:00.000,2024-11-03 00:00:00.000,127,724.47
14161,59838,2024-11-09 00:00:00.000,2023-01-03 00:00:00.000,676,2378.95
14161,70009,2025-04-04 00:00:00.000,2024-11-09 00:00:00.000,146,539.99
14162,59906,2024-11-10 00:00:00.000,2023-01-09 00:00:00.000,671,2341.46
14162,73496,2025-05-20 00:00:00.000,2024-11-10 00:00:00.000,191,553.97
14163,59835,2024-11-09 00:00:00.000,2023-01-18 00:00:00.000,661,2304.98
14163,72354,2025-05-05 00:00:00.000,2024-11-09 00:00:00.000,177,683.77
14164,59407,2024-11-03 00:00:00.000,2023-01-12 00:00:00.000,661,2344.96
14164,72434,2025-05-06 00:00:00.000,2024-11-03 00:00:00.000,184,561.48
14165,67976,2025-03-09 00:00:00.000,2022-09-19 00:00:00.000,902,2332.28
14167,63767,2025-01-06 00:00:00.000,2023-01-13 00:00:00.000,724,828.47
14169,64467,2025-01-17 00:00:00.000,2023-07-15 00:00:00.000,552,819.48
14170,63368,2024-12-31 00:00:00.000,2023-08-07 00:00:00.000,512,848.47
14171,60123,2024-11-13 00:00:00.000,2023-01-07 00:00:00.000,676,2398.48
14171,72948,2025-05-13 00:00:00.000,2024-11-13 00:00:00.000,181,638.95
14172,66612,2025-02-17 00:00:00.000,2024-09-08 00:00:00.000,162,39.47
14175,74646,2025-06-14 00:00:00.000,2025-01-16 00:00:00.000,149,36.27
14181,51687,2024-06-28 00:00:00.000,2023-01-23 00:00:00.000,522,2428.05
14181,61035,2024-11-27 00:00:00.000,2024-06-28 00:00:00.000,152,2319.99
14183,60320,2024-11-16 00:00:00.000,2022-09-09 00:00:00.000,799,2349.98
14183,62927,2024-12-26 00:00:00.000,2024-11-16 00:00:00.000,40,2393.06
14184,63039,2024-12-28 00:00:00.000,2024-09-03 00:00:00.000,116,68.97
14185,61095,2024-11-28 00:00:00.000,2023-08-17 00:00:00.000,469,2344.96
14185,61366,2024-11-30 00:00:00.000,2024-11-28 00:00:00.000,2,2453.04
14185,63298,2024-12-30 00:00:00.000,2024-11-30 00:00:00.000,30,2543.44
14186,60321,2024-11-16 00:00:00.000,2023-08-20 00:00:00.000,454,2439.99
14186,62871,2024-12-25 00:00:00.000,2024-11-16 00:00:00.000,39,2433.04
14186,64068,2025-01-11 00:00:00.000,2024-12-25 00:00:00.000,17,2479.94
14189,51658,2024-06-26 00:00:00.000,2023-01-16 00:00:00.000,527,2419.06
14189,59834,2024-11-09 00:00:00.000,2024-06-26 00:00:00.000,136,2319.99
14191,60631,2024-11-21 00:00:00.000,2022-09-10 00:00:00.000,803,2338.97
14191,62215,2024-12-14 00:00:00.000,2024-11-21 00:00:00.000,23,2384.07
14192,60562,2024-11-20 00:00:00.000,2023-08-21 00:00:00.000,457,2369.96
14192,61583,2024-12-04 00:00:00.000,2024-11-20 00:00:00.000,14,2413.06
14192,63505,2025-01-02 00:00:00.000,2024-12-04 00:00:00.000,29,2487.33
14194,67179,2025-02-26 00:00:00.000,2024-08-12 00:00:00.000,198,99.96
14195,60453,2024-11-18 00:00:00.000,2022-09-21 00:00:00.000,789,2344.96
14195,63601,2025-01-03 00:00:00.000,2024-11-18 00:00:00.000,46,2393.06
14196,74499,2025-06-09 00:00:00.000,2024-09-12 00:00:00.000,270,68.97
14198,51454,2024-06-14 00:00:00.000,2023-01-14 00:00:00.000,517,2433.04
14198,59660,2024-11-06 00:00:00.000,2024-06-14 00:00:00.000,145,2297.28
14199,64881,2025-01-23 00:00:00.000,2024-11-02 00:00:00.000,82,68.97
14200,59579,2024-11-05 00:00:00.000,2023-08-09 00:00:00.000,454,2334.97
14200,64842,2025-01-22 00:00:00.000,2024-11-05 00:00:00.000,78,2453.04
14200,67214,2025-02-27 00:00:00.000,2025-01-22 00:00:00.000,36,2452.34
14203,59709,2024-11-07 00:00:00.000,2023-08-01 00:00:00.000,464,2419.96
14203,65462,2025-01-30 00:00:00.000,2024-11-07 00:00:00.000,84,2479.94
14207,53449,2024-07-29 00:00:00.000,2023-02-27 00:00:00.000,518,2419.06
14207,60318,2024-11-16 00:00:00.000,2024-07-29 00:00:00.000,110,2363.97
14208,62365,2024-12-17 00:00:00.000,2024-07-07 00:00:00.000,163,58.96
14209,68684,2025-03-20 00:00:00.000,2024-07-23 00:00:00.000,240,29.98
14209,70461,2025-04-11 00:00:00.000,2025-03-20 00:00:00.000,22,159.00
14210,57368,2024-10-01 00:00:00.000,2024-01-12 00:00:00.000,263,1214.85
14210,65144,2025-01-27 00:00:00.000,2024-10-01 00:00:00.000,118,2334.97
14211,58837,2024-10-27 00:00:00.000,2024-01-07 00:00:00.000,294,1223.84
14211,63679,2025-01-04 00:00:00.000,2024-10-27 00:00:00.000,69,2389.96
14212,59714,2024-11-07 00:00:00.000,2024-10-10 00:00:00.000,28,49.99
14213,70526,2025-04-12 00:00:00.000,2024-10-05 00:00:00.000,189,27.28
14214,60377,2024-11-16 00:00:00.000,2024-01-14 00:00:00.000,307,1415.78
14214,63604,2025-01-03 00:00:00.000,2024-11-16 00:00:00.000,48,2294.99
14215,59647,2024-11-05 00:00:00.000,2024-01-14 00:00:00.000,296,1249.84
14215,63350,2024-12-30 00:00:00.000,2024-11-05 00:00:00.000,55,2366.95
14216,60316,2024-11-15 00:00:00.000,2024-01-07 00:00:00.000,313,1249.84
14216,63538,2025-01-02 00:00:00.000,2024-11-15 00:00:00.000,48,2354.98
14217,61487,2024-12-03 00:00:00.000,2024-08-08 00:00:00.000,117,49.99
14218,60761,2024-11-22 00:00:00.000,2024-01-17 00:00:00.000,310,1283.82
14218,64510,2025-01-17 00:00:00.000,2024-11-22 00:00:00.000,56,2318.96
14219,60833,2024-11-23 00:00:00.000,2024-01-15 00:00:00.000,313,1214.85
14219,65070,2025-01-26 00:00:00.000,2024-11-23 00:00:00.000,64,2457.95
14220,62283,2024-12-15 00:00:00.000,2024-01-11 00:00:00.000,339,1263.82
14220,64662,2025-01-19 00:00:00.000,2024-12-15 00:00:00.000,35,2360.95
14221,65091,2025-01-27 00:00:00.000,2024-08-06 00:00:00.000,174,32.27
14222,73039,2025-05-15 00:00:00.000,2025-01-17 00:00:00.000,118,49.99
14223,60326,2024-11-16 00:00:00.000,2024-11-03 00:00:00.000,13,105.95
14224,62019,2024-12-11 00:00:00.000,2024-02-08 00:00:00.000,307,1249.84
14224,63481,2025-01-01 00:00:00.000,2024-12-11 00:00:00.000,21,2322.28
14225,63937,2025-01-08 00:00:00.000,2024-01-31 00:00:00.000,343,2304.98
14225,65020,2025-01-25 00:00:00.000,2025-01-08 00:00:00.000,17,1249.84
14226,64663,2025-01-19 00:00:00.000,2024-02-01 00:00:00.000,353,2369.97
14226,65877,2025-02-05 00:00:00.000,2025-01-19 00:00:00.000,17,1214.85
14227,72855,2025-05-13 00:00:00.000,2024-07-28 00:00:00.000,289,64.97
14228,74472,2025-06-09 00:00:00.000,2024-09-28 00:00:00.000,254,24.99
14229,70167,2025-04-07 00:00:00.000,2024-10-16 00:00:00.000,173,24.99
14230,66206,2025-02-10 00:00:00.000,2024-02-05 00:00:00.000,371,1292.81
14230,67134,2025-02-25 00:00:00.000,2025-02-10 00:00:00.000,15,2319.99
14231,62758,2024-12-24 00:00:00.000,2024-07-10 00:00:00.000,167,58.98
14232,57850,2024-10-11 00:00:00.000,2024-08-29 00:00:00.000,43,27.28
14233,62824,2024-12-25 00:00:00.000,2024-12-02 00:00:00.000,23,49.99
14234,65743,2025-02-03 00:00:00.000,2024-01-29 00:00:00.000,371,1249.84
14234,66873,2025-02-21 00:00:00.000,2025-02-03 00:00:00.000,18,2366.46
14235,66064,2025-02-08 00:00:00.000,2024-02-23 00:00:00.000,351,2326.96
14235,68397,2025-03-15 00:00:00.000,2025-02-08 00:00:00.000,35,1283.82
14236,67075,2025-02-24 00:00:00.000,2024-02-21 00:00:00.000,369,2369.97
14236,69242,2025-03-27 00:00:00.000,2025-02-24 00:00:00.000,31,1268.84
14237,64005,2025-01-10 00:00:00.000,2024-09-06 00:00:00.000,126,58.98
14238,65615,2025-02-01 00:00:00.000,2024-02-13 00:00:00.000,354,2343.96
14238,68809,2025-03-21 00:00:00.000,2025-02-01 00:00:00.000,48,1249.84
14239,59323,2024-11-01 00:00:00.000,2023-10-06 00:00:00.000,392,2294.99
14240,61018,2024-11-26 00:00:00.000,2023-10-26 00:00:00.000,397,2390.95
14242,59382,2024-11-02 00:00:00.000,2023-11-12 00:00:00.000,356,2350.96
14244,63900,2025-01-08 00:00:00.000,2024-09-17 00:00:00.000,113,49.97
14244,73551,2025-05-21 00:00:00.000,2025-01-08 00:00:00.000,133,35.00
14253,59955,2024-11-10 00:00:00.000,2023-11-01 00:00:00.000,375,2394.46
14255,59953,2024-11-10 00:00:00.000,2023-11-09 00:00:00.000,367,2379.47
14256,59877,2024-11-09 00:00:00.000,2023-11-11 00:00:00.000,364,2341.97
14259,53966,2024-08-05 00:00:00.000,2024-02-16 00:00:00.000,171,839.48
14259,66370,2025-02-13 00:00:00.000,2024-08-05 00:00:00.000,192,742.35
14260,54235,2024-08-10 00:00:00.000,2024-02-05 00:00:00.000,187,893.47
14260,65559,2025-01-31 00:00:00.000,2024-08-10 00:00:00.000,174,751.34
14261,65444,2025-01-29 00:00:00.000,2024-02-09 00:00:00.000,355,2354.98
14261,70936,2025-04-17 00:00:00.000,2025-01-29 00:00:00.000,78,1249.84
14262,65381,2025-01-28 00:00:00.000,2024-02-03 00:00:00.000,360,2357.28
14262,72581,2025-05-08 00:00:00.000,2025-01-28 00:00:00.000,100,1223.84
14263,66062,2025-02-08 00:00:00.000,2024-02-01 00:00:00.000,373,2329.99
14263,72847,2025-05-12 00:00:00.000,2025-02-08 00:00:00.000,93,1268.84
14264,51634,2024-06-25 00:00:00.000,2024-02-15 00:00:00.000,131,751.34
14264,65671,2025-02-02 00:00:00.000,2024-06-25 00:00:00.000,222,2394.97
14265,61454,2024-12-02 00:00:00.000,2024-12-01 00:00:00.000,1,69.97
14265,72014,2025-05-01 00:00:00.000,2024-12-02 00:00:00.000,150,28.98
14265,73611,2025-05-22 00:00:00.000,2025-05-01 00:00:00.000,21,35.00
14265,74374,2025-06-06 00:00:00.000,2025-05-22 00:00:00.000,15,53.99
14267,68261,2025-03-13 00:00:00.000,2023-11-02 00:00:00.000,497,1785.97
14268,69304,2025-03-28 00:00:00.000,2023-11-27 00:00:00.000,487,1735.98
14270,57826,2024-10-10 00:00:00.000,2023-11-21 00:00:00.000,324,793.76
14272,68194,2025-03-12 00:00:00.000,2023-11-08 00:00:00.000,490,1764.96
14274,73300,2025-05-18 00:00:00.000,2024-09-27 00:00:00.000,233,74.98
14274,74164,2025-05-30 00:00:00.000,2025-05-18 00:00:00.000,12,36.59
14275,51659,2024-06-26 00:00:00.000,2024-02-19 00:00:00.000,128,751.34
14275,67133,2025-02-25 00:00:00.000,2024-06-26 00:00:00.000,244,2357.93
14276,55812,2024-09-05 00:00:00.000,2024-02-07 00:00:00.000,211,815.81
14276,65382,2025-01-28 00:00:00.000,2024-09-05 00:00:00.000,145,2394.45
14277,58701,2024-10-25 00:00:00.000,2024-02-21 00:00:00.000,247,805.33
14277,65858,2025-02-05 00:00:00.000,2024-10-25 00:00:00.000,103,2319.99
14278,64858,2025-01-23 00:00:00.000,2024-12-18 00:00:00.000,36,49.99
14279,58414,2024-10-20 00:00:00.000,2024-02-06 00:00:00.000,257,751.34
14279,67004,2025-02-23 00:00:00.000,2024-10-20 00:00:00.000,126,2337.27
14281,66361,2025-02-13 00:00:00.000,2024-10-07 00:00:00.000,129,2420.34
14282,69178,2025-03-27 00:00:00.000,2024-08-06 00:00:00.000,233,53.99
14282,70619,2025-04-13 00:00:00.000,2025-03-27 00:00:00.000,17,9.99
14282,73734,2025-05-24 00:00:00.000,2025-04-13 00:00:00.000,41,27.28
14282,74509,2025-06-10 00:00:00.000,2025-05-24 00:00:00.000,17,28.98
14283,58523,2024-10-22 00:00:00.000,2023-11-21 00:00:00.000,336,799.48
14284,58331,2024-10-19 00:00:00.000,2023-11-10 00:00:00.000,344,769.49
14285,57623,2024-10-06 00:00:00.000,2023-10-30 00:00:00.000,342,804.48
14286,57369,2024-10-01 00:00:00.000,2024-02-26 00:00:00.000,218,810.32
14286,65672,2025-02-02 00:00:00.000,2024-10-01 00:00:00.000,124,2374.98
14287,60763,2024-11-22 00:00:00.000,2024-02-09 00:00:00.000,287,742.35
14287,65383,2025-01-28 00:00:00.000,2024-11-22 00:00:00.000,67,2349.98
14288,60362,2024-11-16 00:00:00.000,2023-10-31 00:00:00.000,382,2350.96
14289,60018,2024-11-11 00:00:00.000,2023-11-01 00:00:00.000,376,2376.45
14290,60736,2024-11-22 00:00:00.000,2023-12-22 00:00:00.000,336,2376.96
14291,60273,2024-11-15 00:00:00.000,2024-06-30 00:00:00.000,138,69.99
14291,64347,2025-01-15 00:00:00.000,2024-11-15 00:00:00.000,61,138.48
14292,60930,2024-11-25 00:00:00.000,2023-12-21 00:00:00.000,340,2319.26
14297,61075,2024-11-27 00:00:00.000,2023-12-16 00:00:00.000,347,2334.98
14298,60604,2024-11-20 00:00:00.000,2023-12-15 00:00:00.000,341,2365.23
14299,60894,2024-11-24 00:00:00.000,2024-02-07 00:00:00.000,291,742.35
14299,65784,2025-02-04 00:00:00.000,2024-11-24 00:00:00.000,72,2294.99
14300,62816,2024-12-24 00:00:00.000,2024-02-14 00:00:00.000,314,901.35
14300,67249,2025-02-27 00:00:00.000,2024-12-24 00:00:00.000,65,2349.96
14301,62469,2024-12-18 00:00:00.000,2024-02-01 00:00:00.000,321,751.34
14301,66820,2025-02-20 00:00:00.000,2024-12-18 00:00:00.000,64,2319.99
14302,62393,2024-12-17 00:00:00.000,2024-01-28 00:00:00.000,324,742.35
14302,66137,2025-02-09 00:00:00.000,2024-12-17 00:00:00.000,54,2326.96
14303,55664,2024-09-03 00:00:00.000,2024-02-19 00:00:00.000,197,845.46
14303,66764,2025-02-19 00:00:00.000,2024-09-03 00:00:00.000,169,742.35
14304,55797,2024-09-05 00:00:00.000,2024-02-26 00:00:00.000,192,769.49
14304,68885,2025-03-22 00:00:00.000,2024-09-05 00:00:00.000,198,777.34
14305,58762,2024-10-26 00:00:00.000,2024-02-19 00:00:00.000,250,806.76
14305,67837,2025-03-06 00:00:00.000,2024-10-26 00:00:00.000,131,796.34
14306,57292,2024-09-30 00:00:00.000,2024-02-04 00:00:00.000,239,839.46
14306,67572,2025-03-02 00:00:00.000,2024-09-30 00:00:00.000,153,742.35
14307,56071,2024-09-11 00:00:00.000,2024-07-21 00:00:00.000,52,4.99
14307,62160,2024-12-14 00:00:00.000,2024-09-11 00:00:00.000,94,32.27
14308,62155,2024-12-13 00:00:00.000,2024-02-14 00:00:00.000,303,756.33
14308,65856,2025-02-05 00:00:00.000,2024-12-13 00:00:00.000,54,2334.97
14309,70021,2025-04-05 00:00:00.000,2024-07-27 00:00:00.000,252,24.99
14310,64853,2025-01-22 00:00:00.000,2024-02-17 00:00:00.000,340,764.28
14310,66417,2025-02-14 00:00:00.000,2025-01-22 00:00:00.000,23,2364.96
14311,64000,2025-01-10 00:00:00.000,2024-08-05 00:00:00.000,158,63.97
14312,54597,2024-08-17 00:00:00.000,2024-07-20 00:00:00.000,28,159.00
14312,63553,2025-01-03 00:00:00.000,2024-08-17 00:00:00.000,139,24.99
14313,64953,2025-01-25 00:00:00.000,2025-01-08 00:00:00.000,17,63.97
14313,71224,2025-04-22 00:00:00.000,2025-01-25 00:00:00.000,87,39.98
14314,63884,2025-01-08 00:00:00.000,2024-11-19 00:00:00.000,50,63.97
14315,67767,2025-03-06 00:00:00.000,2024-09-21 00:00:00.000,166,35.23
14316,59629,2024-11-05 00:00:00.000,2024-01-30 00:00:00.000,280,858.47
14316,69158,2025-03-26 00:00:00.000,2024-11-05 00:00:00.000,141,889.80
14317,70314,2025-04-09 00:00:00.000,2024-07-07 00:00:00.000,276,31.27
14318,64902,2025-01-24 00:00:00.000,2024-08-10 00:00:00.000,167,74.48
14319,72359,2025-05-06 00:00:00.000,2024-11-30 00:00:00.000,157,63.97
14320,66569,2025-02-17 00:00:00.000,2024-12-17 00:00:00.000,62,211.96
14321,75003,2025-06-26 00:00:00.000,2025-04-15 00:00:00.000,72,49.99
14322,65442,2025-01-29 00:00:00.000,2024-01-31 00:00:00.000,364,2319.99
14322,66077,2025-02-08 00:00:00.000,2025-01-29 00:00:00.000,10,742.35
14323,65496,2025-01-30 00:00:00.000,2024-02-13 00:00:00.000,352,2379.26
14323,67015,2025-02-23 00:00:00.000,2025-01-30 00:00:00.000,24,771.34
14324,65949,2025-02-06 00:00:00.000,2024-02-04 00:00:00.000,368,777.34
14324,66488,2025-02-15 00:00:00.000,2025-02-06 00:00:00.000,9,2294.99
14325,67074,2025-02-24 00:00:00.000,2024-02-24 00:00:00.000,366,2297.28
14325,68677,2025-03-19 00:00:00.000,2025-02-24 00:00:00.000,23,806.32
14326,66930,2025-02-22 00:00:00.000,2024-02-04 00:00:00.000,384,2370.96
14326,68341,2025-03-14 00:00:00.000,2025-02-22 00:00:00.000,20,765.32
14328,54986,2024-08-24 00:00:00.000,2024-07-24 00:00:00.000,31,62.98
14328,55431,2024-08-30 00:00:00.000,2024-08-24 00:00:00.000,6,42.28
14328,66386,2025-02-14 00:00:00.000,2024-08-30 00:00:00.000,168,89.46
14328,67651,2025-03-04 00:00:00.000,2025-02-14 00:00:00.000,18,63.97
14332,59668,2024-11-06 00:00:00.000,2024-11-05 00:00:00.000,1,9.99
14332,64627,2025-01-19 00:00:00.000,2024-11-06 00:00:00.000,74,32.27
14332,65409,2025-01-29 00:00:00.000,2025-01-19 00:00:00.000,10,24.99
14334,57888,2024-10-11 00:00:00.000,2023-12-24 00:00:00.000,292,848.47
14335,58885,2024-10-28 00:00:00.000,2023-11-30 00:00:00.000,333,804.48
14336,57999,2024-10-13 00:00:00.000,2023-12-06 00:00:00.000,312,893.47
14337,57938,2024-10-12 00:00:00.000,2024-01-03 00:00:00.000,283,814.71
14341,66037,2025-02-08 00:00:00.000,2024-12-09 00:00:00.000,61,39.22
14341,68567,2025-03-18 00:00:00.000,2025-02-08 00:00:00.000,38,23.97
14341,74925,2025-06-23 00:00:00.000,2025-03-18 00:00:00.000,97,68.97
14342,58332,2024-10-19 00:00:00.000,2023-12-31 00:00:00.000,293,804.48
14343,57286,2024-09-30 00:00:00.000,2024-01-18 00:00:00.000,256,839.48
14344,73653,2025-05-23 00:00:00.000,2024-09-18 00:00:00.000,247,62.98
14345,59981,2024-11-10 00:00:00.000,2024-01-30 00:00:00.000,285,848.47
14345,73333,2025-05-18 00:00:00.000,2024-11-10 00:00:00.000,189,742.35
14346,62230,2024-12-14 00:00:00.000,2024-02-26 00:00:00.000,292,769.49
14346,72127,2025-05-02 00:00:00.000,2024-12-14 00:00:00.000,139,742.35
14347,62282,2024-12-15 00:00:00.000,2024-02-22 00:00:00.000,297,828.97
14348,62692,2024-12-22 00:00:00.000,2024-02-04 00:00:00.000,322,917.96
14353,55405,2024-08-30 00:00:00.000,2024-08-15 00:00:00.000,15,38.88
14353,55703,2024-09-04 00:00:00.000,2024-08-30 00:00:00.000,5,14.98
14354,69716,2025-03-31 00:00:00.000,2024-01-24 00:00:00.000,432,1754.98
14355,57997,2024-10-13 00:00:00.000,2024-01-14 00:00:00.000,273,804.48
14356,59625,2024-11-05 00:00:00.000,2024-01-23 00:00:00.000,287,2351.96
14357,59954,2024-11-10 00:00:00.000,2024-01-26 00:00:00.000,289,2337.27
14359,68437,2025-03-16 00:00:00.000,2024-07-12 00:00:00.000,247,42.28
14359,70774,2025-04-15 00:00:00.000,2025-03-16 00:00:00.000,30,134.98
14362,57937,2024-10-12 00:00:00.000,2024-01-12 00:00:00.000,274,845.46
14363,68696,2025-03-20 00:00:00.000,2024-09-28 00:00:00.000,173,38.88
14363,70978,2025-04-18 00:00:00.000,2025-03-20 00:00:00.000,29,138.48
14364,60230,2024-11-14 00:00:00.000,2024-01-13 00:00:00.000,306,893.47
14365,61010,2024-11-26 00:00:00.000,2023-12-31 00:00:00.000,331,804.48
14366,61011,2024-11-26 00:00:00.000,2024-02-15 00:00:00.000,285,897.44
14367,59802,2024-11-08 00:00:00.000,2024-02-03 00:00:00.000,279,839.48
14370,62188,2024-12-14 00:00:00.000,2024-12-12 00:00:00.000,2,32.60
14370,62799,2024-12-24 00:00:00.000,2024-12-14 00:00:00.000,10,74.98
14371,73219,2025-05-17 00:00:00.000,2024-08-14 00:00:00.000,276,37.29
14371,74344,2025-06-05 00:00:00.000,2025-05-17 00:00:00.000,19,32.60
14374,59188,2024-10-30 00:00:00.000,2024-02-27 00:00:00.000,246,2362.27
14377,59626,2024-11-05 00:00:00.000,2024-02-12 00:00:00.000,267,2319.99
14378,59243,2024-10-31 00:00:00.000,2024-02-17 00:00:00.000,257,808.96
14379,59186,2024-10-30 00:00:00.000,2024-02-20 00:00:00.000,253,854.47
14380,60877,2024-11-24 00:00:00.000,2024-02-18 00:00:00.000,280,2329.99
14381,60363,2024-11-16 00:00:00.000,2024-02-02 00:00:00.000,288,2329.98
14382,60019,2024-11-11 00:00:00.000,2024-02-02 00:00:00.000,283,2373.47
14385,60603,2024-11-20 00:00:00.000,2024-03-19 00:00:00.000,246,777.44
14386,60731,2024-11-22 00:00:00.000,2024-03-11 00:00:00.000,256,917.96
14392,63046,2024-12-28 00:00:00.000,2024-03-09 00:00:00.000,294,2294.99
14394,62620,2024-12-21 00:00:00.000,2024-03-20 00:00:00.000,276,2344.26
14398,61008,2024-11-26 00:00:00.000,2024-03-13 00:00:00.000,258,804.48
14400,62133,2024-12-13 00:00:00.000,2024-03-03 00:00:00.000,285,2356.96
14406,59746,2024-11-07 00:00:00.000,2024-03-07 00:00:00.000,245,850.95
14411,62986,2024-12-27 00:00:00.000,2024-03-04 00:00:00.000,298,2359.98
14412,61637,2024-12-05 00:00:00.000,2024-03-28 00:00:00.000,252,2319.99
14413,59374,2024-11-02 00:00:00.000,2024-03-23 00:00:00.000,224,889.47
14414,61152,2024-11-28 00:00:00.000,2024-03-15 00:00:00.000,258,793.46
14415,61009,2024-11-26 00:00:00.000,2024-03-15 00:00:00.000,256,769.49
14417,60288,2024-11-15 00:00:00.000,2024-03-03 00:00:00.000,257,848.47
14418,59542,2024-11-04 00:00:00.000,2024-03-02 00:00:00.000,247,928.49
14419,62271,2024-12-15 00:00:00.000,2024-04-13 00:00:00.000,246,2370.96
14420,61359,2024-11-30 00:00:00.000,2024-04-27 00:00:00.000,217,2319.99
14421,62667,2024-12-22 00:00:00.000,2024-04-06 00:00:00.000,260,2368.97
14423,58049,2024-10-14 00:00:00.000,2024-09-03 00:00:00.000,41,49.97
14424,59078,2024-10-29 00:00:00.000,2023-08-04 00:00:00.000,452,2359.97
14424,67027,2025-02-24 00:00:00.000,2024-10-29 00:00:00.000,118,2457.33
14425,53184,2024-07-24 00:00:00.000,2023-02-14 00:00:00.000,526,2419.06
14425,59904,2024-11-10 00:00:00.000,2024-07-24 00:00:00.000,109,2334.97
14426,52406,2024-07-09 00:00:00.000,2023-02-20 00:00:00.000,505,2384.07
14426,60249,2024-11-15 00:00:00.000,2024-07-09 00:00:00.000,129,2356.96
14427,61034,2024-11-27 00:00:00.000,2022-09-05 00:00:00.000,814,2474.94
14427,65066,2025-01-26 00:00:00.000,2024-11-27 00:00:00.000,60,2398.05
14428,53132,2024-07-23 00:00:00.000,2023-01-28 00:00:00.000,542,2413.06
14428,62035,2024-12-12 00:00:00.000,2024-07-23 00:00:00.000,142,2329.98
14429,61383,2024-12-01 00:00:00.000,2022-08-30 00:00:00.000,824,2396.96
14429,64356,2025-01-15 00:00:00.000,2024-12-01 00:00:00.000,45,2419.06
14433,61713,2024-12-06 00:00:00.000,2024-04-06 00:00:00.000,244,2341.97
14434,61581,2024-12-04 00:00:00.000,2024-04-13 00:00:00.000,235,2395.96
14436,67076,2025-02-24 00:00:00.000,2024-10-16 00:00:00.000,131,2419.06
14438,62856,2024-12-25 00:00:00.000,2024-04-08 00:00:00.000,261,2351.96
14439,62446,2024-12-18 00:00:00.000,2024-04-03 00:00:00.000,259,2312.26
14440,62447,2024-12-18 00:00:00.000,2024-03-31 00:00:00.000,262,2366.94
14442,62331,2024-12-16 00:00:00.000,2024-04-19 00:00:00.000,241,2369.97
14446,69337,2025-03-29 00:00:00.000,2024-07-03 00:00:00.000,269,94.48
14446,71315,2025-04-23 00:00:00.000,2025-03-29 00:00:00.000,25,37.29
14447,61904,2024-12-09 00:00:00.000,2024-04-17 00:00:00.000,236,2384.96
14448,62666,2024-12-22 00:00:00.000,2024-04-12 00:00:00.000,254,2369.97
14449,61414,2024-12-01 00:00:00.000,2024-04-11 00:00:00.000,234,2354.98
14451,61952,2024-12-10 00:00:00.000,2024-04-04 00:00:00.000,250,2362.27
14452,61771,2024-12-07 00:00:00.000,2024-04-13 00:00:00.000,238,2376.96
14453,62735,2024-12-23 00:00:00.000,2024-04-05 00:00:00.000,262,2400.95
14455,61879,2024-12-09 00:00:00.000,2024-08-01 00:00:00.000,130,119.98
14455,70707,2025-04-14 00:00:00.000,2024-12-09 00:00:00.000,126,74.98
14456,61358,2024-11-30 00:00:00.000,2024-03-31 00:00:00.000,244,2405.47
14457,62855,2024-12-25 00:00:00.000,2024-05-01 00:00:00.000,238,2359.46
14458,65599,2025-02-01 00:00:00.000,2024-12-16 00:00:00.000,47,39.99
14458,66339,2025-02-13 00:00:00.000,2025-02-01 00:00:00.000,12,14.98
14459,66363,2025-02-13 00:00:00.000,2024-11-13 00:00:00.000,92,2398.05
14461,62072,2024-12-12 00:00:00.000,2024-05-21 00:00:00.000,205,2309.97
14464,61466,2024-12-02 00:00:00.000,2024-05-16 00:00:00.000,200,2357.28
14470,61903,2024-12-09 00:00:00.000,2024-05-18 00:00:00.000,205,2381.96
14471,61951,2024-12-10 00:00:00.000,2024-05-02 00:00:00.000,222,2354.99
14472,62924,2024-12-26 00:00:00.000,2024-05-26 00:00:00.000,214,2503.26
14473,62736,2024-12-23 00:00:00.000,2024-05-08 00:00:00.000,229,2413.48
14477,62925,2024-12-26 00:00:00.000,2024-05-05 00:00:00.000,235,2341.97
14478,65736,2025-02-03 00:00:00.000,2024-11-08 00:00:00.000,87,2453.04
14480,65487,2025-01-30 00:00:00.000,2025-01-11 00:00:00.000,19,74.98
14480,69818,2025-04-02 00:00:00.000,2025-01-30 00:00:00.000,62,69.99
14481,62983,2024-12-27 00:00:00.000,2024-05-19 00:00:00.000,222,2359.98
14484,61411,2024-12-01 00:00:00.000,2024-05-03 00:00:00.000,212,2344.96
14485,62003,2024-12-11 00:00:00.000,2024-05-19 00:00:00.000,206,2312.26
14486,61302,2024-11-29 00:00:00.000,2024-04-29 00:00:00.000,214,2309.97
14494,59801,2024-11-08 00:00:00.000,2024-05-02 00:00:00.000,190,769.49
14495,60729,2024-11-22 00:00:00.000,2024-05-19 00:00:00.000,187,839.48
14498,61838,2024-12-08 00:00:00.000,2024-04-30 00:00:00.000,222,2393.95
14501,62071,2024-12-12 00:00:00.000,2022-05-30 00:00:00.000,927,2294.99
14502,55474,2024-08-31 00:00:00.000,2024-08-17 00:00:00.000,14,69.99
14502,67381,2025-02-28 00:00:00.000,2024-08-31 00:00:00.000,181,37.29
14504,68705,2025-03-20 00:00:00.000,2024-12-21 00:00:00.000,89,69.99
14504,74929,2025-06-23 00:00:00.000,2025-03-20 00:00:00.000,95,49.97
14510,62663,2024-12-22 00:00:00.000,2022-06-23 00:00:00.000,913,2337.27
14516,62030,2024-12-12 00:00:00.000,2024-07-23 00:00:00.000,142,53.99
14517,68739,2025-03-21 00:00:00.000,2024-12-09 00:00:00.000,102,28.98
14518,63366,2024-12-31 00:00:00.000,2024-07-19 00:00:00.000,165,62.98
14520,59687,2024-11-06 00:00:00.000,2022-06-05 00:00:00.000,885,804.48
14521,70678,2025-04-14 00:00:00.000,2024-12-17 00:00:00.000,118,53.99
14522,66951,2025-02-23 00:00:00.000,2024-10-13 00:00:00.000,133,53.99
14523,59388,2024-11-02 00:00:00.000,2024-02-16 00:00:00.000,260,1735.98
14524,63629,2025-01-04 00:00:00.000,2023-08-04 00:00:00.000,519,819.48
14525,55021,2024-08-24 00:00:00.000,2022-09-07 00:00:00.000,717,777.34
14525,69174,2025-03-27 00:00:00.000,2024-08-24 00:00:00.000,215,2309.97
14529,73677,2025-05-23 00:00:00.000,2024-09-12 00:00:00.000,253,58.47
14530,70792,2025-04-15 00:00:00.000,2024-08-19 00:00:00.000,239,36.27
14531,55164,2024-08-27 00:00:00.000,2024-07-26 00:00:00.000,32,71.58
14533,74207,2025-05-31 00:00:00.000,2025-02-03 00:00:00.000,117,91.58
14535,54565,2024-08-16 00:00:00.000,2024-08-07 00:00:00.000,9,28.99
14538,66381,2025-02-14 00:00:00.000,2023-08-04 00:00:00.000,560,835.45
14539,67215,2025-02-27 00:00:00.000,2023-08-02 00:00:00.000,575,828.47
14540,65656,2025-02-02 00:00:00.000,2024-08-08 00:00:00.000,178,119.98
14541,66651,2025-02-18 00:00:00.000,2023-02-07 00:00:00.000,742,819.48
14542,67801,2025-03-06 00:00:00.000,2024-12-18 00:00:00.000,78,78.98
14545,74680,2025-06-15 00:00:00.000,2024-09-12 00:00:00.000,276,33.98
14546,74269,2025-06-02 00:00:00.000,2024-08-17 00:00:00.000,289,123.98
14547,73747,2025-05-24 00:00:00.000,2025-04-24 00:00:00.000,30,123.98
14552,71239,2025-04-22 00:00:00.000,2025-03-23 00:00:00.000,30,69.99
14553,56828,2024-09-25 00:00:00.000,2024-08-19 00:00:00.000,37,68.97
14554,63915,2025-01-08 00:00:00.000,2024-09-06 00:00:00.000,124,108.46
14555,68629,2025-03-19 00:00:00.000,2023-08-28 00:00:00.000,569,839.46
14557,74940,2025-06-24 00:00:00.000,2024-06-30 00:00:00.000,359,53.99
14558,59950,2024-11-10 00:00:00.000,2022-06-26 00:00:00.000,868,828.97
14559,59376,2024-11-02 00:00:00.000,2022-06-17 00:00:00.000,869,848.47
14560,59242,2024-10-31 00:00:00.000,2022-06-06 00:00:00.000,878,839.48
14561,63974,2025-01-09 00:00:00.000,2024-07-03 00:00:00.000,190,37.29
14561,70536,2025-04-12 00:00:00.000,2025-01-09 00:00:00.000,93,71.58
14565,60730,2024-11-22 00:00:00.000,2022-07-05 00:00:00.000,871,804.48
14566,63709,2025-01-05 00:00:00.000,2024-09-16 00:00:00.000,111,78.96
14566,67378,2025-02-28 00:00:00.000,2025-01-05 00:00:00.000,54,126.94
14567,60674,2024-11-21 00:00:00.000,2024-06-29 00:00:00.000,145,50.23
14567,72457,2025-05-07 00:00:00.000,2024-11-21 00:00:00.000,167,14.98
14572,62618,2024-12-21 00:00:00.000,2022-07-18 00:00:00.000,887,2316.97
14574,61504,2024-12-03 00:00:00.000,2024-11-22 00:00:00.000,11,74.46
14574,71579,2025-04-27 00:00:00.000,2024-12-03 00:00:00.000,145,38.88
14576,61948,2024-12-10 00:00:00.000,2022-07-12 00:00:00.000,882,777.44
14577,61835,2024-12-08 00:00:00.000,2022-07-28 00:00:00.000,864,806.76
14580,61356,2024-11-30 00:00:00.000,2022-08-15 00:00:00.000,838,769.49
14581,61357,2024-11-30 00:00:00.000,2022-08-05 00:00:00.000,848,863.95
14582,56502,2024-09-19 00:00:00.000,2024-07-12 00:00:00.000,69,46.83
14582,71458,2025-04-25 00:00:00.000,2024-09-19 00:00:00.000,218,49.98
14584,62381,2024-12-17 00:00:00.000,2022-08-06 00:00:00.000,864,2340.94
14585,62664,2024-12-22 00:00:00.000,2022-08-25 00:00:00.000,850,2316.97
14586,72765,2025-05-11 00:00:00.000,2025-04-20 00:00:00.000,21,39.99
14586,73532,2025-05-21 00:00:00.000,2025-05-11 00:00:00.000,10,123.98
14589,62212,2024-12-14 00:00:00.000,2022-08-28 00:00:00.000,839,769.49
14590,62128,2024-12-13 00:00:00.000,2022-08-18 00:00:00.000,848,898.46
14591,61834,2024-12-08 00:00:00.000,2022-09-06 00:00:00.000,824,801.77
14596,62617,2024-12-21 00:00:00.000,2022-09-11 00:00:00.000,832,2356.95
14597,68871,2025-03-22 00:00:00.000,2024-11-27 00:00:00.000,115,2419.06
14598,68330,2025-03-14 00:00:00.000,2024-11-02 00:00:00.000,132,2393.06
14599,61766,2024-12-07 00:00:00.000,2022-09-21 00:00:00.000,808,2354.98
14601,61950,2024-12-10 00:00:00.000,2022-09-28 00:00:00.000,804,2376.96
14602,61635,2024-12-05 00:00:00.000,2022-09-05 00:00:00.000,822,2451.44
14603,62982,2024-12-27 00:00:00.000,2022-09-06 00:00:00.000,843,2334.97
14604,52359,2024-07-08 00:00:00.000,2024-07-06 00:00:00.000,2,35.00
14604,57501,2024-10-04 00:00:00.000,2024-07-08 00:00:00.000,88,78.98
14605,68138,2025-03-11 00:00:00.000,2024-11-26 00:00:00.000,105,2433.04
14606,68526,2025-03-17 00:00:00.000,2024-11-18 00:00:00.000,119,2384.07
14610,62852,2024-12-25 00:00:00.000,2022-09-04 00:00:00.000,843,769.49
14611,68002,2025-03-09 00:00:00.000,2025-02-03 00:00:00.000,34,39.99
14611,68292,2025-03-14 00:00:00.000,2025-03-09 00:00:00.000,5,195.59
14613,61711,2024-12-06 00:00:00.000,2022-09-27 00:00:00.000,801,902.46
14614,62377,2024-12-17 00:00:00.000,2022-10-27 00:00:00.000,782,946.45
14616,61710,2024-12-06 00:00:00.000,2022-10-25 00:00:00.000,773,839.48
14617,62066,2024-12-12 00:00:00.000,2022-10-11 00:00:00.000,793,839.46
14626,68993,2025-03-24 00:00:00.000,2024-09-04 00:00:00.000,201,149.46
14626,73738,2025-05-24 00:00:00.000,2025-03-24 00:00:00.000,61,14.98
14632,73612,2025-05-22 00:00:00.000,2024-07-31 00:00:00.000,295,74.98
14632,74451,2025-06-08 00:00:00.000,2025-05-22 00:00:00.000,17,71.58
14633,56042,2024-09-10 00:00:00.000,2024-07-18 00:00:00.000,54,23.97
14633,69758,2025-04-01 00:00:00.000,2024-09-10 00:00:00.000,203,146.95
14634,62851,2024-12-25 00:00:00.000,2022-10-29 00:00:00.000,788,839.48
14636,61901,2024-12-09 00:00:00.000,2022-10-22 00:00:00.000,779,839.48
14639,62211,2024-12-14 00:00:00.000,2022-10-14 00:00:00.000,792,848.47
14641,63444,2025-01-01 00:00:00.000,2024-09-07 00:00:00.000,116,34.89
14641,68506,2025-03-17 00:00:00.000,2025-01-01 00:00:00.000,75,35.00
14643,64651,2025-01-19 00:00:00.000,2022-11-02 00:00:00.000,809,913.96
14645,64424,2025-01-16 00:00:00.000,2022-11-23 00:00:00.000,785,839.48
14646,63469,2025-01-01 00:00:00.000,2022-11-24 00:00:00.000,769,839.46
14647,64835,2025-01-22 00:00:00.000,2022-11-19 00:00:00.000,795,889.47
14648,61410,2024-12-01 00:00:00.000,2022-11-14 00:00:00.000,748,2324.92
14649,63470,2025-01-01 00:00:00.000,2022-11-19 00:00:00.000,774,902.46
14650,64652,2025-01-19 00:00:00.000,2022-11-26 00:00:00.000,785,839.48
14651,64213,2025-01-13 00:00:00.000,2022-11-06 00:00:00.000,799,889.47
14652,65060,2025-01-26 00:00:00.000,2022-11-21 00:00:00.000,797,828.97
14653,63666,2025-01-04 00:00:00.000,2022-12-24 00:00:00.000,742,848.47
14655,55891,2024-09-07 00:00:00.000,2024-07-23 00:00:00.000,46,69.99
14655,57777,2024-10-09 00:00:00.000,2024-09-07 00:00:00.000,32,35.00
14656,62069,2024-12-12 00:00:00.000,2022-12-12 00:00:00.000,731,2384.96
14657,61768,2024-12-07 00:00:00.000,2022-11-30 00:00:00.000,738,2376.96
14658,64018,2025-01-10 00:00:00.000,2024-11-03 00:00:00.000,68,32.60
14658,70113,2025-04-06 00:00:00.000,2025-01-10 00:00:00.000,86,22.93
14660,63977,2025-01-09 00:00:00.000,2022-12-18 00:00:00.000,753,889.47
14661,59516,2024-11-04 00:00:00.000,2024-10-01 00:00:00.000,34,96.07
14661,63575,2025-01-03 00:00:00.000,2024-11-04 00:00:00.000,60,23.97
14662,64035,2025-01-10 00:00:00.000,2022-12-24 00:00:00.000,748,902.98
14664,62443,2024-12-18 00:00:00.000,2022-12-29 00:00:00.000,720,2401.45
14665,62028,2024-12-12 00:00:00.000,2024-11-21 00:00:00.000,21,49.99
14666,66871,2025-02-21 00:00:00.000,2024-02-10 00:00:00.000,377,2329.99
14666,68149,2025-03-11 00:00:00.000,2025-02-21 00:00:00.000,18,820.83
14667,65613,2025-02-01 00:00:00.000,2024-02-24 00:00:00.000,343,2439.99
14667,68735,2025-03-20 00:00:00.000,2025-02-01 00:00:00.000,47,806.32
14668,67248,2025-02-27 00:00:00.000,2024-02-04 00:00:00.000,389,2394.97
14668,69241,2025-03-27 00:00:00.000,2025-02-27 00:00:00.000,28,750.30
14669,72002,2025-05-01 00:00:00.000,2025-02-05 00:00:00.000,85,31.27
14670,61538,2024-12-03 00:00:00.000,2024-02-08 00:00:00.000,299,848.47
14671,63994,2025-01-09 00:00:00.000,2024-02-25 00:00:00.000,319,862.95
14672,67002,2025-02-23 00:00:00.000,2024-02-26 00:00:00.000,363,2409.97
14672,70871,2025-04-16 00:00:00.000,2025-02-23 00:00:00.000,52,756.33
14673,65940,2025-02-06 00:00:00.000,2024-02-09 00:00:00.000,363,2294.99
14673,71770,2025-04-29 00:00:00.000,2025-02-06 00:00:00.000,82,751.34
14674,70942,2025-04-18 00:00:00.000,2025-01-29 00:00:00.000,79,92.48
14675,74370,2025-06-06 00:00:00.000,2024-11-06 00:00:00.000,212,49.99
14676,67003,2025-02-23 00:00:00.000,2024-02-14 00:00:00.000,375,2396.96
14676,70749,2025-04-14 00:00:00.000,2025-02-23 00:00:00.000,50,742.35
14677,73945,2025-05-27 00:00:00.000,2024-10-10 00:00:00.000,229,31.27
14678,74552,2025-06-12 00:00:00.000,2024-07-21 00:00:00.000,326,117.96
14679,74694,2025-06-16 00:00:00.000,2025-05-26 00:00:00.000,21,49.99
14680,75088,2025-06-29 00:00:00.000,2025-04-29 00:00:00.000,61,113.96
14681,66061,2025-02-08 00:00:00.000,2024-01-29 00:00:00.000,376,2351.96
14681,70164,2025-04-06 00:00:00.000,2025-02-08 00:00:00.000,57,777.34
14682,72446,2025-05-07 00:00:00.000,2024-10-16 00:00:00.000,203,49.99
14683,55876,2024-09-07 00:00:00.000,2024-07-31 00:00:00.000,38,54.99
14683,67152,2025-02-26 00:00:00.000,2024-09-07 00:00:00.000,172,24.99
14684,73340,2025-05-19 00:00:00.000,2025-03-17 00:00:00.000,63,31.27
14684,74371,2025-06-06 00:00:00.000,2025-05-19 00:00:00.000,18,54.99
14685,63954,2025-01-09 00:00:00.000,2024-12-31 00:00:00.000,9,54.99
14685,68892,2025-03-23 00:00:00.000,2025-01-09 00:00:00.000,73,64.47
14686,65953,2025-02-07 00:00:00.000,2024-09-12 00:00:00.000,148,24.99
14686,70383,2025-04-10 00:00:00.000,2025-02-07 00:00:00.000,62,118.49
14692,74574,2025-06-12 00:00:00.000,2025-04-12 00:00:00.000,61,69.99
14694,59440,2024-11-03 00:00:00.000,2024-08-06 00:00:00.000,89,77.96
14697,54418,2024-08-13 00:00:00.000,2022-10-28 00:00:00.000,655,776.33
14697,67428,2025-03-01 00:00:00.000,2024-08-13 00:00:00.000,200,2329.98
14700,68407,2025-03-16 00:00:00.000,2022-10-26 00:00:00.000,872,2325.96
14701,67779,2025-03-06 00:00:00.000,2023-08-14 00:00:00.000,570,819.46
14702,54969,2024-08-23 00:00:00.000,2022-10-06 00:00:00.000,687,777.34
14702,67850,2025-03-07 00:00:00.000,2024-08-23 00:00:00.000,196,2373.96
14705,69318,2025-03-29 00:00:00.000,2022-10-11 00:00:00.000,900,2297.28
14708,69256,2025-03-28 00:00:00.000,2023-09-18 00:00:00.000,557,784.47
14709,65962,2025-02-07 00:00:00.000,2023-02-13 00:00:00.000,725,819.48
14712,55724,2024-09-04 00:00:00.000,2022-10-19 00:00:00.000,686,742.35
14712,67702,2025-03-05 00:00:00.000,2024-09-04 00:00:00.000,182,2339.97
14713,60765,2024-11-23 00:00:00.000,2023-02-10 00:00:00.000,652,2304.98
14713,72351,2025-05-05 00:00:00.000,2024-11-23 00:00:00.000,163,578.46
14714,58130,2024-10-16 00:00:00.000,2023-09-22 00:00:00.000,390,2379.97
14714,74091,2025-05-28 00:00:00.000,2024-10-16 00:00:00.000,224,562.96
14716,58250,2024-10-18 00:00:00.000,2023-09-09 00:00:00.000,405,2294.99
14716,72721,2025-05-10 00:00:00.000,2024-10-18 00:00:00.000,204,561.92
14717,57722,2024-10-08 00:00:00.000,2024-08-12 00:00:00.000,57,78.96
14719,57595,2024-10-06 00:00:00.000,2023-09-07 00:00:00.000,395,2405.47
14719,73780,2025-05-24 00:00:00.000,2024-10-06 00:00:00.000,230,663.44
14720,69097,2025-03-26 00:00:00.000,2022-10-13 00:00:00.000,895,2322.28
14722,63596,2025-01-03 00:00:00.000,2022-12-30 00:00:00.000,735,769.49
14723,56199,2024-09-13 00:00:00.000,2024-08-19 00:00:00.000,25,32.60
14723,60545,2024-11-19 00:00:00.000,2024-09-13 00:00:00.000,67,39.99
14724,60659,2024-11-21 00:00:00.000,2024-10-19 00:00:00.000,33,17.27
14724,74565,2025-06-12 00:00:00.000,2024-11-21 00:00:00.000,203,38.88
14725,61612,2024-12-05 00:00:00.000,2024-08-17 00:00:00.000,110,158.88
14725,72687,2025-05-10 00:00:00.000,2024-12-05 00:00:00.000,156,89.98
14726,64711,2025-01-20 00:00:00.000,2022-12-24 00:00:00.000,758,784.47
14727,64154,2025-01-12 00:00:00.000,2022-12-07 00:00:00.000,767,863.97
14728,64834,2025-01-22 00:00:00.000,2022-12-23 00:00:00.000,761,863.97
14730,74086,2025-05-28 00:00:00.000,2023-01-25 00:00:00.000,854,1888.97
14731,72636,2025-05-09 00:00:00.000,2023-01-24 00:00:00.000,836,1735.98
14732,72348,2025-05-05 00:00:00.000,2023-01-03 00:00:00.000,853,1750.98
14733,53343,2024-07-27 00:00:00.000,2022-12-31 00:00:00.000,574,1155.48
14734,53659,2024-07-30 00:00:00.000,2023-01-05 00:00:00.000,572,1155.48
14735,54654,2024-08-17 00:00:00.000,2023-01-05 00:00:00.000,590,1155.48
14737,58015,2024-10-13 00:00:00.000,2023-01-23 00:00:00.000,629,1174.48
14738,65489,2025-01-30 00:00:00.000,2023-02-10 00:00:00.000,720,804.48
14739,66476,2025-02-15 00:00:00.000,2023-02-22 00:00:00.000,724,801.77
14740,65722,2025-02-03 00:00:00.000,2023-01-30 00:00:00.000,735,834.46
14741,66684,2025-02-18 00:00:00.000,2023-02-13 00:00:00.000,736,889.47
14744,66812,2025-02-20 00:00:00.000,2023-01-30 00:00:00.000,752,806.76
14746,66298,2025-02-12 00:00:00.000,2023-02-05 00:00:00.000,738,889.47
14747,67236,2025-02-27 00:00:00.000,2023-02-14 00:00:00.000,744,804.48
14750,66864,2025-02-21 00:00:00.000,2023-02-14 00:00:00.000,738,913.96
14752,66738,2025-02-19 00:00:00.000,2023-03-29 00:00:00.000,693,828.97
14753,66920,2025-02-22 00:00:00.000,2023-03-02 00:00:00.000,723,769.49
14754,66993,2025-02-23 00:00:00.000,2023-03-06 00:00:00.000,720,801.77
14755,67238,2025-02-27 00:00:00.000,2023-03-24 00:00:00.000,706,893.47
14756,65666,2025-02-02 00:00:00.000,2023-03-27 00:00:00.000,678,889.47
14757,65998,2025-02-07 00:00:00.000,2023-03-19 00:00:00.000,691,839.48
14760,61462,2024-12-02 00:00:00.000,2024-11-04 00:00:00.000,28,37.29
14760,72880,2025-05-13 00:00:00.000,2024-12-02 00:00:00.000,162,119.98
14765,65901,2025-02-06 00:00:00.000,2025-01-25 00:00:00.000,12,9.99
14765,74514,2025-06-10 00:00:00.000,2025-02-06 00:00:00.000,124,34.89
14769,67499,2025-03-02 00:00:00.000,2023-02-03 00:00:00.000,758,819.48
14770,56744,2024-09-23 00:00:00.000,2022-11-27 00:00:00.000,666,771.34
14770,68160,2025-03-12 00:00:00.000,2024-09-23 00:00:00.000,170,2329.98
14771,55601,2024-09-02 00:00:00.000,2022-11-17 00:00:00.000,655,756.33
14771,68547,2025-03-18 00:00:00.000,2024-09-02 00:00:00.000,197,2354.98
14772,69029,2025-03-25 00:00:00.000,2023-02-16 00:00:00.000,768,801.77
14773,54820,2024-08-20 00:00:00.000,2023-09-02 00:00:00.000,353,2419.06
14773,61097,2024-11-28 00:00:00.000,2024-08-20 00:00:00.000,100,2414.99
14774,60520,2024-11-19 00:00:00.000,2023-01-31 00:00:00.000,658,2294.99
14774,72578,2025-05-08 00:00:00.000,2024-11-19 00:00:00.000,170,561.48
14775,51299,2024-06-05 00:00:00.000,2023-02-04 00:00:00.000,487,2419.06
14775,59489,2024-11-04 00:00:00.000,2024-06-05 00:00:00.000,152,2406.95
14776,67909,2025-03-08 00:00:00.000,2022-11-21 00:00:00.000,838,2329.98
14777,68965,2025-03-24 00:00:00.000,2022-11-01 00:00:00.000,874,2344.96
14778,56745,2024-09-23 00:00:00.000,2022-11-12 00:00:00.000,681,750.30
14778,70954,2025-04-18 00:00:00.000,2024-09-23 00:00:00.000,207,2344.96
14779,68483,2025-03-17 00:00:00.000,2023-09-15 00:00:00.000,549,819.48
14783,66855,2025-02-21 00:00:00.000,2025-02-13 00:00:00.000,8,88.97
14784,72381,2025-05-06 00:00:00.000,2024-12-03 00:00:00.000,154,119.98
14787,71975,2025-04-30 00:00:00.000,2024-12-27 00:00:00.000,124,68.97
14789,68480,2025-03-17 00:00:00.000,2023-02-19 00:00:00.000,757,804.47
14790,53974,2024-08-05 00:00:00.000,2023-09-18 00:00:00.000,322,2442.54
14790,60323,2024-11-16 00:00:00.000,2024-08-05 00:00:00.000,103,2380.47
14791,56643,2024-09-21 00:00:00.000,2023-09-28 00:00:00.000,359,2422.54
14791,60633,2024-11-21 00:00:00.000,2024-09-21 00:00:00.000,61,2344.96
14792,69317,2025-03-29 00:00:00.000,2022-11-29 00:00:00.000,851,2334.97
14793,68899,2025-03-23 00:00:00.000,2022-11-07 00:00:00.000,867,2369.97
14794,70602,2025-04-13 00:00:00.000,2022-11-20 00:00:00.000,875,2294.99
14795,68277,2025-03-14 00:00:00.000,2023-02-01 00:00:00.000,772,801.77
14796,71506,2025-04-26 00:00:00.000,2023-09-24 00:00:00.000,580,889.45
14797,69095,2025-03-26 00:00:00.000,2023-02-22 00:00:00.000,763,819.48
14798,71227,2025-04-22 00:00:00.000,2023-09-10 00:00:00.000,590,819.48
14799,57874,2024-10-11 00:00:00.000,2024-07-20 00:00:00.000,83,69.99
14800,69576,2025-03-30 00:00:00.000,2023-02-02 00:00:00.000,787,812.42
14801,70465,2025-04-11 00:00:00.000,2023-02-28 00:00:00.000,773,804.47
14802,70027,2025-04-05 00:00:00.000,2023-09-28 00:00:00.000,555,843.97
14803,69669,2025-03-31 00:00:00.000,2023-03-16 00:00:00.000,746,777.44
14804,62978,2024-12-27 00:00:00.000,2024-09-28 00:00:00.000,90,68.97
14806,60084,2024-11-12 00:00:00.000,2024-09-21 00:00:00.000,52,118.96
14808,70412,2025-04-10 00:00:00.000,2024-11-08 00:00:00.000,153,44.22
14809,63464,2025-01-01 00:00:00.000,2024-08-01 00:00:00.000,153,36.27
14813,73043,2025-05-15 00:00:00.000,2023-10-23 00:00:00.000,570,898.46
14814,54070,2024-08-07 00:00:00.000,2024-07-12 00:00:00.000,26,94.48
14818,72140,2025-05-03 00:00:00.000,2023-10-08 00:00:00.000,573,792.42
14819,71228,2025-04-22 00:00:00.000,2023-03-09 00:00:00.000,775,777.44
14822,71365,2025-04-24 00:00:00.000,2023-03-09 00:00:00.000,777,819.48
14823,71629,2025-04-28 00:00:00.000,2023-03-03 00:00:00.000,787,814.47
14824,70384,2025-04-10 00:00:00.000,2023-03-19 00:00:00.000,753,862.98
14827,72795,2025-05-12 00:00:00.000,2023-03-08 00:00:00.000,796,889.47
14830,52774,2024-07-16 00:00:00.000,2023-03-26 00:00:00.000,478,2433.04
14830,59077,2024-10-29 00:00:00.000,2024-07-16 00:00:00.000,105,2334.97
14831,70683,2025-04-14 00:00:00.000,2022-11-26 00:00:00.000,870,2334.46
14832,70468,2025-04-11 00:00:00.000,2022-11-13 00:00:00.000,880,2359.97
14833,56999,2024-09-28 00:00:00.000,2022-11-10 00:00:00.000,688,771.34
14833,70323,2025-04-09 00:00:00.000,2024-09-28 00:00:00.000,193,2329.99
14834,72652,2025-05-10 00:00:00.000,2023-04-10 00:00:00.000,761,819.48
14836,64493,2025-01-17 00:00:00.000,2024-07-28 00:00:00.000,173,36.27
14838,73804,2025-05-25 00:00:00.000,2023-04-16 00:00:00.000,770,836.45
14839,59737,2024-11-07 00:00:00.000,2024-10-31 00:00:00.000,7,119.98
14840,66235,2025-02-11 00:00:00.000,2024-07-23 00:00:00.000,203,123.98
14843,56317,2024-09-15 00:00:00.000,2022-11-16 00:00:00.000,669,777.34
14843,71573,2025-04-27 00:00:00.000,2024-09-15 00:00:00.000,224,2334.97
14846,55443,2024-08-30 00:00:00.000,2022-12-19 00:00:00.000,620,777.34
14846,70467,2025-04-11 00:00:00.000,2024-08-30 00:00:00.000,224,2388.96
14847,58003,2024-10-13 00:00:00.000,2022-12-20 00:00:00.000,663,777.34
14847,71103,2025-04-20 00:00:00.000,2024-10-13 00:00:00.000,189,2369.96
14848,52625,2024-07-14 00:00:00.000,2023-10-11 00:00:00.000,277,564.99
14851,53195,2024-07-25 00:00:00.000,2023-10-05 00:00:00.000,294,620.93
14852,66243,2025-02-11 00:00:00.000,2023-03-05 00:00:00.000,709,769.49
14853,72130,2025-05-03 00:00:00.000,2025-01-16 00:00:00.000,107,28.98
14854,64794,2025-01-22 00:00:00.000,2024-12-28 00:00:00.000,25,8.99
14855,59812,2024-11-08 00:00:00.000,2024-02-08 00:00:00.000,274,1709.98
14857,58594,2024-10-24 00:00:00.000,2024-07-22 00:00:00.000,94,8.99
14858,69873,2025-04-03 00:00:00.000,2024-08-02 00:00:00.000,244,8.99
14859,74590,2025-06-13 00:00:00.000,2024-07-15 00:00:00.000,333,8.99
14860,60768,2024-11-23 00:00:00.000,2024-09-17 00:00:00.000,67,27.28
14861,69879,2025-04-03 00:00:00.000,2022-12-18 00:00:00.000,837,2398.47
14868,69287,2025-03-28 00:00:00.000,2023-02-28 00:00:00.000,759,898.46
14879,68856,2025-03-22 00:00:00.000,2023-03-20 00:00:00.000,733,913.96
14880,60618,2024-11-20 00:00:00.000,2023-03-11 00:00:00.000,620,1120.49
14881,69015,2025-03-24 00:00:00.000,2023-04-03 00:00:00.000,721,1155.48
14882,70813,2025-04-15 00:00:00.000,2023-04-17 00:00:00.000,729,1155.48
14883,70305,2025-04-08 00:00:00.000,2023-04-01 00:00:00.000,738,1129.48
14884,69786,2025-04-01 00:00:00.000,2023-04-28 00:00:00.000,704,1184.46
14888,72502,2025-05-07 00:00:00.000,2023-04-22 00:00:00.000,746,1198.97
14891,68377,2025-03-15 00:00:00.000,2023-04-14 00:00:00.000,701,799.48
14892,68378,2025-03-15 00:00:00.000,2023-04-14 00:00:00.000,701,769.49
14894,67732,2025-03-05 00:00:00.000,2023-04-29 00:00:00.000,676,804.48
14895,68061,2025-03-10 00:00:00.000,2023-04-01 00:00:00.000,709,804.48
14896,68657,2025-03-19 00:00:00.000,2023-04-17 00:00:00.000,702,889.47
14897,58308,2024-10-19 00:00:00.000,2024-08-10 00:00:00.000,70,74.46
14897,67380,2025-02-28 00:00:00.000,2024-10-19 00:00:00.000,132,50.23
14902,67545,2025-03-02 00:00:00.000,2023-04-14 00:00:00.000,688,839.48
14904,64481,2025-01-17 00:00:00.000,2024-12-14 00:00:00.000,34,49.97
14904,72082,2025-05-02 00:00:00.000,2025-01-17 00:00:00.000,105,260.86
14906,69359,2025-03-29 00:00:00.000,2025-01-24 00:00:00.000,64,74.98
14906,74661,2025-06-15 00:00:00.000,2025-03-29 00:00:00.000,78,45.58
14912,68322,2025-03-14 00:00:00.000,2023-03-30 00:00:00.000,715,848.47
14913,68658,2025-03-19 00:00:00.000,2023-05-14 00:00:00.000,675,834.46
14914,69058,2025-03-25 00:00:00.000,2023-05-22 00:00:00.000,673,893.47
14915,69366,2025-03-29 00:00:00.000,2023-05-11 00:00:00.000,688,839.48
14925,55187,2024-08-28 00:00:00.000,2023-10-24 00:00:00.000,309,539.99
14926,54386,2024-08-13 00:00:00.000,2023-10-26 00:00:00.000,292,614.96
14927,51622,2024-06-25 00:00:00.000,2023-04-16 00:00:00.000,436,611.96
14928,57413,2024-10-02 00:00:00.000,2022-12-29 00:00:00.000,643,751.34
14928,69735,2025-04-01 00:00:00.000,2024-10-02 00:00:00.000,181,2376.96
14929,60737,2024-11-22 00:00:00.000,2022-12-17 00:00:00.000,706,742.35
14929,70031,2025-04-05 00:00:00.000,2024-11-22 00:00:00.000,134,2325.96
14930,55341,2024-08-29 00:00:00.000,2023-10-05 00:00:00.000,329,539.99
14931,57899,2024-10-11 00:00:00.000,2023-10-28 00:00:00.000,349,2420.34
14931,61037,2024-11-27 00:00:00.000,2024-10-11 00:00:00.000,47,2378.95
14934,71173,2025-04-21 00:00:00.000,2025-04-11 00:00:00.000,10,119.98
14937,59809,2024-11-08 00:00:00.000,2022-12-06 00:00:00.000,703,777.34
14937,70386,2025-04-10 00:00:00.000,2024-11-08 00:00:00.000,153,2297.28
14938,67233,2025-02-27 00:00:00.000,2024-08-07 00:00:00.000,204,28.99
14939,53002,2024-07-21 00:00:00.000,2023-04-18 00:00:00.000,460,2419.06
14939,60971,2024-11-26 00:00:00.000,2024-07-21 00:00:00.000,128,2369.97
14940,52576,2024-07-12 00:00:00.000,2023-04-17 00:00:00.000,452,2419.06
14940,62244,2024-12-15 00:00:00.000,2024-07-12 00:00:00.000,156,2370.22
14941,59549,2024-11-04 00:00:00.000,2022-12-13 00:00:00.000,692,786.33
14941,71571,2025-04-27 00:00:00.000,2024-11-04 00:00:00.000,174,2500.97
14944,59286,2024-11-01 00:00:00.000,2023-11-29 00:00:00.000,338,596.96
14945,51410,2024-06-12 00:00:00.000,2023-04-01 00:00:00.000,438,681.97
14946,60127,2024-11-13 00:00:00.000,2023-11-12 00:00:00.000,367,596.96
14947,60738,2024-11-22 00:00:00.000,2022-12-01 00:00:00.000,722,785.32
14947,70257,2025-04-08 00:00:00.000,2024-11-22 00:00:00.000,137,2294.99
14948,60333,2024-11-16 00:00:00.000,2023-11-14 00:00:00.000,368,604.96
14949,59118,2024-10-29 00:00:00.000,2022-12-17 00:00:00.000,682,777.34
14949,72287,2025-05-05 00:00:00.000,2024-10-29 00:00:00.000,188,2439.99
14950,59627,2024-11-05 00:00:00.000,2022-12-12 00:00:00.000,694,776.33
14950,73270,2025-05-18 00:00:00.000,2024-11-05 00:00:00.000,194,2354.99
14951,52296,2024-07-07 00:00:00.000,2023-04-23 00:00:00.000,441,574.98
14952,54670,2024-08-18 00:00:00.000,2023-04-25 00:00:00.000,481,574.98
14953,54857,2024-08-21 00:00:00.000,2024-08-11 00:00:00.000,10,68.97
14955,64346,2025-01-15 00:00:00.000,2024-12-07 00:00:00.000,39,33.98
14956,54600,2024-08-17 00:00:00.000,2023-04-10 00:00:00.000,495,567.27
14957,60258,2024-11-15 00:00:00.000,2023-11-01 00:00:00.000,380,625.47
14960,59285,2024-11-01 00:00:00.000,2023-11-12 00:00:00.000,355,621.96
14965,62639,2024-12-22 00:00:00.000,2023-11-18 00:00:00.000,400,572.26
14966,62586,2024-12-21 00:00:00.000,2023-11-05 00:00:00.000,412,564.99
14967,58596,2024-10-24 00:00:00.000,2023-04-16 00:00:00.000,557,615.96
14969,57428,2024-10-03 00:00:00.000,2023-05-11 00:00:00.000,511,539.99
14970,71652,2025-04-28 00:00:00.000,2024-10-10 00:00:00.000,200,69.99
14974,73609,2025-05-22 00:00:00.000,2024-08-30 00:00:00.000,265,118.96
14975,70030,2025-04-05 00:00:00.000,2022-12-10 00:00:00.000,847,2378.95
14976,57241,2024-09-29 00:00:00.000,2023-11-18 00:00:00.000,316,2419.06
14976,59761,2024-11-08 00:00:00.000,2024-09-29 00:00:00.000,40,2439.99
14978,60334,2024-11-16 00:00:00.000,2023-05-23 00:00:00.000,543,630.94
14979,59284,2024-11-01 00:00:00.000,2023-05-11 00:00:00.000,540,604.96
14981,58514,2024-10-22 00:00:00.000,2024-10-22 00:00:00.000,0,36.27
14982,55589,2024-09-02 00:00:00.000,2024-08-09 00:00:00.000,24,33.98
14983,70903,2025-04-17 00:00:00.000,2024-10-04 00:00:00.000,195,36.27
14984,62561,2024-12-20 00:00:00.000,2022-12-14 00:00:00.000,737,777.34
14984,74108,2025-05-29 00:00:00.000,2024-12-20 00:00:00.000,160,2343.96
14986,74742,2025-06-17 00:00:00.000,2025-02-25 00:00:00.000,112,47.94
14988,74238,2025-06-01 00:00:00.000,2024-11-24 00:00:00.000,189,35.00
14990,60530,2024-11-19 00:00:00.000,2023-05-01 00:00:00.000,568,594.92
14991,62512,2024-12-19 00:00:00.000,2022-12-18 00:00:00.000,732,777.34
14991,72655,2025-05-10 00:00:00.000,2024-12-19 00:00:00.000,142,2350.96
14992,74408,2025-06-06 00:00:00.000,2025-02-03 00:00:00.000,123,36.27
14993,62324,2024-12-16 00:00:00.000,2024-07-31 00:00:00.000,138,77.96
14995,62537,2024-12-20 00:00:00.000,2023-11-27 00:00:00.000,389,650.47
14997,63070,2024-12-29 00:00:00.000,2023-05-07 00:00:00.000,602,564.98
14998,63763,2025-01-06 00:00:00.000,2023-11-04 00:00:00.000,429,614.96
14999,74437,2025-06-07 00:00:00.000,2025-06-03 00:00:00.000,4,15.23
15002,64065,2025-01-11 00:00:00.000,2023-11-17 00:00:00.000,421,599.98
15003,64538,2025-01-18 00:00:00.000,2023-11-09 00:00:00.000,436,605.21
15004,63558,2025-01-03 00:00:00.000,2023-11-27 00:00:00.000,403,629.96
15005,68245,2025-03-13 00:00:00.000,2023-05-17 00:00:00.000,666,804.48
15006,61712,2024-12-06 00:00:00.000,2023-05-03 00:00:00.000,583,2294.99
15007,67914,2025-03-08 00:00:00.000,2024-07-26 00:00:00.000,225,34.89
15007,70709,2025-04-14 00:00:00.000,2025-03-08 00:00:00.000,37,124.97
15008,65348,2025-01-28 00:00:00.000,2024-08-25 00:00:00.000,156,23.97
15008,69184,2025-03-27 00:00:00.000,2025-01-28 00:00:00.000,58,71.58
15014,60024,2024-11-11 00:00:00.000,2024-02-08 00:00:00.000,277,1789.45
15015,59458,2024-11-03 00:00:00.000,2024-03-04 00:00:00.000,244,1754.98
15016,68062,2025-03-10 00:00:00.000,2023-05-06 00:00:00.000,674,799.48
15017,51569,2024-06-21 00:00:00.000,2023-05-22 00:00:00.000,396,607.96
15018,53292,2024-07-27 00:00:00.000,2024-07-13 00:00:00.000,14,103.47
15019,64899,2025-01-24 00:00:00.000,2024-08-11 00:00:00.000,166,63.97
15020,71097,2025-04-20 00:00:00.000,2024-12-22 00:00:00.000,119,31.27
15021,71226,2025-04-22 00:00:00.000,2024-08-19 00:00:00.000,246,8.99
15022,65802,2025-02-05 00:00:00.000,2024-03-03 00:00:00.000,339,928.49
15023,62854,2024-12-25 00:00:00.000,2023-05-16 00:00:00.000,589,2380.47
15024,69729,2025-04-01 00:00:00.000,2024-09-08 00:00:00.000,205,8.99
15025,65402,2025-01-29 00:00:00.000,2025-01-06 00:00:00.000,23,103.95
15026,64003,2025-01-10 00:00:00.000,2024-09-18 00:00:00.000,114,4.99
15027,66318,2025-02-13 00:00:00.000,2024-03-07 00:00:00.000,343,804.47
15028,60934,2024-11-25 00:00:00.000,2024-03-23 00:00:00.000,247,1754.98
15029,59883,2024-11-09 00:00:00.000,2024-03-06 00:00:00.000,248,1754.98
15030,62272,2024-12-15 00:00:00.000,2024-03-25 00:00:00.000,265,1714.97
15031,64859,2025-01-23 00:00:00.000,2024-07-14 00:00:00.000,193,8.99
15032,62989,2024-12-27 00:00:00.000,2024-03-07 00:00:00.000,295,1750.98
15033,63346,2024-12-30 00:00:00.000,2024-03-26 00:00:00.000,279,1725.98
15034,71429,2025-04-25 00:00:00.000,2024-08-21 00:00:00.000,247,94.46
15035,64936,2025-01-24 00:00:00.000,2024-03-14 00:00:00.000,316,1700.99
15036,64220,2025-01-13 00:00:00.000,2024-03-16 00:00:00.000,303,1735.98
15037,64658,2025-01-19 00:00:00.000,2024-03-23 00:00:00.000,302,1784.96
15038,65005,2025-01-25 00:00:00.000,2024-03-25 00:00:00.000,306,1700.99
15039,66770,2025-02-20 00:00:00.000,2024-11-24 00:00:00.000,88,69.97
15040,64935,2025-01-24 00:00:00.000,2024-03-22 00:00:00.000,308,1735.98
15041,63732,2025-01-05 00:00:00.000,2024-03-26 00:00:00.000,285,1754.98
15042,66059,2025-02-08 00:00:00.000,2024-03-22 00:00:00.000,323,1735.98
15043,65667,2025-02-02 00:00:00.000,2024-03-13 00:00:00.000,326,1775.47
15044,65375,2025-01-28 00:00:00.000,2024-03-15 00:00:00.000,319,1754.46
15046,73271,2025-05-18 00:00:00.000,2022-12-17 00:00:00.000,883,2364.98
15047,62515,2024-12-19 00:00:00.000,2022-12-18 00:00:00.000,732,756.33
15047,73423,2025-05-20 00:00:00.000,2024-12-19 00:00:00.000,152,2334.97
15048,61582,2024-12-04 00:00:00.000,2022-12-31 00:00:00.000,704,777.34
15048,72071,2025-05-02 00:00:00.000,2024-12-04 00:00:00.000,149,2334.97
15050,61277,2024-11-29 00:00:00.000,2023-05-27 00:00:00.000,552,627.97
15051,64159,2025-01-12 00:00:00.000,2023-01-08 00:00:00.000,735,777.34
15051,72009,2025-05-01 00:00:00.000,2025-01-12 00:00:00.000,109,2294.99
15052,71587,2025-04-27 00:00:00.000,2024-07-15 00:00:00.000,286,37.29
15054,61735,2024-12-07 00:00:00.000,2023-05-07 00:00:00.000,580,576.95
15055,62406,2024-12-18 00:00:00.000,2023-05-01 00:00:00.000,597,599.98
15056,64769,2025-01-21 00:00:00.000,2023-01-12 00:00:00.000,740,751.34
15056,72072,2025-05-02 00:00:00.000,2025-01-21 00:00:00.000,101,2419.44
15057,68314,2025-03-14 00:00:00.000,2024-09-06 00:00:00.000,189,39.98
15058,64714,2025-01-20 00:00:00.000,2023-01-09 00:00:00.000,742,751.34
15058,72282,2025-05-05 00:00:00.000,2025-01-20 00:00:00.000,105,2309.97
15059,63600,2025-01-03 00:00:00.000,2023-01-08 00:00:00.000,726,841.31
15059,73511,2025-05-21 00:00:00.000,2025-01-03 00:00:00.000,138,2373.96
15061,63299,2024-12-30 00:00:00.000,2023-11-21 00:00:00.000,405,599.98
15062,65004,2025-01-25 00:00:00.000,2023-01-04 00:00:00.000,752,751.34
15062,73509,2025-05-21 00:00:00.000,2025-01-25 00:00:00.000,116,2354.98
15063,63955,2025-01-09 00:00:00.000,2023-05-20 00:00:00.000,600,554.97
15064,65031,2025-01-26 00:00:00.000,2023-11-10 00:00:00.000,443,548.98
15067,65512,2025-01-31 00:00:00.000,2023-11-22 00:00:00.000,436,621.96
15070,66653,2025-02-18 00:00:00.000,2023-11-01 00:00:00.000,475,589.26
15071,66654,2025-02-18 00:00:00.000,2023-11-09 00:00:00.000,467,564.99
15072,66894,2025-02-22 00:00:00.000,2023-11-09 00:00:00.000,471,573.98
15073,64687,2025-01-20 00:00:00.000,2023-05-03 00:00:00.000,628,564.99
15075,70977,2025-04-18 00:00:00.000,2024-07-25 00:00:00.000,267,4.99
15077,63671,2025-01-04 00:00:00.000,2023-01-05 00:00:00.000,730,777.34
15077,73419,2025-05-20 00:00:00.000,2025-01-04 00:00:00.000,136,2317.92
15078,66410,2025-02-14 00:00:00.000,2023-01-03 00:00:00.000,773,742.35
15078,73874,2025-05-26 00:00:00.000,2025-02-14 00:00:00.000,101,2354.98
15079,66445,2025-02-15 00:00:00.000,2023-11-24 00:00:00.000,449,549.98
15080,54880,2024-08-21 00:00:00.000,2023-05-29 00:00:00.000,450,2407.04
15080,61794,2024-12-08 00:00:00.000,2024-08-21 00:00:00.000,109,2319.99
15081,73508,2025-05-21 00:00:00.000,2023-01-01 00:00:00.000,871,2322.28
15082,59219,2024-10-31 00:00:00.000,2023-11-10 00:00:00.000,356,2413.48
15082,59482,2024-11-03 00:00:00.000,2024-10-31 00:00:00.000,3,2473.04
15083,71960,2025-04-30 00:00:00.000,2023-02-14 00:00:00.000,806,2309.97
15084,54147,2024-08-08 00:00:00.000,2023-06-23 00:00:00.000,412,2419.06
15084,62887,2024-12-26 00:00:00.000,2024-08-08 00:00:00.000,140,2398.47
15085,59403,2024-11-02 00:00:00.000,2023-12-30 00:00:00.000,308,2419.06
15085,62034,2024-12-12 00:00:00.000,2024-11-02 00:00:00.000,40,2366.96
15086,61491,2024-12-03 00:00:00.000,2023-12-15 00:00:00.000,354,2369.97
15086,64841,2025-01-22 00:00:00.000,2024-12-03 00:00:00.000,50,2407.04
15087,74038,2025-05-28 00:00:00.000,2023-02-20 00:00:00.000,828,2338.97
15088,74039,2025-05-28 00:00:00.000,2023-02-17 00:00:00.000,831,2317.92
15089,72869,2025-05-13 00:00:00.000,2023-02-22 00:00:00.000,811,2316.97
15093,60837,2024-11-24 00:00:00.000,2023-12-19 00:00:00.000,341,2329.98
15093,70464,2025-04-11 00:00:00.000,2024-11-24 00:00:00.000,138,2492.32
15094,60194,2024-11-14 00:00:00.000,2023-11-30 00:00:00.000,350,2363.96
15094,70953,2025-04-18 00:00:00.000,2024-11-14 00:00:00.000,155,2563.35
15095,59151,2024-10-30 00:00:00.000,2023-12-15 00:00:00.000,320,2319.99
15095,72646,2025-05-10 00:00:00.000,2024-10-30 00:00:00.000,192,2492.32
15097,61550,2024-12-04 00:00:00.000,2023-02-14 00:00:00.000,659,2337.27
15097,63534,2025-01-02 00:00:00.000,2024-12-04 00:00:00.000,29,2461.55
15100,54714,2024-08-18 00:00:00.000,2023-06-05 00:00:00.000,440,2419.06
15100,61668,2024-12-06 00:00:00.000,2024-08-18 00:00:00.000,110,2351.96
15101,53919,2024-08-04 00:00:00.000,2023-06-05 00:00:00.000,426,2419.06
15101,62409,2024-12-18 00:00:00.000,2024-08-04 00:00:00.000,136,2342.93
15102,71533,2025-04-26 00:00:00.000,2025-03-16 00:00:00.000,41,36.27
15103,72311,2025-05-05 00:00:00.000,2024-08-02 00:00:00.000,276,36.27
15106,62410,2024-12-18 00:00:00.000,2023-02-24 00:00:00.000,663,2369.96
15106,64219,2025-01-13 00:00:00.000,2024-12-18 00:00:00.000,26,2473.05
15108,67874,2025-03-07 00:00:00.000,2024-11-07 00:00:00.000,120,121.57
15114,54656,2024-08-17 00:00:00.000,2023-06-02 00:00:00.000,442,2420.34
15114,62589,2024-12-21 00:00:00.000,2024-08-17 00:00:00.000,126,2316.97
15116,54037,2024-08-06 00:00:00.000,2023-06-02 00:00:00.000,431,2428.05
15116,61796,2024-12-08 00:00:00.000,2024-08-06 00:00:00.000,124,2341.46
15117,56186,2024-09-12 00:00:00.000,2023-06-20 00:00:00.000,450,2398.05
15117,63017,2024-12-28 00:00:00.000,2024-09-12 00:00:00.000,107,2394.95
15118,61492,2024-12-03 00:00:00.000,2023-01-30 00:00:00.000,673,2294.99
15118,64657,2025-01-19 00:00:00.000,2024-12-03 00:00:00.000,47,2428.05
15119,72889,2025-05-13 00:00:00.000,2024-10-24 00:00:00.000,201,32.60
15120,66251,2025-02-11 00:00:00.000,2024-03-08 00:00:00.000,340,2357.28
15120,70246,2025-04-07 00:00:00.000,2025-02-11 00:00:00.000,55,811.32
15121,65854,2025-02-05 00:00:00.000,2024-03-25 00:00:00.000,317,2334.97
15121,73030,2025-05-14 00:00:00.000,2025-02-05 00:00:00.000,98,796.34
15122,65610,2025-02-01 00:00:00.000,2024-03-10 00:00:00.000,328,2325.96
15122,73096,2025-05-15 00:00:00.000,2025-02-01 00:00:00.000,103,796.34
15123,71357,2025-04-24 00:00:00.000,2024-12-26 00:00:00.000,119,49.99
15124,58477,2024-10-22 00:00:00.000,2024-10-21 00:00:00.000,1,24.99
15125,72279,2025-05-05 00:00:00.000,2024-07-17 00:00:00.000,292,49.99
15126,69311,2025-03-29 00:00:00.000,2024-07-22 00:00:00.000,250,27.28
15127,67186,2025-02-26 00:00:00.000,2024-03-14 00:00:00.000,349,2334.98
15127,72356,2025-05-05 00:00:00.000,2025-02-26 00:00:00.000,68,776.33
15128,57753,2024-10-09 00:00:00.000,2024-09-16 00:00:00.000,23,49.99
15129,67187,2025-02-26 00:00:00.000,2024-03-12 00:00:00.000,351,2294.99
15129,72267,2025-05-04 00:00:00.000,2025-02-26 00:00:00.000,67,811.32
15130,66618,2025-02-17 00:00:00.000,2024-03-08 00:00:00.000,346,2423.95
15130,72512,2025-05-07 00:00:00.000,2025-02-17 00:00:00.000,79,742.35
15131,64532,2025-01-18 00:00:00.000,2025-01-08 00:00:00.000,10,49.99
15132,71702,2025-04-29 00:00:00.000,2024-12-26 00:00:00.000,124,58.98
15133,65778,2025-02-04 00:00:00.000,2024-03-25 00:00:00.000,316,2394.97
15133,73939,2025-05-26 00:00:00.000,2025-02-04 00:00:00.000,111,771.34
15134,67743,2025-03-05 00:00:00.000,2024-03-24 00:00:00.000,346,2329.99
15134,71998,2025-04-30 00:00:00.000,2025-03-05 00:00:00.000,56,750.30
15135,67390,2025-02-28 00:00:00.000,2024-03-22 00:00:00.000,343,2309.97
15136,65954,2025-02-07 00:00:00.000,2024-07-01 00:00:00.000,221,27.28
15137,57373,2024-10-02 00:00:00.000,2024-07-17 00:00:00.000,77,63.97
15138,69164,2025-03-27 00:00:00.000,2024-06-29 00:00:00.000,271,88.46
15139,56697,2024-09-23 00:00:00.000,2024-08-18 00:00:00.000,36,24.99
15140,69316,2025-03-29 00:00:00.000,2024-07-06 00:00:00.000,266,34.99
15141,73793,2025-05-25 00:00:00.000,2025-02-11 00:00:00.000,103,28.98
15142,71624,2025-04-28 00:00:00.000,2025-01-11 00:00:00.000,107,24.99
15143,68010,2025-03-09 00:00:00.000,2024-02-29 00:00:00.000,374,2294.99
15144,68011,2025-03-09 00:00:00.000,2024-03-05 00:00:00.000,369,2294.99
15145,69222,2025-03-27 00:00:00.000,2024-02-29 00:00:00.000,392,2297.28
15146,62027,2024-12-12 00:00:00.000,2024-11-30 00:00:00.000,12,34.99
15147,63692,2025-01-05 00:00:00.000,2024-09-18 00:00:00.000,109,59.48
15148,59654,2024-11-06 00:00:00.000,2024-08-20 00:00:00.000,78,31.27
15149,70943,2025-04-18 00:00:00.000,2024-11-24 00:00:00.000,145,28.98
15150,67551,2025-03-02 00:00:00.000,2024-03-28 00:00:00.000,339,2329.98
15151,68932,2025-03-23 00:00:00.000,2024-03-15 00:00:00.000,373,2294.99
15152,68862,2025-03-22 00:00:00.000,2024-03-05 00:00:00.000,382,2415.47
15153,65399,2025-01-29 00:00:00.000,2024-07-25 00:00:00.000,188,24.99
15154,74255,2025-06-02 00:00:00.000,2024-08-21 00:00:00.000,285,24.99
15155,61409,2024-12-01 00:00:00.000,2023-06-16 00:00:00.000,534,2365.95
15157,55489,2024-08-31 00:00:00.000,2024-07-03 00:00:00.000,59,74.98
15157,71720,2025-04-29 00:00:00.000,2024-08-31 00:00:00.000,241,14.98
15162,69683,2025-03-31 00:00:00.000,2025-01-19 00:00:00.000,71,69.99
15162,71179,2025-04-21 00:00:00.000,2025-03-31 00:00:00.000,21,74.98
15166,62379,2024-12-17 00:00:00.000,2023-06-18 00:00:00.000,548,2341.97
15167,64215,2025-01-13 00:00:00.000,2023-06-23 00:00:00.000,570,2397.95
15169,66015,2025-02-08 00:00:00.000,2024-03-02 00:00:00.000,343,848.47
15170,67942,2025-03-08 00:00:00.000,2024-03-16 00:00:00.000,357,2319.99
15171,67685,2025-03-04 00:00:00.000,2024-03-01 00:00:00.000,368,2342.92
15172,60902,2024-11-25 00:00:00.000,2024-07-05 00:00:00.000,143,63.97
15172,60999,2024-11-26 00:00:00.000,2024-11-25 00:00:00.000,1,45.24
15172,70691,2025-04-14 00:00:00.000,2024-11-26 00:00:00.000,139,69.97
15175,69148,2025-03-26 00:00:00.000,2024-11-14 00:00:00.000,132,2384.07
15176,69009,2025-03-24 00:00:00.000,2024-11-04 00:00:00.000,140,2393.06
15178,68327,2025-03-14 00:00:00.000,2024-03-18 00:00:00.000,361,2395.96
15179,68791,2025-03-21 00:00:00.000,2024-03-07 00:00:00.000,379,2373.47
15180,68936,2025-03-23 00:00:00.000,2024-03-08 00:00:00.000,380,2394.97
15181,67892,2025-03-07 00:00:00.000,2024-03-10 00:00:00.000,362,2376.96
15182,69298,2025-03-28 00:00:00.000,2024-03-23 00:00:00.000,370,2319.99
15183,68662,2025-03-19 00:00:00.000,2024-03-09 00:00:00.000,375,2297.28
15184,67549,2025-03-02 00:00:00.000,2024-03-18 00:00:00.000,349,2369.96
15185,68384,2025-03-15 00:00:00.000,2024-02-29 00:00:00.000,380,2322.28
15186,74366,2025-06-06 00:00:00.000,2024-08-30 00:00:00.000,280,27.28
15187,69229,2025-03-27 00:00:00.000,2024-11-19 00:00:00.000,128,2420.34
15188,68442,2025-03-16 00:00:00.000,2023-06-13 00:00:00.000,642,848.47
15189,68443,2025-03-16 00:00:00.000,2023-06-25 00:00:00.000,630,769.49
15191,67618,2025-03-03 00:00:00.000,2023-06-09 00:00:00.000,633,769.49
15192,68009,2025-03-09 00:00:00.000,2024-02-29 00:00:00.000,374,2334.98
15193,65064,2025-01-26 00:00:00.000,2023-06-16 00:00:00.000,590,2426.94
15194,64504,2025-01-17 00:00:00.000,2023-06-19 00:00:00.000,578,2390.95
15195,64931,2025-01-24 00:00:00.000,2023-06-11 00:00:00.000,593,2371.96
15196,63598,2025-01-03 00:00:00.000,2023-06-28 00:00:00.000,555,2376.45
15197,73906,2025-05-26 00:00:00.000,2024-12-05 00:00:00.000,172,106.95
15197,74762,2025-06-18 00:00:00.000,2025-05-26 00:00:00.000,23,34.89
15199,64591,2025-01-18 00:00:00.000,2023-06-02 00:00:00.000,596,2297.28
15200,63862,2025-01-07 00:00:00.000,2023-07-13 00:00:00.000,544,2359.98
15201,69301,2025-03-28 00:00:00.000,2024-11-24 00:00:00.000,124,2433.04
15203,64587,2025-01-18 00:00:00.000,2023-07-01 00:00:00.000,567,2428.46
15204,68445,2025-03-16 00:00:00.000,2024-03-08 00:00:00.000,373,2394.97
15205,69294,2025-03-28 00:00:00.000,2024-03-11 00:00:00.000,382,2362.27
15206,68744,2025-03-21 00:00:00.000,2024-10-30 00:00:00.000,142,34.99
15207,69295,2025-03-28 00:00:00.000,2024-02-29 00:00:00.000,393,2374.98
15208,66319,2025-02-13 00:00:00.000,2024-03-06 00:00:00.000,344,902.46
15209,67205,2025-02-27 00:00:00.000,2024-03-22 00:00:00.000,342,867.46
15210,67577,2025-03-03 00:00:00.000,2024-03-03 00:00:00.000,365,854.97
15211,71131,2025-04-20 00:00:00.000,2024-03-06 00:00:00.000,410,839.48
15212,73584,2025-05-22 00:00:00.000,2024-09-12 00:00:00.000,252,63.97
15213,71419,2025-04-24 00:00:00.000,2024-03-05 00:00:00.000,415,769.49
15214,67742,2025-03-05 00:00:00.000,2024-04-13 00:00:00.000,326,2419.46
15215,68251,2025-03-13 00:00:00.000,2024-04-16 00:00:00.000,331,2419.46
15216,55819,2024-09-06 00:00:00.000,2024-07-13 00:00:00.000,55,74.46
15217,71567,2025-04-27 00:00:00.000,2024-07-17 00:00:00.000,284,9.99
15218,67462,2025-03-01 00:00:00.000,2024-04-27 00:00:00.000,308,2349.98
15219,67550,2025-03-02 00:00:00.000,2024-04-08 00:00:00.000,328,2349.98
15220,69064,2025-03-25 00:00:00.000,2024-04-25 00:00:00.000,334,2334.98
15221,68931,2025-03-23 00:00:00.000,2024-04-10 00:00:00.000,347,2376.45
15222,69163,2025-03-27 00:00:00.000,2024-11-17 00:00:00.000,130,88.46
15223,68065,2025-03-10 00:00:00.000,2024-04-05 00:00:00.000,339,2294.99
15224,71496,2025-04-26 00:00:00.000,2024-10-04 00:00:00.000,204,34.99
15225,69065,2025-03-25 00:00:00.000,2024-03-30 00:00:00.000,360,2329.99
15226,68605,2025-03-18 00:00:00.000,2024-04-12 00:00:00.000,340,2319.99
15227,69371,2025-03-29 00:00:00.000,2024-04-09 00:00:00.000,354,2420.46
15228,68326,2025-03-14 00:00:00.000,2024-04-20 00:00:00.000,328,2325.96
15229,70436,2025-04-10 00:00:00.000,2024-04-04 00:00:00.000,371,784.47
15230,74656,2025-06-15 00:00:00.000,2025-01-18 00:00:00.000,148,93.97
15231,74690,2025-06-16 00:00:00.000,2025-03-02 00:00:00.000,106,31.27
15232,64527,2025-01-18 00:00:00.000,2024-11-21 00:00:00.000,58,24.99
15233,66644,2025-02-18 00:00:00.000,2024-12-05 00:00:00.000,75,24.99
15234,63006,2024-12-28 00:00:00.000,2024-08-24 00:00:00.000,126,24.99
15235,65024,2025-01-26 00:00:00.000,2024-11-23 00:00:00.000,64,117.96
15236,59279,2024-11-01 00:00:00.000,2024-08-28 00:00:00.000,65,88.98
15237,68740,2025-03-21 00:00:00.000,2024-11-03 00:00:00.000,138,31.27
15238,68269,2025-03-14 00:00:00.000,2024-11-10 00:00:00.000,124,63.97
15239,63627,2025-01-04 00:00:00.000,2024-12-18 00:00:00.000,17,59.48
15240,72790,2025-05-12 00:00:00.000,2024-12-14 00:00:00.000,149,63.97
15241,63691,2025-01-05 00:00:00.000,2024-12-24 00:00:00.000,12,22.93
15242,64792,2025-01-22 00:00:00.000,2025-01-11 00:00:00.000,11,9.99
15244,58854,2024-10-28 00:00:00.000,2024-08-11 00:00:00.000,78,82.95
15244,63835,2025-01-07 00:00:00.000,2024-10-28 00:00:00.000,71,3.99
15244,69267,2025-03-28 00:00:00.000,2025-01-07 00:00:00.000,80,49.97
15251,64474,2025-01-17 00:00:00.000,2024-10-05 00:00:00.000,104,6.28
15251,74983,2025-06-25 00:00:00.000,2025-01-17 00:00:00.000,159,49.97
15251,75121,2025-06-29 00:00:00.000,2025-06-25 00:00:00.000,4,74.98
15252,69292,2025-03-28 00:00:00.000,2023-07-26 00:00:00.000,611,769.49
15253,70948,2025-04-18 00:00:00.000,2025-01-03 00:00:00.000,105,69.97
15254,68246,2025-03-13 00:00:00.000,2023-07-01 00:00:00.000,621,841.46
15255,70215,2025-04-07 00:00:00.000,2023-07-05 00:00:00.000,642,804.48
15256,70990,2025-04-18 00:00:00.000,2023-07-16 00:00:00.000,642,848.47
15261,62947,2024-12-27 00:00:00.000,2024-09-07 00:00:00.000,111,17.27
15262,66302,2025-02-12 00:00:00.000,2024-04-11 00:00:00.000,307,1700.99
15263,75035,2025-06-27 00:00:00.000,2025-03-05 00:00:00.000,114,8.99
15264,65633,2025-02-02 00:00:00.000,2024-08-19 00:00:00.000,167,29.99
15265,69634,2025-03-30 00:00:00.000,2024-04-01 00:00:00.000,363,848.47
15266,70859,2025-04-16 00:00:00.000,2024-04-23 00:00:00.000,358,863.95
15267,73922,2025-05-26 00:00:00.000,2024-04-21 00:00:00.000,400,804.48
15268,72920,2025-05-13 00:00:00.000,2024-03-31 00:00:00.000,408,769.49
15276,51567,2024-06-21 00:00:00.000,2023-07-21 00:00:00.000,336,563.77
15280,64588,2025-01-18 00:00:00.000,2023-07-26 00:00:00.000,542,2331.95
15284,70913,2025-04-17 00:00:00.000,2023-07-02 00:00:00.000,655,900.94
15287,70290,2025-04-08 00:00:00.000,2023-07-27 00:00:00.000,621,898.46
15288,71670,2025-04-28 00:00:00.000,2023-07-01 00:00:00.000,667,791.47
15289,69705,2025-03-31 00:00:00.000,2023-07-23 00:00:00.000,617,791.47
15290,70138,2025-04-06 00:00:00.000,2023-08-13 00:00:00.000,602,893.47
15302,63925,2025-01-08 00:00:00.000,2023-08-23 00:00:00.000,504,2351.96
15303,65132,2025-01-27 00:00:00.000,2023-08-01 00:00:00.000,545,2294.99
15304,68729,2025-03-20 00:00:00.000,2024-11-02 00:00:00.000,138,2473.04
15308,69765,2025-04-01 00:00:00.000,2023-08-09 00:00:00.000,601,839.48
15309,69762,2025-04-01 00:00:00.000,2023-08-22 00:00:00.000,588,839.48
15310,61053,2024-11-27 00:00:00.000,2024-11-07 00:00:00.000,20,17.27
15310,66332,2025-02-13 00:00:00.000,2024-11-27 00:00:00.000,78,34.89
15311,70065,2025-04-05 00:00:00.000,2023-08-08 00:00:00.000,606,839.48
15312,69763,2025-04-01 00:00:00.000,2023-08-11 00:00:00.000,599,848.47
15314,70850,2025-04-16 00:00:00.000,2023-08-12 00:00:00.000,613,793.46
15320,64353,2025-01-15 00:00:00.000,2023-08-18 00:00:00.000,516,2369.97
15321,63730,2025-01-05 00:00:00.000,2023-08-26 00:00:00.000,498,2329.99
15322,64589,2025-01-18 00:00:00.000,2023-08-18 00:00:00.000,519,2369.96
15325,70715,2025-04-14 00:00:00.000,2023-08-11 00:00:00.000,612,801.77
15328,64590,2025-01-18 00:00:00.000,2023-08-15 00:00:00.000,522,2416.45
15329,64217,2025-01-13 00:00:00.000,2023-08-23 00:00:00.000,509,2351.96
15333,69764,2025-04-01 00:00:00.000,2023-08-30 00:00:00.000,580,848.47
15337,71464,2025-04-25 00:00:00.000,2023-08-31 00:00:00.000,603,839.48
15338,70427,2025-04-10 00:00:00.000,2023-09-14 00:00:00.000,574,814.71
15339,70716,2025-04-14 00:00:00.000,2023-09-14 00:00:00.000,578,839.48
15340,63530,2025-01-02 00:00:00.000,2024-08-15 00:00:00.000,140,39.99
15340,72208,2025-05-04 00:00:00.000,2025-01-02 00:00:00.000,122,41.59
15341,71668,2025-04-28 00:00:00.000,2023-09-16 00:00:00.000,590,839.48
15342,69983,2025-04-04 00:00:00.000,2023-09-15 00:00:00.000,567,863.97
15343,71539,2025-04-26 00:00:00.000,2023-08-31 00:00:00.000,604,769.49
15345,63473,2025-01-01 00:00:00.000,2023-09-05 00:00:00.000,484,2318.96
15346,64037,2025-01-10 00:00:00.000,2023-09-05 00:00:00.000,493,2464.26
15347,70641,2025-04-13 00:00:00.000,2023-09-20 00:00:00.000,571,848.47
15348,64102,2025-01-11 00:00:00.000,2023-09-10 00:00:00.000,489,2415.46
15349,63599,2025-01-03 00:00:00.000,2023-09-29 00:00:00.000,462,2356.95
15350,64838,2025-01-22 00:00:00.000,2023-09-15 00:00:00.000,495,2362.27
15351,64216,2025-01-13 00:00:00.000,2023-09-17 00:00:00.000,484,2331.95
15353,72232,2025-05-04 00:00:00.000,2024-08-25 00:00:00.000,252,195.27
15354,61670,2024-12-06 00:00:00.000,2023-02-02 00:00:00.000,673,2325.96
15354,63795,2025-01-06 00:00:00.000,2024-12-06 00:00:00.000,31,2393.06
15357,55383,2024-08-29 00:00:00.000,2023-06-10 00:00:00.000,446,2419.06
15357,62177,2024-12-14 00:00:00.000,2024-08-29 00:00:00.000,107,2369.96
15362,67631,2025-03-03 00:00:00.000,2024-11-16 00:00:00.000,107,2393.06
15363,68669,2025-03-19 00:00:00.000,2024-11-26 00:00:00.000,113,2384.07
15364,63728,2025-01-05 00:00:00.000,2023-09-11 00:00:00.000,482,2400.95
15365,64281,2025-01-14 00:00:00.000,2023-10-21 00:00:00.000,451,2359.24
15367,63729,2025-01-05 00:00:00.000,2023-10-23 00:00:00.000,440,2394.97
15369,63980,2025-01-09 00:00:00.000,2023-10-19 00:00:00.000,448,2344.96
15371,63404,2024-12-31 00:00:00.000,2023-10-16 00:00:00.000,442,2395.96
15372,64429,2025-01-16 00:00:00.000,2023-10-29 00:00:00.000,445,2322.28
15374,64713,2025-01-20 00:00:00.000,2023-10-08 00:00:00.000,470,2394.97
15376,61765,2024-12-07 00:00:00.000,2024-09-29 00:00:00.000,69,42.28
15376,69815,2025-04-02 00:00:00.000,2024-12-07 00:00:00.000,116,78.98
15377,60000,2024-11-11 00:00:00.000,2024-07-26 00:00:00.000,108,22.93
15377,74894,2025-06-22 00:00:00.000,2024-11-11 00:00:00.000,223,69.99
15378,63310,2024-12-30 00:00:00.000,2024-07-24 00:00:00.000,159,69.99
15378,69042,2025-03-25 00:00:00.000,2024-12-30 00:00:00.000,85,23.97
15379,64157,2025-01-12 00:00:00.000,2023-10-14 00:00:00.000,456,2401.45
15380,64354,2025-01-15 00:00:00.000,2023-10-20 00:00:00.000,453,2362.27
15388,63342,2024-12-30 00:00:00.000,2023-10-05 00:00:00.000,452,2344.96
15389,64767,2025-01-21 00:00:00.000,2023-10-29 00:00:00.000,450,2369.97
15391,69930,2025-04-03 00:00:00.000,2024-11-25 00:00:00.000,129,2433.04
15394,65065,2025-01-26 00:00:00.000,2023-10-25 00:00:00.000,459,2351.96
15395,70734,2025-04-14 00:00:00.000,2024-11-25 00:00:00.000,140,2419.06
15396,65002,2025-01-25 00:00:00.000,2023-10-23 00:00:00.000,460,2364.96
15398,64158,2025-01-12 00:00:00.000,2023-09-30 00:00:00.000,470,2349.98
15399,65003,2025-01-25 00:00:00.000,2023-11-12 00:00:00.000,440,2365.23
15402,65344,2025-01-28 00:00:00.000,2024-11-23 00:00:00.000,66,41.59
15402,67512,2025-03-02 00:00:00.000,2025-01-28 00:00:00.000,33,14.98
15404,64038,2025-01-10 00:00:00.000,2023-11-05 00:00:00.000,432,2331.95
15409,71184,2025-04-21 00:00:00.000,2023-11-05 00:00:00.000,533,784.47
15410,71669,2025-04-28 00:00:00.000,2023-11-27 00:00:00.000,518,836.91
15411,64839,2025-01-22 00:00:00.000,2023-11-03 00:00:00.000,446,2344.96
15413,59621,2024-11-05 00:00:00.000,2024-07-02 00:00:00.000,126,74.98
15413,65576,2025-02-01 00:00:00.000,2024-11-05 00:00:00.000,88,119.96
15417,63929,2025-01-08 00:00:00.000,2023-11-09 00:00:00.000,426,2337.27
15418,58307,2024-10-19 00:00:00.000,2024-09-16 00:00:00.000,33,69.97
15418,60909,2024-11-25 00:00:00.000,2024-10-19 00:00:00.000,37,119.98
15419,63338,2024-12-30 00:00:00.000,2023-11-14 00:00:00.000,412,2319.99
15422,72548,2025-05-08 00:00:00.000,2023-11-14 00:00:00.000,541,850.95
15425,66415,2025-02-14 00:00:00.000,2024-04-13 00:00:00.000,307,1700.99
15426,70528,2025-04-12 00:00:00.000,2024-08-25 00:00:00.000,230,8.99
15427,72908,2025-05-13 00:00:00.000,2023-11-09 00:00:00.000,551,791.47
15428,72696,2025-05-10 00:00:00.000,2023-11-15 00:00:00.000,542,848.47
15429,63403,2024-12-31 00:00:00.000,2023-11-20 00:00:00.000,407,2387.21
15432,72318,2025-05-05 00:00:00.000,2023-11-21 00:00:00.000,531,804.48
15433,72096,2025-05-02 00:00:00.000,2023-11-05 00:00:00.000,544,839.48
15434,67772,2025-03-06 00:00:00.000,2024-09-30 00:00:00.000,157,2.29
15435,66249,2025-02-11 00:00:00.000,2024-04-08 00:00:00.000,309,1729.97
15436,66924,2025-02-22 00:00:00.000,2024-04-02 00:00:00.000,326,1700.99
15437,74721,2025-06-17 00:00:00.000,2025-04-14 00:00:00.000,64,34.98
15438,68722,2025-03-20 00:00:00.000,2024-04-09 00:00:00.000,345,1717.26
15439,68517,2025-03-17 00:00:00.000,2024-04-03 00:00:00.000,348,1754.98
15440,66999,2025-02-23 00:00:00.000,2023-03-02 00:00:00.000,724,751.34
15440,73875,2025-05-26 00:00:00.000,2025-02-23 00:00:00.000,92,2406.95
15441,59317,2024-11-01 00:00:00.000,2024-09-02 00:00:00.000,60,39.98
15444,74237,2025-06-01 00:00:00.000,2024-09-25 00:00:00.000,249,83.97
15448,74298,2025-06-03 00:00:00.000,2025-02-06 00:00:00.000,117,39.99
15449,74060,2025-05-28 00:00:00.000,2024-11-03 00:00:00.000,206,7.28
15451,66446,2025-02-15 00:00:00.000,2023-12-09 00:00:00.000,434,574.98
15453,65933,2025-02-06 00:00:00.000,2023-03-06 00:00:00.000,703,742.35
15453,73041,2025-05-15 00:00:00.000,2025-02-06 00:00:00.000,98,2329.98
15454,65756,2025-02-04 00:00:00.000,2023-06-29 00:00:00.000,586,564.99
15455,68282,2025-03-14 00:00:00.000,2023-12-08 00:00:00.000,462,655.94
15456,66956,2025-02-23 00:00:00.000,2023-06-21 00:00:00.000,613,633.96
15457,66521,2025-02-16 00:00:00.000,2023-06-01 00:00:00.000,626,599.98
15460,69032,2025-03-25 00:00:00.000,2023-05-30 00:00:00.000,665,564.99
15461,66985,2025-02-23 00:00:00.000,2024-07-15 00:00:00.000,223,4.99
15462,68555,2025-03-18 00:00:00.000,2023-12-17 00:00:00.000,457,643.47
15463,68630,2025-03-19 00:00:00.000,2023-12-25 00:00:00.000,450,620.93
15464,73040,2025-05-15 00:00:00.000,2025-02-05 00:00:00.000,99,2.29
15465,67213,2025-02-27 00:00:00.000,2024-08-01 00:00:00.000,210,10.24
15466,72481,2025-05-07 00:00:00.000,2023-11-02 00:00:00.000,552,804.48
15467,74066,2025-05-28 00:00:00.000,2023-11-22 00:00:00.000,553,848.47
15468,67793,2025-03-06 00:00:00.000,2024-07-24 00:00:00.000,225,14.98
15468,68109,2025-03-11 00:00:00.000,2025-03-06 00:00:00.000,5,261.38
15471,72162,2025-05-03 00:00:00.000,2023-11-03 00:00:00.000,547,839.48
15472,73231,2025-05-17 00:00:00.000,2023-10-31 00:00:00.000,564,777.44
15473,72045,2025-05-01 00:00:00.000,2023-10-30 00:00:00.000,549,769.49
15474,72907,2025-05-13 00:00:00.000,2023-11-20 00:00:00.000,540,893.47
15475,74068,2025-05-28 00:00:00.000,2023-11-20 00:00:00.000,555,804.47
15478,54695,2024-08-18 00:00:00.000,2024-07-01 00:00:00.000,48,128.97
15478,64813,2025-01-22 00:00:00.000,2024-08-18 00:00:00.000,157,14.98
15480,64654,2025-01-19 00:00:00.000,2023-12-15 00:00:00.000,401,2294.99
15481,64427,2025-01-16 00:00:00.000,2023-12-14 00:00:00.000,399,2369.97
15482,63532,2025-01-02 00:00:00.000,2023-12-11 00:00:00.000,388,2341.46
15483,63791,2025-01-06 00:00:00.000,2023-12-09 00:00:00.000,394,2337.27
15484,64999,2025-01-25 00:00:00.000,2023-12-22 00:00:00.000,400,2396.96
15488,64868,2025-01-23 00:00:00.000,2024-11-09 00:00:00.000,75,100.09
15488,68566,2025-03-18 00:00:00.000,2025-01-23 00:00:00.000,54,14.98
15489,72241,2025-05-04 00:00:00.000,2023-12-06 00:00:00.000,515,902.46
15490,70808,2025-04-15 00:00:00.000,2024-12-03 00:00:00.000,133,2419.06
15491,63339,2024-12-30 00:00:00.000,2023-11-30 00:00:00.000,396,2398.47
15492,64586,2025-01-18 00:00:00.000,2023-12-06 00:00:00.000,409,2334.46
15493,64155,2025-01-12 00:00:00.000,2023-11-30 00:00:00.000,409,2316.97
15494,55633,2024-09-03 00:00:00.000,2024-07-28 00:00:00.000,37,119.98
15494,71317,2025-04-23 00:00:00.000,2024-09-03 00:00:00.000,232,125.47
15497,73839,2025-05-25 00:00:00.000,2023-12-02 00:00:00.000,540,839.48
15498,57572,2024-10-05 00:00:00.000,2024-07-22 00:00:00.000,75,149.46
15498,66962,2025-02-23 00:00:00.000,2024-10-05 00:00:00.000,141,32.60
15499,65063,2025-01-26 00:00:00.000,2023-12-09 00:00:00.000,414,2439.99
15500,64929,2025-01-24 00:00:00.000,2023-12-22 00:00:00.000,399,2370.96
15501,64426,2025-01-16 00:00:00.000,2023-12-29 00:00:00.000,384,2414.99
15502,74065,2025-05-28 00:00:00.000,2023-12-15 00:00:00.000,530,804.48
15503,72617,2025-05-09 00:00:00.000,2023-12-07 00:00:00.000,519,839.46
15506,72405,2025-05-06 00:00:00.000,2023-12-23 00:00:00.000,500,769.49
15507,52003,2024-07-01 00:00:00.000,2024-06-29 00:00:00.000,2,159.99
15507,63019,2024-12-28 00:00:00.000,2024-07-01 00:00:00.000,180,38.88
15511,58390,2024-10-20 00:00:00.000,2024-09-14 00:00:00.000,36,91.97
15511,74861,2025-06-21 00:00:00.000,2024-10-20 00:00:00.000,244,14.98
15517,64998,2025-01-25 00:00:00.000,2023-12-01 00:00:00.000,421,2329.99
15518,66001,2025-02-07 00:00:00.000,2023-12-16 00:00:00.000,419,2331.95
15520,73230,2025-05-17 00:00:00.000,2023-12-07 00:00:00.000,527,828.97
15521,66132,2025-02-09 00:00:00.000,2024-01-03 00:00:00.000,403,2389.96
15523,73995,2025-05-27 00:00:00.000,2024-01-07 00:00:00.000,506,848.47
15525,72693,2025-05-10 00:00:00.000,2024-01-01 00:00:00.000,495,777.44
15526,68358,2025-03-15 00:00:00.000,2024-07-22 00:00:00.000,236,49.97
15526,69981,2025-04-04 00:00:00.000,2025-03-15 00:00:00.000,20,42.28
15527,73306,2025-05-18 00:00:00.000,2024-01-13 00:00:00.000,491,839.48
15528,72043,2025-05-01 00:00:00.000,2024-01-19 00:00:00.000,468,893.47
15529,72044,2025-05-01 00:00:00.000,2024-01-05 00:00:00.000,482,804.48
15531,73466,2025-05-20 00:00:00.000,2024-01-05 00:00:00.000,501,839.48
15532,73307,2025-05-18 00:00:00.000,2024-01-27 00:00:00.000,477,806.76
15534,65774,2025-02-04 00:00:00.000,2024-01-05 00:00:00.000,396,2416.45
15535,65604,2025-02-01 00:00:00.000,2024-01-23 00:00:00.000,375,2316.97
15536,70613,2025-04-13 00:00:00.000,2024-12-24 00:00:00.000,110,96.07
15536,74184,2025-05-30 00:00:00.000,2025-04-13 00:00:00.000,47,74.98
15537,73616,2025-05-22 00:00:00.000,2024-01-05 00:00:00.000,503,848.47
15538,73467,2025-05-20 00:00:00.000,2024-01-25 00:00:00.000,481,812.42
15540,67242,2025-02-27 00:00:00.000,2024-01-23 00:00:00.000,401,2341.97
15542,66052,2025-02-08 00:00:00.000,2024-01-20 00:00:00.000,385,2334.97
15543,66614,2025-02-17 00:00:00.000,2024-09-14 00:00:00.000,156,71.97
15543,67661,2025-03-04 00:00:00.000,2025-02-17 00:00:00.000,15,29.99
15547,73912,2025-05-26 00:00:00.000,2024-01-17 00:00:00.000,495,804.48
15548,51675,2024-06-28 00:00:00.000,2024-01-25 00:00:00.000,155,554.97
15551,51252,2024-06-02 00:00:00.000,2024-01-22 00:00:00.000,132,592.27
15552,51645,2024-06-26 00:00:00.000,2024-01-19 00:00:00.000,159,643.47
15553,51309,2024-06-06 00:00:00.000,2024-01-20 00:00:00.000,138,589.96
15554,51626,2024-06-25 00:00:00.000,2024-02-03 00:00:00.000,143,574.98
15555,51487,2024-06-17 00:00:00.000,2024-02-16 00:00:00.000,122,588.96
15557,51363,2024-06-09 00:00:00.000,2024-02-05 00:00:00.000,125,554.97
15558,52265,2024-07-06 00:00:00.000,2024-02-01 00:00:00.000,156,579.97
15559,53203,2024-07-25 00:00:00.000,2024-07-14 00:00:00.000,11,71.58
15559,58621,2024-10-24 00:00:00.000,2024-07-25 00:00:00.000,91,85.48
15561,53049,2024-07-22 00:00:00.000,2024-02-01 00:00:00.000,172,592.27
15562,52004,2024-07-01 00:00:00.000,2024-02-25 00:00:00.000,127,564.98
15564,63514,2025-01-02 00:00:00.000,2024-10-27 00:00:00.000,67,86.58
15564,65826,2025-02-05 00:00:00.000,2025-01-02 00:00:00.000,34,14.98
15565,67183,2025-02-26 00:00:00.000,2024-01-29 00:00:00.000,394,2316.97
15566,72567,2025-05-08 00:00:00.000,2024-12-06 00:00:00.000,153,2482.03
15567,72566,2025-05-08 00:00:00.000,2024-12-21 00:00:00.000,138,2393.06
15568,67240,2025-02-27 00:00:00.000,2024-02-25 00:00:00.000,368,2329.98
15569,67066,2025-02-24 00:00:00.000,2024-02-16 00:00:00.000,374,2294.99
15570,53436,2024-07-29 00:00:00.000,2024-02-22 00:00:00.000,158,561.97
15571,60583,2024-11-20 00:00:00.000,2024-06-29 00:00:00.000,144,9.99
15571,67729,2025-03-05 00:00:00.000,2024-11-20 00:00:00.000,105,56.97
15572,64280,2025-01-14 00:00:00.000,2024-12-02 00:00:00.000,43,21.98
15572,68355,2025-03-15 00:00:00.000,2025-01-14 00:00:00.000,60,32.60
15575,72626,2025-05-09 00:00:00.000,2024-03-30 00:00:00.000,405,839.48
15576,68861,2025-03-22 00:00:00.000,2024-04-24 00:00:00.000,332,2294.99
15577,64061,2025-01-11 00:00:00.000,2024-09-03 00:00:00.000,130,59.48
15578,69135,2025-03-26 00:00:00.000,2024-04-11 00:00:00.000,349,2438.48
15579,54150,2024-08-09 00:00:00.000,2024-07-11 00:00:00.000,29,24.99
15580,73016,2025-05-14 00:00:00.000,2024-03-29 00:00:00.000,411,839.48
15581,64952,2025-01-25 00:00:00.000,2025-01-08 00:00:00.000,17,63.97
15582,72709,2025-05-10 00:00:00.000,2024-04-28 00:00:00.000,377,858.46
15583,68625,2025-03-19 00:00:00.000,2024-11-01 00:00:00.000,138,31.27
15584,73943,2025-05-27 00:00:00.000,2024-08-25 00:00:00.000,275,27.28
15585,68383,2025-03-15 00:00:00.000,2024-04-22 00:00:00.000,327,2317.92
15586,67389,2025-02-28 00:00:00.000,2024-04-27 00:00:00.000,307,2397.95
15587,68720,2025-03-20 00:00:00.000,2024-04-19 00:00:00.000,335,2351.96
15588,69136,2025-03-26 00:00:00.000,2024-04-03 00:00:00.000,357,2436.97
15589,67630,2025-03-03 00:00:00.000,2024-04-27 00:00:00.000,310,2344.96
15590,69378,2025-03-29 00:00:00.000,2024-04-25 00:00:00.000,338,2390.95
15591,68522,2025-03-17 00:00:00.000,2024-04-02 00:00:00.000,349,2297.28
15592,66515,2025-02-16 00:00:00.000,2024-07-04 00:00:00.000,227,34.99
15593,62234,2024-12-15 00:00:00.000,2024-08-03 00:00:00.000,134,27.28
15594,74754,2025-06-18 00:00:00.000,2025-05-25 00:00:00.000,24,31.27
15595,67829,2025-03-06 00:00:00.000,2024-03-29 00:00:00.000,342,2319.99
15596,69072,2025-03-25 00:00:00.000,2024-04-25 00:00:00.000,334,2410.94
15597,68870,2025-03-22 00:00:00.000,2024-04-19 00:00:00.000,337,2319.99
15598,72003,2025-05-01 00:00:00.000,2025-02-18 00:00:00.000,72,117.96
15599,74150,2025-05-30 00:00:00.000,2024-09-18 00:00:00.000,254,31.27
15600,69143,2025-03-26 00:00:00.000,2024-03-31 00:00:00.000,360,2518.98
15601,68523,2025-03-17 00:00:00.000,2024-04-23 00:00:00.000,328,2380.47
15602,73107,2025-05-16 00:00:00.000,2024-11-21 00:00:00.000,176,34.99
15603,64302,2025-01-15 00:00:00.000,2024-08-30 00:00:00.000,138,14.98
15604,66265,2025-02-12 00:00:00.000,2024-11-19 00:00:00.000,85,39.47
15605,71356,2025-04-24 00:00:00.000,2025-02-26 00:00:00.000,57,14.98
15606,64457,2025-01-17 00:00:00.000,2024-07-29 00:00:00.000,172,37.97
15607,74474,2025-06-09 00:00:00.000,2025-04-17 00:00:00.000,53,59.48
15610,69347,2025-03-29 00:00:00.000,2025-02-17 00:00:00.000,40,74.98
15612,61061,2024-11-27 00:00:00.000,2024-10-07 00:00:00.000,51,74.98
15614,72656,2025-05-10 00:00:00.000,2023-03-14 00:00:00.000,788,2480.91
15615,74126,2025-05-29 00:00:00.000,2024-08-25 00:00:00.000,277,27.96
15619,73349,2025-05-19 00:00:00.000,2023-03-14 00:00:00.000,797,2329.98
15620,72521,2025-05-08 00:00:00.000,2023-03-06 00:00:00.000,794,2381.45
15621,73806,2025-05-25 00:00:00.000,2023-03-08 00:00:00.000,809,2399.47
15622,67431,2025-03-01 00:00:00.000,2023-06-15 00:00:00.000,625,583.97
15623,62828,2024-12-25 00:00:00.000,2024-01-25 00:00:00.000,335,2405.47
15623,66939,2025-02-22 00:00:00.000,2024-12-25 00:00:00.000,59,2398.05
15624,62033,2024-12-12 00:00:00.000,2024-01-17 00:00:00.000,330,2354.98
15624,66923,2025-02-22 00:00:00.000,2024-12-12 00:00:00.000,72,2453.04
15625,56067,2024-09-10 00:00:00.000,2023-07-10 00:00:00.000,428,2384.07
15625,62826,2024-12-25 00:00:00.000,2024-09-10 00:00:00.000,106,2341.97
15626,55382,2024-08-29 00:00:00.000,2023-07-30 00:00:00.000,396,2422.54
15626,61667,2024-12-06 00:00:00.000,2024-08-29 00:00:00.000,99,2424.97
15627,58699,2024-10-25 00:00:00.000,2023-07-19 00:00:00.000,464,2398.05
15627,65033,2025-01-26 00:00:00.000,2024-10-25 00:00:00.000,93,2363.97
15630,51639,2024-06-26 00:00:00.000,2023-03-25 00:00:00.000,459,806.76
15630,66301,2025-02-12 00:00:00.000,2024-06-26 00:00:00.000,231,751.34
15631,52533,2024-07-12 00:00:00.000,2023-03-25 00:00:00.000,475,801.77
15631,67459,2025-03-01 00:00:00.000,2024-07-12 00:00:00.000,232,742.35
15632,55042,2024-08-25 00:00:00.000,2023-04-10 00:00:00.000,503,889.45
15632,68189,2025-03-12 00:00:00.000,2024-08-25 00:00:00.000,199,777.34
15634,72158,2025-05-03 00:00:00.000,2024-11-17 00:00:00.000,167,39.98
15635,70628,2025-04-13 00:00:00.000,2024-10-12 00:00:00.000,183,76.97
15637,61490,2024-12-03 00:00:00.000,2024-01-04 00:00:00.000,334,2398.95
15637,68027,2025-03-09 00:00:00.000,2024-12-03 00:00:00.000,96,2419.06
15638,55933,2024-09-08 00:00:00.000,2023-04-20 00:00:00.000,507,806.76
15638,68190,2025-03-12 00:00:00.000,2024-09-08 00:00:00.000,185,777.34
15639,57905,2024-10-12 00:00:00.000,2024-09-05 00:00:00.000,37,32.28
15640,57245,2024-09-30 00:00:00.000,2024-06-29 00:00:00.000,93,32.28
15641,56704,2024-09-23 00:00:00.000,2024-09-21 00:00:00.000,2,2.29
15642,68865,2025-03-22 00:00:00.000,2024-04-01 00:00:00.000,355,1700.99
15643,69139,2025-03-26 00:00:00.000,2024-03-31 00:00:00.000,360,1735.98
15644,70070,2025-04-05 00:00:00.000,2024-04-12 00:00:00.000,358,1732.26
15645,69846,2025-04-02 00:00:00.000,2024-04-03 00:00:00.000,364,1735.98
15646,70358,2025-04-09 00:00:00.000,2024-04-16 00:00:00.000,358,1754.98
15647,69630,2025-03-30 00:00:00.000,2024-04-07 00:00:00.000,357,1714.97
15648,71415,2025-04-24 00:00:00.000,2024-03-29 00:00:00.000,391,1735.98
15649,68409,2025-03-16 00:00:00.000,2023-07-12 00:00:00.000,613,604.96
15651,71511,2025-04-26 00:00:00.000,2024-01-13 00:00:00.000,469,564.99
15652,55399,2024-08-30 00:00:00.000,2023-04-18 00:00:00.000,500,804.47
15652,69063,2025-03-25 00:00:00.000,2024-08-30 00:00:00.000,207,777.34
15653,55825,2024-09-06 00:00:00.000,2023-04-10 00:00:00.000,515,848.45
15653,71070,2025-04-19 00:00:00.000,2024-09-06 00:00:00.000,225,777.34
15655,68750,2025-03-21 00:00:00.000,2023-07-24 00:00:00.000,606,572.26
15656,68284,2025-03-14 00:00:00.000,2023-07-12 00:00:00.000,611,548.98
15657,56446,2024-09-18 00:00:00.000,2023-04-06 00:00:00.000,531,839.46
15657,71673,2025-04-28 00:00:00.000,2024-09-18 00:00:00.000,222,833.61
15659,68631,2025-03-19 00:00:00.000,2023-07-18 00:00:00.000,610,604.46
15660,57600,2024-10-06 00:00:00.000,2023-05-18 00:00:00.000,507,839.46
15660,73915,2025-05-26 00:00:00.000,2024-10-06 00:00:00.000,232,751.34
15661,60703,2024-11-22 00:00:00.000,2023-05-07 00:00:00.000,565,839.46
15661,72245,2025-05-04 00:00:00.000,2024-11-22 00:00:00.000,163,790.31
15662,60970,2024-11-26 00:00:00.000,2023-05-07 00:00:00.000,569,854.97
15662,72823,2025-05-12 00:00:00.000,2024-11-26 00:00:00.000,167,819.83
15663,71512,2025-04-26 00:00:00.000,2024-01-18 00:00:00.000,464,589.98
15664,71292,2025-04-23 00:00:00.000,2023-07-03 00:00:00.000,660,588.96
15665,69581,2025-03-30 00:00:00.000,2024-01-13 00:00:00.000,442,621.96
15666,70530,2025-04-12 00:00:00.000,2024-01-20 00:00:00.000,448,645.95
15667,70766,2025-04-15 00:00:00.000,2023-06-30 00:00:00.000,655,681.97
15668,73660,2025-05-23 00:00:00.000,2023-05-25 00:00:00.000,729,2334.97
15669,73112,2025-05-16 00:00:00.000,2023-05-09 00:00:00.000,738,2319.99
15671,64822,2025-01-22 00:00:00.000,2024-07-30 00:00:00.000,176,24.27
15674,69957,2025-04-04 00:00:00.000,2023-08-13 00:00:00.000,600,609.97
15675,59979,2024-11-10 00:00:00.000,2023-08-09 00:00:00.000,459,2428.05
15675,64187,2025-01-13 00:00:00.000,2024-11-10 00:00:00.000,64,2334.98
15676,63562,2025-01-03 00:00:00.000,2024-01-24 00:00:00.000,345,2362.27
15676,67764,2025-03-05 00:00:00.000,2025-01-03 00:00:00.000,61,2419.06
15677,64469,2025-01-17 00:00:00.000,2024-02-27 00:00:00.000,325,2334.97
15677,68536,2025-03-17 00:00:00.000,2025-01-17 00:00:00.000,59,2422.54
15678,64733,2025-01-21 00:00:00.000,2024-02-08 00:00:00.000,348,2318.96
15678,67959,2025-03-08 00:00:00.000,2025-01-21 00:00:00.000,46,2461.03
15681,60718,2024-11-22 00:00:00.000,2024-07-03 00:00:00.000,142,71.58
15684,56539,2024-09-19 00:00:00.000,2023-08-09 00:00:00.000,407,2442.54
15684,61327,2024-11-30 00:00:00.000,2024-09-19 00:00:00.000,72,2338.97
15685,55866,2024-09-06 00:00:00.000,2023-08-25 00:00:00.000,378,2428.05
15685,62588,2024-12-21 00:00:00.000,2024-09-06 00:00:00.000,106,2316.97
15686,70844,2025-04-16 00:00:00.000,2024-07-28 00:00:00.000,262,39.98
15687,60528,2024-11-19 00:00:00.000,2024-02-14 00:00:00.000,279,2304.98
15687,73953,2025-05-27 00:00:00.000,2024-11-19 00:00:00.000,189,2487.33
15688,53676,2024-07-31 00:00:00.000,2024-02-08 00:00:00.000,174,1700.99
15688,60519,2024-11-19 00:00:00.000,2024-07-31 00:00:00.000,111,2338.97
15690,74608,2025-06-13 00:00:00.000,2025-03-22 00:00:00.000,83,36.59
15691,62642,2024-12-22 00:00:00.000,2023-05-28 00:00:00.000,574,2378.95
15691,63496,2025-01-01 00:00:00.000,2024-12-22 00:00:00.000,10,2384.07
15692,62408,2024-12-18 00:00:00.000,2023-05-01 00:00:00.000,597,2394.97
15692,63362,2024-12-30 00:00:00.000,2024-12-18 00:00:00.000,12,2419.06
15693,56794,2024-09-24 00:00:00.000,2023-08-28 00:00:00.000,393,2428.05
15693,62703,2024-12-23 00:00:00.000,2024-09-24 00:00:00.000,90,2294.99
15694,74900,2025-06-22 00:00:00.000,2025-02-14 00:00:00.000,128,100.09
15695,62097,2024-12-13 00:00:00.000,2023-04-30 00:00:00.000,593,2339.97
15695,64946,2025-01-24 00:00:00.000,2024-12-13 00:00:00.000,42,2406.00
15697,57842,2024-10-10 00:00:00.000,2023-08-16 00:00:00.000,421,2461.03
15697,61382,2024-12-01 00:00:00.000,2024-10-10 00:00:00.000,52,2331.95
15699,62353,2024-12-17 00:00:00.000,2023-06-06 00:00:00.000,560,2304.98
15699,64049,2025-01-10 00:00:00.000,2024-12-17 00:00:00.000,24,2483.03
15700,55396,2024-08-30 00:00:00.000,2024-02-27 00:00:00.000,185,1735.98
15700,61442,2024-12-02 00:00:00.000,2024-08-30 00:00:00.000,94,2329.99
15701,67802,2025-03-06 00:00:00.000,2024-08-28 00:00:00.000,190,71.58
15702,64312,2025-01-15 00:00:00.000,2023-06-10 00:00:00.000,585,2329.98
15702,65558,2025-01-31 00:00:00.000,2025-01-15 00:00:00.000,16,2406.00
15710,62411,2024-12-18 00:00:00.000,2024-02-02 00:00:00.000,320,2319.99
15710,62587,2024-12-21 00:00:00.000,2024-12-18 00:00:00.000,3,1814.95
15711,61566,2024-12-04 00:00:00.000,2024-10-20 00:00:00.000,45,71.58
15712,67877,2025-03-07 00:00:00.000,2024-12-10 00:00:00.000,87,18.97
15713,71730,2025-04-29 00:00:00.000,2025-04-09 00:00:00.000,20,4.99
15715,69798,2025-04-02 00:00:00.000,2024-12-28 00:00:00.000,95,14.98
15716,67894,2025-03-07 00:00:00.000,2024-04-20 00:00:00.000,321,2417.96
15717,70361,2025-04-09 00:00:00.000,2024-04-12 00:00:00.000,362,2362.27
15718,73414,2025-05-20 00:00:00.000,2025-02-15 00:00:00.000,94,28.98
15719,69710,2025-03-31 00:00:00.000,2024-04-24 00:00:00.000,341,2380.47
15720,71497,2025-04-26 00:00:00.000,2024-07-12 00:00:00.000,288,34.99
15721,67847,2025-03-07 00:00:00.000,2024-11-16 00:00:00.000,111,34.99
15722,70153,2025-04-06 00:00:00.000,2024-04-19 00:00:00.000,352,2399.47
15723,71609,2025-04-27 00:00:00.000,2024-04-09 00:00:00.000,383,2394.97
15724,71333,2025-04-23 00:00:00.000,2024-04-05 00:00:00.000,383,2309.97
15725,70075,2025-04-05 00:00:00.000,2024-04-22 00:00:00.000,348,2344.96
15726,71075,2025-04-19 00:00:00.000,2024-04-08 00:00:00.000,376,2344.26
15727,72363,2025-05-06 00:00:00.000,2024-10-08 00:00:00.000,210,34.99
15728,69952,2025-04-04 00:00:00.000,2024-08-07 00:00:00.000,240,34.99
15729,71472,2025-04-25 00:00:00.000,2024-05-28 00:00:00.000,332,2322.28
15730,69315,2025-03-29 00:00:00.000,2025-01-18 00:00:00.000,70,34.99
15731,67212,2025-02-27 00:00:00.000,2024-08-25 00:00:00.000,186,34.99
15732,70860,2025-04-16 00:00:00.000,2024-05-13 00:00:00.000,338,2304.98
15733,70581,2025-04-12 00:00:00.000,2024-05-09 00:00:00.000,338,2394.45
15734,71756,2025-04-29 00:00:00.000,2024-05-26 00:00:00.000,338,2354.99
15735,65886,2025-02-06 00:00:00.000,2024-11-20 00:00:00.000,78,84.98
15737,65372,2025-01-28 00:00:00.000,2024-02-02 00:00:00.000,361,2334.24
15739,65431,2025-01-29 00:00:00.000,2024-01-28 00:00:00.000,367,2357.28
15748,60981,2024-11-26 00:00:00.000,2024-10-28 00:00:00.000,29,119.98
15748,71535,2025-04-26 00:00:00.000,2024-11-26 00:00:00.000,151,56.97
15750,66996,2025-02-23 00:00:00.000,2024-02-08 00:00:00.000,381,2304.98
15751,71473,2025-04-25 00:00:00.000,2024-05-22 00:00:00.000,338,2374.98
15752,71474,2025-04-25 00:00:00.000,2024-05-09 00:00:00.000,351,2337.27
15753,71003,2025-04-18 00:00:00.000,2024-05-10 00:00:00.000,343,2349.98
15754,71076,2025-04-19 00:00:00.000,2024-05-05 00:00:00.000,349,2344.96
15755,70360,2025-04-09 00:00:00.000,2024-05-25 00:00:00.000,319,2354.98
15756,70227,2025-04-07 00:00:00.000,2024-05-26 00:00:00.000,316,2369.97
15757,71757,2025-04-29 00:00:00.000,2024-05-25 00:00:00.000,339,2294.99
15758,74974,2025-06-25 00:00:00.000,2025-06-06 00:00:00.000,19,34.99
15760,59155,2024-10-30 00:00:00.000,2024-08-22 00:00:00.000,69,36.27
15760,61287,2024-11-29 00:00:00.000,2024-10-30 00:00:00.000,30,68.97
15760,74808,2025-06-19 00:00:00.000,2024-11-29 00:00:00.000,202,37.29
15761,70105,2025-04-06 00:00:00.000,2025-03-04 00:00:00.000,33,68.97
15761,72615,2025-05-09 00:00:00.000,2025-04-06 00:00:00.000,33,99.47
15761,75037,2025-06-27 00:00:00.000,2025-05-09 00:00:00.000,49,3.99
15763,54920,2024-08-22 00:00:00.000,2024-02-08 00:00:00.000,196,604.96
15764,70437,2025-04-10 00:00:00.000,2024-05-08 00:00:00.000,337,2341.97
15765,70807,2025-04-15 00:00:00.000,2024-05-23 00:00:00.000,327,2319.99
15766,60523,2024-11-19 00:00:00.000,2024-06-30 00:00:00.000,142,27.28
15767,69990,2025-04-04 00:00:00.000,2024-05-22 00:00:00.000,317,2329.99
15768,66997,2025-02-23 00:00:00.000,2024-03-06 00:00:00.000,354,2341.97
15769,65850,2025-02-05 00:00:00.000,2024-03-06 00:00:00.000,336,2376.96
15770,66000,2025-02-07 00:00:00.000,2024-03-13 00:00:00.000,331,2396.94
15771,67068,2025-02-24 00:00:00.000,2024-03-24 00:00:00.000,337,2391.96
15778,66813,2025-02-20 00:00:00.000,2024-03-22 00:00:00.000,335,2394.97
15780,66408,2025-02-14 00:00:00.000,2024-03-11 00:00:00.000,340,2461.97
15781,66050,2025-02-08 00:00:00.000,2024-03-18 00:00:00.000,327,2426.95
15783,68957,2025-03-24 00:00:00.000,2024-12-09 00:00:00.000,105,63.97
15784,70652,2025-04-13 00:00:00.000,2024-05-15 00:00:00.000,333,2329.99
15785,69709,2025-03-31 00:00:00.000,2024-04-30 00:00:00.000,335,2382.93
15786,70653,2025-04-13 00:00:00.000,2024-05-28 00:00:00.000,320,2316.97
15787,72854,2025-05-13 00:00:00.000,2024-09-25 00:00:00.000,230,63.97
15788,69927,2025-04-03 00:00:00.000,2024-05-18 00:00:00.000,320,2371.96
15789,71267,2025-04-22 00:00:00.000,2024-05-02 00:00:00.000,355,2436.97
15790,53442,2024-07-29 00:00:00.000,2024-05-13 00:00:00.000,77,596.96
15791,72135,2025-05-03 00:00:00.000,2024-08-10 00:00:00.000,266,17.27
15792,55082,2024-08-25 00:00:00.000,2024-05-04 00:00:00.000,113,573.98
15793,71755,2025-04-29 00:00:00.000,2024-05-18 00:00:00.000,346,2319.99
15794,74033,2025-05-28 00:00:00.000,2024-08-22 00:00:00.000,279,24.99
15795,56967,2024-09-28 00:00:00.000,2024-09-12 00:00:00.000,16,43.98
15796,74307,2025-06-04 00:00:00.000,2025-05-25 00:00:00.000,10,24.99
15797,69991,2025-04-04 00:00:00.000,2024-04-30 00:00:00.000,339,2344.26
15798,59840,2024-11-09 00:00:00.000,2024-09-11 00:00:00.000,59,63.97
15799,70731,2025-04-14 00:00:00.000,2024-05-13 00:00:00.000,336,2351.96
15800,71676,2025-04-28 00:00:00.000,2024-04-30 00:00:00.000,363,2349.98
15801,71677,2025-04-28 00:00:00.000,2024-05-27 00:00:00.000,336,2332.28
15802,71133,2025-04-20 00:00:00.000,2024-05-25 00:00:00.000,330,2394.97
15803,71095,2025-04-20 00:00:00.000,2024-12-27 00:00:00.000,114,31.27
15804,73038,2025-05-15 00:00:00.000,2025-05-13 00:00:00.000,2,34.99
15805,73262,2025-05-18 00:00:00.000,2025-05-10 00:00:00.000,8,34.99
15806,57538,2024-10-05 00:00:00.000,2024-07-28 00:00:00.000,69,63.97
15807,72963,2025-05-14 00:00:00.000,2024-08-30 00:00:00.000,257,45.58
15808,71073,2025-04-19 00:00:00.000,2024-05-04 00:00:00.000,350,2374.98
15809,62473,2024-12-19 00:00:00.000,2024-07-24 00:00:00.000,148,29.99
15810,68200,2025-03-13 00:00:00.000,2024-09-06 00:00:00.000,188,32.28
15811,62287,2024-12-16 00:00:00.000,2024-09-05 00:00:00.000,102,32.28
15812,69954,2025-04-04 00:00:00.000,2024-10-19 00:00:00.000,167,2.29
15815,66387,2025-02-14 00:00:00.000,2024-09-18 00:00:00.000,149,34.89
15815,73887,2025-05-26 00:00:00.000,2025-02-14 00:00:00.000,101,49.97
15816,55194,2024-08-28 00:00:00.000,2024-07-23 00:00:00.000,36,36.59
15816,59298,2024-11-01 00:00:00.000,2024-08-28 00:00:00.000,65,69.97
15822,68154,2025-03-12 00:00:00.000,2024-11-21 00:00:00.000,111,28.98
15823,70758,2025-04-15 00:00:00.000,2024-10-14 00:00:00.000,183,38.98
15826,64319,2025-01-15 00:00:00.000,2024-07-18 00:00:00.000,181,33.98
15826,67979,2025-03-09 00:00:00.000,2025-01-15 00:00:00.000,53,6.28
15826,74892,2025-06-22 00:00:00.000,2025-03-09 00:00:00.000,105,23.97
15827,55128,2024-08-26 00:00:00.000,2024-03-20 00:00:00.000,159,635.93
15828,70680,2025-04-14 00:00:00.000,2024-10-01 00:00:00.000,195,122.29
15829,59916,2024-11-10 00:00:00.000,2024-10-02 00:00:00.000,39,162.99
15830,55227,2024-08-28 00:00:00.000,2024-05-21 00:00:00.000,99,608.96
15831,53913,2024-08-04 00:00:00.000,2024-05-06 00:00:00.000,90,597.26
15832,55802,2024-09-05 00:00:00.000,2024-05-25 00:00:00.000,103,539.99
15833,57419,2024-10-02 00:00:00.000,2024-05-11 00:00:00.000,144,539.99
15834,54086,2024-08-07 00:00:00.000,2024-03-15 00:00:00.000,145,539.99
15840,66299,2025-02-12 00:00:00.000,2024-03-05 00:00:00.000,344,2297.28
15841,65602,2025-02-01 00:00:00.000,2024-03-13 00:00:00.000,325,2322.28
15842,66353,2025-02-13 00:00:00.000,2024-03-15 00:00:00.000,335,2369.97
15843,66405,2025-02-14 00:00:00.000,2024-03-19 00:00:00.000,332,2359.98
15844,66994,2025-02-23 00:00:00.000,2024-03-22 00:00:00.000,338,2351.96
15845,66406,2025-02-14 00:00:00.000,2024-03-23 00:00:00.000,328,2461.97
15846,73168,2025-05-16 00:00:00.000,2024-12-10 00:00:00.000,157,2447.05
15847,63726,2025-01-05 00:00:00.000,2024-10-13 00:00:00.000,84,85.48
15847,74859,2025-06-21 00:00:00.000,2025-01-05 00:00:00.000,167,34.98
15850,72833,2025-05-12 00:00:00.000,2024-12-04 00:00:00.000,159,2438.06
15851,65773,2025-02-04 00:00:00.000,2024-02-28 00:00:00.000,342,2415.47
15852,66131,2025-02-09 00:00:00.000,2024-03-19 00:00:00.000,327,2439.99
15856,56291,2024-09-15 00:00:00.000,2024-06-29 00:00:00.000,78,78.98
15856,74466,2025-06-08 00:00:00.000,2024-09-15 00:00:00.000,266,36.96
15859,62255,2024-12-15 00:00:00.000,2024-09-21 00:00:00.000,85,14.98
15859,67860,2025-03-07 00:00:00.000,2024-12-15 00:00:00.000,82,34.89
15860,54571,2024-08-16 00:00:00.000,2024-03-02 00:00:00.000,167,539.99
15862,53853,2024-08-03 00:00:00.000,2024-03-16 00:00:00.000,140,596.96
15863,61054,2024-11-27 00:00:00.000,2024-09-05 00:00:00.000,83,69.97
15863,62105,2024-12-13 00:00:00.000,2024-11-27 00:00:00.000,16,71.58
15864,61898,2024-12-09 00:00:00.000,2024-10-07 00:00:00.000,63,21.98
15864,67986,2025-03-09 00:00:00.000,2024-12-09 00:00:00.000,90,71.58
15865,56213,2024-09-13 00:00:00.000,2024-03-23 00:00:00.000,174,633.96
15866,69186,2025-03-27 00:00:00.000,2024-08-13 00:00:00.000,226,49.97
15866,71123,2025-04-20 00:00:00.000,2025-03-27 00:00:00.000,24,56.97
15868,74450,2025-06-08 00:00:00.000,2024-10-18 00:00:00.000,233,61.08
15868,75122,2025-06-29 00:00:00.000,2025-06-08 00:00:00.000,21,30.97
15872,70348,2025-04-09 00:00:00.000,2025-04-03 00:00:00.000,6,85.48
15872,73129,2025-05-16 00:00:00.000,2025-04-09 00:00:00.000,37,100.09
15873,66478,2025-02-15 00:00:00.000,2024-03-25 00:00:00.000,327,2340.94
15874,64975,2025-01-25 00:00:00.000,2024-07-29 00:00:00.000,180,69.97
15874,69979,2025-04-04 00:00:00.000,2025-01-25 00:00:00.000,69,85.48
15876,72110,2025-05-02 00:00:00.000,2024-12-09 00:00:00.000,144,2438.06
15878,65369,2025-01-28 00:00:00.000,2024-08-10 00:00:00.000,171,76.97
15878,70893,2025-04-17 00:00:00.000,2025-01-28 00:00:00.000,79,78.98
15879,59614,2024-11-05 00:00:00.000,2024-09-05 00:00:00.000,61,56.97
15879,64265,2025-01-14 00:00:00.000,2024-11-05 00:00:00.000,70,69.97
15882,56256,2024-09-14 00:00:00.000,2024-02-28 00:00:00.000,199,589.47
15885,56894,2024-09-26 00:00:00.000,2024-03-31 00:00:00.000,179,614.96
15886,56055,2024-09-10 00:00:00.000,2024-04-25 00:00:00.000,138,639.47
15888,66407,2025-02-14 00:00:00.000,2024-04-28 00:00:00.000,292,2395.96
15889,72629,2025-05-09 00:00:00.000,2024-12-18 00:00:00.000,142,2433.04
15890,58522,2024-10-22 00:00:00.000,2024-04-21 00:00:00.000,184,592.27
15892,61012,2024-11-26 00:00:00.000,2024-03-29 00:00:00.000,242,618.47
15893,60732,2024-11-22 00:00:00.000,2024-04-11 00:00:00.000,225,645.95
15897,65603,2025-02-01 00:00:00.000,2024-04-05 00:00:00.000,302,2331.95
15899,65370,2025-01-28 00:00:00.000,2024-04-21 00:00:00.000,282,2350.96
15901,59321,2024-11-01 00:00:00.000,2024-04-03 00:00:00.000,212,593.98
15902,59545,2024-11-04 00:00:00.000,2024-04-03 00:00:00.000,215,614.96
15903,59546,2024-11-04 00:00:00.000,2024-04-28 00:00:00.000,190,589.96
15904,59187,2024-10-30 00:00:00.000,2024-04-16 00:00:00.000,197,611.96
15905,72338,2025-05-05 00:00:00.000,2024-12-11 00:00:00.000,145,2398.05
15906,74006,2025-05-27 00:00:00.000,2024-12-10 00:00:00.000,168,2419.06
15908,62002,2024-12-11 00:00:00.000,2024-04-27 00:00:00.000,228,630.94
15909,62442,2024-12-18 00:00:00.000,2024-04-22 00:00:00.000,240,597.26
15914,65931,2025-02-06 00:00:00.000,2024-04-17 00:00:00.000,295,2297.28
15915,67239,2025-02-27 00:00:00.000,2024-03-29 00:00:00.000,335,2319.99
15916,72425,2025-05-06 00:00:00.000,2025-01-03 00:00:00.000,123,2460.99
15917,73849,2025-05-25 00:00:00.000,2025-01-17 00:00:00.000,128,2384.07
15918,67065,2025-02-24 00:00:00.000,2024-04-03 00:00:00.000,327,2366.96
15919,73832,2025-05-25 00:00:00.000,2025-01-02 00:00:00.000,143,13.98
15920,61859,2024-12-09 00:00:00.000,2024-02-26 00:00:00.000,287,1735.98
15920,62482,2024-12-19 00:00:00.000,2024-12-09 00:00:00.000,10,2329.98
15921,62295,2024-12-16 00:00:00.000,2024-02-02 00:00:00.000,318,2369.96
15921,67141,2025-02-26 00:00:00.000,2024-12-16 00:00:00.000,72,1735.98
15922,67374,2025-02-28 00:00:00.000,2024-07-18 00:00:00.000,225,132.97
15923,61441,2024-12-02 00:00:00.000,2024-01-31 00:00:00.000,306,2359.46
15923,72942,2025-05-13 00:00:00.000,2024-12-02 00:00:00.000,162,1789.97
15924,59702,2024-11-06 00:00:00.000,2024-02-14 00:00:00.000,266,1170.48
15924,63301,2024-12-30 00:00:00.000,2024-11-06 00:00:00.000,54,2391.96
15925,59202,2024-10-30 00:00:00.000,2024-02-14 00:00:00.000,259,1120.49
15925,64547,2025-01-18 00:00:00.000,2024-10-30 00:00:00.000,80,2341.97
15926,57300,2024-09-30 00:00:00.000,2023-08-01 00:00:00.000,426,2427.04
15926,61795,2024-12-08 00:00:00.000,2024-09-30 00:00:00.000,69,2369.96
15927,58775,2024-10-26 00:00:00.000,2023-08-07 00:00:00.000,446,2419.06
15927,61380,2024-12-01 00:00:00.000,2024-10-26 00:00:00.000,36,2332.28
15928,58466,2024-10-21 00:00:00.000,2023-08-22 00:00:00.000,426,2419.06
15928,62641,2024-12-22 00:00:00.000,2024-10-21 00:00:00.000,62,2359.46
15929,64252,2025-01-14 00:00:00.000,2023-06-11 00:00:00.000,583,2369.96
15929,66153,2025-02-09 00:00:00.000,2025-01-14 00:00:00.000,26,2393.06
15931,54875,2024-08-21 00:00:00.000,2024-02-26 00:00:00.000,177,574.98
15931,63958,2025-01-09 00:00:00.000,2024-08-21 00:00:00.000,141,2343.96
15932,58190,2024-10-16 00:00:00.000,2023-08-06 00:00:00.000,437,2393.06
15932,64691,2025-01-20 00:00:00.000,2024-10-16 00:00:00.000,96,2349.98
15933,63959,2025-01-09 00:00:00.000,2023-06-24 00:00:00.000,565,2297.28
15933,66150,2025-02-09 00:00:00.000,2025-01-09 00:00:00.000,31,2453.04
15934,65999,2025-02-07 00:00:00.000,2024-04-21 00:00:00.000,292,2364.96
15937,67243,2025-02-27 00:00:00.000,2024-03-30 00:00:00.000,334,2362.27
15941,66054,2025-02-08 00:00:00.000,2024-04-25 00:00:00.000,289,2322.28
15942,62612,2024-12-21 00:00:00.000,2024-12-07 00:00:00.000,14,29.93
15942,66794,2025-02-20 00:00:00.000,2024-12-21 00:00:00.000,61,91.95
15943,58752,2024-10-26 00:00:00.000,2024-08-19 00:00:00.000,68,81.46
15943,64978,2025-01-25 00:00:00.000,2024-10-26 00:00:00.000,91,128.97
15944,65433,2025-01-29 00:00:00.000,2024-04-06 00:00:00.000,298,2451.95
15948,66244,2025-02-11 00:00:00.000,2024-03-31 00:00:00.000,317,2309.97
15949,65374,2025-01-28 00:00:00.000,2024-05-24 00:00:00.000,249,2374.98
15952,66055,2025-02-08 00:00:00.000,2024-05-17 00:00:00.000,267,2391.96
15953,63097,2024-12-29 00:00:00.000,2024-05-06 00:00:00.000,237,574.98
15954,66354,2025-02-13 00:00:00.000,2024-05-17 00:00:00.000,272,2334.97
15959,66056,2025-02-08 00:00:00.000,2024-05-28 00:00:00.000,256,2334.98
15961,66355,2025-02-13 00:00:00.000,2024-05-05 00:00:00.000,284,2344.26
15964,66814,2025-02-20 00:00:00.000,2024-05-08 00:00:00.000,288,2334.97
15965,66481,2025-02-15 00:00:00.000,2024-05-17 00:00:00.000,274,2325.96
15968,66998,2025-02-23 00:00:00.000,2024-05-17 00:00:00.000,282,2316.97
15969,66190,2025-02-10 00:00:00.000,2024-05-01 00:00:00.000,285,2326.96
15972,67244,2025-02-27 00:00:00.000,2024-05-01 00:00:00.000,302,2365.95
15974,62209,2024-12-14 00:00:00.000,2024-07-23 00:00:00.000,144,46.47
15974,71166,2025-04-21 00:00:00.000,2024-12-14 00:00:00.000,128,69.99
15976,66356,2025-02-13 00:00:00.000,2024-05-10 00:00:00.000,279,2374.98
15980,66300,2025-02-12 00:00:00.000,2024-05-14 00:00:00.000,274,2294.99
15983,65432,2025-01-29 00:00:00.000,2024-05-11 00:00:00.000,263,2351.96
15984,67127,2025-02-25 00:00:00.000,2024-05-13 00:00:00.000,288,2341.97
15985,65605,2025-02-01 00:00:00.000,2024-05-26 00:00:00.000,251,2396.96
15986,62129,2024-12-13 00:00:00.000,2024-05-06 00:00:00.000,221,639.95
15987,64886,2025-01-23 00:00:00.000,2024-05-22 00:00:00.000,246,621.96
15989,65932,2025-02-06 00:00:00.000,2024-05-02 00:00:00.000,280,2357.93
15990,66740,2025-02-19 00:00:00.000,2024-05-21 00:00:00.000,274,2316.97
15991,65725,2025-02-03 00:00:00.000,2024-05-08 00:00:00.000,271,2344.26
15992,65492,2025-01-30 00:00:00.000,2024-05-27 00:00:00.000,248,2411.94
15994,63337,2024-12-30 00:00:00.000,2024-05-16 00:00:00.000,228,608.96
15997,73480,2025-05-20 00:00:00.000,2025-01-08 00:00:00.000,132,2384.07
16000,72420,2025-05-06 00:00:00.000,2025-01-08 00:00:00.000,118,2419.06
16005,54731,2024-08-19 00:00:00.000,2024-07-11 00:00:00.000,39,32.28
16005,63592,2025-01-03 00:00:00.000,2024-08-19 00:00:00.000,137,96.46
16009,67617,2025-03-03 00:00:00.000,2024-12-31 00:00:00.000,62,75.97
16011,68456,2025-03-16 00:00:00.000,2025-01-27 00:00:00.000,48,1249.84
16012,60676,2024-11-21 00:00:00.000,2024-09-26 00:00:00.000,56,24.27
16016,68344,2025-03-15 00:00:00.000,2024-12-02 00:00:00.000,103,69.97
16023,63885,2025-01-08 00:00:00.000,2024-09-11 00:00:00.000,119,69.97
16025,72489,2025-05-07 00:00:00.000,2024-05-04 00:00:00.000,368,1760.47
16026,73475,2025-05-20 00:00:00.000,2024-05-06 00:00:00.000,379,1754.98
16027,72414,2025-05-06 00:00:00.000,2024-05-08 00:00:00.000,363,1754.98
16028,73099,2025-05-16 00:00:00.000,2024-05-10 00:00:00.000,371,1735.98
16029,72485,2025-05-07 00:00:00.000,2024-05-21 00:00:00.000,351,1735.98
16030,74849,2025-06-21 00:00:00.000,2025-03-30 00:00:00.000,83,36.27
16031,72328,2025-05-05 00:00:00.000,2024-05-04 00:00:00.000,366,1700.99
16032,56647,2024-09-22 00:00:00.000,2024-07-25 00:00:00.000,59,68.97
16033,60901,2024-11-25 00:00:00.000,2023-06-09 00:00:00.000,535,819.48
16033,74072,2025-05-28 00:00:00.000,2024-11-25 00:00:00.000,184,742.35
16035,74990,2025-06-25 00:00:00.000,2025-06-15 00:00:00.000,10,46.47
16036,60920,2024-11-25 00:00:00.000,2024-09-17 00:00:00.000,69,39.98
16038,72762,2025-05-11 00:00:00.000,2025-01-21 00:00:00.000,110,59.98
16043,72474,2025-05-07 00:00:00.000,2024-10-12 00:00:00.000,207,39.98
16045,59089,2024-10-29 00:00:00.000,2023-06-21 00:00:00.000,496,819.48
16045,73382,2025-05-19 00:00:00.000,2024-10-29 00:00:00.000,202,801.33
16046,60128,2024-11-13 00:00:00.000,2023-06-04 00:00:00.000,528,777.44
16046,72046,2025-05-01 00:00:00.000,2024-11-13 00:00:00.000,169,742.35
16050,68578,2025-03-18 00:00:00.000,2024-08-06 00:00:00.000,224,36.96
16051,72661,2025-05-10 00:00:00.000,2024-02-12 00:00:00.000,453,564.99
16052,73876,2025-05-26 00:00:00.000,2024-02-04 00:00:00.000,477,549.98
16053,59509,2024-11-04 00:00:00.000,2023-06-27 00:00:00.000,496,828.47
16053,73759,2025-05-24 00:00:00.000,2024-11-04 00:00:00.000,201,742.35
16054,61981,2024-12-11 00:00:00.000,2023-06-08 00:00:00.000,552,826.46
16054,73381,2025-05-19 00:00:00.000,2024-12-11 00:00:00.000,159,751.34
16058,70194,2025-04-07 00:00:00.000,2024-09-30 00:00:00.000,189,30.97
16071,70395,2025-04-10 00:00:00.000,2025-02-09 00:00:00.000,60,9.99
16071,74350,2025-06-05 00:00:00.000,2025-04-10 00:00:00.000,56,36.59
16085,59373,2024-11-02 00:00:00.000,2024-07-09 00:00:00.000,116,56.97
16085,61393,2024-12-01 00:00:00.000,2024-11-02 00:00:00.000,29,71.58
16089,69108,2025-03-26 00:00:00.000,2024-10-19 00:00:00.000,158,67.59
16089,69884,2025-04-03 00:00:00.000,2025-03-26 00:00:00.000,8,93.46
16096,58656,2024-10-25 00:00:00.000,2024-07-31 00:00:00.000,86,107.08
16096,69109,2025-03-26 00:00:00.000,2024-10-25 00:00:00.000,152,23.97
16097,52489,2024-07-11 00:00:00.000,2024-07-01 00:00:00.000,10,36.59
16097,62329,2024-12-16 00:00:00.000,2024-07-11 00:00:00.000,158,56.97
16098,64355,2025-01-15 00:00:00.000,2024-06-24 00:00:00.000,205,2344.96
16103,63668,2025-01-04 00:00:00.000,2024-07-29 00:00:00.000,159,2349.98
16106,72205,2025-05-04 00:00:00.000,2024-11-03 00:00:00.000,182,32.60
16106,74632,2025-06-14 00:00:00.000,2025-05-04 00:00:00.000,41,23.97
16133,73737,2025-05-24 00:00:00.000,2024-07-09 00:00:00.000,319,68.97
16133,74363,2025-06-05 00:00:00.000,2025-05-24 00:00:00.000,12,56.97
16149,62486,2024-12-19 00:00:00.000,2024-10-29 00:00:00.000,51,36.59
16149,66902,2025-02-22 00:00:00.000,2024-12-19 00:00:00.000,65,69.97
16155,71074,2025-04-19 00:00:00.000,2024-05-06 00:00:00.000,348,2440.47
16156,70806,2025-04-15 00:00:00.000,2024-05-28 00:00:00.000,322,2294.99
16157,69992,2025-04-04 00:00:00.000,2024-05-18 00:00:00.000,321,2319.99
16158,70152,2025-04-06 00:00:00.000,2024-05-07 00:00:00.000,334,2319.99
16159,73767,2025-05-24 00:00:00.000,2024-05-22 00:00:00.000,367,2340.23
16160,60435,2024-11-17 00:00:00.000,2024-05-10 00:00:00.000,191,594.97
16161,62863,2024-12-25 00:00:00.000,2024-05-16 00:00:00.000,223,650.95
16162,70824,2025-04-16 00:00:00.000,2024-12-19 00:00:00.000,118,148.45
16163,65734,2025-02-03 00:00:00.000,2024-05-07 00:00:00.000,272,569.97
16164,66360,2025-02-13 00:00:00.000,2024-05-19 00:00:00.000,270,589.98
16165,66774,2025-02-20 00:00:00.000,2024-12-08 00:00:00.000,74,36.59
16166,68274,2025-03-14 00:00:00.000,2024-07-14 00:00:00.000,243,38.88
16167,73339,2025-05-19 00:00:00.000,2025-01-15 00:00:00.000,124,69.97
16168,55183,2024-08-28 00:00:00.000,2024-07-23 00:00:00.000,36,45.22
16169,71985,2025-04-30 00:00:00.000,2024-05-15 00:00:00.000,350,2354.98
16170,75093,2025-06-29 00:00:00.000,2025-01-17 00:00:00.000,163,156.59
16171,57752,2024-10-09 00:00:00.000,2024-09-05 00:00:00.000,34,71.58
16172,68963,2025-03-24 00:00:00.000,2025-01-01 00:00:00.000,82,91.58
16173,59277,2024-11-01 00:00:00.000,2024-07-26 00:00:00.000,98,11.94
16174,60387,2024-11-17 00:00:00.000,2024-09-02 00:00:00.000,76,47.97
16175,75033,2025-06-27 00:00:00.000,2025-01-10 00:00:00.000,168,38.98
16176,72333,2025-05-05 00:00:00.000,2024-04-29 00:00:00.000,371,2354.98
16177,62092,2024-12-13 00:00:00.000,2024-11-02 00:00:00.000,41,94.46
16178,71096,2025-04-20 00:00:00.000,2024-09-18 00:00:00.000,214,69.97
16179,71221,2025-04-22 00:00:00.000,2025-02-14 00:00:00.000,67,37.27
16180,72334,2025-05-05 00:00:00.000,2024-05-27 00:00:00.000,343,2337.27
16181,73650,2025-05-23 00:00:00.000,2025-03-07 00:00:00.000,77,36.59
16182,73415,2025-05-20 00:00:00.000,2024-10-21 00:00:00.000,211,24.99
16183,57904,2024-10-12 00:00:00.000,2024-10-08 00:00:00.000,4,24.99
16184,69950,2025-04-04 00:00:00.000,2025-02-27 00:00:00.000,36,38.98
16185,58289,2024-10-19 00:00:00.000,2024-09-26 00:00:00.000,23,24.99
16187,71394,2025-04-24 00:00:00.000,2025-01-07 00:00:00.000,107,4.99
16188,74458,2025-06-08 00:00:00.000,2025-04-29 00:00:00.000,40,56.97
16189,72612,2025-05-09 00:00:00.000,2024-11-15 00:00:00.000,175,39.98
16190,72219,2025-05-04 00:00:00.000,2024-08-17 00:00:00.000,260,71.97
16191,74175,2025-05-30 00:00:00.000,2025-03-22 00:00:00.000,69,21.98
16192,56932,2024-09-27 00:00:00.000,2024-06-29 00:00:00.000,90,71.97
16193,56822,2024-09-25 00:00:00.000,2024-07-21 00:00:00.000,66,85.48
16196,60624,2024-11-20 00:00:00.000,2023-08-07 00:00:00.000,471,2452.04
16196,65032,2025-01-26 00:00:00.000,2024-11-20 00:00:00.000,67,2341.97
16197,69737,2025-04-01 00:00:00.000,2023-08-18 00:00:00.000,592,574.98
16198,61885,2024-12-09 00:00:00.000,2024-10-05 00:00:00.000,65,85.48
16199,62928,2024-12-26 00:00:00.000,2023-08-20 00:00:00.000,494,2419.06
16199,64544,2025-01-18 00:00:00.000,2024-12-26 00:00:00.000,23,2316.97
16200,56728,2024-09-23 00:00:00.000,2024-08-22 00:00:00.000,32,56.97
16201,62541,2024-12-20 00:00:00.000,2023-06-19 00:00:00.000,550,876.45
16203,64865,2025-01-23 00:00:00.000,2024-02-01 00:00:00.000,357,2297.28
16203,68676,2025-03-19 00:00:00.000,2025-01-23 00:00:00.000,55,2461.03
16204,65627,2025-02-02 00:00:00.000,2024-02-15 00:00:00.000,353,2334.97
16204,69987,2025-04-04 00:00:00.000,2025-02-02 00:00:00.000,61,2384.07
16205,66020,2025-02-08 00:00:00.000,2024-02-12 00:00:00.000,362,2316.97
16205,70574,2025-04-12 00:00:00.000,2025-02-08 00:00:00.000,63,2452.04
16206,63749,2025-01-05 00:00:00.000,2023-09-15 00:00:00.000,478,2419.06
16206,64897,2025-01-24 00:00:00.000,2025-01-05 00:00:00.000,19,2340.94
16207,64677,2025-01-20 00:00:00.000,2023-09-09 00:00:00.000,499,2389.96
16207,65624,2025-02-01 00:00:00.000,2025-01-20 00:00:00.000,12,2393.06
16213,65341,2025-01-28 00:00:00.000,2024-12-04 00:00:00.000,55,32.60
16213,68237,2025-03-13 00:00:00.000,2025-01-28 00:00:00.000,44,71.97
16241,66284,2025-02-12 00:00:00.000,2024-09-25 00:00:00.000,140,69.99
16243,64995,2025-01-25 00:00:00.000,2024-07-29 00:00:00.000,180,21.98
16247,62190,2024-12-14 00:00:00.000,2024-12-11 00:00:00.000,3,14.98
16247,62609,2024-12-21 00:00:00.000,2024-12-14 00:00:00.000,7,45.95
16250,74106,2025-05-29 00:00:00.000,2023-07-19 00:00:00.000,680,2329.98
16251,73365,2025-05-19 00:00:00.000,2024-09-30 00:00:00.000,231,21.98
16252,69880,2025-04-03 00:00:00.000,2023-09-11 00:00:00.000,570,599.98
16253,70956,2025-04-18 00:00:00.000,2023-09-01 00:00:00.000,595,539.99
16256,65716,2025-02-03 00:00:00.000,2024-11-09 00:00:00.000,86,4.99
16259,72595,2025-05-09 00:00:00.000,2024-02-10 00:00:00.000,454,574.98
16260,63766,2025-01-06 00:00:00.000,2023-07-04 00:00:00.000,552,819.46
16261,66506,2025-02-16 00:00:00.000,2024-02-25 00:00:00.000,357,2304.98
16261,70646,2025-04-13 00:00:00.000,2025-02-16 00:00:00.000,56,2422.54
16262,65961,2025-02-07 00:00:00.000,2024-01-30 00:00:00.000,374,2369.96
16262,73012,2025-05-14 00:00:00.000,2025-02-07 00:00:00.000,96,2398.05
16263,66151,2025-02-09 00:00:00.000,2023-09-20 00:00:00.000,508,2384.07
16263,66641,2025-02-18 00:00:00.000,2025-02-09 00:00:00.000,9,2415.94
16264,71448,2025-04-25 00:00:00.000,2025-04-19 00:00:00.000,6,21.98
16267,71285,2025-04-23 00:00:00.000,2023-09-12 00:00:00.000,589,593.98
16268,73119,2025-05-16 00:00:00.000,2024-03-21 00:00:00.000,421,597.26
16269,72797,2025-05-12 00:00:00.000,2023-09-06 00:00:00.000,614,597.26
16270,72144,2025-05-03 00:00:00.000,2023-09-26 00:00:00.000,585,589.96
16271,73118,2025-05-16 00:00:00.000,2023-09-29 00:00:00.000,595,570.96
16272,64185,2025-01-13 00:00:00.000,2023-07-26 00:00:00.000,537,839.48
16273,72012,2025-05-01 00:00:00.000,2024-03-27 00:00:00.000,400,621.96
16275,63957,2025-01-09 00:00:00.000,2023-07-06 00:00:00.000,553,839.48
16277,63700,2025-01-05 00:00:00.000,2023-07-30 00:00:00.000,525,828.47
16278,72451,2025-05-07 00:00:00.000,2023-09-15 00:00:00.000,600,548.98
16282,61139,2024-11-28 00:00:00.000,2024-10-12 00:00:00.000,47,24.27
16286,65754,2025-02-04 00:00:00.000,2024-02-28 00:00:00.000,342,2354.98
16286,72183,2025-05-03 00:00:00.000,2025-02-04 00:00:00.000,88,2384.07
16287,72007,2025-05-01 00:00:00.000,2023-07-17 00:00:00.000,654,2357.28
16288,72740,2025-05-11 00:00:00.000,2024-03-27 00:00:00.000,410,586.97
16289,73958,2025-05-27 00:00:00.000,2024-03-13 00:00:00.000,440,596.96
16290,72011,2025-05-01 00:00:00.000,2023-09-20 00:00:00.000,589,640.45
16291,51574,2024-06-22 00:00:00.000,2024-03-07 00:00:00.000,107,2478.34
16297,66946,2025-02-23 00:00:00.000,2023-10-16 00:00:00.000,496,2294.99
16297,69086,2025-03-25 00:00:00.000,2025-02-23 00:00:00.000,30,2413.06
16298,65562,2025-02-01 00:00:00.000,2023-10-10 00:00:00.000,480,2398.97
16298,67571,2025-03-02 00:00:00.000,2025-02-01 00:00:00.000,29,2420.34
16300,73550,2025-05-21 00:00:00.000,2024-11-30 00:00:00.000,172,39.98
16305,73047,2025-05-15 00:00:00.000,2023-10-29 00:00:00.000,564,539.99
16306,68990,2025-03-24 00:00:00.000,2024-08-28 00:00:00.000,208,7.28
16307,66701,2025-02-19 00:00:00.000,2023-10-04 00:00:00.000,504,2351.96
16307,68860,2025-03-22 00:00:00.000,2025-02-19 00:00:00.000,31,2384.07
16308,73726,2025-05-24 00:00:00.000,2023-07-08 00:00:00.000,686,2369.96
16309,66767,2025-02-20 00:00:00.000,2023-10-05 00:00:00.000,504,2309.97
16309,67477,2025-03-01 00:00:00.000,2025-02-20 00:00:00.000,9,2419.06
16310,51688,2024-06-28 00:00:00.000,2024-03-20 00:00:00.000,100,1249.84
16310,68825,2025-03-22 00:00:00.000,2024-06-28 00:00:00.000,267,2316.97
16311,51286,2024-06-05 00:00:00.000,2023-07-02 00:00:00.000,339,806.76
16313,51180,2024-05-29 00:00:00.000,2023-10-13 00:00:00.000,229,2542.31
16314,61404,2024-12-01 00:00:00.000,2024-08-09 00:00:00.000,114,71.97
16316,51485,2024-06-17 00:00:00.000,2023-10-15 00:00:00.000,246,2478.24
16317,66382,2025-02-14 00:00:00.000,2023-07-19 00:00:00.000,576,819.48
16318,65569,2025-02-01 00:00:00.000,2023-07-25 00:00:00.000,557,839.46
16321,74236,2025-06-01 00:00:00.000,2024-12-26 00:00:00.000,157,7.28
16324,52482,2024-07-11 00:00:00.000,2023-07-29 00:00:00.000,348,839.46
16325,71313,2025-04-23 00:00:00.000,2025-03-11 00:00:00.000,43,166.28
16327,51663,2024-06-27 00:00:00.000,2023-10-12 00:00:00.000,259,2466.32
16328,66579,2025-02-17 00:00:00.000,2023-07-14 00:00:00.000,584,819.48
16329,66652,2025-02-18 00:00:00.000,2023-07-01 00:00:00.000,598,828.74
16331,55413,2024-08-30 00:00:00.000,2024-08-08 00:00:00.000,22,49.97
16331,74911,2025-06-22 00:00:00.000,2024-08-30 00:00:00.000,296,29.93
16332,73718,2025-05-24 00:00:00.000,2025-02-22 00:00:00.000,91,110.96
16338,57193,2024-09-29 00:00:00.000,2024-06-29 00:00:00.000,92,110.96
16339,51338,2024-06-08 00:00:00.000,2024-05-24 00:00:00.000,15,1120.49
16341,67966,2025-03-09 00:00:00.000,2025-02-16 00:00:00.000,21,56.97
16342,74190,2025-05-31 00:00:00.000,2025-04-27 00:00:00.000,34,96.92
16343,69723,2025-04-01 00:00:00.000,2024-11-06 00:00:00.000,146,21.98
16345,68608,2025-03-18 00:00:00.000,2022-06-21 00:00:00.000,1001,594.97
16346,73717,2025-05-24 00:00:00.000,2024-09-15 00:00:00.000,251,31.27
16347,73693,2025-05-23 00:00:00.000,2022-06-27 00:00:00.000,1061,2340.23
16348,73764,2025-05-24 00:00:00.000,2022-06-17 00:00:00.000,1072,2339.97
16349,73395,2025-05-19 00:00:00.000,2022-06-26 00:00:00.000,1058,2319.99
16350,73766,2025-05-24 00:00:00.000,2022-06-24 00:00:00.000,1065,2324.92
16351,72254,2025-05-04 00:00:00.000,2022-06-01 00:00:00.000,1068,2294.99
16352,72108,2025-05-02 00:00:00.000,2022-06-14 00:00:00.000,1053,2370.22
16358,56868,2024-09-26 00:00:00.000,2024-08-07 00:00:00.000,50,33.98
16358,58559,2024-10-23 00:00:00.000,2024-09-26 00:00:00.000,27,9.99
16358,67030,2025-02-24 00:00:00.000,2024-10-23 00:00:00.000,124,3.99
16370,74427,2025-06-07 00:00:00.000,2025-05-10 00:00:00.000,28,32.60
16370,75077,2025-06-28 00:00:00.000,2025-06-07 00:00:00.000,21,77.92
16380,72153,2025-05-03 00:00:00.000,2024-12-24 00:00:00.000,130,123.98
16386,64921,2025-01-24 00:00:00.000,2025-01-12 00:00:00.000,12,89.97
16387,73450,2025-05-20 00:00:00.000,2025-02-12 00:00:00.000,97,39.98
16388,51392,2024-06-11 00:00:00.000,2024-02-28 00:00:00.000,104,2492.32
16389,56232,2024-09-14 00:00:00.000,2023-10-02 00:00:00.000,348,2457.33
16390,55978,2024-09-09 00:00:00.000,2023-10-25 00:00:00.000,320,2475.95
16391,51515,2024-06-19 00:00:00.000,2024-03-02 00:00:00.000,109,2443.35
16392,51921,2024-06-29 00:00:00.000,2024-02-28 00:00:00.000,122,1249.84
16392,67498,2025-03-02 00:00:00.000,2024-06-29 00:00:00.000,246,2354.98
16393,55022,2024-08-24 00:00:00.000,2024-03-18 00:00:00.000,159,1264.84
16393,68408,2025-03-16 00:00:00.000,2024-08-24 00:00:00.000,204,2394.97
16394,51393,2024-06-11 00:00:00.000,2024-03-06 00:00:00.000,97,2478.34
16400,51673,2024-06-28 00:00:00.000,2024-03-02 00:00:00.000,118,2514.93
16401,70347,2025-04-09 00:00:00.000,2025-03-25 00:00:00.000,15,7.28
16402,75116,2025-06-29 00:00:00.000,2025-05-07 00:00:00.000,53,4.99
16404,56838,2024-09-25 00:00:00.000,2024-03-14 00:00:00.000,195,1223.84
16404,69251,2025-03-28 00:00:00.000,2024-09-25 00:00:00.000,184,2334.97
16405,52680,2024-07-15 00:00:00.000,2023-07-19 00:00:00.000,362,819.48
16406,52032,2024-07-02 00:00:00.000,2023-07-07 00:00:00.000,361,928.49
16407,68482,2025-03-17 00:00:00.000,2023-07-23 00:00:00.000,603,806.76
16408,54671,2024-08-18 00:00:00.000,2024-03-14 00:00:00.000,157,2511.32
16409,57803,2024-10-10 00:00:00.000,2023-10-20 00:00:00.000,356,2481.82
16410,68096,2025-03-11 00:00:00.000,2023-07-22 00:00:00.000,598,799.42
16411,57314,2024-10-01 00:00:00.000,2023-11-10 00:00:00.000,326,2478.34
16412,56445,2024-09-18 00:00:00.000,2024-03-15 00:00:00.000,187,2478.24
16414,58785,2024-10-27 00:00:00.000,2023-11-12 00:00:00.000,350,2475.95
16415,56705,2024-09-23 00:00:00.000,2024-04-15 00:00:00.000,161,2487.33
16416,56444,2024-09-18 00:00:00.000,2024-04-09 00:00:00.000,162,2528.33
16417,68159,2025-03-12 00:00:00.000,2023-07-21 00:00:00.000,600,819.48
16420,68202,2025-03-13 00:00:00.000,2023-07-20 00:00:00.000,602,777.44
16422,61326,2024-11-30 00:00:00.000,2023-11-10 00:00:00.000,386,2451.30
16424,61469,2024-12-02 00:00:00.000,2024-03-30 00:00:00.000,247,1214.85
16424,67776,2025-03-06 00:00:00.000,2024-12-02 00:00:00.000,94,2341.97
16425,64506,2025-01-17 00:00:00.000,2024-04-14 00:00:00.000,278,1214.85
16425,67581,2025-03-03 00:00:00.000,2025-01-17 00:00:00.000,45,2322.28
16426,66357,2025-02-13 00:00:00.000,2024-04-27 00:00:00.000,292,1291.81
16426,69875,2025-04-03 00:00:00.000,2025-02-13 00:00:00.000,49,2294.99
16427,52033,2024-07-02 00:00:00.000,2023-08-05 00:00:00.000,332,793.46
16428,67774,2025-03-06 00:00:00.000,2023-08-19 00:00:00.000,565,839.46
16429,62540,2024-12-20 00:00:00.000,2023-11-27 00:00:00.000,389,2514.93
16430,57704,2024-10-08 00:00:00.000,2024-04-20 00:00:00.000,171,2457.33
16431,57599,2024-10-06 00:00:00.000,2024-04-02 00:00:00.000,187,2587.84
16432,60393,2024-11-17 00:00:00.000,2024-04-13 00:00:00.000,218,2452.34
16433,59288,2024-11-01 00:00:00.000,2024-04-06 00:00:00.000,209,2514.93
16436,61379,2024-12-01 00:00:00.000,2024-05-06 00:00:00.000,209,2514.93
16437,60014,2024-11-11 00:00:00.000,2024-08-19 00:00:00.000,84,7.28
16442,62825,2024-12-25 00:00:00.000,2023-11-10 00:00:00.000,411,2479.94
16443,74962,2025-06-24 00:00:00.000,2025-06-04 00:00:00.000,20,61.96
16444,54204,2024-08-10 00:00:00.000,2023-08-25 00:00:00.000,351,828.47
16445,70255,2025-04-08 00:00:00.000,2023-08-10 00:00:00.000,607,799.48
16446,69956,2025-04-04 00:00:00.000,2023-08-09 00:00:00.000,604,911.47
16447,58846,2024-10-28 00:00:00.000,2023-08-29 00:00:00.000,426,819.46
16448,65960,2025-02-07 00:00:00.000,2023-11-11 00:00:00.000,454,2297.28
16448,68534,2025-03-17 00:00:00.000,2025-02-07 00:00:00.000,38,2428.05
16449,58615,2024-10-24 00:00:00.000,2024-08-24 00:00:00.000,61,7.28
16451,64905,2025-01-24 00:00:00.000,2023-10-30 00:00:00.000,452,2451.30
16452,70319,2025-04-09 00:00:00.000,2023-08-04 00:00:00.000,614,889.45
16453,69116,2025-03-26 00:00:00.000,2024-09-09 00:00:00.000,198,7.28
16454,56672,2024-09-22 00:00:00.000,2024-07-14 00:00:00.000,70,7.28
16459,55642,2024-09-03 00:00:00.000,2024-07-16 00:00:00.000,49,39.98
16460,71397,2025-04-24 00:00:00.000,2024-11-14 00:00:00.000,161,39.98
16461,71364,2025-04-24 00:00:00.000,2023-08-01 00:00:00.000,632,843.97
16464,65919,2025-02-06 00:00:00.000,2024-09-30 00:00:00.000,129,39.98
16465,69801,2025-04-02 00:00:00.000,2023-08-23 00:00:00.000,588,828.44
16466,67157,2025-02-26 00:00:00.000,2023-11-27 00:00:00.000,457,2443.35
16467,74714,2025-06-16 00:00:00.000,2025-03-15 00:00:00.000,93,7.28
16470,57804,2024-10-10 00:00:00.000,2023-08-07 00:00:00.000,430,839.48
16475,66031,2025-02-08 00:00:00.000,2023-11-01 00:00:00.000,465,2492.32
16476,64249,2025-01-14 00:00:00.000,2024-05-05 00:00:00.000,254,2533.93
16479,67713,2025-03-05 00:00:00.000,2024-10-25 00:00:00.000,131,49.97
16479,71297,2025-04-23 00:00:00.000,2025-03-05 00:00:00.000,49,71.58
16480,74588,2025-06-13 00:00:00.000,2024-11-27 00:00:00.000,198,68.97
16481,73586,2025-05-22 00:00:00.000,2025-03-01 00:00:00.000,82,122.96
16482,53004,2024-07-22 00:00:00.000,2022-06-12 00:00:00.000,771,1205.47
16483,71266,2025-04-22 00:00:00.000,2022-06-03 00:00:00.000,1054,539.99
16484,69926,2025-04-03 00:00:00.000,2022-06-20 00:00:00.000,1018,597.26
16486,74260,2025-06-02 00:00:00.000,2024-07-31 00:00:00.000,306,36.27
16487,62292,2024-12-16 00:00:00.000,2024-11-07 00:00:00.000,39,48.97
16488,74443,2025-06-08 00:00:00.000,2024-08-18 00:00:00.000,294,112.47
16489,57695,2024-10-08 00:00:00.000,2024-08-15 00:00:00.000,54,24.27
16491,64352,2025-01-15 00:00:00.000,2024-06-30 00:00:00.000,199,2354.99
16492,74914,2025-06-23 00:00:00.000,2025-03-31 00:00:00.000,84,91.96
16493,73504,2025-05-21 00:00:00.000,2022-06-14 00:00:00.000,1072,618.98
16494,73241,2025-05-17 00:00:00.000,2022-06-25 00:00:00.000,1057,2382.93
16495,72417,2025-05-06 00:00:00.000,2022-06-19 00:00:00.000,1052,2423.96
16496,73923,2025-05-26 00:00:00.000,2022-06-25 00:00:00.000,1066,2381.96
16497,61391,2024-12-01 00:00:00.000,2024-10-30 00:00:00.000,32,33.98
16497,70958,2025-04-18 00:00:00.000,2024-12-01 00:00:00.000,138,2.29
16497,72764,2025-05-11 00:00:00.000,2025-04-18 00:00:00.000,23,81.46
16506,61446,2024-12-02 00:00:00.000,2024-09-05 00:00:00.000,88,61.08
16506,74952,2025-06-24 00:00:00.000,2024-12-02 00:00:00.000,204,9.99
16509,70256,2025-04-08 00:00:00.000,2023-08-25 00:00:00.000,592,815.44
16511,62205,2024-12-14 00:00:00.000,2024-07-04 00:00:00.000,163,7.28
16512,57965,2024-10-13 00:00:00.000,2023-08-29 00:00:00.000,411,819.48
16513,63765,2025-01-06 00:00:00.000,2024-04-29 00:00:00.000,252,2487.89
16514,52522,2024-07-12 00:00:00.000,2022-06-11 00:00:00.000,762,1183.47
16515,54587,2024-08-17 00:00:00.000,2022-06-18 00:00:00.000,791,1155.48
16516,54316,2024-08-12 00:00:00.000,2022-06-19 00:00:00.000,785,1155.48
16517,54821,2024-08-21 00:00:00.000,2022-06-01 00:00:00.000,812,1120.49
16518,55032,2024-08-25 00:00:00.000,2022-06-16 00:00:00.000,801,1120.49
16519,55922,2024-09-08 00:00:00.000,2022-06-25 00:00:00.000,806,1174.48
16520,55736,2024-09-05 00:00:00.000,2022-06-05 00:00:00.000,823,1149.47
16521,55452,2024-08-31 00:00:00.000,2022-06-21 00:00:00.000,802,1120.49
16522,55867,2024-09-07 00:00:00.000,2022-06-08 00:00:00.000,822,1120.49
16523,55738,2024-09-05 00:00:00.000,2022-06-23 00:00:00.000,805,1120.49
16524,56907,2024-09-27 00:00:00.000,2022-06-17 00:00:00.000,833,1155.48
16525,57533,2024-10-05 00:00:00.000,2022-06-15 00:00:00.000,843,1174.48
16526,59961,2024-11-10 00:00:00.000,2022-06-17 00:00:00.000,877,1179.97
16527,60883,2024-11-24 00:00:00.000,2022-06-09 00:00:00.000,899,1174.48
16528,60610,2024-11-20 00:00:00.000,2022-06-25 00:00:00.000,879,1120.49
16529,60430,2024-11-17 00:00:00.000,2022-06-03 00:00:00.000,898,1174.48
16530,72070,2025-05-02 00:00:00.000,2023-09-02 00:00:00.000,608,819.48
16531,72738,2025-05-11 00:00:00.000,2023-09-26 00:00:00.000,593,848.45
16532,66779,2025-02-20 00:00:00.000,2024-05-23 00:00:00.000,273,2478.34
16533,66953,2025-02-23 00:00:00.000,2024-05-13 00:00:00.000,286,2520.83
16534,68897,2025-03-23 00:00:00.000,2023-11-25 00:00:00.000,484,2638.94
16538,67908,2025-03-08 00:00:00.000,2023-11-30 00:00:00.000,464,2478.34
16540,71291,2025-04-23 00:00:00.000,2023-12-12 00:00:00.000,498,2514.93
16541,72739,2025-05-11 00:00:00.000,2023-09-20 00:00:00.000,599,846.46
16542,73983,2025-05-27 00:00:00.000,2024-12-08 00:00:00.000,170,4.99
16543,65990,2025-02-07 00:00:00.000,2024-12-16 00:00:00.000,53,13.98
16546,72967,2025-05-14 00:00:00.000,2023-09-08 00:00:00.000,614,854.97
16547,67496,2025-03-02 00:00:00.000,2024-05-13 00:00:00.000,293,2457.33
16548,71160,2025-04-21 00:00:00.000,2024-05-17 00:00:00.000,339,2443.35
16549,69874,2025-04-03 00:00:00.000,2023-12-29 00:00:00.000,461,2487.33
16550,73044,2025-05-15 00:00:00.000,2023-09-02 00:00:00.000,621,819.48
16551,71504,2025-04-26 00:00:00.000,2024-05-22 00:00:00.000,339,2589.41
16552,70878,2025-04-17 00:00:00.000,2023-12-01 00:00:00.000,503,2543.44
16553,59080,2024-10-29 00:00:00.000,2023-09-19 00:00:00.000,406,819.48
16554,73111,2025-05-16 00:00:00.000,2023-09-29 00:00:00.000,595,808.96
16559,73724,2025-05-24 00:00:00.000,2024-05-25 00:00:00.000,364,2523.92
16560,73802,2025-05-25 00:00:00.000,2024-05-17 00:00:00.000,373,2452.34
16561,73588,2025-05-22 00:00:00.000,2023-09-26 00:00:00.000,604,848.47
16562,60777,2024-11-23 00:00:00.000,2023-09-22 00:00:00.000,428,819.48
16563,61763,2024-12-07 00:00:00.000,2024-07-13 00:00:00.000,147,48.97
16564,64926,2025-01-24 00:00:00.000,2024-10-20 00:00:00.000,96,7.28
16565,66777,2025-02-20 00:00:00.000,2023-12-23 00:00:00.000,425,2339.97
16565,70162,2025-04-06 00:00:00.000,2025-02-20 00:00:00.000,45,2420.34
16566,68784,2025-03-21 00:00:00.000,2024-05-25 00:00:00.000,300,1228.83
16566,71705,2025-04-29 00:00:00.000,2025-03-21 00:00:00.000,39,2395.96
16567,66211,2025-02-11 00:00:00.000,2023-12-06 00:00:00.000,433,2332.28
16567,70085,2025-04-05 00:00:00.000,2025-02-11 00:00:00.000,53,2384.07
16569,51302,2024-06-06 00:00:00.000,2024-05-14 00:00:00.000,23,1754.98
16570,51513,2024-06-19 00:00:00.000,2024-05-09 00:00:00.000,41,1775.97
16571,73060,2025-05-15 00:00:00.000,2024-11-08 00:00:00.000,188,12.94
16572,73190,2025-05-17 00:00:00.000,2023-12-27 00:00:00.000,507,2443.35
16573,73266,2025-05-18 00:00:00.000,2023-09-21 00:00:00.000,605,819.48
16574,71593,2025-04-27 00:00:00.000,2024-08-04 00:00:00.000,266,39.98
16575,63960,2025-01-09 00:00:00.000,2023-09-10 00:00:00.000,487,2343.96
16575,65623,2025-02-01 00:00:00.000,2025-01-09 00:00:00.000,23,2469.05
16579,70054,2025-04-05 00:00:00.000,2024-12-09 00:00:00.000,117,69.99
16580,58189,2024-10-16 00:00:00.000,2024-05-17 00:00:00.000,152,600.46
16580,63561,2025-01-03 00:00:00.000,2024-10-16 00:00:00.000,79,2385.95
16584,62053,2024-12-12 00:00:00.000,2024-07-09 00:00:00.000,156,132.97
16585,63506,2025-01-02 00:00:00.000,2023-09-07 00:00:00.000,483,2329.98
16585,66826,2025-02-20 00:00:00.000,2025-01-02 00:00:00.000,49,2419.06
16587,57745,2024-10-08 00:00:00.000,2023-12-14 00:00:00.000,299,2483.03
16587,65034,2025-01-26 00:00:00.000,2024-10-08 00:00:00.000,110,2398.97
16588,64545,2025-01-18 00:00:00.000,2023-09-30 00:00:00.000,476,2359.98
16588,65800,2025-02-04 00:00:00.000,2025-01-18 00:00:00.000,17,2453.04
16589,64183,2025-01-13 00:00:00.000,2023-10-28 00:00:00.000,443,2481.28
16589,66545,2025-02-16 00:00:00.000,2025-01-13 00:00:00.000,34,2419.06
16590,64415,2025-01-16 00:00:00.000,2024-10-30 00:00:00.000,78,48.97
16591,70121,2025-04-06 00:00:00.000,2024-11-22 00:00:00.000,135,132.97
16593,58269,2024-10-18 00:00:00.000,2024-07-17 00:00:00.000,93,94.48
16594,63631,2025-01-04 00:00:00.000,2023-10-21 00:00:00.000,441,2354.98
16594,65609,2025-02-01 00:00:00.000,2025-01-04 00:00:00.000,28,2433.04
16595,63371,2024-12-31 00:00:00.000,2023-10-18 00:00:00.000,440,2297.28
16595,65935,2025-02-06 00:00:00.000,2024-12-31 00:00:00.000,37,2422.54
16596,64618,2025-01-19 00:00:00.000,2024-05-10 00:00:00.000,254,2304.98
16598,64734,2025-01-21 00:00:00.000,2023-10-23 00:00:00.000,456,2294.99
16598,67129,2025-02-25 00:00:00.000,2025-01-21 00:00:00.000,35,2393.06
16599,73462,2025-05-20 00:00:00.000,2024-11-17 00:00:00.000,184,4.99
16601,70905,2025-04-17 00:00:00.000,2024-10-11 00:00:00.000,188,7.28
16602,65663,2025-02-02 00:00:00.000,2025-01-21 00:00:00.000,12,7.28
16603,59269,2024-10-31 00:00:00.000,2023-12-08 00:00:00.000,328,2433.04
16603,64072,2025-01-11 00:00:00.000,2024-10-31 00:00:00.000,72,2385.95
16605,73720,2025-05-24 00:00:00.000,2024-08-10 00:00:00.000,287,38.98
16606,64303,2025-01-15 00:00:00.000,2025-01-06 00:00:00.000,9,34.89
16607,72561,2025-05-08 00:00:00.000,2022-06-06 00:00:00.000,1067,2319.26
16608,71286,2025-04-23 00:00:00.000,2024-07-10 00:00:00.000,287,29.99
16609,55560,2024-09-02 00:00:00.000,2024-07-01 00:00:00.000,63,259.09
16610,55744,2024-09-05 00:00:00.000,2024-08-11 00:00:00.000,25,34.98
16611,71699,2025-04-29 00:00:00.000,2024-07-19 00:00:00.000,284,32.60
16612,74077,2025-05-28 00:00:00.000,2022-06-15 00:00:00.000,1078,2319.99
16613,64613,2025-01-19 00:00:00.000,2024-08-20 00:00:00.000,152,94.46
16614,70947,2025-04-18 00:00:00.000,2025-01-25 00:00:00.000,83,32.28
16615,61099,2024-11-28 00:00:00.000,2024-09-07 00:00:00.000,82,56.96
16616,72415,2025-05-06 00:00:00.000,2022-06-11 00:00:00.000,1060,2337.27
16617,66324,2025-02-13 00:00:00.000,2024-07-05 00:00:00.000,223,90.58
16618,72065,2025-05-02 00:00:00.000,2025-01-20 00:00:00.000,102,37.27
16619,62532,2024-12-20 00:00:00.000,2024-08-08 00:00:00.000,134,29.99
16620,72253,2025-05-04 00:00:00.000,2022-06-19 00:00:00.000,1050,2316.97
16621,66207,2025-02-11 00:00:00.000,2025-01-30 00:00:00.000,12,37.27
16622,74969,2025-06-25 00:00:00.000,2025-01-12 00:00:00.000,164,69.97
16623,72624,2025-05-09 00:00:00.000,2022-06-20 00:00:00.000,1054,2394.97
16624,73763,2025-05-24 00:00:00.000,2022-05-31 00:00:00.000,1089,2359.98
16625,61433,2024-12-02 00:00:00.000,2024-09-20 00:00:00.000,73,45.22
16626,58291,2024-10-19 00:00:00.000,2024-07-30 00:00:00.000,81,34.98
16627,61109,2024-11-28 00:00:00.000,2024-07-17 00:00:00.000,134,34.89
16628,73644,2025-05-23 00:00:00.000,2025-02-09 00:00:00.000,103,34.98
16629,72774,2025-05-11 00:00:00.000,2022-06-07 00:00:00.000,1069,2354.99
16630,72416,2025-05-06 00:00:00.000,2022-06-29 00:00:00.000,1042,2394.97
16631,73692,2025-05-23 00:00:00.000,2022-06-10 00:00:00.000,1078,2322.28
16632,68347,2025-03-15 00:00:00.000,2024-12-24 00:00:00.000,81,38.88
16633,74368,2025-06-06 00:00:00.000,2024-12-19 00:00:00.000,169,29.99
16634,68896,2025-03-23 00:00:00.000,2025-02-01 00:00:00.000,50,71.58
16635,74874,2025-06-22 00:00:00.000,2024-09-17 00:00:00.000,278,122.41
16636,72775,2025-05-11 00:00:00.000,2022-06-21 00:00:00.000,1055,2354.47
16637,72708,2025-05-10 00:00:00.000,2022-07-27 00:00:00.000,1018,2322.28
16638,73075,2025-05-15 00:00:00.000,2022-07-14 00:00:00.000,1036,2395.96
16639,73470,2025-05-20 00:00:00.000,2022-07-06 00:00:00.000,1049,2329.98
16640,75065,2025-06-28 00:00:00.000,2024-09-17 00:00:00.000,284,32.60
16643,57919,2024-10-12 00:00:00.000,2024-09-05 00:00:00.000,37,69.99
16646,73742,2025-05-24 00:00:00.000,2025-04-03 00:00:00.000,51,128.97
16649,73741,2025-05-24 00:00:00.000,2025-03-03 00:00:00.000,82,69.99
16654,63793,2025-01-06 00:00:00.000,2024-07-31 00:00:00.000,159,2304.98
16656,73384,2025-05-19 00:00:00.000,2022-07-30 00:00:00.000,1024,2351.96
16657,72484,2025-05-07 00:00:00.000,2022-07-10 00:00:00.000,1032,2322.28
16658,73074,2025-05-15 00:00:00.000,2022-07-08 00:00:00.000,1042,2294.99
16659,72700,2025-05-10 00:00:00.000,2022-07-04 00:00:00.000,1041,2294.99
16660,72914,2025-05-13 00:00:00.000,2022-07-14 00:00:00.000,1034,2319.99
16661,72701,2025-05-10 00:00:00.000,2022-07-01 00:00:00.000,1044,2329.98
16662,51507,2024-06-18 00:00:00.000,2022-07-02 00:00:00.000,717,777.44
16663,52660,2024-07-14 00:00:00.000,2022-07-21 00:00:00.000,724,893.47
16664,52014,2024-07-01 00:00:00.000,2022-07-12 00:00:00.000,720,799.48
16665,69668,2025-03-31 00:00:00.000,2025-02-18 00:00:00.000,41,38.88
16666,62847,2024-12-25 00:00:00.000,2024-07-09 00:00:00.000,169,81.46
16667,67653,2025-03-04 00:00:00.000,2024-11-18 00:00:00.000,106,10.24
16667,69328,2025-03-29 00:00:00.000,2025-03-04 00:00:00.000,25,21.49
16667,74912,2025-06-22 00:00:00.000,2025-03-29 00:00:00.000,85,24.27
16674,65336,2025-01-28 00:00:00.000,2024-09-25 00:00:00.000,125,38.88
16675,52877,2024-07-18 00:00:00.000,2022-07-05 00:00:00.000,744,806.76
16678,65000,2025-01-25 00:00:00.000,2024-08-06 00:00:00.000,172,2419.96
16679,55388,2024-08-30 00:00:00.000,2024-07-13 00:00:00.000,48,34.98
16680,68545,2025-03-18 00:00:00.000,2025-01-08 00:00:00.000,69,34.89
16681,61790,2024-12-08 00:00:00.000,2024-11-28 00:00:00.000,10,36.59
16682,70379,2025-04-10 00:00:00.000,2024-11-17 00:00:00.000,144,29.99
16683,63502,2025-01-02 00:00:00.000,2024-10-28 00:00:00.000,66,32.60
16684,72062,2025-05-02 00:00:00.000,2022-07-10 00:00:00.000,1027,579.97
16685,72727,2025-05-11 00:00:00.000,2022-07-09 00:00:00.000,1037,604.96
16686,73788,2025-05-25 00:00:00.000,2022-07-04 00:00:00.000,1056,579.46
16687,51479,2024-06-17 00:00:00.000,2022-07-05 00:00:00.000,713,2492.32
16688,51189,2024-05-30 00:00:00.000,2022-07-28 00:00:00.000,672,2502.83
16689,64612,2025-01-19 00:00:00.000,2025-01-17 00:00:00.000,2,63.97
16690,67487,2025-03-02 00:00:00.000,2025-02-11 00:00:00.000,19,93.49
16691,54361,2024-08-12 00:00:00.000,2022-07-30 00:00:00.000,744,893.47
16692,64305,2025-01-15 00:00:00.000,2024-09-09 00:00:00.000,128,6.28
16693,51269,2024-06-04 00:00:00.000,2022-07-23 00:00:00.000,682,2482.23
16694,67155,2025-02-26 00:00:00.000,2024-07-23 00:00:00.000,218,38.98
16695,69667,2025-03-31 00:00:00.000,2025-02-02 00:00:00.000,57,38.88
16696,54028,2024-08-06 00:00:00.000,2022-07-06 00:00:00.000,762,928.49
16697,67768,2025-03-06 00:00:00.000,2024-07-27 00:00:00.000,222,29.99
16698,74533,2025-06-11 00:00:00.000,2024-10-16 00:00:00.000,238,32.28
16699,67150,2025-02-26 00:00:00.000,2024-10-08 00:00:00.000,141,34.98
16700,60847,2024-11-24 00:00:00.000,2024-11-17 00:00:00.000,7,53.99
16701,54759,2024-08-19 00:00:00.000,2022-07-20 00:00:00.000,761,848.47
16702,51300,2024-06-06 00:00:00.000,2022-07-23 00:00:00.000,684,2443.35
16703,52156,2024-07-05 00:00:00.000,2022-07-11 00:00:00.000,725,2512.32
16704,61973,2024-12-11 00:00:00.000,2024-11-24 00:00:00.000,17,37.27
16705,70463,2025-04-11 00:00:00.000,2025-01-09 00:00:00.000,92,62.98
16706,67421,2025-03-01 00:00:00.000,2025-02-21 00:00:00.000,8,29.99
16707,55796,2024-09-05 00:00:00.000,2022-07-23 00:00:00.000,775,799.48
16708,56785,2024-09-24 00:00:00.000,2022-07-21 00:00:00.000,796,828.47
16709,62756,2024-12-24 00:00:00.000,2024-12-20 00:00:00.000,4,75.97
16710,74035,2025-05-28 00:00:00.000,2024-12-02 00:00:00.000,177,53.99
16711,61974,2024-12-11 00:00:00.000,2024-08-06 00:00:00.000,127,69.97
16712,56258,2024-09-14 00:00:00.000,2022-07-05 00:00:00.000,802,839.48
16713,52468,2024-07-10 00:00:00.000,2022-07-25 00:00:00.000,716,2512.32
16717,61353,2024-11-30 00:00:00.000,2024-09-10 00:00:00.000,81,120.47
16717,66526,2025-02-16 00:00:00.000,2024-11-30 00:00:00.000,78,74.46
16721,74166,2025-05-30 00:00:00.000,2024-09-07 00:00:00.000,265,49.97
16721,74936,2025-06-23 00:00:00.000,2025-05-30 00:00:00.000,24,106.96
16729,68406,2025-03-16 00:00:00.000,2025-01-15 00:00:00.000,60,8.99
16730,74875,2025-06-22 00:00:00.000,2025-05-03 00:00:00.000,50,71.97
16731,62063,2024-12-12 00:00:00.000,2024-08-02 00:00:00.000,132,31.97
16731,70773,2025-04-15 00:00:00.000,2024-12-12 00:00:00.000,124,38.98
16733,63693,2025-01-05 00:00:00.000,2025-01-03 00:00:00.000,2,3.99
16734,59907,2024-11-10 00:00:00.000,2024-09-28 00:00:00.000,43,78.98
16738,58294,2024-10-19 00:00:00.000,2024-08-12 00:00:00.000,68,30.97
16739,69170,2025-03-27 00:00:00.000,2024-08-06 00:00:00.000,233,49.99
16740,52726,2024-07-16 00:00:00.000,2022-07-02 00:00:00.000,745,2520.83
16741,54760,2024-08-19 00:00:00.000,2022-07-03 00:00:00.000,778,2478.34
16742,54422,2024-08-13 00:00:00.000,2022-07-24 00:00:00.000,751,2466.32
16743,55225,2024-08-28 00:00:00.000,2022-06-30 00:00:00.000,790,2492.32
16744,54096,2024-08-07 00:00:00.000,2022-07-18 00:00:00.000,751,2492.32
16745,54808,2024-08-20 00:00:00.000,2022-07-09 00:00:00.000,773,2443.35
16754,63474,2025-01-01 00:00:00.000,2024-08-16 00:00:00.000,138,2362.27
16758,64768,2025-01-21 00:00:00.000,2024-11-03 00:00:00.000,79,2319.99
16771,53703,2024-07-31 00:00:00.000,2024-07-25 00:00:00.000,6,21.98
16771,66795,2025-02-20 00:00:00.000,2024-07-31 00:00:00.000,204,49.97
16772,69125,2025-03-26 00:00:00.000,2024-08-14 00:00:00.000,224,21.98
16772,74513,2025-06-10 00:00:00.000,2025-03-26 00:00:00.000,76,121.57
16800,72038,2025-05-01 00:00:00.000,2024-11-16 00:00:00.000,166,24.27
16800,74383,2025-06-06 00:00:00.000,2025-05-01 00:00:00.000,36,36.59
16810,69635,2025-03-30 00:00:00.000,2025-01-08 00:00:00.000,81,742.35
16820,72711,2025-05-10 00:00:00.000,2025-01-20 00:00:00.000,110,876.33
16821,59706,2024-11-06 00:00:00.000,2023-12-03 00:00:00.000,339,2433.04
16821,64548,2025-01-18 00:00:00.000,2024-11-06 00:00:00.000,73,2344.96
16822,64071,2025-01-11 00:00:00.000,2023-10-10 00:00:00.000,459,2304.98
16822,66501,2025-02-15 00:00:00.000,2025-01-11 00:00:00.000,35,2428.05
16823,64468,2025-01-17 00:00:00.000,2023-10-09 00:00:00.000,466,2325.96
16823,67014,2025-02-23 00:00:00.000,2025-01-17 00:00:00.000,37,2473.04
16824,61028,2024-11-26 00:00:00.000,2023-12-21 00:00:00.000,341,2393.06
16824,63302,2024-12-30 00:00:00.000,2024-11-26 00:00:00.000,34,2363.97
16826,60830,2024-11-23 00:00:00.000,2024-01-24 00:00:00.000,304,2442.03
16826,64790,2025-01-22 00:00:00.000,2024-11-23 00:00:00.000,60,2329.99
16827,63833,2025-01-07 00:00:00.000,2023-10-14 00:00:00.000,451,2363.96
16827,68930,2025-03-23 00:00:00.000,2025-01-07 00:00:00.000,75,2398.05
16828,64802,2025-01-22 00:00:00.000,2023-10-15 00:00:00.000,465,2297.28
16828,68514,2025-03-17 00:00:00.000,2025-01-22 00:00:00.000,54,2442.03
16829,64070,2025-01-11 00:00:00.000,2023-10-07 00:00:00.000,462,2348.96
16829,67741,2025-03-05 00:00:00.000,2025-01-11 00:00:00.000,53,2393.06
16830,59138,2024-10-29 00:00:00.000,2024-01-01 00:00:00.000,302,2398.05
16830,64803,2025-01-22 00:00:00.000,2024-10-29 00:00:00.000,85,2297.28
16831,64391,2025-01-16 00:00:00.000,2023-10-24 00:00:00.000,450,2329.98
16831,68619,2025-03-18 00:00:00.000,2025-01-16 00:00:00.000,61,2433.04
16836,73398,2025-05-19 00:00:00.000,2025-01-15 00:00:00.000,124,777.34
16837,73284,2025-05-18 00:00:00.000,2025-01-03 00:00:00.000,135,69.99
16840,61001,2024-11-26 00:00:00.000,2024-10-23 00:00:00.000,34,56.97
16841,58879,2024-10-28 00:00:00.000,2024-07-27 00:00:00.000,93,56.97
16846,56466,2024-09-18 00:00:00.000,2024-07-23 00:00:00.000,57,56.97
16847,71316,2025-04-23 00:00:00.000,2024-11-13 00:00:00.000,161,56.97
16848,74840,2025-06-20 00:00:00.000,2024-07-02 00:00:00.000,353,30.97
16849,74414,2025-06-06 00:00:00.000,2025-05-05 00:00:00.000,32,56.97
16855,73281,2025-05-18 00:00:00.000,2025-03-17 00:00:00.000,62,78.98
16870,52654,2024-07-14 00:00:00.000,2024-07-05 00:00:00.000,9,76.97
16870,60653,2024-11-21 00:00:00.000,2024-07-14 00:00:00.000,130,32.60
16876,67038,2025-02-24 00:00:00.000,2024-09-23 00:00:00.000,154,9.99
16876,72393,2025-05-06 00:00:00.000,2025-02-24 00:00:00.000,71,106.96
16902,74518,2025-06-10 00:00:00.000,2024-10-22 00:00:00.000,231,69.99
16910,62047,2024-12-12 00:00:00.000,2024-07-15 00:00:00.000,150,69.99
16919,73654,2025-05-23 00:00:00.000,2024-09-17 00:00:00.000,248,13.98
16926,73506,2025-05-21 00:00:00.000,2024-10-12 00:00:00.000,221,21.98
16927,75094,2025-06-29 00:00:00.000,2024-07-19 00:00:00.000,345,7.95
16928,60432,2024-11-17 00:00:00.000,2022-07-19 00:00:00.000,852,1120.49
16929,60816,2024-11-23 00:00:00.000,2022-07-16 00:00:00.000,861,1155.48
16930,74277,2025-06-03 00:00:00.000,2024-09-01 00:00:00.000,275,46.47
16931,59887,2024-11-09 00:00:00.000,2022-07-20 00:00:00.000,843,1189.46
16932,65594,2025-02-01 00:00:00.000,2024-11-28 00:00:00.000,65,7.28
16933,73140,2025-05-16 00:00:00.000,2025-02-19 00:00:00.000,86,39.98
16934,68854,2025-03-22 00:00:00.000,2025-02-24 00:00:00.000,26,59.98
16935,66974,2025-02-23 00:00:00.000,2024-12-08 00:00:00.000,77,39.98
16937,51480,2024-06-17 00:00:00.000,2024-05-17 00:00:00.000,31,1744.97
16938,73803,2025-05-25 00:00:00.000,2023-10-11 00:00:00.000,592,928.49
16940,73952,2025-05-27 00:00:00.000,2024-01-12 00:00:00.000,501,2563.35
16942,52892,2024-07-19 00:00:00.000,2023-06-02 00:00:00.000,413,1750.98
16944,51271,2024-06-04 00:00:00.000,2024-01-01 00:00:00.000,155,1810.46
16945,73420,2025-05-20 00:00:00.000,2023-10-27 00:00:00.000,571,819.48
16946,73790,2025-05-25 00:00:00.000,2023-11-01 00:00:00.000,571,889.47
16948,61394,2024-12-01 00:00:00.000,2024-09-03 00:00:00.000,89,119.46
16948,74384,2025-06-06 00:00:00.000,2024-12-01 00:00:00.000,187,71.58
16950,58086,2024-10-15 00:00:00.000,2024-09-29 00:00:00.000,16,100.09
16950,62662,2024-12-22 00:00:00.000,2024-10-15 00:00:00.000,68,86.95
16958,54053,2024-08-07 00:00:00.000,2024-07-13 00:00:00.000,25,71.58
16958,55574,2024-09-02 00:00:00.000,2024-08-07 00:00:00.000,26,14.98
16959,55154,2024-08-27 00:00:00.000,2024-08-06 00:00:00.000,21,34.89
16959,64748,2025-01-21 00:00:00.000,2024-08-27 00:00:00.000,147,14.98
16964,53634,2024-07-30 00:00:00.000,2024-07-03 00:00:00.000,27,71.58
16964,60712,2024-11-22 00:00:00.000,2024-07-30 00:00:00.000,115,14.98
17026,53963,2024-08-05 00:00:00.000,2024-07-30 00:00:00.000,6,106.96
17026,54733,2024-08-19 00:00:00.000,2024-08-05 00:00:00.000,14,89.46
17027,55109,2024-08-26 00:00:00.000,2024-07-04 00:00:00.000,53,93.46
17027,59448,2024-11-03 00:00:00.000,2024-08-26 00:00:00.000,69,85.48
17036,59165,2024-10-30 00:00:00.000,2024-07-22 00:00:00.000,100,119.98
17045,56526,2024-09-19 00:00:00.000,2022-07-21 00:00:00.000,791,902.46
17046,56942,2024-09-27 00:00:00.000,2022-07-23 00:00:00.000,797,889.47
17047,55538,2024-09-01 00:00:00.000,2022-07-04 00:00:00.000,790,769.49
17048,58336,2024-10-19 00:00:00.000,2022-07-22 00:00:00.000,820,804.48
17049,58181,2024-10-16 00:00:00.000,2022-07-29 00:00:00.000,810,769.49
17050,58005,2024-10-13 00:00:00.000,2022-07-26 00:00:00.000,810,917.96
17051,56899,2024-09-26 00:00:00.000,2022-07-05 00:00:00.000,814,2482.23
17052,60465,2024-11-18 00:00:00.000,2024-09-19 00:00:00.000,60,53.99
17053,66269,2025-02-12 00:00:00.000,2024-10-22 00:00:00.000,113,53.99
17054,68964,2025-03-24 00:00:00.000,2024-10-27 00:00:00.000,148,53.99
17055,58337,2024-10-19 00:00:00.000,2022-08-03 00:00:00.000,808,769.49
17056,58458,2024-10-21 00:00:00.000,2022-08-21 00:00:00.000,792,839.48
17057,74507,2025-06-10 00:00:00.000,2024-09-16 00:00:00.000,267,53.99
17058,72736,2025-05-11 00:00:00.000,2025-01-11 00:00:00.000,120,53.99
17059,72586,2025-05-09 00:00:00.000,2024-11-10 00:00:00.000,180,53.99
17060,66323,2025-02-13 00:00:00.000,2024-12-13 00:00:00.000,62,53.99
17061,62161,2024-12-14 00:00:00.000,2024-12-12 00:00:00.000,2,32.28
17062,54151,2024-08-09 00:00:00.000,2024-06-30 00:00:00.000,40,37.27
17063,55392,2024-08-30 00:00:00.000,2024-07-23 00:00:00.000,38,62.98
17064,57831,2024-10-10 00:00:00.000,2022-08-13 00:00:00.000,789,928.49
17065,60697,2024-11-22 00:00:00.000,2022-08-05 00:00:00.000,840,839.48
17066,67494,2025-03-02 00:00:00.000,2025-01-04 00:00:00.000,57,74.48
17067,73583,2025-05-22 00:00:00.000,2025-01-25 00:00:00.000,117,63.97
17068,74473,2025-06-09 00:00:00.000,2024-11-28 00:00:00.000,193,38.98
17069,61033,2024-11-27 00:00:00.000,2022-08-11 00:00:00.000,839,848.47
17070,53011,2024-07-22 00:00:00.000,2024-07-14 00:00:00.000,8,69.97
17071,60450,2024-11-17 00:00:00.000,2022-08-01 00:00:00.000,839,839.48
17072,71498,2025-04-26 00:00:00.000,2025-03-22 00:00:00.000,35,74.48
17073,67904,2025-03-08 00:00:00.000,2025-01-02 00:00:00.000,65,28.98
17074,60840,2024-11-24 00:00:00.000,2024-07-01 00:00:00.000,146,31.27
17075,64730,2025-01-21 00:00:00.000,2025-01-17 00:00:00.000,4,27.28
17076,73944,2025-05-27 00:00:00.000,2025-01-09 00:00:00.000,138,28.98
17077,61787,2024-12-08 00:00:00.000,2024-08-01 00:00:00.000,129,49.99
17078,54667,2024-08-18 00:00:00.000,2024-07-06 00:00:00.000,43,62.98
17079,59901,2024-11-09 00:00:00.000,2022-08-21 00:00:00.000,811,839.48
17080,53358,2024-07-28 00:00:00.000,2023-06-27 00:00:00.000,397,1732.26
17082,52850,2024-07-18 00:00:00.000,2024-01-18 00:00:00.000,182,1709.98
17085,60193,2024-11-14 00:00:00.000,2023-11-13 00:00:00.000,367,804.47
17086,52678,2024-07-15 00:00:00.000,2024-01-14 00:00:00.000,183,1750.98
17087,62914,2024-12-26 00:00:00.000,2024-12-19 00:00:00.000,7,62.27
17093,65510,2025-01-31 00:00:00.000,2024-01-21 00:00:00.000,376,2316.97
17093,71749,2025-04-29 00:00:00.000,2025-01-31 00:00:00.000,88,2419.06
17094,60702,2024-11-22 00:00:00.000,2023-11-22 00:00:00.000,366,819.48
17095,54438,2024-08-14 00:00:00.000,2023-06-04 00:00:00.000,437,1759.97
17096,52294,2024-07-07 00:00:00.000,2024-01-24 00:00:00.000,165,1700.99
17097,72366,2025-05-06 00:00:00.000,2023-11-05 00:00:00.000,548,839.46
17098,51481,2024-06-17 00:00:00.000,2023-11-05 00:00:00.000,225,586.97
17099,54327,2024-08-12 00:00:00.000,2023-07-24 00:00:00.000,385,1700.99
17101,67605,2025-03-03 00:00:00.000,2024-08-18 00:00:00.000,197,68.97
17103,67089,2025-02-25 00:00:00.000,2024-01-13 00:00:00.000,409,2334.46
17103,71542,2025-04-26 00:00:00.000,2025-02-25 00:00:00.000,60,2419.06
17105,59442,2024-11-03 00:00:00.000,2024-07-11 00:00:00.000,115,43.46
17107,52295,2024-07-07 00:00:00.000,2024-01-24 00:00:00.000,165,1735.98
17109,54109,2024-08-08 00:00:00.000,2023-08-28 00:00:00.000,346,1768.96
17110,67377,2025-02-28 00:00:00.000,2024-08-30 00:00:00.000,182,39.98
17114,68550,2025-03-18 00:00:00.000,2024-01-21 00:00:00.000,422,2403.96
17114,70431,2025-04-10 00:00:00.000,2025-03-18 00:00:00.000,23,2428.05
17115,59922,2024-11-10 00:00:00.000,2023-11-27 00:00:00.000,349,826.46
17119,55788,2024-09-05 00:00:00.000,2024-07-26 00:00:00.000,41,21.98
17119,56972,2024-09-28 00:00:00.000,2024-09-05 00:00:00.000,23,114.96
17126,74468,2025-06-08 00:00:00.000,2025-01-13 00:00:00.000,146,56.97
17181,62136,2024-12-13 00:00:00.000,2024-01-27 00:00:00.000,321,2433.04
17181,64735,2025-01-21 00:00:00.000,2024-12-13 00:00:00.000,39,2329.98
17182,63369,2024-12-31 00:00:00.000,2023-10-31 00:00:00.000,427,2349.98
17182,68395,2025-03-15 00:00:00.000,2024-12-31 00:00:00.000,74,2419.06
17183,62562,2024-12-20 00:00:00.000,2024-01-17 00:00:00.000,338,2422.54
17183,64309,2025-01-15 00:00:00.000,2024-12-20 00:00:00.000,26,2309.97
17184,61416,2024-12-01 00:00:00.000,2024-01-24 00:00:00.000,312,2433.04
17184,64390,2025-01-16 00:00:00.000,2024-12-01 00:00:00.000,46,2376.96
17185,63428,2025-01-01 00:00:00.000,2023-11-20 00:00:00.000,408,2344.96
17185,69239,2025-03-27 00:00:00.000,2025-01-01 00:00:00.000,85,2428.05
17186,61516,2024-12-03 00:00:00.000,2024-11-18 00:00:00.000,15,7.28
17187,63300,2024-12-30 00:00:00.000,2023-08-22 00:00:00.000,496,2309.97
17188,63370,2024-12-31 00:00:00.000,2023-08-21 00:00:00.000,498,2349.98
17191,62669,2024-12-22 00:00:00.000,2024-01-05 00:00:00.000,352,2384.07
17191,64126,2025-01-12 00:00:00.000,2024-12-22 00:00:00.000,21,2329.98
17192,66945,2025-02-23 00:00:00.000,2023-11-20 00:00:00.000,461,2376.96
17192,68950,2025-03-23 00:00:00.000,2025-02-23 00:00:00.000,28,2419.06
17193,73985,2025-05-27 00:00:00.000,2024-08-12 00:00:00.000,288,59.98
17195,63426,2025-01-01 00:00:00.000,2023-09-02 00:00:00.000,487,2330.23
17196,64453,2025-01-17 00:00:00.000,2023-09-28 00:00:00.000,477,2317.92
17198,63047,2024-12-28 00:00:00.000,2024-02-24 00:00:00.000,308,2398.05
17198,64688,2025-01-20 00:00:00.000,2024-12-28 00:00:00.000,23,2391.96
17199,63535,2025-01-02 00:00:00.000,2024-02-10 00:00:00.000,327,2418.05
17199,63768,2025-01-06 00:00:00.000,2025-01-02 00:00:00.000,4,2397.95
17202,67144,2025-02-26 00:00:00.000,2023-11-29 00:00:00.000,455,2359.46
17202,70819,2025-04-15 00:00:00.000,2025-02-26 00:00:00.000,48,2433.04
17203,66765,2025-02-20 00:00:00.000,2023-11-10 00:00:00.000,468,2364.97
17203,70916,2025-04-17 00:00:00.000,2025-02-20 00:00:00.000,56,2406.00
17204,70407,2025-04-10 00:00:00.000,2024-10-09 00:00:00.000,183,74.98
17205,70406,2025-04-10 00:00:00.000,2025-02-15 00:00:00.000,54,35.00
17206,63881,2025-01-08 00:00:00.000,2023-09-21 00:00:00.000,475,2294.99
17207,66505,2025-02-16 00:00:00.000,2023-11-15 00:00:00.000,459,2344.96
17207,71329,2025-04-23 00:00:00.000,2025-02-16 00:00:00.000,66,2453.04
17209,63405,2024-12-31 00:00:00.000,2024-02-24 00:00:00.000,311,2384.07
17209,63702,2025-01-05 00:00:00.000,2024-12-31 00:00:00.000,5,2354.98
17213,62052,2024-12-12 00:00:00.000,2024-11-18 00:00:00.000,24,124.97
17214,65804,2025-02-05 00:00:00.000,2023-11-06 00:00:00.000,457,2374.98
17214,69773,2025-04-01 00:00:00.000,2025-02-05 00:00:00.000,55,2393.06
17216,67145,2025-02-26 00:00:00.000,2023-09-24 00:00:00.000,521,2369.96
17218,66766,2025-02-20 00:00:00.000,2023-11-13 00:00:00.000,465,2318.96
17218,71330,2025-04-23 00:00:00.000,2025-02-20 00:00:00.000,62,2407.04
17220,64161,2025-01-12 00:00:00.000,2024-02-01 00:00:00.000,346,2393.06
17220,64963,2025-01-25 00:00:00.000,2025-01-12 00:00:00.000,13,2340.23
17221,63495,2025-01-01 00:00:00.000,2024-02-03 00:00:00.000,333,2442.03
17221,64542,2025-01-18 00:00:00.000,2025-01-01 00:00:00.000,17,2406.93
17225,65329,2025-01-28 00:00:00.000,2023-11-05 00:00:00.000,450,2322.28
17225,69774,2025-04-01 00:00:00.000,2025-01-28 00:00:00.000,63,2483.03
17226,59535,2024-11-04 00:00:00.000,2024-09-19 00:00:00.000,46,39.98
17227,59764,2024-11-08 00:00:00.000,2024-09-28 00:00:00.000,41,58.98
17228,70091,2025-04-06 00:00:00.000,2024-12-27 00:00:00.000,100,27.28
17229,62154,2024-12-13 00:00:00.000,2022-08-07 00:00:00.000,859,893.47
17230,64678,2025-01-20 00:00:00.000,2024-08-24 00:00:00.000,149,29.99
17231,65509,2025-01-31 00:00:00.000,2024-11-10 00:00:00.000,82,53.99
17232,61596,2024-12-04 00:00:00.000,2022-08-25 00:00:00.000,832,769.49
17233,61481,2024-12-02 00:00:00.000,2022-08-23 00:00:00.000,832,769.49
17234,72515,2025-05-08 00:00:00.000,2024-10-23 00:00:00.000,197,37.27
17235,62399,2024-12-18 00:00:00.000,2024-11-05 00:00:00.000,43,29.99
17236,62880,2024-12-26 00:00:00.000,2024-12-13 00:00:00.000,13,32.28
17237,74308,2025-06-04 00:00:00.000,2024-08-06 00:00:00.000,302,110.95
17238,55182,2024-08-28 00:00:00.000,2024-07-14 00:00:00.000,45,93.49
17239,74878,2025-06-22 00:00:00.000,2025-02-12 00:00:00.000,130,53.99
17240,63946,2025-01-08 00:00:00.000,2022-08-23 00:00:00.000,869,806.76
17241,64728,2025-01-20 00:00:00.000,2022-08-20 00:00:00.000,884,804.48
17242,64675,2025-01-19 00:00:00.000,2022-08-02 00:00:00.000,901,808.96
17243,59582,2024-11-05 00:00:00.000,2024-07-21 00:00:00.000,107,29.99
17244,60960,2024-11-26 00:00:00.000,2024-09-20 00:00:00.000,67,32.28
17245,70945,2025-04-18 00:00:00.000,2024-11-01 00:00:00.000,168,38.98
17246,64787,2025-01-21 00:00:00.000,2022-08-07 00:00:00.000,898,801.77
17247,63425,2025-01-01 00:00:00.000,2022-08-09 00:00:00.000,876,854.45
17248,65504,2025-01-31 00:00:00.000,2022-08-12 00:00:00.000,903,804.48
17249,67081,2025-02-25 00:00:00.000,2022-08-13 00:00:00.000,927,848.47
17250,74256,2025-06-02 00:00:00.000,2024-12-02 00:00:00.000,182,34.98
17251,59920,2024-11-10 00:00:00.000,2024-07-09 00:00:00.000,124,53.99
17252,67210,2025-02-27 00:00:00.000,2024-11-29 00:00:00.000,90,29.99
17253,74873,2025-06-22 00:00:00.000,2024-09-04 00:00:00.000,291,29.99
17254,55977,2024-09-09 00:00:00.000,2024-07-22 00:00:00.000,49,53.99
17255,65746,2025-02-04 00:00:00.000,2022-08-18 00:00:00.000,901,863.97
17256,66885,2025-02-22 00:00:00.000,2022-08-29 00:00:00.000,908,784.47
17257,66886,2025-02-22 00:00:00.000,2022-08-16 00:00:00.000,921,902.46
17258,67482,2025-03-02 00:00:00.000,2022-08-18 00:00:00.000,927,769.49
17259,68683,2025-03-20 00:00:00.000,2022-08-14 00:00:00.000,949,826.46
17277,68089,2025-03-11 00:00:00.000,2022-08-29 00:00:00.000,925,848.47
17278,67418,2025-03-01 00:00:00.000,2022-08-22 00:00:00.000,922,804.48
17279,56008,2024-09-09 00:00:00.000,2022-08-26 00:00:00.000,745,2443.35
17280,55606,2024-09-02 00:00:00.000,2022-08-09 00:00:00.000,755,2511.32
17281,67765,2025-03-06 00:00:00.000,2025-02-01 00:00:00.000,33,24.99
17282,74790,2025-06-19 00:00:00.000,2025-02-08 00:00:00.000,131,62.98
17283,75061,2025-06-28 00:00:00.000,2024-12-14 00:00:00.000,196,88.46
17284,63439,2025-01-01 00:00:00.000,2024-07-07 00:00:00.000,178,58.98
17285,59960,2024-11-10 00:00:00.000,2022-08-15 00:00:00.000,818,2514.93
17286,59390,2024-11-02 00:00:00.000,2022-08-26 00:00:00.000,799,2451.30
17287,66209,2025-02-11 00:00:00.000,2024-11-12 00:00:00.000,91,62.98
17288,67483,2025-03-02 00:00:00.000,2022-08-29 00:00:00.000,916,847.97
17289,69872,2025-04-03 00:00:00.000,2024-09-14 00:00:00.000,201,62.98
17290,64120,2025-01-12 00:00:00.000,2024-10-02 00:00:00.000,102,62.98
17291,56434,2024-09-18 00:00:00.000,2024-07-06 00:00:00.000,74,32.28
17292,73344,2025-05-19 00:00:00.000,2024-11-17 00:00:00.000,183,53.99
17293,68938,2025-03-23 00:00:00.000,2022-08-29 00:00:00.000,937,839.48
17294,70151,2025-04-06 00:00:00.000,2022-08-08 00:00:00.000,972,777.44
17295,69633,2025-03-30 00:00:00.000,2022-08-13 00:00:00.000,960,814.47
17296,74339,2025-06-05 00:00:00.000,2025-01-26 00:00:00.000,130,49.99
17297,58484,2024-10-22 00:00:00.000,2024-08-06 00:00:00.000,77,62.98
17298,63891,2025-01-08 00:00:00.000,2024-11-28 00:00:00.000,41,53.99
17299,70805,2025-04-15 00:00:00.000,2022-08-08 00:00:00.000,981,804.48
17300,59415,2024-11-03 00:00:00.000,2024-10-25 00:00:00.000,9,40.23
17301,71701,2025-04-29 00:00:00.000,2025-02-23 00:00:00.000,65,49.99
17302,67420,2025-03-01 00:00:00.000,2024-07-21 00:00:00.000,223,88.46
17303,66024,2025-02-08 00:00:00.000,2025-01-17 00:00:00.000,22,88.46
17304,74149,2025-05-30 00:00:00.000,2025-02-17 00:00:00.000,102,27.28
17305,75002,2025-06-26 00:00:00.000,2024-07-01 00:00:00.000,360,34.99
17306,58544,2024-10-23 00:00:00.000,2024-08-19 00:00:00.000,65,82.97
17307,53190,2024-07-25 00:00:00.000,2024-07-24 00:00:00.000,1,69.97
17308,61159,2024-11-28 00:00:00.000,2022-08-05 00:00:00.000,846,2443.35
17309,59691,2024-11-06 00:00:00.000,2022-08-01 00:00:00.000,828,2452.34
17310,59554,2024-11-04 00:00:00.000,2022-08-01 00:00:00.000,826,2451.30
17311,74791,2025-06-19 00:00:00.000,2025-04-24 00:00:00.000,56,8.99
17312,70650,2025-04-13 00:00:00.000,2022-08-14 00:00:00.000,973,893.47
17313,60846,2024-11-24 00:00:00.000,2024-11-16 00:00:00.000,8,8.99
17314,72964,2025-05-14 00:00:00.000,2025-04-14 00:00:00.000,30,8.99
17315,60609,2024-11-20 00:00:00.000,2022-08-02 00:00:00.000,841,2452.34
17316,71697,2025-04-29 00:00:00.000,2025-04-05 00:00:00.000,24,37.97
17317,67353,2025-02-28 00:00:00.000,2025-01-11 00:00:00.000,48,119.96
17318,56801,2024-09-25 00:00:00.000,2024-08-31 00:00:00.000,25,34.98
17319,73263,2025-05-18 00:00:00.000,2025-02-16 00:00:00.000,91,8.99
17320,71545,2025-04-26 00:00:00.000,2022-08-01 00:00:00.000,999,813.47
17321,74555,2025-06-12 00:00:00.000,2025-03-14 00:00:00.000,90,133.47
17322,74589,2025-06-13 00:00:00.000,2024-10-10 00:00:00.000,246,8.99
17323,73102,2025-05-16 00:00:00.000,2024-08-21 00:00:00.000,268,75.97
17324,69247,2025-03-28 00:00:00.000,2025-01-23 00:00:00.000,64,71.95
17325,69166,2025-03-27 00:00:00.000,2024-08-28 00:00:00.000,211,45.95
17326,69708,2025-03-31 00:00:00.000,2022-08-29 00:00:00.000,945,889.49
17327,71222,2025-04-22 00:00:00.000,2024-12-12 00:00:00.000,131,90.95
17328,72494,2025-05-07 00:00:00.000,2022-07-31 00:00:00.000,1011,809.47
17329,59389,2024-11-02 00:00:00.000,2022-08-22 00:00:00.000,803,2443.35
17330,66650,2025-02-18 00:00:00.000,2024-11-17 00:00:00.000,93,8.99
17331,65685,2025-02-03 00:00:00.000,2024-11-06 00:00:00.000,89,31.97
17332,72919,2025-05-13 00:00:00.000,2022-08-17 00:00:00.000,1000,902.46
17333,65750,2025-02-04 00:00:00.000,2024-12-28 00:00:00.000,38,71.95
17334,72562,2025-05-08 00:00:00.000,2022-08-20 00:00:00.000,992,769.49
17337,59517,2024-11-04 00:00:00.000,2024-08-06 00:00:00.000,90,14.98
17337,69759,2025-04-01 00:00:00.000,2024-11-04 00:00:00.000,148,21.98
17338,70393,2025-04-10 00:00:00.000,2025-01-21 00:00:00.000,79,32.27
17338,74467,2025-06-08 00:00:00.000,2025-04-10 00:00:00.000,59,44.91
17346,60844,2024-11-24 00:00:00.000,2024-10-17 00:00:00.000,38,24.49
17347,66657,2025-02-18 00:00:00.000,2024-11-02 00:00:00.000,108,27.77
17347,70333,2025-04-09 00:00:00.000,2025-02-18 00:00:00.000,50,69.97
17348,62549,2024-12-20 00:00:00.000,2024-10-13 00:00:00.000,68,34.98
17348,65845,2025-02-05 00:00:00.000,2024-12-20 00:00:00.000,47,85.48
17350,67698,2025-03-05 00:00:00.000,2024-07-29 00:00:00.000,219,92.48
17351,62140,2024-12-13 00:00:00.000,2022-08-17 00:00:00.000,849,2539.42
17352,62673,2024-12-22 00:00:00.000,2022-09-16 00:00:00.000,828,2443.35
17353,61908,2024-12-09 00:00:00.000,2022-09-10 00:00:00.000,821,2457.33
17354,62139,2024-12-13 00:00:00.000,2022-09-03 00:00:00.000,832,2451.30
17355,61317,2024-11-30 00:00:00.000,2024-10-14 00:00:00.000,47,21.98
17360,65539,2025-01-31 00:00:00.000,2024-10-26 00:00:00.000,97,71.97
17360,73131,2025-05-16 00:00:00.000,2025-01-31 00:00:00.000,105,14.98
17370,59963,2024-11-10 00:00:00.000,2022-09-21 00:00:00.000,781,1164.47
17371,62041,2024-12-12 00:00:00.000,2024-12-04 00:00:00.000,8,64.97
17371,72743,2025-05-11 00:00:00.000,2024-12-12 00:00:00.000,150,14.98
17374,61873,2024-12-09 00:00:00.000,2024-06-30 00:00:00.000,162,77.92
17374,61946,2024-12-10 00:00:00.000,2024-12-09 00:00:00.000,1,39.25
17375,74309,2025-06-04 00:00:00.000,2024-10-04 00:00:00.000,243,21.98
17381,74852,2025-06-21 00:00:00.000,2024-07-14 00:00:00.000,342,159.00
17385,67540,2025-03-02 00:00:00.000,2024-07-21 00:00:00.000,224,111.44
17385,68354,2025-03-15 00:00:00.000,2025-03-02 00:00:00.000,13,27.28
17387,55195,2024-08-28 00:00:00.000,2024-07-23 00:00:00.000,36,37.27
17387,55569,2024-09-02 00:00:00.000,2024-08-28 00:00:00.000,5,53.95
17409,67367,2025-02-28 00:00:00.000,2024-12-30 00:00:00.000,60,69.99
17410,65847,2025-02-05 00:00:00.000,2024-12-10 00:00:00.000,57,24.27
17411,69127,2025-03-26 00:00:00.000,2025-01-19 00:00:00.000,66,85.48
17422,63401,2024-12-31 00:00:00.000,2024-12-14 00:00:00.000,17,95.94
17442,54462,2024-08-14 00:00:00.000,2024-07-26 00:00:00.000,19,75.97
17442,73592,2025-05-22 00:00:00.000,2024-08-14 00:00:00.000,281,88.98
17450,74841,2025-06-20 00:00:00.000,2025-04-26 00:00:00.000,55,29.93
17468,70477,2025-04-11 00:00:00.000,2024-08-20 00:00:00.000,234,56.96
17478,59633,2024-11-05 00:00:00.000,2022-09-24 00:00:00.000,773,1179.97
17479,59493,2024-11-04 00:00:00.000,2024-09-30 00:00:00.000,35,100.46
17481,57409,2024-10-02 00:00:00.000,2024-09-10 00:00:00.000,22,56.97
17482,63445,2025-01-01 00:00:00.000,2024-08-05 00:00:00.000,149,69.97
17483,60677,2024-11-21 00:00:00.000,2024-08-20 00:00:00.000,93,32.22
17484,56550,2024-09-20 00:00:00.000,2024-07-24 00:00:00.000,58,104.98
17491,74276,2025-06-02 00:00:00.000,2025-03-31 00:00:00.000,63,56.97
17493,72856,2025-05-13 00:00:00.000,2025-02-12 00:00:00.000,90,75.97
17494,58710,2024-10-26 00:00:00.000,2024-10-23 00:00:00.000,3,56.97
17495,67973,2025-03-09 00:00:00.000,2024-09-21 00:00:00.000,169,62.94
17496,74622,2025-06-14 00:00:00.000,2025-02-26 00:00:00.000,108,118.49
17500,74151,2025-05-30 00:00:00.000,2025-03-21 00:00:00.000,70,36.96
17501,69312,2025-03-29 00:00:00.000,2024-12-08 00:00:00.000,111,21.98
17502,64297,2025-01-15 00:00:00.000,2022-09-07 00:00:00.000,861,2492.32
17503,73949,2025-05-27 00:00:00.000,2025-03-14 00:00:00.000,74,34.99
17504,72331,2025-05-05 00:00:00.000,2022-09-17 00:00:00.000,961,784.47
17509,72766,2025-05-11 00:00:00.000,2024-10-07 00:00:00.000,216,61.45
17510,73394,2025-05-19 00:00:00.000,2022-09-02 00:00:00.000,990,791.47
17511,51563,2024-06-21 00:00:00.000,2022-09-06 00:00:00.000,654,572.26
17512,51294,2024-06-05 00:00:00.000,2022-09-16 00:00:00.000,628,592.27
17513,51422,2024-06-12 00:00:00.000,2022-09-25 00:00:00.000,626,681.97
17514,52206,2024-07-05 00:00:00.000,2022-09-08 00:00:00.000,666,563.96
17515,56947,2024-09-27 00:00:00.000,2022-09-12 00:00:00.000,746,564.99
17522,70459,2025-04-11 00:00:00.000,2024-12-19 00:00:00.000,113,65.96
17539,70270,2025-04-08 00:00:00.000,2025-01-19 00:00:00.000,79,144.47
17551,64765,2025-01-21 00:00:00.000,2024-11-19 00:00:00.000,63,31.97
17579,72667,2025-05-10 00:00:00.000,2025-02-13 00:00:00.000,86,94.46
17585,72315,2025-05-05 00:00:00.000,2024-08-10 00:00:00.000,268,85.48
17601,60860,2024-11-24 00:00:00.000,2024-07-11 00:00:00.000,136,69.97
17619,71237,2025-04-22 00:00:00.000,2024-11-19 00:00:00.000,154,91.95
17626,60262,2024-11-15 00:00:00.000,2023-11-28 00:00:00.000,353,819.48
17627,60468,2024-11-18 00:00:00.000,2023-10-30 00:00:00.000,385,839.46
17628,57812,2024-10-10 00:00:00.000,2024-07-09 00:00:00.000,93,98.96
17629,52222,2024-07-06 00:00:00.000,2024-02-26 00:00:00.000,131,1729.97
17632,61980,2024-12-11 00:00:00.000,2023-12-12 00:00:00.000,365,819.46
17633,55687,2024-09-04 00:00:00.000,2023-10-15 00:00:00.000,325,1732.26
17634,56607,2024-09-21 00:00:00.000,2023-10-20 00:00:00.000,337,1735.98
17635,54599,2024-08-17 00:00:00.000,2024-02-16 00:00:00.000,183,1709.98
17639,62352,2024-12-17 00:00:00.000,2023-12-21 00:00:00.000,362,893.47
17641,58078,2024-10-15 00:00:00.000,2023-10-26 00:00:00.000,355,1735.98
17642,72991,2025-05-14 00:00:00.000,2024-08-29 00:00:00.000,258,4.99
17644,51304,2024-06-06 00:00:00.000,2023-12-18 00:00:00.000,171,573.98
17645,70635,2025-04-13 00:00:00.000,2025-03-02 00:00:00.000,42,127.28
17646,58254,2024-10-18 00:00:00.000,2023-11-16 00:00:00.000,337,1750.98
17647,52204,2024-07-05 00:00:00.000,2023-11-04 00:00:00.000,244,792.34
17647,69803,2025-04-02 00:00:00.000,2024-07-05 00:00:00.000,271,2329.98
17648,53172,2024-07-24 00:00:00.000,2023-11-25 00:00:00.000,242,777.34
17648,70879,2025-04-17 00:00:00.000,2024-07-24 00:00:00.000,267,2344.96
17651,54419,2024-08-13 00:00:00.000,2023-11-03 00:00:00.000,284,780.82
17651,71508,2025-04-26 00:00:00.000,2024-08-13 00:00:00.000,256,2398.97
17657,74317,2025-06-04 00:00:00.000,2024-07-19 00:00:00.000,320,37.27
17680,74700,2025-06-16 00:00:00.000,2025-01-18 00:00:00.000,149,165.22
17686,75016,2025-06-26 00:00:00.000,2024-10-07 00:00:00.000,262,71.95
17700,51514,2024-06-19 00:00:00.000,2023-12-02 00:00:00.000,200,623.97
17701,66668,2025-02-18 00:00:00.000,2024-07-06 00:00:00.000,227,4.99
17702,67992,2025-03-09 00:00:00.000,2024-09-02 00:00:00.000,188,27.28
17705,69208,2025-03-27 00:00:00.000,2024-07-21 00:00:00.000,249,7.28
17706,74211,2025-05-31 00:00:00.000,2024-11-01 00:00:00.000,211,39.98
17708,74828,2025-06-20 00:00:00.000,2025-04-14 00:00:00.000,67,93.48
17709,69689,2025-03-31 00:00:00.000,2024-08-22 00:00:00.000,221,29.98
17710,62846,2024-12-25 00:00:00.000,2024-10-06 00:00:00.000,80,48.97
17714,57488,2024-10-04 00:00:00.000,2023-12-12 00:00:00.000,297,1735.98
17715,52297,2024-07-07 00:00:00.000,2023-12-10 00:00:00.000,210,649.97
17716,58077,2024-10-15 00:00:00.000,2023-12-06 00:00:00.000,314,1700.99
17717,54203,2024-08-10 00:00:00.000,2023-12-22 00:00:00.000,232,658.45
17720,56278,2024-09-15 00:00:00.000,2023-12-17 00:00:00.000,273,608.97
17722,54264,2024-08-11 00:00:00.000,2024-02-15 00:00:00.000,178,1700.99
17723,67811,2025-03-06 00:00:00.000,2024-08-08 00:00:00.000,210,18.97
17725,60105,2024-11-12 00:00:00.000,2022-09-18 00:00:00.000,786,1120.49
17726,59391,2024-11-02 00:00:00.000,2022-09-28 00:00:00.000,766,1143.46
17728,61586,2024-12-04 00:00:00.000,2022-08-31 00:00:00.000,826,1151.76
17730,61471,2024-12-02 00:00:00.000,2022-09-10 00:00:00.000,814,1173.96
17732,62274,2024-12-15 00:00:00.000,2022-09-06 00:00:00.000,831,1174.48
17733,62519,2024-12-19 00:00:00.000,2022-09-11 00:00:00.000,830,1179.97
17734,61417,2024-12-01 00:00:00.000,2022-09-27 00:00:00.000,796,1120.49
17735,63867,2025-01-07 00:00:00.000,2022-09-27 00:00:00.000,833,1174.48
17736,65008,2025-01-25 00:00:00.000,2022-09-08 00:00:00.000,870,1164.47
17739,60188,2024-11-14 00:00:00.000,2023-12-22 00:00:00.000,328,1735.98
17741,54983,2024-08-24 00:00:00.000,2024-02-13 00:00:00.000,193,1773.95
17742,55395,2024-08-30 00:00:00.000,2024-02-08 00:00:00.000,204,1754.98
17743,55398,2024-08-30 00:00:00.000,2023-12-03 00:00:00.000,271,611.96
17744,56916,2024-09-27 00:00:00.000,2023-12-28 00:00:00.000,274,583.97
17747,56650,2024-09-22 00:00:00.000,2023-12-28 00:00:00.000,269,561.97
17750,56442,2024-09-18 00:00:00.000,2023-12-04 00:00:00.000,289,706.97
17752,61041,2024-11-27 00:00:00.000,2024-01-20 00:00:00.000,312,1775.97
17753,58360,2024-10-20 00:00:00.000,2023-12-06 00:00:00.000,319,636.94
17754,60189,2024-11-14 00:00:00.000,2024-01-16 00:00:00.000,303,1754.98
17755,57909,2024-10-12 00:00:00.000,2023-12-11 00:00:00.000,306,586.97
17756,59149,2024-10-30 00:00:00.000,2024-01-17 00:00:00.000,287,1714.97
17757,71177,2025-04-21 00:00:00.000,2025-03-02 00:00:00.000,50,54.98
17760,73296,2025-05-18 00:00:00.000,2025-03-17 00:00:00.000,62,59.98
17761,58357,2024-10-20 00:00:00.000,2024-01-31 00:00:00.000,263,1759.97
17762,57701,2024-10-08 00:00:00.000,2024-01-31 00:00:00.000,251,1754.98
17763,68052,2025-03-10 00:00:00.000,2024-10-14 00:00:00.000,147,24.99
17764,57963,2024-10-13 00:00:00.000,2024-03-22 00:00:00.000,205,1714.97
17765,57700,2024-10-08 00:00:00.000,2024-03-26 00:00:00.000,196,1744.97
17766,60606,2024-11-20 00:00:00.000,2024-01-07 00:00:00.000,318,777.34
17766,71433,2025-04-25 00:00:00.000,2024-11-20 00:00:00.000,156,2341.97
17767,61839,2024-12-08 00:00:00.000,2024-01-07 00:00:00.000,336,771.34
17767,73116,2025-05-16 00:00:00.000,2024-12-08 00:00:00.000,159,2329.98
17768,57908,2024-10-12 00:00:00.000,2024-03-25 00:00:00.000,201,1725.48
17769,59347,2024-11-02 00:00:00.000,2024-03-28 00:00:00.000,219,1728.27
17770,59282,2024-11-01 00:00:00.000,2024-02-14 00:00:00.000,261,1714.97
17772,57910,2024-10-12 00:00:00.000,2023-12-12 00:00:00.000,305,664.44
17773,61042,2024-11-27 00:00:00.000,2024-03-27 00:00:00.000,245,1750.98
17775,59504,2024-11-04 00:00:00.000,2024-03-02 00:00:00.000,247,1793.47
17776,60990,2024-11-26 00:00:00.000,2024-10-18 00:00:00.000,39,64.97
17777,59589,2024-11-05 00:00:00.000,2024-03-28 00:00:00.000,222,1735.98
17778,66057,2025-02-08 00:00:00.000,2024-03-18 00:00:00.000,327,751.34
17778,72593,2025-05-09 00:00:00.000,2025-02-08 00:00:00.000,90,2423.98
17779,65853,2025-02-05 00:00:00.000,2024-04-09 00:00:00.000,302,811.32
17779,73422,2025-05-20 00:00:00.000,2025-02-05 00:00:00.000,104,2438.45
17780,68782,2025-03-21 00:00:00.000,2024-04-17 00:00:00.000,338,792.34
17780,72653,2025-05-10 00:00:00.000,2025-03-21 00:00:00.000,50,2319.99
17781,67429,2025-03-01 00:00:00.000,2024-03-09 00:00:00.000,357,2350.96
17781,69772,2025-04-01 00:00:00.000,2025-03-01 00:00:00.000,31,2393.06
17782,62175,2024-12-14 00:00:00.000,2023-12-28 00:00:00.000,352,839.48
17784,60391,2024-11-17 00:00:00.000,2024-03-13 00:00:00.000,249,1709.98
17785,54746,2024-08-19 00:00:00.000,2024-07-28 00:00:00.000,22,27.28
17786,57986,2024-10-13 00:00:00.000,2024-07-12 00:00:00.000,93,49.48
17787,62172,2024-12-14 00:00:00.000,2024-04-02 00:00:00.000,256,1725.98
17789,60649,2024-11-21 00:00:00.000,2024-02-28 00:00:00.000,267,1754.98
17790,57703,2024-10-08 00:00:00.000,2024-01-16 00:00:00.000,266,595.96
17792,64069,2025-01-11 00:00:00.000,2024-01-05 00:00:00.000,372,823.46
17793,66095,2025-02-09 00:00:00.000,2024-01-07 00:00:00.000,399,806.76
17794,60192,2024-11-14 00:00:00.000,2024-01-23 00:00:00.000,296,564.26
17795,60775,2024-11-23 00:00:00.000,2024-01-03 00:00:00.000,325,539.99
17796,60057,2024-11-12 00:00:00.000,2024-03-01 00:00:00.000,256,1739.46
17798,60650,2024-11-21 00:00:00.000,2024-01-24 00:00:00.000,302,614.96
17799,59148,2024-10-30 00:00:00.000,2024-03-09 00:00:00.000,235,1725.98
17803,59216,2024-10-31 00:00:00.000,2024-01-21 00:00:00.000,284,579.46
17807,67524,2025-03-02 00:00:00.000,2025-03-01 00:00:00.000,1,73.96
17808,73149,2025-05-16 00:00:00.000,2024-07-25 00:00:00.000,295,94.97
17810,58749,2024-10-26 00:00:00.000,2024-07-25 00:00:00.000,93,13.98
17811,69255,2025-03-28 00:00:00.000,2024-03-15 00:00:00.000,378,2379.97
17811,72248,2025-05-04 00:00:00.000,2025-03-28 00:00:00.000,37,2428.05
17812,66780,2025-02-20 00:00:00.000,2024-01-16 00:00:00.000,401,801.77
17813,59506,2024-11-04 00:00:00.000,2024-01-23 00:00:00.000,286,576.95
17814,71398,2025-04-24 00:00:00.000,2024-07-27 00:00:00.000,271,103.95
17815,60651,2024-11-21 00:00:00.000,2024-01-11 00:00:00.000,315,680.43
17824,59150,2024-10-30 00:00:00.000,2024-02-28 00:00:00.000,245,1891.26
17825,68098,2025-03-11 00:00:00.000,2024-03-22 00:00:00.000,354,2400.95
17825,73028,2025-05-14 00:00:00.000,2025-03-11 00:00:00.000,64,2433.04
17827,62762,2024-12-24 00:00:00.000,2024-04-11 00:00:00.000,257,1754.98
17828,65637,2025-02-02 00:00:00.000,2024-01-08 00:00:00.000,391,819.48
17829,66710,2025-02-19 00:00:00.000,2024-01-03 00:00:00.000,413,801.77
17830,62763,2024-12-24 00:00:00.000,2024-04-02 00:00:00.000,266,1750.98
17831,61601,2024-12-05 00:00:00.000,2024-04-02 00:00:00.000,247,1749.96
17833,51358,2024-06-08 00:00:00.000,2024-03-11 00:00:00.000,89,1251.12
17833,68549,2025-03-18 00:00:00.000,2024-06-08 00:00:00.000,283,2304.98
17834,70147,2025-04-06 00:00:00.000,2024-04-22 00:00:00.000,349,792.34
17834,72650,2025-05-10 00:00:00.000,2025-04-06 00:00:00.000,34,2365.94
17835,65484,2025-01-30 00:00:00.000,2025-01-24 00:00:00.000,6,4.99
17838,68586,2025-03-18 00:00:00.000,2024-10-14 00:00:00.000,155,7.28
17839,73369,2025-05-19 00:00:00.000,2024-09-03 00:00:00.000,258,29.98
17840,66857,2025-02-21 00:00:00.000,2024-08-31 00:00:00.000,174,39.98
17841,61111,2024-11-28 00:00:00.000,2024-01-26 00:00:00.000,307,621.96
17844,57876,2024-10-11 00:00:00.000,2024-08-02 00:00:00.000,70,188.98
17847,61110,2024-11-28 00:00:00.000,2024-03-06 00:00:00.000,267,1700.99
17848,61323,2024-11-30 00:00:00.000,2024-03-10 00:00:00.000,265,1735.98
17849,65511,2025-01-31 00:00:00.000,2024-01-10 00:00:00.000,387,843.97
17855,73213,2025-05-17 00:00:00.000,2024-10-24 00:00:00.000,205,149.98
17867,74287,2025-06-03 00:00:00.000,2025-02-10 00:00:00.000,113,119.96
17873,62176,2024-12-14 00:00:00.000,2024-02-28 00:00:00.000,290,1759.97
17879,69827,2025-04-02 00:00:00.000,2024-09-13 00:00:00.000,201,64.97
17880,73899,2025-05-26 00:00:00.000,2024-08-02 00:00:00.000,297,32.27
17881,74807,2025-06-19 00:00:00.000,2024-09-27 00:00:00.000,265,32.27
17885,64123,2025-01-12 00:00:00.000,2024-05-14 00:00:00.000,243,1700.99
17889,62701,2024-12-23 00:00:00.000,2024-01-03 00:00:00.000,355,599.98
17890,62952,2024-12-27 00:00:00.000,2024-01-01 00:00:00.000,361,571.96
17891,63697,2025-01-05 00:00:00.000,2024-05-22 00:00:00.000,228,1735.98
17892,62951,2024-12-27 00:00:00.000,2024-02-27 00:00:00.000,304,605.95
17893,62242,2024-12-15 00:00:00.000,2024-03-22 00:00:00.000,268,1700.99
17894,64798,2025-01-22 00:00:00.000,2024-05-12 00:00:00.000,255,1709.98
17896,61437,2024-12-02 00:00:00.000,2024-02-09 00:00:00.000,297,601.44
17897,64466,2025-01-17 00:00:00.000,2024-05-15 00:00:00.000,247,1779.47
17898,62407,2024-12-18 00:00:00.000,2024-04-23 00:00:00.000,239,1764.96
17900,64067,2025-01-11 00:00:00.000,2024-05-02 00:00:00.000,254,1750.98
17902,61547,2024-12-04 00:00:00.000,2024-04-27 00:00:00.000,221,1714.97
17904,63676,2025-01-04 00:00:00.000,2022-09-01 00:00:00.000,856,1155.48
17909,63733,2025-01-05 00:00:00.000,2022-09-20 00:00:00.000,838,1183.47
17910,66868,2025-02-21 00:00:00.000,2022-09-10 00:00:00.000,895,1120.49
17911,65437,2025-01-29 00:00:00.000,2022-09-05 00:00:00.000,877,1120.49
17912,67001,2025-02-23 00:00:00.000,2022-09-07 00:00:00.000,900,1174.48
17913,65611,2025-02-01 00:00:00.000,2022-09-28 00:00:00.000,857,1155.48
17914,66304,2025-02-12 00:00:00.000,2022-09-24 00:00:00.000,872,1120.49
17915,65937,2025-02-06 00:00:00.000,2022-09-09 00:00:00.000,881,1214.46
17916,67246,2025-02-27 00:00:00.000,2022-09-17 00:00:00.000,894,1209.47
17917,65495,2025-01-30 00:00:00.000,2022-09-16 00:00:00.000,867,1155.48
17918,65938,2025-02-06 00:00:00.000,2022-09-26 00:00:00.000,864,1155.48
17919,66305,2025-02-12 00:00:00.000,2022-09-16 00:00:00.000,880,1155.48
17920,67744,2025-03-05 00:00:00.000,2022-09-04 00:00:00.000,913,1155.48
17921,67745,2025-03-05 00:00:00.000,2022-09-01 00:00:00.000,916,1120.49
17922,67825,2025-03-06 00:00:00.000,2022-09-28 00:00:00.000,890,1243.45
17923,69066,2025-03-25 00:00:00.000,2022-09-25 00:00:00.000,912,1174.48
17924,68664,2025-03-19 00:00:00.000,2022-09-10 00:00:00.000,921,1155.48
17925,68998,2025-03-24 00:00:00.000,2022-09-10 00:00:00.000,926,1120.49
17926,71332,2025-04-23 00:00:00.000,2022-09-25 00:00:00.000,941,1137.43
17927,70801,2025-04-15 00:00:00.000,2022-09-18 00:00:00.000,940,1147.77
17928,62764,2024-12-24 00:00:00.000,2024-04-24 00:00:00.000,244,1735.98
17929,63830,2025-01-07 00:00:00.000,2024-04-08 00:00:00.000,274,1714.97
17932,64861,2025-01-23 00:00:00.000,2024-05-17 00:00:00.000,251,1764.96
17933,62293,2024-12-16 00:00:00.000,2024-02-14 00:00:00.000,306,659.96
17934,64540,2025-01-18 00:00:00.000,2024-04-17 00:00:00.000,276,1725.48
17937,63630,2025-01-04 00:00:00.000,2024-02-01 00:00:00.000,338,625.47
17940,63699,2025-01-05 00:00:00.000,2024-04-07 00:00:00.000,273,1700.99
17941,66374,2025-02-14 00:00:00.000,2024-04-01 00:00:00.000,319,1749.96
17942,66888,2025-02-22 00:00:00.000,2024-04-03 00:00:00.000,325,1714.97
17943,64306,2025-01-15 00:00:00.000,2024-02-07 00:00:00.000,343,599.98
17944,64543,2025-01-18 00:00:00.000,2024-05-04 00:00:00.000,259,1750.98
17945,65454,2025-01-30 00:00:00.000,2024-04-21 00:00:00.000,284,1779.47
17946,66639,2025-02-18 00:00:00.000,2024-03-30 00:00:00.000,325,1700.99
17947,66016,2025-02-08 00:00:00.000,2024-05-12 00:00:00.000,272,1750.98
17948,64184,2025-01-13 00:00:00.000,2024-02-21 00:00:00.000,327,601.95
17949,51621,2024-06-25 00:00:00.000,2024-05-07 00:00:00.000,49,819.48
17949,71748,2025-04-29 00:00:00.000,2024-06-25 00:00:00.000,308,786.33
17950,63559,2025-01-03 00:00:00.000,2024-05-14 00:00:00.000,234,1732.26
17952,69102,2025-03-26 00:00:00.000,2024-05-25 00:00:00.000,305,1759.97
17956,65803,2025-02-05 00:00:00.000,2022-06-21 00:00:00.000,960,1732.26
17957,66887,2025-02-22 00:00:00.000,2022-06-29 00:00:00.000,969,1735.98
17958,64732,2025-01-21 00:00:00.000,2024-02-24 00:00:00.000,332,629.96
17959,64904,2025-01-24 00:00:00.000,2024-02-12 00:00:00.000,347,567.27
17960,68747,2025-03-21 00:00:00.000,2024-02-13 00:00:00.000,402,819.48
17962,64537,2025-01-18 00:00:00.000,2024-02-14 00:00:00.000,339,595.96
17963,68163,2025-03-12 00:00:00.000,2024-04-29 00:00:00.000,317,1750.98
17964,52467,2024-07-10 00:00:00.000,2024-05-02 00:00:00.000,69,1214.85
17964,69319,2025-03-29 00:00:00.000,2024-07-10 00:00:00.000,262,2353.95
17965,67775,2025-03-06 00:00:00.000,2024-02-20 00:00:00.000,380,819.48
17966,71570,2025-04-27 00:00:00.000,2024-02-19 00:00:00.000,433,819.48
17968,64906,2025-01-24 00:00:00.000,2024-02-13 00:00:00.000,346,599.98
17969,65639,2025-02-02 00:00:00.000,2024-02-11 00:00:00.000,357,596.96
17971,67082,2025-02-25 00:00:00.000,2022-07-24 00:00:00.000,947,1735.98
17972,65463,2025-01-30 00:00:00.000,2024-03-16 00:00:00.000,320,609.97
17973,65879,2025-02-06 00:00:00.000,2022-08-20 00:00:00.000,901,1852.26
17974,66782,2025-02-20 00:00:00.000,2024-03-21 00:00:00.000,336,609.90
17975,52481,2024-07-11 00:00:00.000,2022-08-30 00:00:00.000,681,819.48
17976,52064,2024-07-02 00:00:00.000,2024-05-21 00:00:00.000,42,1264.84
17976,69173,2025-03-27 00:00:00.000,2024-07-02 00:00:00.000,268,2354.98
17977,69732,2025-04-01 00:00:00.000,2024-03-26 00:00:00.000,371,784.47
17978,72651,2025-05-10 00:00:00.000,2024-03-19 00:00:00.000,417,836.45
17979,73656,2025-05-23 00:00:00.000,2024-03-11 00:00:00.000,438,819.46
17980,68634,2025-03-19 00:00:00.000,2024-05-03 00:00:00.000,320,1750.98
17981,67091,2025-02-25 00:00:00.000,2024-02-29 00:00:00.000,362,539.99
17982,55624,2024-09-03 00:00:00.000,2022-10-18 00:00:00.000,686,839.46
17983,52455,2024-07-10 00:00:00.000,2024-05-15 00:00:00.000,56,1223.84
17983,67974,2025-03-09 00:00:00.000,2024-07-10 00:00:00.000,242,2378.96
17984,56178,2024-09-12 00:00:00.000,2024-05-20 00:00:00.000,115,1249.84
17984,68348,2025-03-15 00:00:00.000,2024-09-12 00:00:00.000,184,2389.98
17985,55958,2024-09-08 00:00:00.000,2024-05-25 00:00:00.000,106,1253.32
17985,68628,2025-03-19 00:00:00.000,2024-09-08 00:00:00.000,192,2319.99
17986,58112,2024-10-15 00:00:00.000,2024-05-17 00:00:00.000,151,1249.84
17986,71231,2025-04-22 00:00:00.000,2024-10-15 00:00:00.000,189,2359.46
17987,67356,2025-02-28 00:00:00.000,2022-10-04 00:00:00.000,878,1750.98
17989,67432,2025-03-01 00:00:00.000,2024-05-04 00:00:00.000,301,1750.98
17990,68101,2025-03-11 00:00:00.000,2024-03-23 00:00:00.000,353,596.96
17996,67357,2025-02-28 00:00:00.000,2022-11-06 00:00:00.000,845,1754.98
17998,67780,2025-03-06 00:00:00.000,2024-05-26 00:00:00.000,284,1700.99
17999,67587,2025-03-03 00:00:00.000,2022-11-23 00:00:00.000,831,1754.98
18000,68554,2025-03-18 00:00:00.000,2024-03-13 00:00:00.000,370,636.94
18004,57252,2024-09-30 00:00:00.000,2022-11-09 00:00:00.000,691,819.48
18005,57829,2024-10-10 00:00:00.000,2024-05-21 00:00:00.000,142,1249.84
18005,71104,2025-04-20 00:00:00.000,2024-10-10 00:00:00.000,192,2373.47
18008,67853,2025-03-07 00:00:00.000,2022-12-16 00:00:00.000,812,1759.97
18009,67354,2025-02-28 00:00:00.000,2022-12-26 00:00:00.000,795,1735.98
18010,69023,2025-03-24 00:00:00.000,2023-01-05 00:00:00.000,809,1785.97
18011,68623,2025-03-18 00:00:00.000,2023-01-03 00:00:00.000,805,1891.26
18019,58887,2024-10-28 00:00:00.000,2024-05-04 00:00:00.000,177,1214.85
18019,71630,2025-04-28 00:00:00.000,2024-10-28 00:00:00.000,182,2309.97
18021,69324,2025-03-29 00:00:00.000,2024-03-04 00:00:00.000,390,611.96
18026,72139,2025-05-03 00:00:00.000,2024-03-30 00:00:00.000,399,806.76
18027,67781,2025-03-06 00:00:00.000,2024-05-13 00:00:00.000,297,1735.98
18028,72008,2025-05-01 00:00:00.000,2024-04-12 00:00:00.000,384,819.48
18038,67962,2025-03-08 00:00:00.000,2023-01-10 00:00:00.000,788,1735.98
18039,67642,2025-03-03 00:00:00.000,2023-02-03 00:00:00.000,759,1750.98
18045,69101,2025-03-26 00:00:00.000,2024-05-09 00:00:00.000,321,1759.97
18046,67963,2025-03-08 00:00:00.000,2023-02-22 00:00:00.000,745,1735.98
18047,68150,2025-03-11 00:00:00.000,2023-05-30 00:00:00.000,651,1735.98
18054,68113,2025-03-11 00:00:00.000,2024-09-22 00:00:00.000,170,69.97
18055,63901,2025-01-08 00:00:00.000,2024-07-14 00:00:00.000,178,106.95
18065,68178,2025-03-12 00:00:00.000,2025-02-03 00:00:00.000,37,69.99
18077,74521,2025-06-10 00:00:00.000,2024-10-29 00:00:00.000,224,78.98
18078,66847,2025-02-21 00:00:00.000,2024-08-26 00:00:00.000,179,128.97
18081,63081,2024-12-29 00:00:00.000,2024-12-11 00:00:00.000,18,29.99
18090,58375,2024-10-20 00:00:00.000,2024-09-20 00:00:00.000,30,42.93
18125,63361,2024-12-30 00:00:00.000,2023-05-31 00:00:00.000,579,2384.07
18125,63427,2025-01-01 00:00:00.000,2024-12-30 00:00:00.000,2,2354.99
18126,66640,2025-02-18 00:00:00.000,2024-04-22 00:00:00.000,302,2344.96
18126,71328,2025-04-23 00:00:00.000,2025-02-18 00:00:00.000,64,2419.06
18127,67206,2025-02-27 00:00:00.000,2024-04-04 00:00:00.000,329,2381.45
18127,71127,2025-04-20 00:00:00.000,2025-02-27 00:00:00.000,52,2419.06
18130,63422,2024-12-31 00:00:00.000,2023-06-09 00:00:00.000,571,2384.07
18130,63880,2025-01-08 00:00:00.000,2024-12-31 00:00:00.000,8,2359.46
18131,65952,2025-02-07 00:00:00.000,2023-02-15 00:00:00.000,723,2322.28
18132,66018,2025-02-08 00:00:00.000,2023-02-13 00:00:00.000,726,2334.97
18133,63689,2025-01-04 00:00:00.000,2023-07-09 00:00:00.000,545,2384.07
18133,66022,2025-02-08 00:00:00.000,2025-01-04 00:00:00.000,35,2395.96
18134,65149,2025-01-27 00:00:00.000,2023-07-14 00:00:00.000,563,2393.06
18134,66320,2025-02-13 00:00:00.000,2025-01-27 00:00:00.000,17,2338.97
18135,65755,2025-02-04 00:00:00.000,2024-04-05 00:00:00.000,305,2341.97
18135,70997,2025-04-18 00:00:00.000,2025-02-04 00:00:00.000,73,2398.05
18136,66030,2025-02-08 00:00:00.000,2024-04-17 00:00:00.000,297,2329.98
18136,71260,2025-04-22 00:00:00.000,2025-02-08 00:00:00.000,73,2393.06
18137,65959,2025-02-07 00:00:00.000,2023-02-02 00:00:00.000,736,2343.96
18139,65950,2025-02-07 00:00:00.000,2023-07-25 00:00:00.000,563,2356.95
18139,66012,2025-02-07 00:00:00.000,2025-02-07 00:00:00.000,0,2407.04
18140,65561,2025-02-01 00:00:00.000,2023-07-23 00:00:00.000,559,2342.92
18140,66431,2025-02-14 00:00:00.000,2025-02-01 00:00:00.000,13,2398.05
18141,67156,2025-02-26 00:00:00.000,2024-04-05 00:00:00.000,327,2370.96
18141,73236,2025-05-17 00:00:00.000,2025-02-26 00:00:00.000,80,2420.34
18143,65880,2025-02-06 00:00:00.000,2023-03-06 00:00:00.000,703,2363.96
18147,65404,2025-01-29 00:00:00.000,2024-04-28 00:00:00.000,276,2364.96
18147,73469,2025-05-20 00:00:00.000,2025-01-29 00:00:00.000,111,2384.07
18148,57705,2024-10-08 00:00:00.000,2023-03-17 00:00:00.000,571,819.48
18149,69752,2025-04-01 00:00:00.000,2024-09-03 00:00:00.000,210,35.00
18155,74459,2025-06-08 00:00:00.000,2024-11-29 00:00:00.000,191,86.46
18156,73904,2025-05-26 00:00:00.000,2025-01-31 00:00:00.000,115,39.98
18157,66154,2025-02-10 00:00:00.000,2023-09-19 00:00:00.000,510,2398.97
18158,67090,2025-02-25 00:00:00.000,2024-03-29 00:00:00.000,333,2294.99
18158,72247,2025-05-04 00:00:00.000,2025-02-25 00:00:00.000,68,2393.06
18160,65337,2025-01-28 00:00:00.000,2024-04-18 00:00:00.000,285,2339.97
18160,73029,2025-05-14 00:00:00.000,2025-01-28 00:00:00.000,106,2393.06
18163,66768,2025-02-20 00:00:00.000,2023-04-13 00:00:00.000,679,2344.96
18164,67143,2025-02-26 00:00:00.000,2023-10-18 00:00:00.000,497,2329.98
18165,67727,2025-03-05 00:00:00.000,2024-09-10 00:00:00.000,176,39.98
18166,65636,2025-02-02 00:00:00.000,2024-04-10 00:00:00.000,298,2363.96
18166,72844,2025-05-12 00:00:00.000,2025-02-02 00:00:00.000,99,2393.06
18167,65747,2025-02-04 00:00:00.000,2023-11-05 00:00:00.000,457,2404.97
18168,69031,2025-03-25 00:00:00.000,2024-04-20 00:00:00.000,339,2319.99
18168,73410,2025-05-19 00:00:00.000,2025-03-25 00:00:00.000,55,2406.00
18171,65455,2025-01-30 00:00:00.000,2023-11-26 00:00:00.000,431,2318.96
18172,75018,2025-06-26 00:00:00.000,2025-03-21 00:00:00.000,97,37.29
18173,68824,2025-03-22 00:00:00.000,2024-04-04 00:00:00.000,352,2318.96
18173,72435,2025-05-06 00:00:00.000,2025-03-22 00:00:00.000,45,2427.04
18175,67023,2025-02-24 00:00:00.000,2023-04-23 00:00:00.000,673,2364.97
18176,66576,2025-02-17 00:00:00.000,2023-11-10 00:00:00.000,465,2344.96
18177,68966,2025-03-24 00:00:00.000,2024-04-05 00:00:00.000,353,2443.95
18177,72723,2025-05-10 00:00:00.000,2025-03-24 00:00:00.000,47,2418.05
18178,75117,2025-06-29 00:00:00.000,2024-11-07 00:00:00.000,234,29.48
18181,59604,2024-11-05 00:00:00.000,2024-10-25 00:00:00.000,11,136.95
18183,66021,2025-02-08 00:00:00.000,2023-11-22 00:00:00.000,444,2342.92
18185,66161,2025-02-10 00:00:00.000,2023-11-17 00:00:00.000,451,2331.95
18186,63724,2025-01-05 00:00:00.000,2024-09-12 00:00:00.000,115,53.96
18188,63870,2025-01-07 00:00:00.000,2022-09-03 00:00:00.000,857,2514.93
18189,58692,2024-10-25 00:00:00.000,2022-09-03 00:00:00.000,783,539.99
18190,66703,2025-02-19 00:00:00.000,2024-08-19 00:00:00.000,184,21.98
18191,70315,2025-04-09 00:00:00.000,2024-07-01 00:00:00.000,282,85.48
18192,64180,2025-01-13 00:00:00.000,2024-09-05 00:00:00.000,130,28.98
18193,63482,2025-01-01 00:00:00.000,2022-09-08 00:00:00.000,846,567.27
18194,63628,2025-01-04 00:00:00.000,2024-10-21 00:00:00.000,75,8.99
18195,71625,2025-04-28 00:00:00.000,2024-09-20 00:00:00.000,220,85.48
18196,64776,2025-01-21 00:00:00.000,2022-10-10 00:00:00.000,834,554.97
18197,66704,2025-02-19 00:00:00.000,2024-07-21 00:00:00.000,213,21.98
18198,69073,2025-03-25 00:00:00.000,2022-10-16 00:00:00.000,891,564.98
18199,61377,2024-12-01 00:00:00.000,2024-10-29 00:00:00.000,33,8.99
18200,67394,2025-02-28 00:00:00.000,2022-10-06 00:00:00.000,876,572.26
18201,68524,2025-03-17 00:00:00.000,2022-10-13 00:00:00.000,886,579.46
18202,70922,2025-04-17 00:00:00.000,2022-10-29 00:00:00.000,901,564.99
18203,70923,2025-04-17 00:00:00.000,2022-10-10 00:00:00.000,920,593.98
18204,70729,2025-04-14 00:00:00.000,2022-10-08 00:00:00.000,919,554.97
18205,51374,2024-06-10 00:00:00.000,2022-10-07 00:00:00.000,612,2478.34
18206,61546,2024-12-04 00:00:00.000,2024-09-21 00:00:00.000,74,8.99
18207,51586,2024-06-23 00:00:00.000,2022-10-15 00:00:00.000,617,2511.32
18208,51203,2024-05-31 00:00:00.000,2022-10-13 00:00:00.000,596,2457.33
18209,51375,2024-06-10 00:00:00.000,2022-10-09 00:00:00.000,610,2478.34
18210,51543,2024-06-21 00:00:00.000,2022-10-02 00:00:00.000,628,2466.32
18211,62585,2024-12-21 00:00:00.000,2024-07-31 00:00:00.000,143,8.99
18212,51268,2024-06-04 00:00:00.000,2022-10-14 00:00:00.000,599,2451.30
18213,51478,2024-06-17 00:00:00.000,2022-10-10 00:00:00.000,616,2492.32
18214,51407,2024-06-12 00:00:00.000,2022-10-28 00:00:00.000,593,2514.93
18215,69722,2025-04-01 00:00:00.000,2025-04-01 00:00:00.000,0,141.98
18216,70023,2025-04-05 00:00:00.000,2024-07-25 00:00:00.000,254,29.93
18217,51426,2024-06-13 00:00:00.000,2022-10-08 00:00:00.000,614,2478.34
18218,51376,2024-06-10 00:00:00.000,2022-10-10 00:00:00.000,609,2443.35
18219,51528,2024-06-20 00:00:00.000,2022-10-21 00:00:00.000,608,2460.29
18220,51337,2024-06-08 00:00:00.000,2022-10-06 00:00:00.000,611,2443.35
18221,64962,2025-01-25 00:00:00.000,2025-01-08 00:00:00.000,17,8.99
18222,51529,2024-06-20 00:00:00.000,2022-10-14 00:00:00.000,615,2466.32
18238,51636,2024-06-26 00:00:00.000,2022-10-04 00:00:00.000,631,2452.34
18239,51176,2024-05-29 00:00:00.000,2022-10-25 00:00:00.000,582,2452.34
18240,51359,2024-06-09 00:00:00.000,2022-10-23 00:00:00.000,595,2520.31
18241,51511,2024-06-19 00:00:00.000,2022-10-06 00:00:00.000,622,2479.94
18242,51635,2024-06-26 00:00:00.000,2022-10-29 00:00:00.000,606,2543.44
18243,51336,2024-06-08 00:00:00.000,2022-10-05 00:00:00.000,612,2479.94
18244,51440,2024-06-14 00:00:00.000,2022-10-19 00:00:00.000,604,2443.35
18245,64844,2025-01-22 00:00:00.000,2022-10-15 00:00:00.000,830,2443.35
18246,51321,2024-06-07 00:00:00.000,2022-10-11 00:00:00.000,605,2452.34
18247,68958,2025-03-24 00:00:00.000,2024-12-14 00:00:00.000,100,75.97
18248,53289,2024-07-27 00:00:00.000,2022-10-24 00:00:00.000,642,2459.62
18249,52279,2024-07-07 00:00:00.000,2022-10-18 00:00:00.000,628,2466.32
18250,51965,2024-07-01 00:00:00.000,2022-10-04 00:00:00.000,636,2479.94
18251,52154,2024-07-05 00:00:00.000,2022-10-28 00:00:00.000,616,2457.33
18252,52408,2024-07-10 00:00:00.000,2022-10-29 00:00:00.000,620,2443.35
18253,64182,2025-01-13 00:00:00.000,2024-10-10 00:00:00.000,95,8.99
18254,52155,2024-07-05 00:00:00.000,2022-10-20 00:00:00.000,624,2443.35
18255,63347,2024-12-30 00:00:00.000,2022-10-11 00:00:00.000,811,2488.93
18256,66949,2025-02-23 00:00:00.000,2024-07-29 00:00:00.000,209,34.99
18257,64465,2025-01-17 00:00:00.000,2024-08-15 00:00:00.000,155,8.99
18258,69574,2025-03-30 00:00:00.000,2024-11-17 00:00:00.000,133,8.99
18259,61270,2024-11-29 00:00:00.000,2024-07-22 00:00:00.000,130,21.98
18260,53347,2024-07-28 00:00:00.000,2022-10-22 00:00:00.000,645,2457.33
18261,65568,2025-02-01 00:00:00.000,2025-01-29 00:00:00.000,3,8.99
18262,73719,2025-05-24 00:00:00.000,2025-03-21 00:00:00.000,64,82.97
18263,72275,2025-05-05 00:00:00.000,2024-07-26 00:00:00.000,283,91.95
18264,68626,2025-03-19 00:00:00.000,2025-02-20 00:00:00.000,27,34.98
18265,69664,2025-03-31 00:00:00.000,2025-02-16 00:00:00.000,43,34.99
18266,64531,2025-01-18 00:00:00.000,2025-01-03 00:00:00.000,15,34.99
18267,72131,2025-05-03 00:00:00.000,2024-07-19 00:00:00.000,288,29.99
18268,65069,2025-01-26 00:00:00.000,2022-10-15 00:00:00.000,834,2523.92
18269,66549,2025-02-16 00:00:00.000,2022-10-19 00:00:00.000,851,2534.93
18270,61923,2024-12-10 00:00:00.000,2024-12-01 00:00:00.000,9,85.48
18271,73796,2025-05-25 00:00:00.000,2024-09-07 00:00:00.000,260,110.96
18272,52107,2024-07-04 00:00:00.000,2022-10-09 00:00:00.000,634,2478.34
18273,52963,2024-07-21 00:00:00.000,2022-10-27 00:00:00.000,633,2525.94
18274,69171,2025-03-27 00:00:00.000,2025-03-26 00:00:00.000,1,8.99
18275,52212,2024-07-06 00:00:00.000,2022-10-13 00:00:00.000,632,2443.35
18276,65443,2025-01-29 00:00:00.000,2022-11-16 00:00:00.000,805,2528.33
18277,65942,2025-02-06 00:00:00.000,2022-11-14 00:00:00.000,815,2492.32
18278,62238,2024-12-15 00:00:00.000,2024-09-08 00:00:00.000,98,34.99
18279,72791,2025-05-12 00:00:00.000,2025-05-07 00:00:00.000,5,96.07
18280,73646,2025-05-23 00:00:00.000,2025-04-23 00:00:00.000,30,34.98
18281,66490,2025-02-15 00:00:00.000,2022-10-31 00:00:00.000,838,2502.83
18282,66519,2025-02-16 00:00:00.000,2024-07-15 00:00:00.000,216,8.99
18283,74225,2025-06-01 00:00:00.000,2025-01-01 00:00:00.000,151,8.99
18284,53348,2024-07-28 00:00:00.000,2022-11-12 00:00:00.000,624,2451.30
18285,64461,2025-01-17 00:00:00.000,2024-08-31 00:00:00.000,139,71.58
18286,72278,2025-05-05 00:00:00.000,2024-07-21 00:00:00.000,288,71.58
18287,54669,2024-08-18 00:00:00.000,2024-07-28 00:00:00.000,21,34.89
18288,52280,2024-07-07 00:00:00.000,2022-11-06 00:00:00.000,609,2514.93
18289,74691,2025-06-16 00:00:00.000,2025-03-16 00:00:00.000,92,85.48
18290,69165,2025-03-27 00:00:00.000,2024-07-10 00:00:00.000,260,75.97
18291,68271,2025-03-14 00:00:00.000,2024-11-19 00:00:00.000,115,21.98
18292,67580,2025-03-03 00:00:00.000,2025-01-01 00:00:00.000,61,2.29
18293,52025,2024-07-02 00:00:00.000,2024-06-29 00:00:00.000,3,71.95
18294,70952,2025-04-18 00:00:00.000,2024-10-11 00:00:00.000,189,2.29
18295,57853,2024-10-11 00:00:00.000,2024-09-20 00:00:00.000,21,2.29
18296,52841,2024-07-18 00:00:00.000,2022-11-09 00:00:00.000,617,2539.42
18297,53349,2024-07-28 00:00:00.000,2022-11-24 00:00:00.000,612,2541.32
18298,65029,2025-01-26 00:00:00.000,2024-12-18 00:00:00.000,39,2.29
18299,63364,2024-12-31 00:00:00.000,2024-12-24 00:00:00.000,7,29.93
18300,64179,2025-01-13 00:00:00.000,2024-09-14 00:00:00.000,121,29.99
18301,51876,2024-06-29 00:00:00.000,2022-11-07 00:00:00.000,600,2478.34
18302,52328,2024-07-07 00:00:00.000,2022-11-24 00:00:00.000,591,2451.30
18303,53003,2024-07-21 00:00:00.000,2022-11-16 00:00:00.000,613,2452.34
18304,74258,2025-06-02 00:00:00.000,2024-09-20 00:00:00.000,255,24.27
18305,68031,2025-03-10 00:00:00.000,2024-12-08 00:00:00.000,92,123.96
18306,62630,2024-12-22 00:00:00.000,2024-11-14 00:00:00.000,38,85.48
18307,52407,2024-07-09 00:00:00.000,2022-11-11 00:00:00.000,606,2443.35
18308,52210,2024-07-05 00:00:00.000,2022-11-09 00:00:00.000,604,2459.62
18309,51964,2024-06-30 00:00:00.000,2022-11-01 00:00:00.000,607,2512.32
18314,59725,2024-11-07 00:00:00.000,2024-08-20 00:00:00.000,79,34.98
18314,61445,2024-12-02 00:00:00.000,2024-11-07 00:00:00.000,25,23.78
18317,74485,2025-06-09 00:00:00.000,2025-04-22 00:00:00.000,48,38.98
18317,74817,2025-06-20 00:00:00.000,2025-06-09 00:00:00.000,11,23.78
18320,71537,2025-04-26 00:00:00.000,2025-02-09 00:00:00.000,76,30.97
18320,74199,2025-05-31 00:00:00.000,2025-04-26 00:00:00.000,35,37.27
18322,56782,2024-09-24 00:00:00.000,2024-09-04 00:00:00.000,20,21.98
18322,73519,2025-05-21 00:00:00.000,2024-09-24 00:00:00.000,239,30.48
18325,58292,2024-10-19 00:00:00.000,2024-07-31 00:00:00.000,80,69.97
18326,74505,2025-06-10 00:00:00.000,2025-02-24 00:00:00.000,106,34.98
18329,66222,2025-02-11 00:00:00.000,2024-07-01 00:00:00.000,225,37.27
18329,69054,2025-03-25 00:00:00.000,2025-02-11 00:00:00.000,42,85.48
18330,74372,2025-06-06 00:00:00.000,2024-08-13 00:00:00.000,297,53.99
18331,71072,2025-04-19 00:00:00.000,2022-11-28 00:00:00.000,873,1174.48
18332,71331,2025-04-23 00:00:00.000,2022-11-27 00:00:00.000,878,1174.48
18334,69626,2025-03-30 00:00:00.000,2022-11-05 00:00:00.000,876,1120.49
18335,71196,2025-04-21 00:00:00.000,2022-11-04 00:00:00.000,899,2457.33
18336,73471,2025-05-20 00:00:00.000,2022-11-14 00:00:00.000,918,2566.80
18337,72250,2025-05-04 00:00:00.000,2022-11-02 00:00:00.000,914,2443.35
18338,72915,2025-05-13 00:00:00.000,2022-11-03 00:00:00.000,922,2546.31
18345,69750,2025-04-01 00:00:00.000,2025-03-28 00:00:00.000,4,85.48
18355,73597,2025-05-22 00:00:00.000,2025-01-08 00:00:00.000,134,69.99
18356,74169,2025-05-30 00:00:00.000,2025-04-15 00:00:00.000,45,119.98
18382,67180,2025-02-26 00:00:00.000,2025-01-06 00:00:00.000,51,71.97
18390,69889,2025-04-03 00:00:00.000,2024-11-05 00:00:00.000,149,119.98
18391,55718,2024-09-04 00:00:00.000,2024-08-18 00:00:00.000,17,21.98
18407,68423,2025-03-16 00:00:00.000,2024-09-05 00:00:00.000,192,32.28
18411,62604,2024-12-21 00:00:00.000,2024-11-18 00:00:00.000,33,21.98
18449,61502,2024-12-03 00:00:00.000,2024-07-20 00:00:00.000,136,69.97
18452,70434,2025-04-10 00:00:00.000,2022-10-30 00:00:00.000,893,1174.48
18457,72555,2025-05-08 00:00:00.000,2022-11-06 00:00:00.000,914,1247.96
18458,73014,2025-05-14 00:00:00.000,2022-11-19 00:00:00.000,907,1155.48
18461,72556,2025-05-08 00:00:00.000,2022-11-13 00:00:00.000,907,1169.97
18462,72916,2025-05-13 00:00:00.000,2022-11-21 00:00:00.000,904,1174.48
18463,72168,2025-05-03 00:00:00.000,2022-11-13 00:00:00.000,902,1147.77
18464,73312,2025-05-18 00:00:00.000,2022-11-23 00:00:00.000,907,1120.49
18465,73392,2025-05-19 00:00:00.000,2022-11-03 00:00:00.000,928,1174.48
18466,74506,2025-06-10 00:00:00.000,2025-04-12 00:00:00.000,59,43.97
18467,51233,2024-06-01 00:00:00.000,2022-11-06 00:00:00.000,573,1700.99
18468,51280,2024-06-04 00:00:00.000,2022-11-13 00:00:00.000,569,1754.98
18469,52776,2024-07-16 00:00:00.000,2022-11-21 00:00:00.000,603,2443.35
18470,52018,2024-07-01 00:00:00.000,2022-11-09 00:00:00.000,600,2443.35
18482,52211,2024-07-06 00:00:00.000,2022-11-20 00:00:00.000,594,2452.34
18483,52670,2024-07-15 00:00:00.000,2022-11-26 00:00:00.000,597,2478.34
18484,52278,2024-07-07 00:00:00.000,2022-11-06 00:00:00.000,609,2514.93
18485,53346,2024-07-28 00:00:00.000,2022-11-24 00:00:00.000,612,2484.94
18486,53772,2024-08-02 00:00:00.000,2022-11-01 00:00:00.000,640,2443.35
18487,54657,2024-08-18 00:00:00.000,2022-11-06 00:00:00.000,651,2443.35
18488,53830,2024-08-03 00:00:00.000,2022-11-01 00:00:00.000,641,2478.34
18489,53720,2024-08-01 00:00:00.000,2022-11-14 00:00:00.000,626,2502.83
18490,55030,2024-08-25 00:00:00.000,2022-11-17 00:00:00.000,647,2451.30
18491,55179,2024-08-28 00:00:00.000,2022-11-13 00:00:00.000,654,2478.34
18492,63501,2025-01-02 00:00:00.000,2024-11-30 00:00:00.000,33,161.29
18493,54658,2024-08-18 00:00:00.000,2022-11-15 00:00:00.000,642,2451.30
18494,54148,2024-08-09 00:00:00.000,2022-11-27 00:00:00.000,621,2459.62
18495,54585,2024-08-17 00:00:00.000,2022-11-06 00:00:00.000,650,2443.35
18496,54586,2024-08-17 00:00:00.000,2022-11-09 00:00:00.000,647,2543.44
18506,67670,2025-03-04 00:00:00.000,2024-11-23 00:00:00.000,101,31.97
18523,63590,2025-01-03 00:00:00.000,2024-08-16 00:00:00.000,140,31.97
18524,72152,2025-05-03 00:00:00.000,2025-01-18 00:00:00.000,105,119.98
18535,75011,2025-06-26 00:00:00.000,2025-06-03 00:00:00.000,23,29.99
18541,67730,2025-03-05 00:00:00.000,2024-09-01 00:00:00.000,185,24.27
18554,55580,2024-09-02 00:00:00.000,2024-08-16 00:00:00.000,17,85.48
18573,61060,2024-11-27 00:00:00.000,2024-10-25 00:00:00.000,33,46.47
18600,62106,2024-12-13 00:00:00.000,2024-10-30 00:00:00.000,44,29.99
18604,73290,2025-05-18 00:00:00.000,2024-07-10 00:00:00.000,312,21.98
18620,73110,2025-05-16 00:00:00.000,2024-04-27 00:00:00.000,384,819.48
18621,54110,2024-08-08 00:00:00.000,2024-04-16 00:00:00.000,114,589.98
18625,68688,2025-03-20 00:00:00.000,2024-04-14 00:00:00.000,340,572.26
18626,60739,2024-11-22 00:00:00.000,2023-11-23 00:00:00.000,365,1289.33
18626,69736,2025-04-01 00:00:00.000,2024-11-22 00:00:00.000,130,2354.98
18627,61043,2024-11-27 00:00:00.000,2024-04-27 00:00:00.000,214,583.97
18633,68410,2025-03-16 00:00:00.000,2024-04-21 00:00:00.000,329,611.94
18634,69308,2025-03-28 00:00:00.000,2023-04-11 00:00:00.000,717,1728.27
18637,69185,2025-03-27 00:00:00.000,2024-08-29 00:00:00.000,210,29.99
18642,74399,2025-06-06 00:00:00.000,2024-10-28 00:00:00.000,221,146.43
18644,61803,2024-12-08 00:00:00.000,2024-07-16 00:00:00.000,145,34.98
18674,75045,2025-06-27 00:00:00.000,2024-10-26 00:00:00.000,244,123.98
18677,57719,2024-10-08 00:00:00.000,2024-07-05 00:00:00.000,95,30.97
18685,73053,2025-05-15 00:00:00.000,2024-12-19 00:00:00.000,147,38.98
18686,63582,2025-01-03 00:00:00.000,2024-08-27 00:00:00.000,129,21.98
18691,54804,2024-08-20 00:00:00.000,2022-11-27 00:00:00.000,632,2492.32
18692,53653,2024-07-30 00:00:00.000,2022-11-22 00:00:00.000,616,2457.33
18693,54649,2024-08-17 00:00:00.000,2022-11-06 00:00:00.000,650,2443.35
18694,53822,2024-08-02 00:00:00.000,2022-11-01 00:00:00.000,640,2457.33
18695,55025,2024-08-24 00:00:00.000,2022-10-31 00:00:00.000,663,2451.30
18696,53970,2024-08-05 00:00:00.000,2022-11-11 00:00:00.000,633,2571.30
18697,51281,2024-06-04 00:00:00.000,2022-11-17 00:00:00.000,565,1700.99
18698,51536,2024-06-20 00:00:00.000,2022-11-23 00:00:00.000,575,1735.98
18699,52060,2024-07-02 00:00:00.000,2022-11-21 00:00:00.000,589,1729.97
18700,52205,2024-07-05 00:00:00.000,2022-11-07 00:00:00.000,606,1749.96
18701,52457,2024-07-10 00:00:00.000,2022-11-17 00:00:00.000,601,1779.47
18702,53330,2024-07-27 00:00:00.000,2022-11-28 00:00:00.000,607,1754.98
18703,55222,2024-08-28 00:00:00.000,2022-11-09 00:00:00.000,658,1735.98
18704,65030,2025-01-26 00:00:00.000,2024-08-18 00:00:00.000,161,2.29
18705,62755,2024-12-24 00:00:00.000,2024-10-23 00:00:00.000,62,56.97
18706,54867,2024-08-21 00:00:00.000,2022-12-15 00:00:00.000,615,2482.23
18707,66379,2025-02-14 00:00:00.000,2024-07-22 00:00:00.000,207,2.29
18708,54139,2024-08-08 00:00:00.000,2022-12-08 00:00:00.000,609,2478.24
18709,54972,2024-08-23 00:00:00.000,2022-12-28 00:00:00.000,604,2520.27
18710,54579,2024-08-16 00:00:00.000,2022-12-06 00:00:00.000,619,2520.31
18711,74534,2025-06-11 00:00:00.000,2025-02-16 00:00:00.000,115,75.97
18712,65094,2025-01-27 00:00:00.000,2024-08-28 00:00:00.000,152,2.29
18713,73721,2025-05-24 00:00:00.000,2025-03-28 00:00:00.000,57,161.29
18714,60898,2024-11-25 00:00:00.000,2024-08-10 00:00:00.000,107,2.29
18715,72364,2025-05-06 00:00:00.000,2024-12-08 00:00:00.000,149,53.99
18716,53766,2024-08-01 00:00:00.000,2022-12-11 00:00:00.000,599,2443.35
18717,70022,2025-04-05 00:00:00.000,2025-01-16 00:00:00.000,79,84.92
18718,54762,2024-08-19 00:00:00.000,2022-12-29 00:00:00.000,599,2457.33
18719,74504,2025-06-10 00:00:00.000,2024-09-05 00:00:00.000,278,34.98
18720,73794,2025-05-25 00:00:00.000,2025-03-11 00:00:00.000,75,32.28
18721,55174,2024-08-27 00:00:00.000,2022-12-14 00:00:00.000,622,1754.98
18722,54704,2024-08-18 00:00:00.000,2022-12-07 00:00:00.000,620,1754.98
18723,53654,2024-07-30 00:00:00.000,2022-12-23 00:00:00.000,585,1700.99
18724,53912,2024-08-04 00:00:00.000,2022-12-21 00:00:00.000,592,2478.24
18725,55081,2024-08-25 00:00:00.000,2022-12-08 00:00:00.000,626,2466.32
18726,53862,2024-08-03 00:00:00.000,2022-12-09 00:00:00.000,603,1735.98
18727,73645,2025-05-23 00:00:00.000,2024-12-12 00:00:00.000,162,32.28
18728,68474,2025-03-17 00:00:00.000,2025-01-20 00:00:00.000,56,46.47
18729,54176,2024-08-09 00:00:00.000,2022-12-21 00:00:00.000,597,1754.98
18730,74341,2025-06-05 00:00:00.000,2025-03-04 00:00:00.000,93,2.29
18731,54761,2024-08-19 00:00:00.000,2022-12-26 00:00:00.000,602,2475.79
18733,56069,2024-09-11 00:00:00.000,2024-07-31 00:00:00.000,42,21.98
18734,71361,2025-04-24 00:00:00.000,2024-10-03 00:00:00.000,203,2.29
18735,53710,2024-07-31 00:00:00.000,2022-12-10 00:00:00.000,599,2443.35
18736,54807,2024-08-20 00:00:00.000,2022-12-25 00:00:00.000,604,2457.33
18737,54577,2024-08-16 00:00:00.000,2022-12-26 00:00:00.000,599,2443.35
18738,54866,2024-08-21 00:00:00.000,2022-12-15 00:00:00.000,615,2511.32
18739,54575,2024-08-16 00:00:00.000,2022-12-19 00:00:00.000,606,1793.47
18740,54238,2024-08-10 00:00:00.000,2022-12-07 00:00:00.000,612,2478.34
18742,74558,2025-06-12 00:00:00.000,2024-11-26 00:00:00.000,198,2.29
18743,69573,2025-03-30 00:00:00.000,2024-09-02 00:00:00.000,209,10.24
18744,73722,2025-05-24 00:00:00.000,2024-11-03 00:00:00.000,202,10.24
18745,72643,2025-05-10 00:00:00.000,2025-01-18 00:00:00.000,112,75.97
18746,53969,2024-08-05 00:00:00.000,2022-12-01 00:00:00.000,613,2556.82
18747,54578,2024-08-16 00:00:00.000,2022-12-01 00:00:00.000,624,2511.32
18749,74820,2025-06-20 00:00:00.000,2025-04-11 00:00:00.000,70,96.07
18749,75120,2025-06-29 00:00:00.000,2025-06-20 00:00:00.000,9,84.96
18755,55106,2024-08-26 00:00:00.000,2024-08-25 00:00:00.000,1,29.99
18756,65358,2025-01-28 00:00:00.000,2024-12-30 00:00:00.000,29,85.48
18758,53027,2024-07-22 00:00:00.000,2024-07-22 00:00:00.000,0,36.59
18758,58650,2024-10-25 00:00:00.000,2024-07-22 00:00:00.000,95,84.96
18759,64395,2025-01-16 00:00:00.000,2024-10-18 00:00:00.000,90,36.59
18759,75123,2025-06-29 00:00:00.000,2025-01-16 00:00:00.000,164,189.97
18763,70252,2025-04-08 00:00:00.000,2024-10-14 00:00:00.000,176,53.99
18766,73311,2025-05-18 00:00:00.000,2022-12-15 00:00:00.000,885,1174.48
18767,56527,2024-09-19 00:00:00.000,2022-12-13 00:00:00.000,646,1735.98
18768,56943,2024-09-27 00:00:00.000,2022-12-24 00:00:00.000,643,1735.98
18769,55539,2024-09-01 00:00:00.000,2022-12-17 00:00:00.000,624,1725.98
18811,54962,2024-08-23 00:00:00.000,2024-07-24 00:00:00.000,30,30.97
18812,74250,2025-06-01 00:00:00.000,2024-07-31 00:00:00.000,305,115.95
18821,70182,2025-04-07 00:00:00.000,2024-11-13 00:00:00.000,145,69.99
18826,70984,2025-04-18 00:00:00.000,2024-08-12 00:00:00.000,249,96.44
18852,65925,2025-02-06 00:00:00.000,2025-01-07 00:00:00.000,30,144.27
18871,52981,2024-07-21 00:00:00.000,2024-07-06 00:00:00.000,15,29.99
18875,66225,2025-02-11 00:00:00.000,2025-02-02 00:00:00.000,9,38.98
18883,69694,2025-03-31 00:00:00.000,2024-08-11 00:00:00.000,232,56.97
18884,68754,2025-03-21 00:00:00.000,2025-01-15 00:00:00.000,65,56.96
18899,51471,2024-06-16 00:00:00.000,2022-12-02 00:00:00.000,562,539.99
18900,51580,2024-06-22 00:00:00.000,2022-12-13 00:00:00.000,557,553.97
18902,51611,2024-06-24 00:00:00.000,2022-12-19 00:00:00.000,553,607.96
18903,51419,2024-06-12 00:00:00.000,2022-12-16 00:00:00.000,544,565.47
18906,51196,2024-05-30 00:00:00.000,2022-12-02 00:00:00.000,545,638.95
18907,51473,2024-06-16 00:00:00.000,2022-12-20 00:00:00.000,544,588.96
18908,54239,2024-08-10 00:00:00.000,2022-12-25 00:00:00.000,594,2512.32
18909,55226,2024-08-28 00:00:00.000,2022-12-02 00:00:00.000,635,2457.33
18919,54627,2024-08-17 00:00:00.000,2024-08-13 00:00:00.000,4,106.96
18925,66726,2025-02-19 00:00:00.000,2024-10-16 00:00:00.000,126,36.96
18926,75041,2025-06-27 00:00:00.000,2024-07-13 00:00:00.000,349,152.28
18927,64398,2025-01-16 00:00:00.000,2024-12-06 00:00:00.000,41,32.28
18928,56750,2024-09-23 00:00:00.000,2022-12-28 00:00:00.000,635,2516.81
18929,56267,2024-09-14 00:00:00.000,2022-12-19 00:00:00.000,635,2451.30
18930,56640,2024-09-21 00:00:00.000,2022-12-23 00:00:00.000,638,2457.33
18931,56321,2024-09-15 00:00:00.000,2022-12-18 00:00:00.000,637,2482.23
18932,58024,2024-10-14 00:00:00.000,2024-08-23 00:00:00.000,52,56.97
18944,73439,2025-05-20 00:00:00.000,2024-12-04 00:00:00.000,167,89.97
18968,71578,2025-04-27 00:00:00.000,2025-03-28 00:00:00.000,30,69.97
18978,66224,2025-02-11 00:00:00.000,2024-10-01 00:00:00.000,133,37.27
19000,74738,2025-06-17 00:00:00.000,2025-04-07 00:00:00.000,71,24.27
19001,63581,2025-01-03 00:00:00.000,2024-08-13 00:00:00.000,143,21.98
19014,62357,2024-12-17 00:00:00.000,2024-10-16 00:00:00.000,62,34.98
19015,57766,2024-10-09 00:00:00.000,2024-08-17 00:00:00.000,53,30.97
19026,71170,2025-04-21 00:00:00.000,2024-08-03 00:00:00.000,261,75.97
19027,67583,2025-03-03 00:00:00.000,2023-05-29 00:00:00.000,644,2329.98
19028,68280,2025-03-14 00:00:00.000,2023-05-18 00:00:00.000,666,2363.96
19029,66092,2025-02-09 00:00:00.000,2023-11-12 00:00:00.000,455,2338.97
19030,66708,2025-02-19 00:00:00.000,2023-12-21 00:00:00.000,426,2309.97
19031,68204,2025-03-13 00:00:00.000,2024-05-19 00:00:00.000,298,2354.98
19031,72843,2025-05-12 00:00:00.000,2025-03-13 00:00:00.000,60,2428.05
19032,69254,2025-03-28 00:00:00.000,2024-05-06 00:00:00.000,326,2349.98
19032,73026,2025-05-14 00:00:00.000,2025-03-28 00:00:00.000,47,2407.04
19033,69098,2025-03-26 00:00:00.000,2023-05-11 00:00:00.000,685,2439.97
19034,66778,2025-02-20 00:00:00.000,2023-12-12 00:00:00.000,436,2322.28
19035,68822,2025-03-22 00:00:00.000,2023-12-28 00:00:00.000,450,2319.99
19036,68099,2025-03-11 00:00:00.000,2024-05-25 00:00:00.000,290,2319.99
19037,67704,2025-03-05 00:00:00.000,2024-05-16 00:00:00.000,293,2414.99
19038,67584,2025-03-03 00:00:00.000,2024-01-12 00:00:00.000,416,2317.92
19040,67427,2025-03-01 00:00:00.000,2024-01-02 00:00:00.000,424,2309.97
19041,68100,2025-03-11 00:00:00.000,2023-05-20 00:00:00.000,661,2389.98
19046,68548,2025-03-18 00:00:00.000,2024-02-16 00:00:00.000,396,2319.99
19048,71028,2025-04-19 00:00:00.000,2024-05-10 00:00:00.000,344,2322.28
19049,69802,2025-04-02 00:00:00.000,2024-05-25 00:00:00.000,312,2394.95
19051,68823,2025-03-22 00:00:00.000,2023-05-17 00:00:00.000,675,2405.47
19052,69252,2025-03-28 00:00:00.000,2023-06-14 00:00:00.000,653,2357.28
19057,67849,2025-03-07 00:00:00.000,2024-01-31 00:00:00.000,401,2322.28
19058,71029,2025-04-19 00:00:00.000,2024-05-28 00:00:00.000,326,2342.92
19065,67582,2025-03-03 00:00:00.000,2024-02-03 00:00:00.000,394,2294.99
19067,67703,2025-03-05 00:00:00.000,2024-02-07 00:00:00.000,392,2380.47
19069,68349,2025-03-15 00:00:00.000,2023-06-11 00:00:00.000,643,2329.98
19070,70882,2025-04-17 00:00:00.000,2024-05-16 00:00:00.000,336,2304.98
19073,71631,2025-04-28 00:00:00.000,2024-05-19 00:00:00.000,344,2316.97
19076,68279,2025-03-14 00:00:00.000,2023-07-23 00:00:00.000,600,2394.97
19083,56062,2024-09-10 00:00:00.000,2022-12-15 00:00:00.000,635,2443.35
19084,55801,2024-09-05 00:00:00.000,2022-12-10 00:00:00.000,635,2514.93
19085,63953,2025-01-09 00:00:00.000,2024-11-26 00:00:00.000,44,2.29
19086,74937,2025-06-24 00:00:00.000,2024-07-26 00:00:00.000,333,75.97
19087,52332,2024-07-08 00:00:00.000,2024-07-02 00:00:00.000,6,10.24
19088,70093,2025-04-06 00:00:00.000,2024-07-02 00:00:00.000,278,21.98
19089,56687,2024-09-22 00:00:00.000,2022-12-13 00:00:00.000,649,2514.93
19090,70756,2025-04-15 00:00:00.000,2024-07-22 00:00:00.000,267,56.97
19091,74257,2025-06-02 00:00:00.000,2024-11-18 00:00:00.000,196,21.98
19092,70875,2025-04-17 00:00:00.000,2025-02-21 00:00:00.000,55,75.97
19093,55445,2024-08-30 00:00:00.000,2022-12-11 00:00:00.000,628,2457.33
19094,55605,2024-09-02 00:00:00.000,2022-12-20 00:00:00.000,622,2443.35
19095,55960,2024-09-08 00:00:00.000,2023-01-21 00:00:00.000,596,2478.34
19096,56787,2024-09-24 00:00:00.000,2023-01-01 00:00:00.000,632,2512.32
19097,66776,2025-02-20 00:00:00.000,2024-11-21 00:00:00.000,91,2.29
19098,72862,2025-05-13 00:00:00.000,2024-12-10 00:00:00.000,154,2.29
19099,56425,2024-09-17 00:00:00.000,2023-01-22 00:00:00.000,604,2460.29
19100,73947,2025-05-27 00:00:00.000,2024-12-21 00:00:00.000,157,76.97
19101,68155,2025-03-12 00:00:00.000,2024-12-17 00:00:00.000,85,45.95
19102,56946,2024-09-27 00:00:00.000,2023-01-14 00:00:00.000,622,2451.30
19103,65025,2025-01-26 00:00:00.000,2024-08-02 00:00:00.000,177,21.98
19104,74850,2025-06-21 00:00:00.000,2024-12-23 00:00:00.000,180,68.97
19105,56842,2024-09-25 00:00:00.000,2023-01-14 00:00:00.000,620,2478.34
19106,57852,2024-10-11 00:00:00.000,2024-08-05 00:00:00.000,67,42.97
19147,67520,2025-03-02 00:00:00.000,2024-11-04 00:00:00.000,118,39.25
19150,74457,2025-06-08 00:00:00.000,2025-02-23 00:00:00.000,105,30.97
19172,59590,2024-11-05 00:00:00.000,2023-06-03 00:00:00.000,521,608.97
19173,62536,2024-12-20 00:00:00.000,2023-06-25 00:00:00.000,544,593.98
19174,71280,2025-04-22 00:00:00.000,2023-08-21 00:00:00.000,610,1700.99
19181,71022,2025-04-18 00:00:00.000,2023-08-06 00:00:00.000,621,1735.98
19186,69323,2025-03-29 00:00:00.000,2023-06-22 00:00:00.000,646,561.97
19188,71219,2025-04-21 00:00:00.000,2024-02-18 00:00:00.000,428,1732.26
19192,66781,2025-02-20 00:00:00.000,2023-07-25 00:00:00.000,576,681.97
19193,68283,2025-03-14 00:00:00.000,2023-07-20 00:00:00.000,603,608.96
19194,60129,2024-11-13 00:00:00.000,2023-08-18 00:00:00.000,453,806.76
19195,69175,2025-03-27 00:00:00.000,2023-07-17 00:00:00.000,619,636.94
19196,60236,2024-11-14 00:00:00.000,2024-02-15 00:00:00.000,273,1293.33
19196,70387,2025-04-10 00:00:00.000,2024-11-14 00:00:00.000,147,2363.97
19197,60424,2024-11-17 00:00:00.000,2024-03-14 00:00:00.000,248,1249.84
19197,70828,2025-04-16 00:00:00.000,2024-11-17 00:00:00.000,150,2359.46
19200,74172,2025-05-30 00:00:00.000,2025-04-06 00:00:00.000,54,71.97
19217,60978,2024-11-26 00:00:00.000,2024-07-26 00:00:00.000,123,32.60
19217,71713,2025-04-29 00:00:00.000,2024-11-26 00:00:00.000,154,60.47
19220,62545,2024-12-20 00:00:00.000,2024-07-27 00:00:00.000,146,27.77
19220,74650,2025-06-14 00:00:00.000,2024-12-20 00:00:00.000,176,30.97
19223,59593,2024-11-05 00:00:00.000,2024-08-17 00:00:00.000,80,38.88
19223,74249,2025-06-01 00:00:00.000,2024-11-05 00:00:00.000,208,24.27
19224,61559,2024-12-04 00:00:00.000,2024-10-22 00:00:00.000,43,96.07
19224,69807,2025-04-02 00:00:00.000,2024-12-04 00:00:00.000,119,184.48
19232,69747,2025-04-01 00:00:00.000,2024-10-27 00:00:00.000,156,38.98
19253,68749,2025-03-21 00:00:00.000,2023-07-14 00:00:00.000,616,539.99
19254,71486,2025-04-25 00:00:00.000,2024-03-11 00:00:00.000,410,1700.99
19255,70596,2025-04-12 00:00:00.000,2023-07-31 00:00:00.000,621,1700.99
19256,70939,2025-04-17 00:00:00.000,2023-08-13 00:00:00.000,613,1735.98
19257,69657,2025-03-30 00:00:00.000,2024-03-28 00:00:00.000,367,1739.46
19258,70324,2025-04-09 00:00:00.000,2023-07-24 00:00:00.000,625,573.98
19260,71031,2025-04-19 00:00:00.000,2023-07-19 00:00:00.000,640,592.27
19263,70883,2025-04-17 00:00:00.000,2023-08-10 00:00:00.000,616,586.97
19264,51666,2024-06-27 00:00:00.000,2023-01-10 00:00:00.000,534,553.97
19269,51628,2024-06-25 00:00:00.000,2023-01-03 00:00:00.000,539,539.99
19270,51367,2024-06-09 00:00:00.000,2023-01-03 00:00:00.000,523,548.98
19271,51560,2024-06-21 00:00:00.000,2023-01-02 00:00:00.000,536,574.98
19274,71150,2025-04-20 00:00:00.000,2024-03-03 00:00:00.000,413,1700.99
19276,74018,2025-05-27 00:00:00.000,2023-09-21 00:00:00.000,614,1764.96
19278,69958,2025-04-04 00:00:00.000,2023-08-08 00:00:00.000,605,574.98
19280,72944,2025-05-13 00:00:00.000,2023-10-10 00:00:00.000,581,1754.98
19282,73021,2025-05-14 00:00:00.000,2023-10-26 00:00:00.000,566,1737.92
19283,71347,2025-04-23 00:00:00.000,2024-03-24 00:00:00.000,395,1763.97
19284,69652,2025-03-30 00:00:00.000,2024-03-23 00:00:00.000,372,1735.98
19285,70957,2025-04-18 00:00:00.000,2024-04-05 00:00:00.000,378,1750.98
19286,70531,2025-04-12 00:00:00.000,2024-04-14 00:00:00.000,363,1754.98
19287,73934,2025-05-26 00:00:00.000,2023-10-26 00:00:00.000,578,1725.98
19288,70019,2025-04-05 00:00:00.000,2024-04-28 00:00:00.000,342,1735.98
19289,70248,2025-04-08 00:00:00.000,2024-04-27 00:00:00.000,346,1764.96
19290,71634,2025-04-28 00:00:00.000,2023-08-28 00:00:00.000,609,604.96
19292,73323,2025-05-18 00:00:00.000,2023-10-17 00:00:00.000,579,1735.98
19293,72349,2025-05-05 00:00:00.000,2023-11-23 00:00:00.000,529,1750.98
19294,72718,2025-05-10 00:00:00.000,2024-04-10 00:00:00.000,395,1819.95
19295,72576,2025-05-08 00:00:00.000,2023-11-11 00:00:00.000,544,1700.99
19296,73777,2025-05-24 00:00:00.000,2023-11-14 00:00:00.000,557,1764.96
19297,73861,2025-05-25 00:00:00.000,2023-11-01 00:00:00.000,571,1759.97
19298,59457,2024-11-03 00:00:00.000,2024-04-28 00:00:00.000,189,1214.85
19298,70258,2025-04-08 00:00:00.000,2024-11-03 00:00:00.000,156,2319.99
19299,68162,2025-03-12 00:00:00.000,2023-08-08 00:00:00.000,582,586.97
19301,73193,2025-05-17 00:00:00.000,2023-08-02 00:00:00.000,654,589.98
19302,72662,2025-05-10 00:00:00.000,2023-09-17 00:00:00.000,601,576.95
19305,72872,2025-05-13 00:00:00.000,2023-09-18 00:00:00.000,603,621.96
19308,72972,2025-05-14 00:00:00.000,2023-09-13 00:00:00.000,609,548.98
19309,73250,2025-05-17 00:00:00.000,2023-11-03 00:00:00.000,561,1735.98
19310,59508,2024-11-04 00:00:00.000,2023-10-31 00:00:00.000,370,828.47
19311,60740,2024-11-22 00:00:00.000,2024-03-31 00:00:00.000,236,1249.84
19311,71706,2025-04-29 00:00:00.000,2024-11-22 00:00:00.000,158,2389.98
19312,70098,2025-04-06 00:00:00.000,2023-10-05 00:00:00.000,549,564.26
19313,73630,2025-05-22 00:00:00.000,2023-11-27 00:00:00.000,542,1750.47
19314,73629,2025-05-22 00:00:00.000,2024-03-31 00:00:00.000,417,1729.97
19315,72181,2025-05-03 00:00:00.000,2023-11-12 00:00:00.000,538,1754.98
19316,71991,2025-04-30 00:00:00.000,2024-05-20 00:00:00.000,345,1700.99
19318,72941,2025-05-13 00:00:00.000,2023-12-01 00:00:00.000,529,1754.98
19319,73706,2025-05-23 00:00:00.000,2023-12-29 00:00:00.000,511,1779.47
19320,51316,2024-06-06 00:00:00.000,2023-12-09 00:00:00.000,180,1198.97
19321,72119,2025-05-02 00:00:00.000,2024-04-29 00:00:00.000,368,1735.98
19322,72660,2025-05-10 00:00:00.000,2023-10-11 00:00:00.000,577,564.99
19323,62955,2024-12-27 00:00:00.000,2024-01-07 00:00:00.000,355,801.77
19324,61925,2024-12-10 00:00:00.000,2024-01-11 00:00:00.000,334,819.48
19325,62075,2024-12-12 00:00:00.000,2022-07-18 00:00:00.000,878,1223.84
19325,70761,2025-04-15 00:00:00.000,2024-12-12 00:00:00.000,124,2322.28
19326,51633,2024-06-25 00:00:00.000,2024-01-21 00:00:00.000,156,1120.49
19329,71992,2025-04-30 00:00:00.000,2022-07-28 00:00:00.000,1007,1759.97
19335,51334,2024-06-07 00:00:00.000,2024-01-08 00:00:00.000,151,1174.48
19336,52768,2024-07-16 00:00:00.000,2024-01-27 00:00:00.000,171,1174.48
19337,73117,2025-05-16 00:00:00.000,2023-11-10 00:00:00.000,553,574.98
19338,64308,2025-01-15 00:00:00.000,2024-01-25 00:00:00.000,356,800.46
19339,64160,2025-01-12 00:00:00.000,2022-08-27 00:00:00.000,869,1264.84
19339,70764,2025-04-15 00:00:00.000,2025-01-12 00:00:00.000,93,2351.96
19340,66413,2025-02-14 00:00:00.000,2022-09-27 00:00:00.000,871,1223.84
19340,72594,2025-05-09 00:00:00.000,2025-02-14 00:00:00.000,84,2390.95
19341,51273,2024-06-04 00:00:00.000,2023-11-23 00:00:00.000,194,2498.34
19343,53344,2024-07-27 00:00:00.000,2024-01-03 00:00:00.000,206,1169.46
19353,73090,2025-05-15 00:00:00.000,2022-09-17 00:00:00.000,971,1700.99
19357,72574,2025-05-08 00:00:00.000,2022-10-09 00:00:00.000,942,1779.47
19359,51342,2024-06-08 00:00:00.000,2023-11-27 00:00:00.000,194,2478.34
19360,51250,2024-06-02 00:00:00.000,2023-11-18 00:00:00.000,197,2511.32
19361,51643,2024-06-26 00:00:00.000,2023-11-01 00:00:00.000,238,2478.34
19362,51530,2024-06-20 00:00:00.000,2023-11-08 00:00:00.000,225,2443.35
19364,65776,2025-02-04 00:00:00.000,2022-10-06 00:00:00.000,852,1249.84
19364,72074,2025-05-02 00:00:00.000,2025-02-04 00:00:00.000,87,2363.97
19365,68250,2025-03-13 00:00:00.000,2022-11-20 00:00:00.000,844,1249.84
19365,73590,2025-05-22 00:00:00.000,2025-03-13 00:00:00.000,70,2372.95
19366,66272,2025-02-12 00:00:00.000,2024-01-29 00:00:00.000,380,834.47
19380,52925,2024-07-19 00:00:00.000,2024-01-28 00:00:00.000,173,1151.76
19381,52769,2024-07-16 00:00:00.000,2024-02-20 00:00:00.000,147,1170.48
19382,51545,2024-06-21 00:00:00.000,2023-12-16 00:00:00.000,188,2443.35
19386,54181,2024-08-09 00:00:00.000,2024-02-07 00:00:00.000,184,1155.48
19387,73492,2025-05-20 00:00:00.000,2022-11-26 00:00:00.000,906,1764.96
19399,59933,2024-11-10 00:00:00.000,2024-10-01 00:00:00.000,40,69.97
19411,74493,2025-06-09 00:00:00.000,2025-04-24 00:00:00.000,46,39.98
19415,73860,2025-05-25 00:00:00.000,2022-11-13 00:00:00.000,924,1735.98
19416,51394,2024-06-11 00:00:00.000,2023-12-01 00:00:00.000,193,2475.95
19417,51296,2024-06-05 00:00:00.000,2022-11-06 00:00:00.000,577,1155.48
19418,51272,2024-06-04 00:00:00.000,2023-12-12 00:00:00.000,175,2475.95
19419,67852,2025-03-07 00:00:00.000,2024-02-22 00:00:00.000,379,819.48
19420,68008,2025-03-09 00:00:00.000,2022-12-27 00:00:00.000,803,1258.83
19420,72450,2025-05-07 00:00:00.000,2025-03-09 00:00:00.000,59,2356.95
19421,54247,2024-08-10 00:00:00.000,2024-03-12 00:00:00.000,151,1147.77
19422,51632,2024-06-25 00:00:00.000,2022-12-29 00:00:00.000,544,1120.49
19423,54312,2024-08-11 00:00:00.000,2024-03-18 00:00:00.000,146,1155.48
19424,51548,2024-06-21 00:00:00.000,2023-12-07 00:00:00.000,197,2511.32
19426,56015,2024-09-09 00:00:00.000,2024-03-23 00:00:00.000,170,1155.48
19427,60120,2024-11-12 00:00:00.000,2024-02-28 00:00:00.000,258,1184.46
19428,51389,2024-06-10 00:00:00.000,2022-12-04 00:00:00.000,554,1179.47
19429,53342,2024-07-27 00:00:00.000,2023-01-24 00:00:00.000,550,1155.48
19432,52838,2024-07-17 00:00:00.000,2023-01-01 00:00:00.000,563,1170.48
19433,51484,2024-06-17 00:00:00.000,2024-01-12 00:00:00.000,157,2478.34
19434,60890,2024-11-24 00:00:00.000,2024-03-17 00:00:00.000,252,1151.76
19435,51672,2024-06-28 00:00:00.000,2024-01-02 00:00:00.000,178,2457.33
19436,59398,2024-11-02 00:00:00.000,2024-03-18 00:00:00.000,229,1159.71
19437,51391,2024-06-11 00:00:00.000,2024-01-13 00:00:00.000,150,2479.94
19438,70066,2025-04-05 00:00:00.000,2023-02-11 00:00:00.000,784,1268.84
19438,72141,2025-05-03 00:00:00.000,2025-04-05 00:00:00.000,28,2369.96
19439,69770,2025-04-01 00:00:00.000,2023-03-18 00:00:00.000,745,1273.83
19439,72142,2025-05-03 00:00:00.000,2025-04-01 00:00:00.000,32,2376.96
19440,53082,2024-07-23 00:00:00.000,2024-01-28 00:00:00.000,177,2492.32
19441,69733,2025-04-01 00:00:00.000,2024-03-21 00:00:00.000,376,784.47
19442,71569,2025-04-27 00:00:00.000,2024-03-02 00:00:00.000,421,819.48
19443,52364,2024-07-08 00:00:00.000,2023-03-11 00:00:00.000,485,1164.47
19446,72865,2025-05-13 00:00:00.000,2024-03-17 00:00:00.000,422,777.44
19447,72137,2025-05-03 00:00:00.000,2024-03-19 00:00:00.000,410,804.47
19448,52785,2024-07-17 00:00:00.000,2024-02-18 00:00:00.000,150,2543.44
19450,53130,2024-07-23 00:00:00.000,2023-03-13 00:00:00.000,498,1188.46
19451,52665,2024-07-14 00:00:00.000,2023-03-27 00:00:00.000,475,1170.48
19452,73510,2025-05-21 00:00:00.000,2024-04-18 00:00:00.000,398,828.47
19453,72868,2025-05-13 00:00:00.000,2023-03-29 00:00:00.000,776,2353.95
19453,73072,2025-05-15 00:00:00.000,2025-05-13 00:00:00.000,2,1214.85
19454,72590,2025-05-09 00:00:00.000,2023-03-23 00:00:00.000,778,2395.96
19454,74001,2025-05-27 00:00:00.000,2025-05-09 00:00:00.000,18,1268.84
19455,52480,2024-07-11 00:00:00.000,2024-02-08 00:00:00.000,154,2478.34
19458,60119,2024-11-12 00:00:00.000,2024-04-24 00:00:00.000,202,1174.48
19459,52733,2024-07-16 00:00:00.000,2024-03-24 00:00:00.000,114,2478.34
19467,53883,2024-08-04 00:00:00.000,2024-03-26 00:00:00.000,131,2484.94
19471,54265,2024-08-11 00:00:00.000,2024-03-04 00:00:00.000,160,2478.34
19472,54245,2024-08-10 00:00:00.000,2023-03-24 00:00:00.000,505,1155.48
19473,59267,2024-10-31 00:00:00.000,2024-04-02 00:00:00.000,212,1134.47
19474,72520,2025-05-08 00:00:00.000,2024-04-26 00:00:00.000,377,806.76
19475,51502,2024-06-18 00:00:00.000,2024-04-13 00:00:00.000,66,611.94
19476,72411,2025-05-06 00:00:00.000,2023-04-04 00:00:00.000,763,1292.33
19476,72654,2025-05-10 00:00:00.000,2025-05-06 00:00:00.000,4,2354.99
19477,51979,2024-07-01 00:00:00.000,2024-03-01 00:00:00.000,122,2533.33
19479,53730,2024-08-01 00:00:00.000,2024-03-15 00:00:00.000,139,2443.35
19480,60621,2024-11-20 00:00:00.000,2024-04-09 00:00:00.000,225,1151.76
19482,54475,2024-08-14 00:00:00.000,2023-04-22 00:00:00.000,480,1155.48
19493,52223,2024-07-06 00:00:00.000,2024-04-09 00:00:00.000,88,2514.93
19496,54816,2024-08-20 00:00:00.000,2023-04-22 00:00:00.000,486,1155.48
19499,52167,2024-07-05 00:00:00.000,2024-04-10 00:00:00.000,86,2492.32
19500,54896,2024-08-22 00:00:00.000,2024-04-20 00:00:00.000,124,2478.34
19501,55090,2024-08-25 00:00:00.000,2023-04-03 00:00:00.000,510,1120.49
19502,54048,2024-08-07 00:00:00.000,2024-04-08 00:00:00.000,121,2564.92
19503,53677,2024-07-31 00:00:00.000,2024-05-06 00:00:00.000,86,608.96
19504,56763,2024-09-24 00:00:00.000,2024-05-20 00:00:00.000,127,599.98
19506,58647,2024-10-25 00:00:00.000,2024-04-19 00:00:00.000,189,2479.94
19510,57802,2024-10-10 00:00:00.000,2024-03-31 00:00:00.000,193,2451.30
19511,57964,2024-10-13 00:00:00.000,2024-04-27 00:00:00.000,169,2523.92
19517,60117,2024-11-12 00:00:00.000,2024-05-15 00:00:00.000,181,1155.48
19518,56849,2024-09-25 00:00:00.000,2023-05-17 00:00:00.000,497,1194.97
19525,74327,2025-06-04 00:00:00.000,2025-02-09 00:00:00.000,115,39.98
19541,70540,2025-04-12 00:00:00.000,2025-01-05 00:00:00.000,97,32.28
19555,56319,2024-09-15 00:00:00.000,2023-01-10 00:00:00.000,614,2532.33
19556,56216,2024-09-13 00:00:00.000,2023-01-23 00:00:00.000,599,2457.33
19557,56260,2024-09-14 00:00:00.000,2023-01-27 00:00:00.000,596,1779.97
19558,56475,2024-09-18 00:00:00.000,2023-01-15 00:00:00.000,612,2451.30
19559,55800,2024-09-05 00:00:00.000,2023-01-16 00:00:00.000,598,2478.34
19560,56265,2024-09-14 00:00:00.000,2023-01-06 00:00:00.000,617,2539.42
19561,56009,2024-09-09 00:00:00.000,2023-01-10 00:00:00.000,608,2443.35
19562,58239,2024-10-17 00:00:00.000,2022-12-31 00:00:00.000,656,1735.98
19563,57229,2024-09-29 00:00:00.000,2023-01-22 00:00:00.000,616,1754.98
19564,58687,2024-10-25 00:00:00.000,2023-01-22 00:00:00.000,642,1714.97
19565,58815,2024-10-27 00:00:00.000,2023-01-02 00:00:00.000,664,1729.97
19566,60254,2024-11-15 00:00:00.000,2024-10-17 00:00:00.000,29,95.94
19567,58483,2024-10-22 00:00:00.000,2024-08-26 00:00:00.000,57,28.99
19568,56843,2024-09-25 00:00:00.000,2022-12-31 00:00:00.000,634,2482.23
19569,71025,2025-04-19 00:00:00.000,2025-01-16 00:00:00.000,93,75.97
19570,66088,2025-02-09 00:00:00.000,2024-07-13 00:00:00.000,211,28.99
19571,67906,2025-03-08 00:00:00.000,2024-08-15 00:00:00.000,205,56.97
19572,60389,2024-11-17 00:00:00.000,2024-09-08 00:00:00.000,70,58.47
19573,74787,2025-06-19 00:00:00.000,2025-05-26 00:00:00.000,24,23.78
19574,57801,2024-10-10 00:00:00.000,2024-09-19 00:00:00.000,21,36.27
19575,70170,2025-04-07 00:00:00.000,2024-08-06 00:00:00.000,244,36.27
19576,56266,2024-09-14 00:00:00.000,2023-01-10 00:00:00.000,613,2479.94
19577,56844,2024-09-25 00:00:00.000,2023-01-23 00:00:00.000,611,2459.62
19578,72445,2025-05-07 00:00:00.000,2024-12-03 00:00:00.000,155,53.99
19579,70755,2025-04-15 00:00:00.000,2025-03-25 00:00:00.000,21,29.99
19580,72441,2025-05-07 00:00:00.000,2024-09-03 00:00:00.000,246,119.94
19581,74657,2025-06-15 00:00:00.000,2025-02-18 00:00:00.000,117,87.97
19582,74970,2025-06-25 00:00:00.000,2025-04-15 00:00:00.000,71,25.48
19583,74651,2025-06-15 00:00:00.000,2024-10-17 00:00:00.000,241,21.49
19584,55614,2024-09-03 00:00:00.000,2024-07-07 00:00:00.000,58,27.77
19585,75089,2025-06-29 00:00:00.000,2025-01-11 00:00:00.000,169,60.47
19586,55542,2024-09-01 00:00:00.000,2023-01-19 00:00:00.000,591,2478.34
19587,74340,2025-06-05 00:00:00.000,2024-09-13 00:00:00.000,265,93.46
19588,55541,2024-09-01 00:00:00.000,2023-01-06 00:00:00.000,604,2478.34
19589,65807,2025-02-05 00:00:00.000,2024-09-10 00:00:00.000,148,32.28
19591,61039,2024-11-27 00:00:00.000,2024-09-23 00:00:00.000,65,21.49
19592,57940,2024-10-12 00:00:00.000,2023-01-21 00:00:00.000,630,1798.96
19593,58816,2024-10-27 00:00:00.000,2023-01-25 00:00:00.000,641,1728.27
19594,56111,2024-09-11 00:00:00.000,2023-01-07 00:00:00.000,613,2443.35
19595,56112,2024-09-11 00:00:00.000,2023-01-21 00:00:00.000,599,2516.81
19596,56786,2024-09-24 00:00:00.000,2023-01-04 00:00:00.000,629,2478.34
19597,74187,2025-05-31 00:00:00.000,2024-11-10 00:00:00.000,202,25.48
19598,60366,2024-11-16 00:00:00.000,2023-01-08 00:00:00.000,678,1732.26
19599,60500,2024-11-18 00:00:00.000,2023-01-18 00:00:00.000,670,1700.99
19601,60025,2024-11-11 00:00:00.000,2023-01-21 00:00:00.000,660,1735.98
19602,58890,2024-10-28 00:00:00.000,2023-01-23 00:00:00.000,644,2514.93
19603,74476,2025-06-09 00:00:00.000,2024-08-26 00:00:00.000,287,33.98
19604,70949,2025-04-18 00:00:00.000,2024-08-29 00:00:00.000,232,23.78
19605,60815,2024-11-23 00:00:00.000,2023-01-18 00:00:00.000,675,1735.98
19607,57584,2024-10-05 00:00:00.000,2023-01-05 00:00:00.000,639,2475.95
19608,63295,2024-12-30 00:00:00.000,2024-12-06 00:00:00.000,24,25.48
19609,58406,2024-10-20 00:00:00.000,2023-01-24 00:00:00.000,635,2514.93
19610,64299,2025-01-15 00:00:00.000,2024-09-29 00:00:00.000,108,49.97
19611,58819,2024-10-27 00:00:00.000,2023-01-20 00:00:00.000,646,2475.95
19612,58535,2024-10-22 00:00:00.000,2023-01-09 00:00:00.000,652,2451.30
19613,58008,2024-10-13 00:00:00.000,2022-12-31 00:00:00.000,652,2514.93
19614,57738,2024-10-08 00:00:00.000,2023-01-21 00:00:00.000,626,2638.94
19615,59959,2024-11-10 00:00:00.000,2023-01-25 00:00:00.000,655,1700.99
19616,60023,2024-11-11 00:00:00.000,2023-01-25 00:00:00.000,656,1700.99
19617,73652,2025-05-23 00:00:00.000,2025-01-16 00:00:00.000,127,36.27
19618,63068,2024-12-29 00:00:00.000,2024-12-06 00:00:00.000,23,88.97
19619,62400,2024-12-18 00:00:00.000,2024-08-04 00:00:00.000,136,23.78
19620,59811,2024-11-08 00:00:00.000,2023-02-21 00:00:00.000,626,1700.99
19621,57522,2024-10-04 00:00:00.000,2023-02-16 00:00:00.000,596,2443.35
19622,62950,2024-12-27 00:00:00.000,2024-11-04 00:00:00.000,53,36.27
19623,72519,2025-05-08 00:00:00.000,2024-11-04 00:00:00.000,185,93.46
19624,74725,2025-06-17 00:00:00.000,2025-01-25 00:00:00.000,143,88.97
19625,55929,2024-09-08 00:00:00.000,2024-08-29 00:00:00.000,10,23.78
19626,62582,2024-12-21 00:00:00.000,2024-12-12 00:00:00.000,9,25.48
19627,56805,2024-09-25 00:00:00.000,2024-07-27 00:00:00.000,60,13.98
19628,57677,2024-10-07 00:00:00.000,2023-01-30 00:00:00.000,616,2457.33
19629,63440,2025-01-01 00:00:00.000,2024-08-31 00:00:00.000,123,48.97
19630,58595,2024-10-24 00:00:00.000,2024-10-22 00:00:00.000,2,48.97
19631,59387,2024-11-02 00:00:00.000,2023-02-21 00:00:00.000,620,1700.99
19640,66296,2025-02-12 00:00:00.000,2024-11-26 00:00:00.000,78,71.95
19640,75005,2025-06-26 00:00:00.000,2025-02-12 00:00:00.000,134,27.77
19642,60268,2024-11-15 00:00:00.000,2024-09-19 00:00:00.000,57,39.98
19642,71515,2025-04-26 00:00:00.000,2024-11-15 00:00:00.000,162,36.59
19645,60581,2024-11-20 00:00:00.000,2024-09-03 00:00:00.000,78,94.46
19646,71401,2025-04-24 00:00:00.000,2025-04-05 00:00:00.000,19,85.48
19646,73518,2025-05-21 00:00:00.000,2025-04-24 00:00:00.000,27,39.98
19647,58867,2024-10-28 00:00:00.000,2024-10-09 00:00:00.000,19,46.47
19647,73202,2025-05-17 00:00:00.000,2024-10-28 00:00:00.000,201,195.59
19648,57807,2024-10-10 00:00:00.000,2024-10-03 00:00:00.000,7,7.28
19648,64704,2025-01-20 00:00:00.000,2024-10-10 00:00:00.000,102,56.97
19652,59882,2024-11-09 00:00:00.000,2023-02-24 00:00:00.000,624,1735.98
19653,59552,2024-11-04 00:00:00.000,2023-02-18 00:00:00.000,625,1735.98
19709,73823,2025-05-25 00:00:00.000,2024-11-29 00:00:00.000,177,127.28
19726,53374,2024-07-28 00:00:00.000,2024-07-16 00:00:00.000,12,26.97
19729,62314,2024-12-16 00:00:00.000,2024-11-14 00:00:00.000,32,4.99
19750,68489,2025-03-17 00:00:00.000,2025-02-07 00:00:00.000,38,37.27
19751,65045,2025-01-26 00:00:00.000,2024-10-16 00:00:00.000,102,4.99
19757,65356,2025-01-28 00:00:00.000,2024-11-07 00:00:00.000,82,4.99
19763,51368,2024-06-09 00:00:00.000,2023-01-29 00:00:00.000,497,574.98
19765,51214,2024-05-31 00:00:00.000,2023-02-16 00:00:00.000,470,553.97
19766,52569,2024-07-12 00:00:00.000,2023-02-04 00:00:00.000,524,588.96
19770,53123,2024-07-23 00:00:00.000,2023-02-17 00:00:00.000,522,548.98
19771,52361,2024-07-08 00:00:00.000,2023-02-08 00:00:00.000,516,588.96
19772,58246,2024-10-17 00:00:00.000,2023-02-22 00:00:00.000,603,2452.34
19773,58341,2024-10-19 00:00:00.000,2023-02-13 00:00:00.000,614,2478.34
19781,58374,2024-10-20 00:00:00.000,2024-07-02 00:00:00.000,110,38.98
19782,57523,2024-10-04 00:00:00.000,2023-02-05 00:00:00.000,607,2511.32
19783,58009,2024-10-13 00:00:00.000,2023-02-17 00:00:00.000,604,2443.35
19784,57944,2024-10-12 00:00:00.000,2023-01-29 00:00:00.000,622,2443.35
19785,58767,2024-10-26 00:00:00.000,2023-02-26 00:00:00.000,608,2498.34
19786,57739,2024-10-08 00:00:00.000,2023-02-21 00:00:00.000,595,2443.35
19787,57233,2024-09-29 00:00:00.000,2023-02-02 00:00:00.000,605,2475.95
19788,57894,2024-10-11 00:00:00.000,2023-02-21 00:00:00.000,598,2478.34
19789,57234,2024-09-29 00:00:00.000,2023-02-12 00:00:00.000,595,2479.94
19790,58575,2024-10-23 00:00:00.000,2023-02-11 00:00:00.000,620,2511.32
19791,57362,2024-10-01 00:00:00.000,2023-02-07 00:00:00.000,602,2479.94
19792,58113,2024-10-15 00:00:00.000,2023-02-20 00:00:00.000,603,2478.34
19793,57674,2024-10-07 00:00:00.000,2023-02-16 00:00:00.000,599,2478.34
19794,58399,2024-10-20 00:00:00.000,2023-01-30 00:00:00.000,629,2520.31
19795,58238,2024-10-17 00:00:00.000,2023-02-03 00:00:00.000,622,2466.32
19796,74586,2025-06-13 00:00:00.000,2024-07-27 00:00:00.000,321,84.96
19797,58571,2024-10-23 00:00:00.000,2023-02-09 00:00:00.000,622,2443.35
19798,67649,2025-03-04 00:00:00.000,2024-07-26 00:00:00.000,221,67.97
19801,62198,2024-12-14 00:00:00.000,2024-11-23 00:00:00.000,21,45.95
19801,66790,2025-02-20 00:00:00.000,2024-12-14 00:00:00.000,68,89.97
19807,71363,2025-04-24 00:00:00.000,2025-01-04 00:00:00.000,110,13.98
19817,68421,2025-03-16 00:00:00.000,2024-07-27 00:00:00.000,232,78.96
19829,62941,2024-12-26 00:00:00.000,2022-07-30 00:00:00.000,880,1158.46
19830,69837,2025-04-02 00:00:00.000,2022-07-21 00:00:00.000,986,2390.93
19836,69278,2025-03-28 00:00:00.000,2024-08-17 00:00:00.000,223,39.98
19839,67047,2025-02-24 00:00:00.000,2024-09-15 00:00:00.000,162,124.99
19844,70350,2025-04-09 00:00:00.000,2022-09-13 00:00:00.000,939,2432.94
19855,71251,2025-04-22 00:00:00.000,2022-10-20 00:00:00.000,915,2309.97
19862,62303,2024-12-16 00:00:00.000,2024-09-27 00:00:00.000,80,93.49
19870,72525,2025-05-08 00:00:00.000,2024-08-28 00:00:00.000,253,37.27
19874,61851,2024-12-08 00:00:00.000,2022-11-06 00:00:00.000,763,1169.46
19884,62746,2024-12-23 00:00:00.000,2022-12-21 00:00:00.000,733,1188.46
19899,69253,2025-03-28 00:00:00.000,2024-05-22 00:00:00.000,310,2344.96
19901,68278,2025-03-14 00:00:00.000,2023-05-14 00:00:00.000,670,2316.97
19902,69030,2025-03-25 00:00:00.000,2024-05-19 00:00:00.000,310,2297.28
19903,70762,2025-04-15 00:00:00.000,2024-04-29 00:00:00.000,351,2394.95
19904,68037,2025-03-10 00:00:00.000,2023-05-18 00:00:00.000,662,2319.26
19910,67910,2025-03-08 00:00:00.000,2023-06-17 00:00:00.000,630,2405.47
19911,70259,2025-04-08 00:00:00.000,2024-04-11 00:00:00.000,362,2334.97
19912,71509,2025-04-26 00:00:00.000,2024-04-18 00:00:00.000,373,2426.95
19916,70880,2025-04-17 00:00:00.000,2024-05-10 00:00:00.000,342,2353.95
19917,70321,2025-04-09 00:00:00.000,2024-05-05 00:00:00.000,339,2368.97
19918,74109,2025-05-29 00:00:00.000,2024-05-06 00:00:00.000,388,2359.97
19922,70032,2025-04-05 00:00:00.000,2024-05-14 00:00:00.000,326,2354.98
19924,68898,2025-03-23 00:00:00.000,2023-06-09 00:00:00.000,653,2388.96
19930,71507,2025-04-26 00:00:00.000,2023-05-30 00:00:00.000,697,2332.28
19931,70320,2025-04-09 00:00:00.000,2023-06-08 00:00:00.000,671,2342.92
19940,73956,2025-05-27 00:00:00.000,2024-04-30 00:00:00.000,392,2439.99
19941,72449,2025-05-07 00:00:00.000,2022-06-13 00:00:00.000,1059,2378.96
19942,73426,2025-05-20 00:00:00.000,2022-06-26 00:00:00.000,1059,2334.97
19943,70173,2025-04-07 00:00:00.000,2024-05-26 00:00:00.000,316,2329.98
19944,70955,2025-04-18 00:00:00.000,2023-07-24 00:00:00.000,634,2322.28
19945,71161,2025-04-21 00:00:00.000,2024-04-30 00:00:00.000,356,2354.98
19947,57892,2024-10-11 00:00:00.000,2023-02-15 00:00:00.000,604,2478.24
19948,57625,2024-10-06 00:00:00.000,2023-02-11 00:00:00.000,603,2443.35
19949,57733,2024-10-08 00:00:00.000,2023-02-26 00:00:00.000,590,2475.95
19950,60426,2024-11-17 00:00:00.000,2023-02-12 00:00:00.000,644,2520.27
19951,60683,2024-11-21 00:00:00.000,2023-02-02 00:00:00.000,658,2443.35
19952,72647,2025-05-10 00:00:00.000,2024-08-05 00:00:00.000,278,13.98
19953,74421,2025-06-07 00:00:00.000,2024-10-13 00:00:00.000,237,22.97
19954,60187,2024-11-14 00:00:00.000,2024-07-09 00:00:00.000,128,13.98
19955,64903,2025-01-24 00:00:00.000,2024-11-21 00:00:00.000,64,142.97
19956,60880,2024-11-24 00:00:00.000,2023-02-25 00:00:00.000,638,2482.23
19957,60239,2024-11-14 00:00:00.000,2023-02-10 00:00:00.000,643,2457.33
19958,61079,2024-11-27 00:00:00.000,2023-02-13 00:00:00.000,653,2478.24
19959,60743,2024-11-22 00:00:00.000,2023-02-24 00:00:00.000,637,2478.34
19960,60164,2024-11-13 00:00:00.000,2023-02-20 00:00:00.000,632,2541.84
19961,72583,2025-05-09 00:00:00.000,2024-09-26 00:00:00.000,225,88.98
19962,62403,2024-12-18 00:00:00.000,2024-09-21 00:00:00.000,88,30.48
19963,60104,2024-11-12 00:00:00.000,2023-02-16 00:00:00.000,635,2475.95
19964,60429,2024-11-17 00:00:00.000,2023-02-05 00:00:00.000,651,2478.34
19965,60935,2024-11-25 00:00:00.000,2023-02-20 00:00:00.000,644,2478.34
19966,59692,2024-11-06 00:00:00.000,2023-02-22 00:00:00.000,623,2443.35
19967,60882,2024-11-24 00:00:00.000,2023-01-31 00:00:00.000,663,2451.30
19968,59813,2024-11-08 00:00:00.000,2023-03-08 00:00:00.000,611,2443.35
19969,59585,2024-11-05 00:00:00.000,2024-07-01 00:00:00.000,127,30.48
19970,60936,2024-11-25 00:00:00.000,2023-03-20 00:00:00.000,616,2520.83
19971,60238,2024-11-14 00:00:00.000,2023-03-29 00:00:00.000,596,2478.34
19972,67701,2025-03-05 00:00:00.000,2024-12-29 00:00:00.000,66,13.98
19973,65808,2025-02-05 00:00:00.000,2024-08-24 00:00:00.000,165,60.47
19974,60502,2024-11-18 00:00:00.000,2023-03-20 00:00:00.000,609,2443.35
19975,61160,2024-11-28 00:00:00.000,2023-03-10 00:00:00.000,629,2478.34
19976,61102,2024-11-28 00:00:00.000,2024-10-25 00:00:00.000,34,27.77
19977,59123,2024-10-29 00:00:00.000,2023-03-25 00:00:00.000,584,2466.32
19978,59884,2024-11-09 00:00:00.000,2023-03-19 00:00:00.000,601,2482.23
19979,60686,2024-11-21 00:00:00.000,2023-03-21 00:00:00.000,611,2512.32
19987,61477,2024-12-02 00:00:00.000,2022-12-05 00:00:00.000,728,1189.46
19988,64288,2025-01-14 00:00:00.000,2023-01-05 00:00:00.000,740,1155.48
19989,63415,2024-12-31 00:00:00.000,2023-01-21 00:00:00.000,710,1120.49
19997,69702,2025-03-31 00:00:00.000,2023-01-11 00:00:00.000,810,2439.99
20000,64725,2025-01-20 00:00:00.000,2023-02-18 00:00:00.000,702,1120.49
20007,65448,2025-01-29 00:00:00.000,2023-03-10 00:00:00.000,691,1120.49
20023,65865,2025-02-05 00:00:00.000,2023-04-12 00:00:00.000,665,1155.48
20034,71321,2025-04-23 00:00:00.000,2023-04-16 00:00:00.000,738,2369.97
20035,70501,2025-04-11 00:00:00.000,2023-05-27 00:00:00.000,685,2319.99
20042,53782,2024-08-02 00:00:00.000,2022-06-01 00:00:00.000,793,2451.30
20048,62953,2024-12-27 00:00:00.000,2022-07-04 00:00:00.000,907,2443.35
20049,64800,2025-01-22 00:00:00.000,2022-07-07 00:00:00.000,930,2451.30
20051,72850,2025-05-13 00:00:00.000,2023-07-15 00:00:00.000,668,2431.44
20051,74134,2025-05-29 00:00:00.000,2025-05-13 00:00:00.000,16,1249.84
20052,54672,2024-08-18 00:00:00.000,2022-08-12 00:00:00.000,737,2514.93
20054,56027,2024-09-10 00:00:00.000,2022-08-12 00:00:00.000,760,2638.94
20060,63764,2025-01-06 00:00:00.000,2022-08-20 00:00:00.000,870,2443.35
20062,55378,2024-08-29 00:00:00.000,2023-06-30 00:00:00.000,426,1214.46
20082,74481,2025-06-09 00:00:00.000,2024-12-19 00:00:00.000,172,80.57
20084,71974,2025-04-30 00:00:00.000,2024-10-22 00:00:00.000,190,24.27
20085,64628,2025-01-19 00:00:00.000,2024-11-17 00:00:00.000,63,46.83
20086,58431,2024-10-21 00:00:00.000,2024-08-17 00:00:00.000,65,71.58
20087,74347,2025-06-05 00:00:00.000,2024-11-13 00:00:00.000,204,27.28
20096,73452,2025-05-20 00:00:00.000,2024-12-19 00:00:00.000,152,21.98
20104,53426,2024-07-29 00:00:00.000,2024-07-14 00:00:00.000,15,39.25
20106,59785,2024-11-08 00:00:00.000,2024-09-29 00:00:00.000,40,106.96
20149,63695,2025-01-05 00:00:00.000,2022-08-26 00:00:00.000,863,2466.32
20150,55823,2024-09-06 00:00:00.000,2022-09-26 00:00:00.000,711,2564.92
20151,53336,2024-07-27 00:00:00.000,2023-03-02 00:00:00.000,513,574.46
20152,52323,2024-07-07 00:00:00.000,2023-03-14 00:00:00.000,481,564.48
20154,52763,2024-07-16 00:00:00.000,2023-03-05 00:00:00.000,499,574.98
20156,53333,2024-07-27 00:00:00.000,2023-03-23 00:00:00.000,492,561.48
20157,52399,2024-07-09 00:00:00.000,2023-03-08 00:00:00.000,489,539.99
20158,52061,2024-07-02 00:00:00.000,2023-03-02 00:00:00.000,488,574.98
20159,52398,2024-07-09 00:00:00.000,2023-03-14 00:00:00.000,483,588.96
20160,53175,2024-07-24 00:00:00.000,2023-02-28 00:00:00.000,512,658.95
20162,56014,2024-09-09 00:00:00.000,2023-07-14 00:00:00.000,423,1183.47
20163,56331,2024-09-15 00:00:00.000,2023-08-29 00:00:00.000,383,1120.49
20164,66578,2025-02-17 00:00:00.000,2022-09-25 00:00:00.000,876,2451.30
20165,65889,2025-02-06 00:00:00.000,2022-09-03 00:00:00.000,887,2492.32
20166,55733,2024-09-04 00:00:00.000,2023-08-13 00:00:00.000,388,1184.46
20167,67026,2025-02-24 00:00:00.000,2022-10-06 00:00:00.000,872,2443.35
20170,68479,2025-03-17 00:00:00.000,2022-10-13 00:00:00.000,886,2478.34
20171,57591,2024-10-05 00:00:00.000,2023-08-17 00:00:00.000,415,1155.48
20172,71503,2025-04-26 00:00:00.000,2022-10-19 00:00:00.000,920,2451.30
20173,56193,2024-09-13 00:00:00.000,2022-11-19 00:00:00.000,664,2482.23
20182,70133,2025-04-06 00:00:00.000,2023-05-05 00:00:00.000,702,2374.98
20186,67758,2025-03-05 00:00:00.000,2023-06-02 00:00:00.000,642,1120.49
20188,69235,2025-03-27 00:00:00.000,2023-06-17 00:00:00.000,649,1155.48
20206,69302,2025-03-28 00:00:00.000,2023-06-06 00:00:00.000,661,1155.48
20208,67470,2025-03-01 00:00:00.000,2023-06-01 00:00:00.000,639,1170.48
20209,68143,2025-03-11 00:00:00.000,2023-06-19 00:00:00.000,631,1219.45
20211,59251,2024-10-31 00:00:00.000,2023-03-17 00:00:00.000,594,1754.98
20212,73108,2025-05-16 00:00:00.000,2024-10-19 00:00:00.000,209,76.96
20213,59555,2024-11-04 00:00:00.000,2023-03-03 00:00:00.000,612,2451.30
20214,60881,2024-11-24 00:00:00.000,2023-03-14 00:00:00.000,621,1725.98
20215,59690,2024-11-06 00:00:00.000,2023-03-22 00:00:00.000,595,1700.99
20216,59459,2024-11-03 00:00:00.000,2023-03-24 00:00:00.000,590,1760.47
20217,59460,2024-11-03 00:00:00.000,2023-03-11 00:00:00.000,603,2511.32
20218,57379,2024-10-02 00:00:00.000,2024-09-23 00:00:00.000,9,76.92
20219,59190,2024-10-30 00:00:00.000,2023-03-19 00:00:00.000,591,2466.32
20220,59631,2024-11-05 00:00:00.000,2023-03-28 00:00:00.000,588,2482.23
20221,60237,2024-11-14 00:00:00.000,2023-03-19 00:00:00.000,606,2457.33
20222,73341,2025-05-19 00:00:00.000,2024-11-06 00:00:00.000,194,60.47
20223,74105,2025-05-29 00:00:00.000,2025-04-06 00:00:00.000,53,98.96
20224,67773,2025-03-06 00:00:00.000,2025-03-04 00:00:00.000,2,13.98
20225,60295,2024-11-15 00:00:00.000,2023-03-19 00:00:00.000,607,2478.34
20226,59553,2024-11-04 00:00:00.000,2023-03-12 00:00:00.000,603,2488.93
20227,60685,2024-11-21 00:00:00.000,2023-03-22 00:00:00.000,610,2475.95
20228,59122,2024-10-29 00:00:00.000,2023-03-29 00:00:00.000,580,2514.93
20236,61305,2024-11-29 00:00:00.000,2023-03-28 00:00:00.000,612,1700.99
20238,60742,2024-11-22 00:00:00.000,2023-03-22 00:00:00.000,611,2443.35
20239,60501,2024-11-18 00:00:00.000,2023-03-24 00:00:00.000,605,2514.93
20241,62516,2024-12-19 00:00:00.000,2023-03-14 00:00:00.000,646,1768.96
20242,60102,2024-11-12 00:00:00.000,2023-03-10 00:00:00.000,613,2490.18
20244,60103,2024-11-12 00:00:00.000,2023-03-19 00:00:00.000,604,2443.35
20245,62566,2024-12-20 00:00:00.000,2023-03-02 00:00:00.000,659,2507.32
20246,61308,2024-11-29 00:00:00.000,2023-03-01 00:00:00.000,639,2457.33
20247,62806,2024-12-24 00:00:00.000,2023-03-06 00:00:00.000,659,2478.34
20249,62738,2024-12-23 00:00:00.000,2023-03-17 00:00:00.000,647,1754.98
20253,62861,2024-12-25 00:00:00.000,2023-03-01 00:00:00.000,665,2457.33
20256,62333,2024-12-16 00:00:00.000,2023-04-11 00:00:00.000,615,2451.30
20258,62076,2024-12-12 00:00:00.000,2023-04-23 00:00:00.000,599,2451.30
20259,62455,2024-12-18 00:00:00.000,2023-04-02 00:00:00.000,626,2451.30
20260,61307,2024-11-29 00:00:00.000,2023-04-11 00:00:00.000,598,1735.98
20261,63103,2024-12-29 00:00:00.000,2023-04-14 00:00:00.000,625,1735.98
20264,62670,2024-12-22 00:00:00.000,2023-04-24 00:00:00.000,608,1754.98
20280,66333,2025-02-13 00:00:00.000,2024-08-15 00:00:00.000,182,64.97
20283,64595,2025-01-18 00:00:00.000,2023-04-07 00:00:00.000,652,1735.98
20284,65139,2025-01-27 00:00:00.000,2023-04-12 00:00:00.000,656,1749.96
20318,69303,2025-03-28 00:00:00.000,2023-07-05 00:00:00.000,632,1170.48
20350,70366,2025-04-09 00:00:00.000,2023-07-29 00:00:00.000,620,1155.48
20373,70367,2025-04-09 00:00:00.000,2023-08-28 00:00:00.000,590,1155.48
20375,70142,2025-04-06 00:00:00.000,2023-09-09 00:00:00.000,575,2366.96
20416,53440,2024-07-29 00:00:00.000,2023-04-02 00:00:00.000,484,539.99
20418,53331,2024-07-27 00:00:00.000,2023-04-23 00:00:00.000,461,628.97
20420,53863,2024-08-03 00:00:00.000,2023-04-01 00:00:00.000,490,553.97
20423,54805,2024-08-20 00:00:00.000,2023-04-16 00:00:00.000,492,599.47
20424,54515,2024-08-15 00:00:00.000,2023-04-04 00:00:00.000,499,553.97
20425,53864,2024-08-03 00:00:00.000,2023-04-20 00:00:00.000,471,539.99
20426,54137,2024-08-08 00:00:00.000,2023-04-02 00:00:00.000,494,561.48
20427,64593,2025-01-18 00:00:00.000,2023-04-26 00:00:00.000,633,1735.98
20429,65138,2025-01-27 00:00:00.000,2023-04-13 00:00:00.000,655,1799.48
20430,62859,2024-12-25 00:00:00.000,2023-04-10 00:00:00.000,625,2478.34
20444,62671,2024-12-22 00:00:00.000,2023-04-28 00:00:00.000,604,2507.32
20445,62672,2024-12-22 00:00:00.000,2023-04-19 00:00:00.000,613,2500.44
20446,62382,2024-12-17 00:00:00.000,2023-03-30 00:00:00.000,628,2451.30
20447,62860,2024-12-25 00:00:00.000,2023-03-31 00:00:00.000,635,2457.33
20448,61773,2024-12-07 00:00:00.000,2023-04-20 00:00:00.000,597,2466.32
20450,61907,2024-12-09 00:00:00.000,2023-04-21 00:00:00.000,598,2443.35
20451,62273,2024-12-15 00:00:00.000,2023-04-18 00:00:00.000,607,2475.95
20452,61956,2024-12-10 00:00:00.000,2023-04-24 00:00:00.000,596,2578.43
20456,62930,2024-12-26 00:00:00.000,2023-04-13 00:00:00.000,623,2451.30
20468,71083,2025-04-19 00:00:00.000,2023-09-22 00:00:00.000,575,1120.49
20470,70642,2025-04-13 00:00:00.000,2023-09-17 00:00:00.000,574,2337.27
20483,73843,2025-05-25 00:00:00.000,2023-10-07 00:00:00.000,596,2350.96
20546,70811,2025-04-15 00:00:00.000,2023-10-02 00:00:00.000,561,1197.45
20548,71230,2025-04-22 00:00:00.000,2023-09-03 00:00:00.000,597,2348.96
20549,69580,2025-03-30 00:00:00.000,2023-09-27 00:00:00.000,550,2322.28
20552,72195,2025-05-04 00:00:00.000,2022-10-31 00:00:00.000,916,2334.97
20555,70260,2025-04-08 00:00:00.000,2023-09-10 00:00:00.000,576,2370.96
20556,69878,2025-04-03 00:00:00.000,2023-09-23 00:00:00.000,558,2341.97
20558,72871,2025-05-13 00:00:00.000,2022-12-06 00:00:00.000,889,2319.99
20560,70171,2025-04-07 00:00:00.000,2023-09-12 00:00:00.000,573,2378.95
20561,73424,2025-05-20 00:00:00.000,2023-01-03 00:00:00.000,868,2439.99
20562,73662,2025-05-23 00:00:00.000,2023-01-13 00:00:00.000,861,2294.99
20564,72368,2025-05-06 00:00:00.000,2023-01-30 00:00:00.000,827,2359.98
20567,72073,2025-05-02 00:00:00.000,2023-04-24 00:00:00.000,739,2374.98
20569,72970,2025-05-14 00:00:00.000,2023-04-04 00:00:00.000,771,2414.96
20575,73115,2025-05-16 00:00:00.000,2023-05-12 00:00:00.000,735,2395.94
20576,72194,2025-05-04 00:00:00.000,2023-06-02 00:00:00.000,702,2364.97
20577,72283,2025-05-05 00:00:00.000,2023-05-31 00:00:00.000,705,2297.28
20584,71510,2025-04-26 00:00:00.000,2023-09-14 00:00:00.000,590,2357.28
20590,70829,2025-04-16 00:00:00.000,2023-09-30 00:00:00.000,564,2344.26
20592,73113,2025-05-16 00:00:00.000,2023-06-25 00:00:00.000,691,2330.23
20598,70682,2025-04-14 00:00:00.000,2023-10-06 00:00:00.000,556,2316.97
20600,62383,2024-12-17 00:00:00.000,2023-04-02 00:00:00.000,625,2478.34
20606,62454,2024-12-18 00:00:00.000,2023-04-10 00:00:00.000,618,2475.95
20608,62931,2024-12-26 00:00:00.000,2023-04-07 00:00:00.000,629,2457.33
20609,61523,2024-12-03 00:00:00.000,2023-04-26 00:00:00.000,587,2539.42
20610,62674,2024-12-22 00:00:00.000,2023-04-11 00:00:00.000,621,2443.35
20611,62991,2024-12-27 00:00:00.000,2023-03-30 00:00:00.000,638,2443.35
20612,61639,2024-12-05 00:00:00.000,2023-04-21 00:00:00.000,594,2482.23
20613,62218,2024-12-14 00:00:00.000,2023-04-16 00:00:00.000,608,2478.34
20614,61957,2024-12-10 00:00:00.000,2023-04-13 00:00:00.000,607,2457.33
20615,61428,2024-12-02 00:00:00.000,2023-04-20 00:00:00.000,592,2482.23
20616,61429,2024-12-02 00:00:00.000,2023-05-01 00:00:00.000,581,2514.93
20617,64455,2025-01-17 00:00:00.000,2023-05-21 00:00:00.000,607,2479.94
20620,64854,2025-01-23 00:00:00.000,2023-05-20 00:00:00.000,614,2466.32
20621,63758,2025-01-06 00:00:00.000,2023-05-07 00:00:00.000,610,2539.42
20622,63996,2025-01-10 00:00:00.000,2023-05-26 00:00:00.000,595,2561.32
20623,64888,2025-01-23 00:00:00.000,2023-05-13 00:00:00.000,621,2514.93
20624,65009,2025-01-25 00:00:00.000,2023-05-18 00:00:00.000,618,2443.35
20625,63869,2025-01-07 00:00:00.000,2023-05-23 00:00:00.000,595,2451.30
20626,64284,2025-01-14 00:00:00.000,2023-05-09 00:00:00.000,616,2460.29
20627,64845,2025-01-22 00:00:00.000,2023-05-16 00:00:00.000,617,2466.32
20628,63678,2025-01-04 00:00:00.000,2023-05-14 00:00:00.000,601,2478.34
20629,63348,2024-12-30 00:00:00.000,2023-05-05 00:00:00.000,605,2482.23
20651,70239,2025-04-07 00:00:00.000,2023-11-04 00:00:00.000,520,1149.47
20656,70812,2025-04-15 00:00:00.000,2023-11-09 00:00:00.000,523,1174.48
20665,72910,2025-05-13 00:00:00.000,2023-11-18 00:00:00.000,542,2359.46
20669,72346,2025-05-05 00:00:00.000,2023-11-06 00:00:00.000,546,1120.49
20670,73245,2025-05-17 00:00:00.000,2023-11-20 00:00:00.000,544,1179.47
20680,74016,2025-05-27 00:00:00.000,2023-11-21 00:00:00.000,553,1170.48
20708,72551,2025-05-08 00:00:00.000,2023-12-30 00:00:00.000,495,2334.98
20710,56806,2024-09-25 00:00:00.000,2023-06-28 00:00:00.000,455,2457.33
20711,58648,2024-10-25 00:00:00.000,2023-07-26 00:00:00.000,457,2457.33
20712,59765,2024-11-08 00:00:00.000,2023-07-19 00:00:00.000,478,2478.34
20713,71568,2025-04-27 00:00:00.000,2023-07-20 00:00:00.000,647,2638.94
20716,51279,2024-06-04 00:00:00.000,2023-10-04 00:00:00.000,244,777.34
20716,72737,2025-05-11 00:00:00.000,2024-06-04 00:00:00.000,341,2350.96
20717,61044,2024-11-27 00:00:00.000,2023-07-25 00:00:00.000,491,2457.33
20718,69731,2025-04-01 00:00:00.000,2023-07-26 00:00:00.000,615,2500.44
20719,58411,2024-10-20 00:00:00.000,2023-10-20 00:00:00.000,366,1164.47
20720,58580,2024-10-23 00:00:00.000,2023-10-09 00:00:00.000,380,1155.48
20722,51640,2024-06-26 00:00:00.000,2023-11-29 00:00:00.000,210,819.48
20722,58180,2024-10-16 00:00:00.000,2024-06-26 00:00:00.000,112,776.33
20726,59268,2024-10-31 00:00:00.000,2023-11-14 00:00:00.000,352,1158.96
20736,73628,2025-05-22 00:00:00.000,2023-12-09 00:00:00.000,530,1145.48
20740,66164,2025-02-10 00:00:00.000,2024-12-01 00:00:00.000,71,59.98
20745,74987,2025-06-25 00:00:00.000,2024-10-12 00:00:00.000,256,64.47
20746,61815,2024-12-08 00:00:00.000,2024-08-27 00:00:00.000,103,54.98
20756,71384,2025-04-24 00:00:00.000,2025-02-02 00:00:00.000,81,7.28
20764,63387,2024-12-31 00:00:00.000,2024-10-16 00:00:00.000,76,7.28
20807,74104,2025-05-29 00:00:00.000,2023-07-29 00:00:00.000,670,2466.32
20808,60952,2024-11-25 00:00:00.000,2023-11-07 00:00:00.000,384,1155.48
20811,59218,2024-10-31 00:00:00.000,2023-08-03 00:00:00.000,455,2487.33
20812,53655,2024-07-30 00:00:00.000,2023-05-09 00:00:00.000,448,548.98
20814,54421,2024-08-13 00:00:00.000,2023-05-18 00:00:00.000,453,607.96
20815,53968,2024-08-05 00:00:00.000,2023-05-20 00:00:00.000,443,539.99
20816,54516,2024-08-15 00:00:00.000,2023-05-19 00:00:00.000,454,650.45
20817,54470,2024-08-14 00:00:00.000,2023-05-07 00:00:00.000,465,539.99
20818,54471,2024-08-14 00:00:00.000,2023-05-28 00:00:00.000,444,652.46
20819,54363,2024-08-12 00:00:00.000,2023-05-03 00:00:00.000,467,603.49
20820,54362,2024-08-12 00:00:00.000,2023-05-01 00:00:00.000,469,565.47
20821,55223,2024-08-28 00:00:00.000,2023-05-10 00:00:00.000,476,539.99
20822,54136,2024-08-08 00:00:00.000,2023-05-21 00:00:00.000,445,556.26
20823,55494,2024-08-31 00:00:00.000,2023-05-29 00:00:00.000,460,638.48
20824,51190,2024-05-30 00:00:00.000,2023-08-12 00:00:00.000,292,1729.97
20825,61861,2024-12-09 00:00:00.000,2023-08-29 00:00:00.000,468,2443.35
20828,60950,2024-11-25 00:00:00.000,2023-11-05 00:00:00.000,386,1155.48
20829,60037,2024-11-11 00:00:00.000,2023-11-22 00:00:00.000,355,1179.47
20830,60891,2024-11-24 00:00:00.000,2023-10-30 00:00:00.000,391,1183.47
20831,60446,2024-11-17 00:00:00.000,2023-11-13 00:00:00.000,370,1229.96
20832,51619,2024-06-25 00:00:00.000,2023-08-03 00:00:00.000,327,1750.98
20833,59339,2024-11-01 00:00:00.000,2023-11-12 00:00:00.000,355,1120.49
20834,51442,2024-06-14 00:00:00.000,2023-08-13 00:00:00.000,306,1783.96
20835,64519,2025-01-17 00:00:00.000,2023-12-17 00:00:00.000,397,1219.45
20836,64610,2025-01-18 00:00:00.000,2023-12-20 00:00:00.000,395,1155.48
20837,51661,2024-06-27 00:00:00.000,2023-08-24 00:00:00.000,308,1764.96
20838,52730,2024-07-16 00:00:00.000,2023-09-14 00:00:00.000,306,1758.95
20839,52416,2024-07-10 00:00:00.000,2023-08-31 00:00:00.000,314,1728.27
20841,63874,2025-01-07 00:00:00.000,2023-12-14 00:00:00.000,390,1155.48
20842,65872,2025-02-05 00:00:00.000,2023-12-22 00:00:00.000,411,1169.46
20843,66201,2025-02-10 00:00:00.000,2024-01-08 00:00:00.000,399,1120.49
20845,66072,2025-02-08 00:00:00.000,2024-01-02 00:00:00.000,403,1174.48
20847,66496,2025-02-15 00:00:00.000,2024-01-27 00:00:00.000,385,1164.47
20848,53297,2024-07-27 00:00:00.000,2023-09-18 00:00:00.000,313,1775.47
20850,54437,2024-08-14 00:00:00.000,2023-09-10 00:00:00.000,339,1773.95
20851,56343,2024-09-16 00:00:00.000,2023-09-18 00:00:00.000,364,1735.98
20852,56276,2024-09-15 00:00:00.000,2023-10-25 00:00:00.000,326,1763.97
20854,66497,2025-02-15 00:00:00.000,2024-02-15 00:00:00.000,366,1155.48
20856,56344,2024-09-16 00:00:00.000,2023-10-24 00:00:00.000,328,1700.99
20859,58139,2024-10-16 00:00:00.000,2023-10-02 00:00:00.000,380,1725.98
20860,53250,2024-07-26 00:00:00.000,2024-02-06 00:00:00.000,171,819.48
20860,60021,2024-11-11 00:00:00.000,2024-07-26 00:00:00.000,108,777.34
20861,52534,2024-07-12 00:00:00.000,2024-02-24 00:00:00.000,139,806.45
20861,60235,2024-11-14 00:00:00.000,2024-07-12 00:00:00.000,125,778.62
20862,62538,2024-12-20 00:00:00.000,2023-10-16 00:00:00.000,431,2457.33
20863,64799,2025-01-22 00:00:00.000,2023-10-27 00:00:00.000,453,2478.34
20864,66328,2025-02-13 00:00:00.000,2023-10-26 00:00:00.000,476,2451.30
20866,73114,2025-05-16 00:00:00.000,2023-11-07 00:00:00.000,556,2374.98
20869,58485,2024-10-22 00:00:00.000,2023-11-21 00:00:00.000,336,1759.97
20870,66498,2025-02-15 00:00:00.000,2024-03-11 00:00:00.000,341,1155.48
20872,58423,2024-10-21 00:00:00.000,2023-11-22 00:00:00.000,334,1735.98
20874,67407,2025-02-28 00:00:00.000,2024-03-17 00:00:00.000,348,1179.47
20875,58358,2024-10-20 00:00:00.000,2023-11-20 00:00:00.000,335,1735.98
20876,68878,2025-03-22 00:00:00.000,2024-03-11 00:00:00.000,376,1155.48
20879,66838,2025-02-21 00:00:00.000,2023-11-09 00:00:00.000,470,2501.31
20880,58033,2024-10-14 00:00:00.000,2023-12-14 00:00:00.000,305,1735.98
20885,58359,2024-10-20 00:00:00.000,2023-12-01 00:00:00.000,324,1735.98
20886,57490,2024-10-04 00:00:00.000,2023-12-04 00:00:00.000,305,1750.98
20890,60572,2024-11-20 00:00:00.000,2023-12-26 00:00:00.000,330,1744.97
20892,67911,2025-03-08 00:00:00.000,2023-12-01 00:00:00.000,463,2457.33
20896,68195,2025-03-12 00:00:00.000,2024-03-10 00:00:00.000,367,1174.48
20912,57855,2024-10-11 00:00:00.000,2024-03-28 00:00:00.000,197,813.46
20912,68006,2025-03-09 00:00:00.000,2024-10-11 00:00:00.000,149,777.34
20913,69154,2025-03-26 00:00:00.000,2024-04-02 00:00:00.000,358,1164.47
20914,68339,2025-03-14 00:00:00.000,2024-04-04 00:00:00.000,344,1143.46
20917,68951,2025-03-24 00:00:00.000,2024-01-24 00:00:00.000,425,2451.30
20921,69322,2025-03-29 00:00:00.000,2024-01-25 00:00:00.000,429,2451.30
20922,70317,2025-04-09 00:00:00.000,2024-01-02 00:00:00.000,463,2443.35
20923,60263,2024-11-15 00:00:00.000,2024-04-24 00:00:00.000,205,814.47
20923,67822,2025-03-06 00:00:00.000,2024-11-15 00:00:00.000,111,777.34
20930,63014,2024-12-28 00:00:00.000,2024-04-21 00:00:00.000,251,804.47
20930,71467,2025-04-25 00:00:00.000,2024-12-28 00:00:00.000,118,776.33
20931,72587,2025-05-09 00:00:00.000,2024-01-18 00:00:00.000,477,2490.18
20933,59921,2024-11-10 00:00:00.000,2024-01-20 00:00:00.000,295,1735.98
20945,68262,2025-03-13 00:00:00.000,2024-04-28 00:00:00.000,319,1170.48
20970,69720,2025-03-31 00:00:00.000,2024-04-05 00:00:00.000,360,1179.47
20975,60849,2024-11-24 00:00:00.000,2024-01-21 00:00:00.000,308,1732.26
20979,70084,2025-04-05 00:00:00.000,2024-04-25 00:00:00.000,345,1164.47
20980,70744,2025-04-14 00:00:00.000,2024-04-11 00:00:00.000,368,1198.97
20982,51225,2024-06-01 00:00:00.000,2024-02-04 00:00:00.000,118,1763.97
20983,56840,2024-09-25 00:00:00.000,2023-05-16 00:00:00.000,498,600.46
20984,55495,2024-08-31 00:00:00.000,2023-05-08 00:00:00.000,481,574.98
20985,55726,2024-09-04 00:00:00.000,2023-05-22 00:00:00.000,471,539.99
20987,56263,2024-09-14 00:00:00.000,2023-05-01 00:00:00.000,502,553.97
20988,55496,2024-08-31 00:00:00.000,2023-05-04 00:00:00.000,485,539.99
20989,56897,2024-09-26 00:00:00.000,2023-05-16 00:00:00.000,499,570.47
20990,56061,2024-09-10 00:00:00.000,2023-05-22 00:00:00.000,477,617.95
20991,56898,2024-09-26 00:00:00.000,2023-05-06 00:00:00.000,509,539.99
20992,55727,2024-09-04 00:00:00.000,2023-05-01 00:00:00.000,492,561.48
20993,56747,2024-09-23 00:00:00.000,2023-05-01 00:00:00.000,511,683.77
20994,55540,2024-09-01 00:00:00.000,2023-05-01 00:00:00.000,489,613.45
20995,56684,2024-09-22 00:00:00.000,2023-04-30 00:00:00.000,511,548.98
20996,56109,2024-09-11 00:00:00.000,2023-05-06 00:00:00.000,494,571.72
20997,55798,2024-09-05 00:00:00.000,2023-06-19 00:00:00.000,444,562.96
20998,56746,2024-09-23 00:00:00.000,2023-06-27 00:00:00.000,454,624.95
20999,56261,2024-09-14 00:00:00.000,2023-06-04 00:00:00.000,468,553.97
21000,58763,2024-10-26 00:00:00.000,2023-06-26 00:00:00.000,488,539.99
21001,57231,2024-09-29 00:00:00.000,2023-06-15 00:00:00.000,472,574.98
21002,58817,2024-10-27 00:00:00.000,2023-06-04 00:00:00.000,511,548.98
21006,71142,2025-04-20 00:00:00.000,2024-04-20 00:00:00.000,365,1155.48
21008,70008,2025-04-04 00:00:00.000,2024-04-07 00:00:00.000,362,1174.48
21011,60392,2024-11-17 00:00:00.000,2024-02-10 00:00:00.000,281,1744.97
21012,60190,2024-11-14 00:00:00.000,2024-02-25 00:00:00.000,263,1714.97
21015,70589,2025-04-12 00:00:00.000,2024-04-20 00:00:00.000,357,1174.48
21016,69643,2025-03-30 00:00:00.000,2024-05-02 00:00:00.000,332,1155.48
21018,59087,2024-10-29 00:00:00.000,2024-02-24 00:00:00.000,248,1732.26
21020,59146,2024-10-30 00:00:00.000,2024-02-04 00:00:00.000,269,1714.97
21027,59502,2024-11-04 00:00:00.000,2024-02-08 00:00:00.000,270,1754.98
21029,70368,2025-04-09 00:00:00.000,2024-05-23 00:00:00.000,321,1151.76
21034,59992,2024-11-11 00:00:00.000,2024-02-03 00:00:00.000,282,1750.98
21035,70083,2025-04-05 00:00:00.000,2024-05-12 00:00:00.000,328,1174.48
21036,59147,2024-10-30 00:00:00.000,2024-02-16 00:00:00.000,257,1764.96
21037,64862,2025-01-23 00:00:00.000,2024-05-13 00:00:00.000,255,843.97
21037,72323,2025-05-05 00:00:00.000,2025-01-23 00:00:00.000,102,811.32
21039,51606,2024-06-24 00:00:00.000,2024-02-03 00:00:00.000,142,1700.99
21040,51620,2024-06-25 00:00:00.000,2024-01-28 00:00:00.000,149,1783.96
21044,59419,2024-11-03 00:00:00.000,2024-03-22 00:00:00.000,226,1750.98
21053,60257,2024-11-15 00:00:00.000,2024-03-23 00:00:00.000,237,1759.97
21055,72621,2025-05-09 00:00:00.000,2025-01-12 00:00:00.000,117,751.34
21056,51605,2024-06-24 00:00:00.000,2024-03-11 00:00:00.000,105,1764.96
21060,62761,2024-12-24 00:00:00.000,2024-03-09 00:00:00.000,290,1725.48
21065,72913,2025-05-13 00:00:00.000,2025-01-18 00:00:00.000,115,742.35
21067,62096,2024-12-13 00:00:00.000,2024-03-28 00:00:00.000,260,1700.99
21071,61439,2024-12-02 00:00:00.000,2024-03-06 00:00:00.000,271,1750.98
21092,52679,2024-07-15 00:00:00.000,2024-03-25 00:00:00.000,112,1728.27
21093,53729,2024-08-01 00:00:00.000,2024-04-21 00:00:00.000,102,1732.26
21103,54598,2024-08-17 00:00:00.000,2024-03-31 00:00:00.000,139,1723.96
21104,58140,2024-10-16 00:00:00.000,2024-04-08 00:00:00.000,191,1783.96
21105,57755,2024-10-09 00:00:00.000,2024-04-10 00:00:00.000,182,1750.98
21106,57435,2024-10-03 00:00:00.000,2024-04-01 00:00:00.000,185,1754.98
21130,60056,2024-11-12 00:00:00.000,2024-03-29 00:00:00.000,228,1700.99
21138,72322,2025-05-05 00:00:00.000,2023-12-30 00:00:00.000,492,2322.28
21148,72573,2025-05-08 00:00:00.000,2023-12-04 00:00:00.000,521,1174.48
21165,63868,2025-01-07 00:00:00.000,2023-06-29 00:00:00.000,558,2492.32
21166,63936,2025-01-08 00:00:00.000,2023-06-01 00:00:00.000,587,2466.32
21167,65142,2025-01-27 00:00:00.000,2023-06-22 00:00:00.000,585,2475.95
21168,64720,2025-01-20 00:00:00.000,2023-06-18 00:00:00.000,582,2443.35
21169,63408,2024-12-31 00:00:00.000,2023-06-29 00:00:00.000,551,2466.32
21173,63799,2025-01-06 00:00:00.000,2023-06-01 00:00:00.000,585,2478.34
21179,63984,2025-01-09 00:00:00.000,2023-06-25 00:00:00.000,564,2492.32
21180,63673,2025-01-04 00:00:00.000,2023-06-20 00:00:00.000,564,1700.99
21183,64227,2025-01-13 00:00:00.000,2023-06-06 00:00:00.000,587,2475.95
21189,64039,2025-01-10 00:00:00.000,2023-06-27 00:00:00.000,563,1764.96
21191,64773,2025-01-21 00:00:00.000,2023-06-04 00:00:00.000,597,1725.98
21192,64659,2025-01-19 00:00:00.000,2023-06-19 00:00:00.000,580,1785.97
21193,65543,2025-01-31 00:00:00.000,2023-05-30 00:00:00.000,612,1723.96
21194,65936,2025-02-06 00:00:00.000,2023-06-26 00:00:00.000,591,1729.97
21195,65376,2025-01-28 00:00:00.000,2023-06-14 00:00:00.000,594,1700.99
21197,66006,2025-02-07 00:00:00.000,2023-06-12 00:00:00.000,606,1735.98
21199,66484,2025-02-15 00:00:00.000,2023-06-06 00:00:00.000,620,1700.99
21200,65855,2025-02-05 00:00:00.000,2023-06-02 00:00:00.000,614,1750.98
21201,64283,2025-01-14 00:00:00.000,2023-06-12 00:00:00.000,582,2478.34
21202,65067,2025-01-26 00:00:00.000,2023-06-28 00:00:00.000,578,2451.30
21203,65068,2025-01-26 00:00:00.000,2023-06-26 00:00:00.000,580,2452.34
21205,63602,2025-01-03 00:00:00.000,2023-06-25 00:00:00.000,558,2443.35
21206,65494,2025-01-30 00:00:00.000,2023-06-01 00:00:00.000,609,1700.99
21211,64361,2025-01-15 00:00:00.000,2023-06-15 00:00:00.000,580,2457.33
21214,65733,2025-02-03 00:00:00.000,2023-06-20 00:00:00.000,594,2478.34
21215,66420,2025-02-14 00:00:00.000,2023-06-08 00:00:00.000,617,2443.35
21216,65670,2025-02-02 00:00:00.000,2023-06-09 00:00:00.000,604,2492.32
21217,66419,2025-02-14 00:00:00.000,2023-07-20 00:00:00.000,575,2478.34
21218,65732,2025-02-03 00:00:00.000,2023-07-14 00:00:00.000,570,2479.94
21219,66872,2025-02-21 00:00:00.000,2023-07-23 00:00:00.000,579,2514.93
21222,65727,2025-02-03 00:00:00.000,2023-07-17 00:00:00.000,567,1754.98
21225,66621,2025-02-17 00:00:00.000,2023-07-08 00:00:00.000,590,2551.30
21226,65941,2025-02-06 00:00:00.000,2023-07-20 00:00:00.000,567,2478.24
21228,65377,2025-01-28 00:00:00.000,2023-07-12 00:00:00.000,566,1754.98
21229,66743,2025-02-19 00:00:00.000,2023-07-29 00:00:00.000,571,1754.98
21230,66817,2025-02-20 00:00:00.000,2023-07-08 00:00:00.000,593,1728.27
21231,68789,2025-03-21 00:00:00.000,2023-07-26 00:00:00.000,604,1754.98
21238,74805,2025-06-19 00:00:00.000,2024-09-02 00:00:00.000,290,7.28
21251,63386,2024-12-31 00:00:00.000,2024-12-07 00:00:00.000,24,166.28
21252,52807,2024-07-17 00:00:00.000,2024-07-12 00:00:00.000,5,64.47
21256,68864,2025-03-22 00:00:00.000,2023-07-18 00:00:00.000,613,1735.98
21257,68329,2025-03-14 00:00:00.000,2023-07-03 00:00:00.000,620,1700.99
21258,68387,2025-03-15 00:00:00.000,2023-07-06 00:00:00.000,618,1754.98
21259,68935,2025-03-23 00:00:00.000,2023-07-09 00:00:00.000,623,1725.98
21266,74130,2025-05-29 00:00:00.000,2024-01-05 00:00:00.000,510,2475.97
21272,74128,2025-05-29 00:00:00.000,2024-01-09 00:00:00.000,506,2363.96
21284,73856,2025-05-25 00:00:00.000,2024-01-06 00:00:00.000,505,1174.48
21305,73487,2025-05-20 00:00:00.000,2024-01-15 00:00:00.000,491,1155.48
21311,73998,2025-05-27 00:00:00.000,2024-01-09 00:00:00.000,504,2423.48
21331,51424,2024-06-12 00:00:00.000,2024-01-03 00:00:00.000,161,599.47
21332,52519,2024-07-11 00:00:00.000,2024-01-23 00:00:00.000,170,567.76
21336,56271,2024-09-14 00:00:00.000,2024-02-13 00:00:00.000,214,556.93
21348,72820,2025-05-12 00:00:00.000,2024-02-01 00:00:00.000,466,2342.92
21349,51415,2024-06-12 00:00:00.000,2024-02-25 00:00:00.000,108,917.96
21352,55966,2024-09-08 00:00:00.000,2024-02-11 00:00:00.000,210,553.97
21354,55729,2024-09-04 00:00:00.000,2024-02-08 00:00:00.000,209,574.98
21359,58400,2024-10-20 00:00:00.000,2023-07-16 00:00:00.000,462,588.96
21361,57232,2024-09-29 00:00:00.000,2023-07-17 00:00:00.000,440,553.97
21379,58401,2024-10-20 00:00:00.000,2023-07-16 00:00:00.000,462,548.98
21380,57358,2024-10-01 00:00:00.000,2023-07-13 00:00:00.000,446,553.97
21384,58532,2024-10-22 00:00:00.000,2023-07-19 00:00:00.000,461,739.46
21387,58818,2024-10-27 00:00:00.000,2023-07-05 00:00:00.000,480,563.77
21389,57359,2024-10-01 00:00:00.000,2023-07-07 00:00:00.000,452,588.96
21393,66359,2025-02-13 00:00:00.000,2023-07-05 00:00:00.000,589,2481.82
21394,66139,2025-02-09 00:00:00.000,2023-07-02 00:00:00.000,588,2475.95
21400,58282,2024-10-18 00:00:00.000,2024-02-14 00:00:00.000,247,617.47
21402,66489,2025-02-15 00:00:00.000,2023-07-22 00:00:00.000,574,2443.35
21403,66748,2025-02-19 00:00:00.000,2023-07-11 00:00:00.000,589,2452.34
21404,65669,2025-02-02 00:00:00.000,2023-07-23 00:00:00.000,560,2502.83
21408,65614,2025-02-01 00:00:00.000,2023-07-11 00:00:00.000,571,2443.35
21418,66931,2025-02-22 00:00:00.000,2023-07-11 00:00:00.000,592,2478.34
21423,66350,2025-02-13 00:00:00.000,2024-02-20 00:00:00.000,359,839.46
21501,51378,2024-06-10 00:00:00.000,2024-01-29 00:00:00.000,133,589.98
21508,72866,2025-05-13 00:00:00.000,2024-04-30 00:00:00.000,378,2369.96
21509,73655,2025-05-23 00:00:00.000,2024-05-01 00:00:00.000,387,2334.97
21516,72794,2025-05-12 00:00:00.000,2024-05-19 00:00:00.000,358,2319.26
21517,72069,2025-05-02 00:00:00.000,2024-05-13 00:00:00.000,354,2389.98
21534,51263,2024-06-03 00:00:00.000,2024-04-29 00:00:00.000,35,839.46
21540,61793,2024-12-08 00:00:00.000,2024-05-05 00:00:00.000,217,819.48
21545,61488,2024-12-03 00:00:00.000,2024-05-18 00:00:00.000,199,848.47
21552,66749,2025-02-19 00:00:00.000,2023-07-12 00:00:00.000,588,2443.35
21553,65783,2025-02-04 00:00:00.000,2023-07-30 00:00:00.000,555,2484.94
21555,66252,2025-02-11 00:00:00.000,2023-07-22 00:00:00.000,570,2533.93
21556,66307,2025-02-12 00:00:00.000,2023-07-06 00:00:00.000,587,2487.33
21557,66932,2025-02-22 00:00:00.000,2023-07-29 00:00:00.000,574,2443.35
21558,65857,2025-02-05 00:00:00.000,2023-07-24 00:00:00.000,562,2475.95
21559,66548,2025-02-16 00:00:00.000,2023-07-19 00:00:00.000,578,2457.33
21560,66418,2025-02-14 00:00:00.000,2023-07-21 00:00:00.000,574,2520.83
21561,65380,2025-01-28 00:00:00.000,2023-07-01 00:00:00.000,577,2504.43
21562,68388,2025-03-15 00:00:00.000,2023-08-21 00:00:00.000,572,2451.30
21567,69226,2025-03-27 00:00:00.000,2023-08-10 00:00:00.000,595,2529.93
21568,69376,2025-03-29 00:00:00.000,2023-08-03 00:00:00.000,604,2478.24
21569,68869,2025-03-22 00:00:00.000,2023-08-24 00:00:00.000,576,2516.81
21570,69300,2025-03-28 00:00:00.000,2023-08-16 00:00:00.000,590,2523.92
21571,67465,2025-03-01 00:00:00.000,2023-08-12 00:00:00.000,567,2443.35
21572,69005,2025-03-24 00:00:00.000,2023-08-07 00:00:00.000,595,2478.34
21582,57366,2024-10-01 00:00:00.000,2024-03-08 00:00:00.000,207,588.96
21589,58284,2024-10-18 00:00:00.000,2024-02-29 00:00:00.000,232,539.99
21595,57837,2024-10-10 00:00:00.000,2024-03-02 00:00:00.000,222,600.46
21613,60509,2024-11-18 00:00:00.000,2024-03-18 00:00:00.000,245,561.48
21614,60441,2024-11-17 00:00:00.000,2024-04-19 00:00:00.000,212,539.99
21618,52103,2024-07-03 00:00:00.000,2024-04-08 00:00:00.000,86,561.97
21620,61021,2024-11-26 00:00:00.000,2024-03-29 00:00:00.000,242,548.98
21621,61644,2024-12-05 00:00:00.000,2024-04-21 00:00:00.000,228,567.76
21622,66424,2025-02-14 00:00:00.000,2024-04-04 00:00:00.000,316,562.96
21629,68797,2025-03-21 00:00:00.000,2024-04-24 00:00:00.000,331,574.98
21642,68612,2025-03-18 00:00:00.000,2024-04-06 00:00:00.000,346,548.98
21652,52005,2024-07-01 00:00:00.000,2024-03-30 00:00:00.000,93,596.96
21655,54965,2024-08-23 00:00:00.000,2024-05-28 00:00:00.000,87,598.97
21658,68257,2025-03-13 00:00:00.000,2024-05-04 00:00:00.000,313,570.47
21659,70078,2025-04-05 00:00:00.000,2022-06-17 00:00:00.000,1023,565.47
21668,60570,2024-11-20 00:00:00.000,2024-05-24 00:00:00.000,180,1735.98
21669,62638,2024-12-22 00:00:00.000,2024-04-29 00:00:00.000,237,1700.99
21702,67509,2025-03-02 00:00:00.000,2024-08-11 00:00:00.000,203,51.96
21703,74345,2025-06-05 00:00:00.000,2025-01-31 00:00:00.000,125,29.98
21710,70441,2025-04-10 00:00:00.000,2022-06-22 00:00:00.000,1023,608.96
21727,71614,2025-04-27 00:00:00.000,2022-06-28 00:00:00.000,1034,553.97
21741,53755,2024-08-01 00:00:00.000,2022-06-23 00:00:00.000,770,548.98
21768,56212,2024-09-13 00:00:00.000,2022-05-30 00:00:00.000,837,539.99
21813,73853,2025-05-25 00:00:00.000,2022-07-17 00:00:00.000,1043,539.99
21873,69142,2025-03-26 00:00:00.000,2023-08-23 00:00:00.000,581,2479.94
21874,69006,2025-03-24 00:00:00.000,2023-08-18 00:00:00.000,584,2457.33
21875,69377,2025-03-29 00:00:00.000,2023-08-02 00:00:00.000,605,2478.34
21876,67689,2025-03-04 00:00:00.000,2023-08-21 00:00:00.000,561,2481.82
21877,68792,2025-03-21 00:00:00.000,2023-08-17 00:00:00.000,582,2443.35
21878,67557,2025-03-02 00:00:00.000,2023-08-13 00:00:00.000,567,2482.23
21882,69007,2025-03-24 00:00:00.000,2023-08-29 00:00:00.000,573,2443.35
21885,67945,2025-03-08 00:00:00.000,2023-08-16 00:00:00.000,570,2460.29
21886,67893,2025-03-07 00:00:00.000,2023-08-11 00:00:00.000,574,2514.93
21888,67687,2025-03-04 00:00:00.000,2023-08-05 00:00:00.000,577,2482.23
21889,67629,2025-03-03 00:00:00.000,2023-08-10 00:00:00.000,571,2443.35
21891,68667,2025-03-19 00:00:00.000,2023-08-17 00:00:00.000,580,2478.34
21892,69375,2025-03-29 00:00:00.000,2023-08-08 00:00:00.000,599,2478.34
21893,69299,2025-03-28 00:00:00.000,2023-08-02 00:00:00.000,604,2482.23
21894,67688,2025-03-04 00:00:00.000,2023-08-25 00:00:00.000,557,2443.35
21895,69141,2025-03-26 00:00:00.000,2023-08-05 00:00:00.000,599,2475.95
21897,67748,2025-03-05 00:00:00.000,2023-08-28 00:00:00.000,555,2466.32
21899,68069,2025-03-10 00:00:00.000,2023-08-03 00:00:00.000,585,2482.23
21921,73085,2025-05-15 00:00:00.000,2022-07-22 00:00:00.000,1028,564.48
21939,55954,2024-09-08 00:00:00.000,2022-07-11 00:00:00.000,790,584.97
21943,67828,2025-03-06 00:00:00.000,2023-08-23 00:00:00.000,561,2443.35
21944,68015,2025-03-09 00:00:00.000,2023-08-15 00:00:00.000,572,2532.33
21945,68724,2025-03-20 00:00:00.000,2023-08-02 00:00:00.000,596,2443.35
21946,70920,2025-04-17 00:00:00.000,2023-08-09 00:00:00.000,617,2478.24
21947,70089,2025-04-06 00:00:00.000,2023-08-23 00:00:00.000,592,2451.30
21948,69945,2025-04-04 00:00:00.000,2023-08-03 00:00:00.000,610,2443.35
21949,71488,2025-04-26 00:00:00.000,2023-08-24 00:00:00.000,611,2478.34
21950,71560,2025-04-27 00:00:00.000,2023-08-13 00:00:00.000,623,2457.33
21951,70752,2025-04-15 00:00:00.000,2023-08-07 00:00:00.000,617,2479.94
21955,71282,2025-04-23 00:00:00.000,2023-08-15 00:00:00.000,617,2457.33
21956,70376,2025-04-10 00:00:00.000,2023-08-12 00:00:00.000,607,2451.30
21957,71693,2025-04-29 00:00:00.000,2023-08-08 00:00:00.000,630,2475.95
21958,71283,2025-04-23 00:00:00.000,2023-08-24 00:00:00.000,608,2514.93
21959,70377,2025-04-10 00:00:00.000,2023-08-16 00:00:00.000,603,2520.83
21966,71559,2025-04-27 00:00:00.000,2023-09-17 00:00:00.000,588,2478.34
21968,71284,2025-04-23 00:00:00.000,2023-09-11 00:00:00.000,590,2541.32
21969,71674,2025-04-28 00:00:00.000,2023-09-27 00:00:00.000,579,2577.91
21974,71195,2025-04-21 00:00:00.000,2023-09-28 00:00:00.000,571,2481.82
21976,68606,2025-03-18 00:00:00.000,2023-09-01 00:00:00.000,564,1754.98
21979,67888,2025-03-07 00:00:00.000,2023-09-09 00:00:00.000,545,1754.98
21980,68866,2025-03-22 00:00:00.000,2023-09-05 00:00:00.000,564,1891.26
21982,68253,2025-03-13 00:00:00.000,2023-09-25 00:00:00.000,535,1700.99
21983,70579,2025-04-12 00:00:00.000,2023-09-01 00:00:00.000,589,1700.99
21984,69922,2025-04-03 00:00:00.000,2023-09-12 00:00:00.000,569,1732.26
21985,70509,2025-04-11 00:00:00.000,2023-09-04 00:00:00.000,585,1754.98
21986,70802,2025-04-15 00:00:00.000,2023-09-09 00:00:00.000,584,1700.99
21987,70356,2025-04-09 00:00:00.000,2023-09-27 00:00:00.000,560,2457.33
21994,71264,2025-04-22 00:00:00.000,2023-09-01 00:00:00.000,599,2478.34
21996,71197,2025-04-21 00:00:00.000,2023-09-14 00:00:00.000,585,1764.96
21999,69627,2025-03-30 00:00:00.000,2023-09-22 00:00:00.000,555,2478.34
22000,69921,2025-04-03 00:00:00.000,2023-09-10 00:00:00.000,571,2482.23
22004,69629,2025-03-30 00:00:00.000,2023-09-09 00:00:00.000,568,1735.98
22008,72715,2025-05-10 00:00:00.000,2022-07-21 00:00:00.000,1024,562.96
22014,74483,2025-06-09 00:00:00.000,2024-11-10 00:00:00.000,211,40.22
22030,71675,2025-04-28 00:00:00.000,2023-09-19 00:00:00.000,587,1700.99
22031,71198,2025-04-21 00:00:00.000,2023-09-13 00:00:00.000,586,1714.97
22032,69847,2025-04-02 00:00:00.000,2023-09-06 00:00:00.000,574,1700.99
22033,70803,2025-04-15 00:00:00.000,2023-09-11 00:00:00.000,582,1735.98
22041,73703,2025-05-23 00:00:00.000,2022-06-30 00:00:00.000,1058,588.96
22050,60289,2024-11-15 00:00:00.000,2022-07-29 00:00:00.000,840,582.26
22058,72111,2025-05-02 00:00:00.000,2022-08-01 00:00:00.000,1005,539.99
22109,51402,2024-06-11 00:00:00.000,2022-08-18 00:00:00.000,663,2393.06
22112,53063,2024-07-22 00:00:00.000,2022-08-26 00:00:00.000,696,2469.05
22114,59114,2024-10-29 00:00:00.000,2022-07-31 00:00:00.000,821,604.96
22117,62130,2024-12-13 00:00:00.000,2022-08-21 00:00:00.000,845,579.97
22118,62853,2024-12-25 00:00:00.000,2022-09-21 00:00:00.000,826,579.97
22120,53868,2024-08-03 00:00:00.000,2022-09-27 00:00:00.000,676,2384.07
22121,58821,2024-10-27 00:00:00.000,2022-10-17 00:00:00.000,741,2419.06
22128,62803,2024-12-24 00:00:00.000,2022-10-25 00:00:00.000,791,563.96
22168,58888,2024-10-28 00:00:00.000,2023-09-12 00:00:00.000,412,553.97
22170,57417,2024-10-02 00:00:00.000,2023-09-03 00:00:00.000,395,563.77
22171,58063,2024-10-14 00:00:00.000,2023-09-24 00:00:00.000,386,539.99
22172,58572,2024-10-23 00:00:00.000,2023-09-01 00:00:00.000,418,750.74
22173,57581,2024-10-05 00:00:00.000,2023-09-08 00:00:00.000,393,553.97
22174,57230,2024-09-29 00:00:00.000,2023-09-11 00:00:00.000,384,564.48
22175,57357,2024-10-01 00:00:00.000,2023-09-12 00:00:00.000,385,574.98
22178,70727,2025-04-14 00:00:00.000,2023-09-10 00:00:00.000,582,1789.97
22180,70148,2025-04-06 00:00:00.000,2023-08-31 00:00:00.000,584,2451.30
22181,70357,2025-04-09 00:00:00.000,2023-09-05 00:00:00.000,582,2492.32
22182,61085,2024-11-27 00:00:00.000,2022-10-25 00:00:00.000,764,2428.05
22193,69776,2025-04-01 00:00:00.000,2023-09-28 00:00:00.000,551,2443.35
22194,71602,2025-04-27 00:00:00.000,2023-09-26 00:00:00.000,579,2452.34
22195,72251,2025-05-04 00:00:00.000,2023-09-05 00:00:00.000,607,2466.32
22196,72325,2025-05-05 00:00:00.000,2023-09-13 00:00:00.000,600,2451.30
22197,72326,2025-05-05 00:00:00.000,2023-09-06 00:00:00.000,607,2559.42
22198,72048,2025-05-01 00:00:00.000,2023-09-10 00:00:00.000,599,2479.94
22199,72703,2025-05-10 00:00:00.000,2023-09-17 00:00:00.000,601,2512.32
22200,73161,2025-05-16 00:00:00.000,2023-09-11 00:00:00.000,613,2478.34
22201,72704,2025-05-10 00:00:00.000,2023-10-19 00:00:00.000,569,2568.92
22202,74137,2025-05-29 00:00:00.000,2023-10-07 00:00:00.000,600,2490.18
22203,72327,2025-05-05 00:00:00.000,2023-10-23 00:00:00.000,560,2443.35
22207,74076,2025-05-28 00:00:00.000,2023-10-05 00:00:00.000,601,2478.34
22230,67064,2025-02-24 00:00:00.000,2022-10-25 00:00:00.000,853,644.96
22232,60304,2024-11-15 00:00:00.000,2022-10-20 00:00:00.000,757,2407.04
22233,60170,2024-11-13 00:00:00.000,2022-10-17 00:00:00.000,758,2419.06
22234,62013,2024-12-11 00:00:00.000,2022-10-22 00:00:00.000,781,2398.05
22247,62148,2024-12-13 00:00:00.000,2022-11-19 00:00:00.000,755,2400.34
22251,64889,2025-01-23 00:00:00.000,2022-11-17 00:00:00.000,798,2393.06
22252,63353,2024-12-30 00:00:00.000,2022-11-22 00:00:00.000,769,2469.05
22267,67544,2025-03-02 00:00:00.000,2022-11-11 00:00:00.000,842,588.96
22268,65015,2025-01-25 00:00:00.000,2022-11-26 00:00:00.000,791,2453.04
22299,69365,2025-03-29 00:00:00.000,2022-11-06 00:00:00.000,874,567.27
22373,65499,2025-01-30 00:00:00.000,2022-11-19 00:00:00.000,803,2398.05
22399,57471,2024-10-03 00:00:00.000,2023-10-17 00:00:00.000,352,603.49
22400,58459,2024-10-21 00:00:00.000,2023-09-30 00:00:00.000,387,556.26
22401,58006,2024-10-13 00:00:00.000,2023-10-17 00:00:00.000,362,539.99
22402,58764,2024-10-26 00:00:00.000,2023-10-10 00:00:00.000,382,539.99
22404,59193,2024-10-30 00:00:00.000,2023-10-28 00:00:00.000,368,539.99
22406,59557,2024-11-04 00:00:00.000,2023-10-27 00:00:00.000,374,574.98
22407,59694,2024-11-06 00:00:00.000,2023-10-19 00:00:00.000,384,574.98
22408,59634,2024-11-05 00:00:00.000,2023-10-10 00:00:00.000,392,588.96
22409,59558,2024-11-04 00:00:00.000,2023-10-21 00:00:00.000,380,564.48
22410,60817,2024-11-23 00:00:00.000,2023-10-05 00:00:00.000,415,539.99
22411,60745,2024-11-22 00:00:00.000,2023-10-24 00:00:00.000,395,588.96
22412,59964,2024-11-10 00:00:00.000,2023-09-30 00:00:00.000,407,574.98
22571,59560,2024-11-04 00:00:00.000,2023-10-07 00:00:00.000,394,653.46
22572,61163,2024-11-28 00:00:00.000,2023-10-25 00:00:00.000,400,553.97
22573,59818,2024-11-08 00:00:00.000,2023-10-22 00:00:00.000,383,539.99
22575,59885,2024-11-09 00:00:00.000,2023-10-01 00:00:00.000,405,574.98
22576,59962,2024-11-10 00:00:00.000,2023-10-01 00:00:00.000,406,539.99
22577,61162,2024-11-28 00:00:00.000,2023-10-29 00:00:00.000,396,561.48
22578,60368,2024-11-16 00:00:00.000,2023-10-09 00:00:00.000,404,553.97
22579,59329,2024-11-01 00:00:00.000,2023-10-16 00:00:00.000,382,548.98
22580,59406,2024-11-02 00:00:00.000,2023-10-02 00:00:00.000,397,607.96
22581,59487,2024-11-03 00:00:00.000,2023-10-10 00:00:00.000,390,567.76
22582,62086,2024-12-12 00:00:00.000,2023-10-06 00:00:00.000,433,574.98
22583,62087,2024-12-12 00:00:00.000,2023-10-15 00:00:00.000,424,639.95
22713,73913,2025-05-26 00:00:00.000,2022-11-20 00:00:00.000,918,569.92
22732,72397,2025-05-06 00:00:00.000,2022-10-31 00:00:00.000,918,554.97
22748,74069,2025-05-28 00:00:00.000,2022-12-04 00:00:00.000,906,609.97
22765,66141,2025-02-09 00:00:00.000,2022-12-05 00:00:00.000,797,2400.34
22785,51253,2024-06-02 00:00:00.000,2022-12-02 00:00:00.000,548,2451.30
22845,74003,2025-05-27 00:00:00.000,2023-10-09 00:00:00.000,596,2452.34
22850,73385,2025-05-19 00:00:00.000,2023-10-23 00:00:00.000,574,2475.95
22851,72167,2025-05-03 00:00:00.000,2023-10-10 00:00:00.000,571,2451.30
22854,73386,2025-05-19 00:00:00.000,2023-10-11 00:00:00.000,586,2478.34
22857,72487,2025-05-07 00:00:00.000,2023-10-08 00:00:00.000,577,2443.35
22860,73920,2025-05-26 00:00:00.000,2023-10-24 00:00:00.000,580,2482.23
22877,68139,2025-03-11 00:00:00.000,2022-12-29 00:00:00.000,803,2384.07
22881,71080,2025-04-19 00:00:00.000,2022-12-15 00:00:00.000,856,2419.06
22889,71547,2025-04-26 00:00:00.000,2022-12-19 00:00:00.000,859,2393.06
22893,52715,2024-07-15 00:00:00.000,2022-12-23 00:00:00.000,570,2478.24
22895,51914,2024-06-29 00:00:00.000,2022-12-10 00:00:00.000,567,2451.30
22901,70236,2025-04-07 00:00:00.000,2022-12-11 00:00:00.000,848,2393.06
22903,56996,2024-09-28 00:00:00.000,2022-12-23 00:00:00.000,645,2475.95
22904,73761,2025-05-24 00:00:00.000,2023-10-12 00:00:00.000,590,2578.43
22905,73921,2025-05-26 00:00:00.000,2023-11-11 00:00:00.000,562,2443.35
22906,72047,2025-05-01 00:00:00.000,2023-11-13 00:00:00.000,535,2443.35
22907,71414,2025-04-24 00:00:00.000,2023-11-03 00:00:00.000,538,1725.98
22908,72486,2025-05-07 00:00:00.000,2023-11-10 00:00:00.000,544,2479.94
22909,70149,2025-04-06 00:00:00.000,2023-11-05 00:00:00.000,518,1798.96
22910,70999,2025-04-18 00:00:00.000,2023-11-28 00:00:00.000,507,1700.99
22912,73918,2025-05-26 00:00:00.000,2023-11-01 00:00:00.000,572,2478.34
22913,72412,2025-05-06 00:00:00.000,2023-10-30 00:00:00.000,554,2502.83
22921,73845,2025-05-25 00:00:00.000,2023-11-11 00:00:00.000,561,2466.32
22926,73310,2025-05-18 00:00:00.000,2023-11-21 00:00:00.000,544,1754.98
22927,73387,2025-05-19 00:00:00.000,2023-10-30 00:00:00.000,567,1732.26
22929,72249,2025-05-04 00:00:00.000,2023-11-06 00:00:00.000,545,2492.32
22930,74075,2025-05-28 00:00:00.000,2023-11-28 00:00:00.000,547,2457.33
22931,51535,2024-06-20 00:00:00.000,2023-11-11 00:00:00.000,222,1700.99
22932,51462,2024-06-15 00:00:00.000,2023-10-31 00:00:00.000,228,1725.98
22933,72329,2025-05-05 00:00:00.000,2023-11-26 00:00:00.000,526,1735.98
22934,72826,2025-05-12 00:00:00.000,2023-11-18 00:00:00.000,541,1729.97
22935,72252,2025-05-04 00:00:00.000,2023-11-15 00:00:00.000,536,1769.96
22936,73013,2025-05-14 00:00:00.000,2023-11-12 00:00:00.000,549,1764.96
22937,73388,2025-05-19 00:00:00.000,2023-11-28 00:00:00.000,538,1735.98
22938,72827,2025-05-12 00:00:00.000,2023-11-22 00:00:00.000,537,1729.97
22939,72851,2025-05-13 00:00:00.000,2023-11-06 00:00:00.000,554,1779.47
22940,51311,2024-06-06 00:00:00.000,2023-10-30 00:00:00.000,220,1763.97
22942,72129,2025-05-03 00:00:00.000,2023-11-05 00:00:00.000,545,1789.97
22943,73184,2025-05-17 00:00:00.000,2023-11-11 00:00:00.000,553,1700.99
22946,53174,2024-07-24 00:00:00.000,2023-11-17 00:00:00.000,250,1729.97
22950,52148,2024-07-04 00:00:00.000,2023-11-23 00:00:00.000,224,1735.98
22951,54923,2024-08-22 00:00:00.000,2023-11-21 00:00:00.000,275,1798.96
22953,55079,2024-08-25 00:00:00.000,2023-11-01 00:00:00.000,298,1717.93
22954,54924,2024-08-22 00:00:00.000,2023-11-07 00:00:00.000,289,1735.98
22958,73642,2025-05-23 00:00:00.000,2023-11-12 00:00:00.000,558,1764.96
22959,73917,2025-05-26 00:00:00.000,2023-11-09 00:00:00.000,564,1735.98
22961,54971,2024-08-23 00:00:00.000,2023-11-05 00:00:00.000,292,1709.98
22966,56424,2024-09-17 00:00:00.000,2023-11-25 00:00:00.000,297,1735.98
22976,71546,2025-04-26 00:00:00.000,2023-01-23 00:00:00.000,824,2393.06
22986,62284,2024-12-15 00:00:00.000,2023-11-21 00:00:00.000,390,574.98
22987,72413,2025-05-06 00:00:00.000,2023-11-03 00:00:00.000,550,1760.47
22988,72488,2025-05-07 00:00:00.000,2023-11-17 00:00:00.000,537,1750.98
22995,61151,2024-11-28 00:00:00.000,2023-01-25 00:00:00.000,673,2482.23
22996,60810,2024-11-23 00:00:00.000,2023-01-04 00:00:00.000,689,2457.33
22998,51182,2024-05-29 00:00:00.000,2023-01-26 00:00:00.000,489,1750.98
23057,73700,2025-05-23 00:00:00.000,2023-01-02 00:00:00.000,872,2443.55
23074,72498,2025-05-07 00:00:00.000,2023-01-17 00:00:00.000,841,2443.55
23097,63117,2024-12-29 00:00:00.000,2023-11-16 00:00:00.000,409,588.96
23098,62874,2024-12-25 00:00:00.000,2023-11-01 00:00:00.000,420,563.77
23099,62157,2024-12-13 00:00:00.000,2023-11-28 00:00:00.000,381,539.99
23100,62021,2024-12-11 00:00:00.000,2023-11-26 00:00:00.000,381,563.77
23101,62394,2024-12-17 00:00:00.000,2023-11-16 00:00:00.000,397,613.45
23102,62231,2024-12-14 00:00:00.000,2023-11-01 00:00:00.000,409,548.98
23104,51558,2024-06-21 00:00:00.000,2023-11-27 00:00:00.000,207,1308.47
23105,51255,2024-06-02 00:00:00.000,2023-11-05 00:00:00.000,210,1179.97
23106,56365,2024-09-16 00:00:00.000,2023-11-15 00:00:00.000,306,1774.45
23107,56366,2024-09-16 00:00:00.000,2023-11-27 00:00:00.000,294,1714.97
23113,72259,2025-05-04 00:00:00.000,2023-01-18 00:00:00.000,837,2419.06
23114,72777,2025-05-11 00:00:00.000,2023-01-09 00:00:00.000,853,2418.05
23116,56839,2024-09-25 00:00:00.000,2023-12-28 00:00:00.000,272,1754.98
23117,56528,2024-09-19 00:00:00.000,2023-12-15 00:00:00.000,279,1749.96
23118,58688,2024-10-25 00:00:00.000,2023-12-04 00:00:00.000,326,1732.26
23119,58686,2024-10-25 00:00:00.000,2023-12-29 00:00:00.000,301,1763.97
23120,58240,2024-10-17 00:00:00.000,2023-12-03 00:00:00.000,319,1700.99
23121,58531,2024-10-22 00:00:00.000,2023-12-03 00:00:00.000,324,1700.99
23137,54963,2024-08-23 00:00:00.000,2023-01-10 00:00:00.000,591,1735.98
23164,52664,2024-07-14 00:00:00.000,2023-01-21 00:00:00.000,540,1228.83
23172,52518,2024-07-11 00:00:00.000,2023-01-02 00:00:00.000,556,1231.12
23209,52662,2024-07-14 00:00:00.000,2023-01-09 00:00:00.000,552,1223.84
23267,54707,2024-08-18 00:00:00.000,2023-01-23 00:00:00.000,573,1283.82
23281,54929,2024-08-22 00:00:00.000,2023-02-27 00:00:00.000,542,1249.84
23283,56372,2024-09-16 00:00:00.000,2023-02-12 00:00:00.000,582,1249.84
23306,56011,2024-09-09 00:00:00.000,2023-02-06 00:00:00.000,581,1249.84
23310,51349,2024-06-08 00:00:00.000,2023-12-20 00:00:00.000,171,1151.76
23311,52065,2024-07-03 00:00:00.000,2023-12-05 00:00:00.000,211,1155.48
23313,63059,2024-12-28 00:00:00.000,2023-12-12 00:00:00.000,382,724.47
23314,62344,2024-12-16 00:00:00.000,2023-12-09 00:00:00.000,373,562.96
23316,63060,2024-12-28 00:00:00.000,2023-12-09 00:00:00.000,385,653.46
23320,61921,2024-12-09 00:00:00.000,2023-12-21 00:00:00.000,354,548.98
23321,62232,2024-12-14 00:00:00.000,2023-12-30 00:00:00.000,350,617.47
23322,63001,2024-12-27 00:00:00.000,2023-12-22 00:00:00.000,371,599.47
23323,63002,2024-12-27 00:00:00.000,2023-12-25 00:00:00.000,368,563.77
23324,61731,2024-12-06 00:00:00.000,2023-12-10 00:00:00.000,362,548.98
23325,62694,2024-12-22 00:00:00.000,2023-12-25 00:00:00.000,363,553.97
23331,59121,2024-10-29 00:00:00.000,2023-12-27 00:00:00.000,307,1700.99
23332,60607,2024-11-20 00:00:00.000,2023-11-30 00:00:00.000,356,1700.99
23343,59550,2024-11-04 00:00:00.000,2023-12-30 00:00:00.000,310,1754.98
23344,59551,2024-11-04 00:00:00.000,2023-12-02 00:00:00.000,338,1700.99
23348,61158,2024-11-28 00:00:00.000,2023-12-22 00:00:00.000,342,1723.96
23351,58119,2024-10-15 00:00:00.000,2023-02-05 00:00:00.000,618,1249.84
23376,55592,2024-09-02 00:00:00.000,2023-02-22 00:00:00.000,558,1735.98
23378,58109,2024-10-15 00:00:00.000,2023-02-16 00:00:00.000,607,1738.96
23385,57835,2024-10-10 00:00:00.000,2023-02-02 00:00:00.000,616,1251.12
23396,58342,2024-10-19 00:00:00.000,2023-03-29 00:00:00.000,570,1313.34
23397,60300,2024-11-15 00:00:00.000,2023-03-11 00:00:00.000,615,1249.84
23408,60684,2024-11-21 00:00:00.000,2023-12-03 00:00:00.000,354,1775.47
23409,60427,2024-11-17 00:00:00.000,2023-12-05 00:00:00.000,348,1735.98
23410,59630,2024-11-05 00:00:00.000,2023-12-23 00:00:00.000,318,1834.97
23411,52019,2024-07-02 00:00:00.000,2023-12-01 00:00:00.000,214,1134.47
23412,52964,2024-07-21 00:00:00.000,2023-12-14 00:00:00.000,220,1143.46
23413,53398,2024-07-29 00:00:00.000,2023-12-19 00:00:00.000,223,1174.48
23414,54527,2024-08-16 00:00:00.000,2023-12-03 00:00:00.000,257,1209.47
23415,54933,2024-08-23 00:00:00.000,2023-12-01 00:00:00.000,266,1145.48
23416,53662,2024-07-31 00:00:00.000,2023-12-26 00:00:00.000,218,1155.48
23417,55139,2024-08-27 00:00:00.000,2023-12-20 00:00:00.000,251,1155.48
23418,54430,2024-08-14 00:00:00.000,2023-12-04 00:00:00.000,254,1218.46
23420,60608,2024-11-20 00:00:00.000,2023-12-25 00:00:00.000,331,1700.99
23421,62929,2024-12-26 00:00:00.000,2023-12-03 00:00:00.000,389,1764.96
23422,62565,2024-12-20 00:00:00.000,2024-01-21 00:00:00.000,334,1729.97
23423,61522,2024-12-03 00:00:00.000,2024-01-03 00:00:00.000,335,1754.98
23425,61906,2024-12-09 00:00:00.000,2024-01-23 00:00:00.000,321,1769.96
23429,61841,2024-12-08 00:00:00.000,2024-01-16 00:00:00.000,327,1754.98
23431,61306,2024-11-29 00:00:00.000,2023-12-31 00:00:00.000,334,1714.97
23432,62217,2024-12-14 00:00:00.000,2024-01-03 00:00:00.000,346,1735.98
23433,62007,2024-12-11 00:00:00.000,2024-01-14 00:00:00.000,332,1700.99
23434,62453,2024-12-18 00:00:00.000,2024-01-19 00:00:00.000,334,1700.99
23435,62990,2024-12-27 00:00:00.000,2024-01-20 00:00:00.000,342,1735.98
23436,61772,2024-12-07 00:00:00.000,2024-01-11 00:00:00.000,331,1768.96
23486,59826,2024-11-08 00:00:00.000,2023-03-17 00:00:00.000,602,1764.96
23511,60436,2024-11-17 00:00:00.000,2023-03-29 00:00:00.000,599,1264.84
23523,53773,2024-08-02 00:00:00.000,2024-01-16 00:00:00.000,199,1155.48
23524,54185,2024-08-10 00:00:00.000,2024-01-06 00:00:00.000,217,1155.48
23525,54932,2024-08-23 00:00:00.000,2024-01-21 00:00:00.000,215,1120.49
23526,55092,2024-08-26 00:00:00.000,2024-01-01 00:00:00.000,238,1120.49
23529,53921,2024-08-05 00:00:00.000,2024-01-19 00:00:00.000,199,1174.48
23531,53875,2024-08-04 00:00:00.000,2024-01-03 00:00:00.000,214,1155.72
23532,54249,2024-08-11 00:00:00.000,2024-01-04 00:00:00.000,220,1155.48
23533,62517,2024-12-19 00:00:00.000,2024-01-12 00:00:00.000,342,1735.98
23534,62137,2024-12-13 00:00:00.000,2024-01-24 00:00:00.000,324,1735.98
23538,62332,2024-12-16 00:00:00.000,2024-01-22 00:00:00.000,329,1754.98
23539,63536,2025-01-02 00:00:00.000,2024-01-17 00:00:00.000,351,1700.99
23540,56430,2024-09-18 00:00:00.000,2024-01-18 00:00:00.000,244,1183.47
23541,56796,2024-09-25 00:00:00.000,2024-01-03 00:00:00.000,266,1155.48
23542,56333,2024-09-16 00:00:00.000,2024-01-18 00:00:00.000,242,1155.48
23544,64594,2025-01-18 00:00:00.000,2024-01-26 00:00:00.000,358,1789.45
23545,64358,2025-01-15 00:00:00.000,2024-01-01 00:00:00.000,380,1700.99
23546,56644,2024-09-22 00:00:00.000,2024-01-19 00:00:00.000,247,1155.48
23547,56959,2024-09-28 00:00:00.000,2024-01-17 00:00:00.000,255,1155.48
23571,55332,2024-08-29 00:00:00.000,2024-01-16 00:00:00.000,226,1120.49
23572,57191,2024-09-29 00:00:00.000,2024-01-21 00:00:00.000,252,1174.48
23573,58702,2024-10-26 00:00:00.000,2024-01-24 00:00:00.000,276,1155.48
23574,57593,2024-10-06 00:00:00.000,2024-01-19 00:00:00.000,261,1155.48
23575,58350,2024-10-20 00:00:00.000,2024-01-03 00:00:00.000,291,1120.49
23583,60108,2024-11-12 00:00:00.000,2023-03-28 00:00:00.000,595,1251.12
23592,68080,2025-03-10 00:00:00.000,2023-03-05 00:00:00.000,736,1700.99
23593,63537,2025-01-02 00:00:00.000,2024-01-05 00:00:00.000,363,1808.45
23640,63406,2024-12-31 00:00:00.000,2024-01-06 00:00:00.000,360,1754.98
23645,64934,2025-01-24 00:00:00.000,2024-01-09 00:00:00.000,381,1754.98
23648,63672,2025-01-04 00:00:00.000,2024-01-24 00:00:00.000,346,1700.99
23649,65006,2025-01-25 00:00:00.000,2024-01-14 00:00:00.000,377,1763.97
23651,63933,2025-01-08 00:00:00.000,2024-02-05 00:00:00.000,338,1735.98
23652,63864,2025-01-07 00:00:00.000,2024-02-27 00:00:00.000,315,1725.98
23653,64508,2025-01-17 00:00:00.000,2024-02-01 00:00:00.000,351,1793.47
23655,66358,2025-02-13 00:00:00.000,2024-02-02 00:00:00.000,377,1700.99
23656,66191,2025-02-10 00:00:00.000,2024-02-24 00:00:00.000,352,1700.99
23658,67188,2025-02-26 00:00:00.000,2024-02-19 00:00:00.000,373,1754.98
23659,66687,2025-02-18 00:00:00.000,2024-02-27 00:00:00.000,357,1735.98
23660,66248,2025-02-11 00:00:00.000,2024-02-08 00:00:00.000,369,1735.98
23661,66192,2025-02-10 00:00:00.000,2024-02-22 00:00:00.000,354,1779.47
23662,67553,2025-03-02 00:00:00.000,2024-02-12 00:00:00.000,384,1735.98
23663,67889,2025-03-07 00:00:00.000,2024-02-14 00:00:00.000,387,1700.99
23664,69069,2025-03-25 00:00:00.000,2024-02-13 00:00:00.000,406,1759.97
23665,68516,2025-03-17 00:00:00.000,2024-02-06 00:00:00.000,405,1763.97
23725,59889,2024-11-09 00:00:00.000,2023-03-02 00:00:00.000,618,1249.84
23730,61526,2024-12-03 00:00:00.000,2023-03-16 00:00:00.000,628,1249.84
23731,61527,2024-12-03 00:00:00.000,2023-03-16 00:00:00.000,628,1249.84
23819,62011,2024-12-11 00:00:00.000,2023-03-15 00:00:00.000,637,1223.84
23829,61529,2024-12-03 00:00:00.000,2023-03-07 00:00:00.000,637,1223.84
23830,64667,2025-01-19 00:00:00.000,2023-03-14 00:00:00.000,677,1223.84
23842,66627,2025-02-17 00:00:00.000,2023-03-12 00:00:00.000,708,1249.84
23846,67195,2025-02-26 00:00:00.000,2023-03-27 00:00:00.000,702,1249.84
23858,53129,2024-07-23 00:00:00.000,2023-03-02 00:00:00.000,509,1134.47
23859,51240,2024-06-01 00:00:00.000,2023-03-21 00:00:00.000,438,574.98
23865,66756,2025-02-19 00:00:00.000,2023-04-02 00:00:00.000,689,1313.34
23866,68141,2025-03-11 00:00:00.000,2023-04-14 00:00:00.000,697,1249.84
23867,69380,2025-03-29 00:00:00.000,2023-04-15 00:00:00.000,714,1223.84
23868,69011,2025-03-24 00:00:00.000,2023-04-16 00:00:00.000,708,1251.12
23992,63620,2025-01-03 00:00:00.000,2024-02-24 00:00:00.000,314,724.47
23993,63753,2025-01-05 00:00:00.000,2024-02-17 00:00:00.000,323,628.97
23994,64676,2025-01-19 00:00:00.000,2024-02-25 00:00:00.000,329,608.96
23995,64788,2025-01-21 00:00:00.000,2024-02-08 00:00:00.000,348,539.99
23996,64053,2025-01-10 00:00:00.000,2024-02-09 00:00:00.000,336,562.96
23998,63754,2025-01-05 00:00:00.000,2024-02-04 00:00:00.000,336,574.98
23999,63476,2025-01-01 00:00:00.000,2024-02-27 00:00:00.000,309,548.98
24000,64432,2025-01-16 00:00:00.000,2024-02-11 00:00:00.000,340,539.99
24001,63934,2025-01-08 00:00:00.000,2024-02-01 00:00:00.000,342,539.99
24002,64222,2025-01-13 00:00:00.000,2024-02-24 00:00:00.000,324,562.96
24003,63477,2025-01-01 00:00:00.000,2024-01-29 00:00:00.000,338,624.97
24004,63796,2025-01-06 00:00:00.000,2024-02-25 00:00:00.000,316,562.96
24005,64040,2025-01-10 00:00:00.000,2024-02-01 00:00:00.000,344,574.98
24006,64717,2025-01-20 00:00:00.000,2024-02-07 00:00:00.000,348,539.99
24007,64660,2025-01-19 00:00:00.000,2024-02-15 00:00:00.000,339,599.47
24008,64509,2025-01-17 00:00:00.000,2024-02-12 00:00:00.000,340,548.98
24009,63982,2025-01-09 00:00:00.000,2024-01-30 00:00:00.000,345,564.48
24159,64162,2025-01-12 00:00:00.000,2024-02-25 00:00:00.000,322,574.98
24160,64223,2025-01-13 00:00:00.000,2024-02-26 00:00:00.000,322,603.49
24161,63935,2025-01-08 00:00:00.000,2024-03-23 00:00:00.000,291,539.99
24162,63734,2025-01-05 00:00:00.000,2024-03-13 00:00:00.000,298,561.48
24163,63797,2025-01-06 00:00:00.000,2024-03-04 00:00:00.000,308,574.98
24164,64225,2025-01-13 00:00:00.000,2024-03-17 00:00:00.000,302,578.46
24165,64163,2025-01-12 00:00:00.000,2024-03-25 00:00:00.000,293,603.49
24166,65780,2025-02-04 00:00:00.000,2024-03-15 00:00:00.000,326,607.96
24167,65729,2025-02-03 00:00:00.000,2024-03-05 00:00:00.000,335,539.99
24168,66927,2025-02-22 00:00:00.000,2024-03-27 00:00:00.000,332,608.96
24169,65440,2025-01-29 00:00:00.000,2024-03-16 00:00:00.000,319,553.97
24170,66136,2025-02-09 00:00:00.000,2024-03-09 00:00:00.000,337,574.98
24171,66619,2025-02-17 00:00:00.000,2024-03-10 00:00:00.000,344,562.96
24172,65730,2025-02-03 00:00:00.000,2024-03-15 00:00:00.000,325,553.97
24173,66745,2025-02-19 00:00:00.000,2024-03-06 00:00:00.000,350,589.96
24174,66928,2025-02-22 00:00:00.000,2024-03-17 00:00:00.000,342,539.99
24175,66487,2025-02-15 00:00:00.000,2024-03-15 00:00:00.000,337,561.48
24176,66008,2025-02-07 00:00:00.000,2024-03-22 00:00:00.000,322,599.47
24177,65441,2025-01-29 00:00:00.000,2024-02-29 00:00:00.000,335,539.99
24178,65731,2025-02-03 00:00:00.000,2024-03-27 00:00:00.000,313,628.97
24179,65782,2025-02-04 00:00:00.000,2024-03-23 00:00:00.000,318,608.96
24235,67561,2025-03-02 00:00:00.000,2023-04-10 00:00:00.000,692,1251.12
24241,65439,2025-01-29 00:00:00.000,2024-03-05 00:00:00.000,330,553.97
24242,65668,2025-02-02 00:00:00.000,2024-03-15 00:00:00.000,324,574.98
24244,58541,2024-10-23 00:00:00.000,2024-03-16 00:00:00.000,221,1174.48
24247,65546,2025-01-31 00:00:00.000,2024-03-25 00:00:00.000,312,539.99
24248,66689,2025-02-18 00:00:00.000,2024-03-06 00:00:00.000,349,588.96
24249,67073,2025-02-24 00:00:00.000,2024-03-05 00:00:00.000,356,574.98
24250,66869,2025-02-21 00:00:00.000,2024-03-21 00:00:00.000,337,556.93
24251,65779,2025-02-04 00:00:00.000,2024-03-16 00:00:00.000,325,539.99
24252,67556,2025-03-02 00:00:00.000,2024-03-16 00:00:00.000,351,562.96
24257,67944,2025-03-08 00:00:00.000,2024-03-26 00:00:00.000,347,588.96
24266,67627,2025-03-03 00:00:00.000,2024-03-02 00:00:00.000,366,567.76
24270,68135,2025-03-11 00:00:00.000,2024-03-12 00:00:00.000,364,662.95
24271,69002,2025-03-24 00:00:00.000,2024-03-15 00:00:00.000,374,563.77
24272,67626,2025-03-03 00:00:00.000,2024-03-11 00:00:00.000,357,553.97
24273,68868,2025-03-22 00:00:00.000,2024-03-11 00:00:00.000,376,539.99
24274,69374,2025-03-29 00:00:00.000,2024-03-31 00:00:00.000,363,574.98
24281,57901,2024-10-12 00:00:00.000,2024-04-26 00:00:00.000,169,1120.49
24282,69224,2025-03-27 00:00:00.000,2024-04-24 00:00:00.000,337,1735.98
24283,68665,2025-03-19 00:00:00.000,2024-04-27 00:00:00.000,326,1764.96
24284,70300,2025-04-08 00:00:00.000,2023-03-31 00:00:00.000,739,1259.07
24300,69137,2025-03-26 00:00:00.000,2024-04-21 00:00:00.000,339,1700.99
24301,68191,2025-03-12 00:00:00.000,2024-03-31 00:00:00.000,346,1700.99
24302,69068,2025-03-25 00:00:00.000,2024-04-04 00:00:00.000,355,1700.99
24303,67686,2025-03-04 00:00:00.000,2024-04-27 00:00:00.000,311,1763.97
24304,68518,2025-03-17 00:00:00.000,2024-04-25 00:00:00.000,326,1764.96
24305,67624,2025-03-03 00:00:00.000,2024-04-22 00:00:00.000,315,1763.97
24307,69138,2025-03-26 00:00:00.000,2024-04-27 00:00:00.000,333,1714.97
24309,72421,2025-05-06 00:00:00.000,2023-04-21 00:00:00.000,746,1214.85
24310,74080,2025-05-28 00:00:00.000,2023-04-03 00:00:00.000,786,1251.12
24332,72422,2025-05-06 00:00:00.000,2023-04-14 00:00:00.000,753,1237.82
24342,72832,2025-05-12 00:00:00.000,2023-04-07 00:00:00.000,766,1249.84
24344,53390,2024-07-28 00:00:00.000,2023-04-14 00:00:00.000,471,751.34
24360,57594,2024-10-06 00:00:00.000,2024-04-05 00:00:00.000,184,1183.47
24361,58192,2024-10-17 00:00:00.000,2024-04-14 00:00:00.000,186,1209.47
24362,57305,2024-10-01 00:00:00.000,2024-04-12 00:00:00.000,172,1157.42
24364,71603,2025-04-27 00:00:00.000,2024-04-09 00:00:00.000,383,1783.96
24365,57306,2024-10-01 00:00:00.000,2024-04-15 00:00:00.000,169,1149.47
24366,70918,2025-04-17 00:00:00.000,2024-04-25 00:00:00.000,357,1700.99
24367,70726,2025-04-14 00:00:00.000,2024-04-26 00:00:00.000,353,1735.98
24368,70648,2025-04-13 00:00:00.000,2024-04-04 00:00:00.000,374,1764.96
24371,69777,2025-04-01 00:00:00.000,2024-04-06 00:00:00.000,360,1750.47
24372,61080,2024-11-27 00:00:00.000,2024-04-21 00:00:00.000,220,1174.48
24377,69848,2025-04-02 00:00:00.000,2024-04-17 00:00:00.000,350,1763.97
24378,71470,2025-04-25 00:00:00.000,2024-04-28 00:00:00.000,362,1729.97
24381,71604,2025-04-27 00:00:00.000,2024-04-19 00:00:00.000,373,1788.96
24386,51283,2024-06-04 00:00:00.000,2023-05-18 00:00:00.000,383,565.47
24392,56115,2024-09-11 00:00:00.000,2023-05-18 00:00:00.000,482,751.34
24418,56901,2024-09-26 00:00:00.000,2023-05-18 00:00:00.000,497,751.34
24431,57895,2024-10-11 00:00:00.000,2023-05-11 00:00:00.000,519,756.33
24457,60165,2024-11-13 00:00:00.000,2024-04-03 00:00:00.000,224,1174.48
24458,70069,2025-04-05 00:00:00.000,2024-04-09 00:00:00.000,361,1700.99
24459,70917,2025-04-17 00:00:00.000,2024-04-20 00:00:00.000,362,1779.47
24460,59191,2024-10-30 00:00:00.000,2024-04-18 00:00:00.000,195,1120.49
24461,59327,2024-11-01 00:00:00.000,2024-04-19 00:00:00.000,196,1120.49
24462,59252,2024-10-31 00:00:00.000,2024-04-18 00:00:00.000,196,1174.48
24463,69628,2025-03-30 00:00:00.000,2024-05-08 00:00:00.000,326,1735.98
24465,59461,2024-11-03 00:00:00.000,2024-04-29 00:00:00.000,188,1174.48
24466,59462,2024-11-03 00:00:00.000,2024-05-02 00:00:00.000,185,1155.48
24467,59330,2024-11-01 00:00:00.000,2024-05-09 00:00:00.000,176,1155.48
24468,71265,2025-04-22 00:00:00.000,2024-04-29 00:00:00.000,358,1700.99
24474,72049,2025-05-01 00:00:00.000,2024-05-05 00:00:00.000,361,1700.99
24475,73690,2025-05-23 00:00:00.000,2024-05-23 00:00:00.000,365,1763.97
24476,59125,2024-10-29 00:00:00.000,2024-04-29 00:00:00.000,183,1120.49
24477,61585,2024-12-04 00:00:00.000,2024-05-27 00:00:00.000,191,1120.49
24478,62862,2024-12-25 00:00:00.000,2024-05-15 00:00:00.000,224,1155.48
24480,73474,2025-05-20 00:00:00.000,2024-05-09 00:00:00.000,376,1732.26
24481,73237,2025-05-17 00:00:00.000,2024-05-12 00:00:00.000,370,1735.98
24482,73100,2025-05-16 00:00:00.000,2024-05-19 00:00:00.000,362,1700.99
24484,61419,2024-12-01 00:00:00.000,2024-04-29 00:00:00.000,216,1120.49
24485,62141,2024-12-13 00:00:00.000,2024-05-24 00:00:00.000,203,1174.48
24496,59469,2024-11-03 00:00:00.000,2023-05-05 00:00:00.000,548,771.34
24502,62334,2024-12-16 00:00:00.000,2024-05-07 00:00:00.000,223,1179.97
24503,63104,2024-12-29 00:00:00.000,2024-05-18 00:00:00.000,225,1174.48
24504,61959,2024-12-10 00:00:00.000,2024-05-13 00:00:00.000,211,1120.49
24505,62008,2024-12-11 00:00:00.000,2024-05-19 00:00:00.000,206,1120.49
24506,62456,2024-12-18 00:00:00.000,2024-05-11 00:00:00.000,221,1120.49
24585,61418,2024-12-01 00:00:00.000,2024-05-19 00:00:00.000,196,1184.46
24586,74030,2025-05-28 00:00:00.000,2024-05-11 00:00:00.000,382,1700.99
24587,73033,2025-05-15 00:00:00.000,2024-05-23 00:00:00.000,357,1700.99
24590,73716,2025-05-24 00:00:00.000,2024-05-11 00:00:00.000,378,1729.97
24592,72514,2025-05-08 00:00:00.000,2024-05-13 00:00:00.000,360,1714.97
24596,72953,2025-05-14 00:00:00.000,2024-05-06 00:00:00.000,373,1725.48
24597,72825,2025-05-12 00:00:00.000,2024-05-08 00:00:00.000,369,1827.94
24598,72702,2025-05-10 00:00:00.000,2024-05-05 00:00:00.000,370,1784.96
24601,73472,2025-05-20 00:00:00.000,2024-05-04 00:00:00.000,381,1700.99
24602,73473,2025-05-20 00:00:00.000,2024-05-28 00:00:00.000,357,1700.99
24604,51212,2024-05-31 00:00:00.000,2024-05-26 00:00:00.000,5,1238.45
24605,51559,2024-06-21 00:00:00.000,2024-05-14 00:00:00.000,38,1184.46
24606,51446,2024-06-14 00:00:00.000,2023-06-22 00:00:00.000,358,1155.48
24608,52930,2024-07-20 00:00:00.000,2023-06-16 00:00:00.000,400,1120.49
24609,52157,2024-07-05 00:00:00.000,2023-07-16 00:00:00.000,355,1120.49
24611,51922,2024-06-30 00:00:00.000,2023-07-05 00:00:00.000,361,1218.98
24612,52842,2024-07-18 00:00:00.000,2023-07-19 00:00:00.000,365,1151.76
24613,52158,2024-07-05 00:00:00.000,2023-08-16 00:00:00.000,324,1147.77
24614,52843,2024-07-18 00:00:00.000,2023-08-19 00:00:00.000,334,1120.49
24615,53977,2024-08-06 00:00:00.000,2023-08-29 00:00:00.000,343,1155.48
24661,51656,2024-06-26 00:00:00.000,2023-05-03 00:00:00.000,420,603.49
24664,64601,2025-01-18 00:00:00.000,2023-05-28 00:00:00.000,601,790.31
24666,71005,2025-04-18 00:00:00.000,2023-05-15 00:00:00.000,704,792.34
24671,72831,2025-05-12 00:00:00.000,2023-05-20 00:00:00.000,723,776.33
24757,74140,2025-05-29 00:00:00.000,2023-05-26 00:00:00.000,734,765.32
24759,72172,2025-05-03 00:00:00.000,2023-05-16 00:00:00.000,718,791.32
24778,53128,2024-07-23 00:00:00.000,2023-06-03 00:00:00.000,416,676.93
24887,54186,2024-08-10 00:00:00.000,2023-08-01 00:00:00.000,375,1218.46
24888,54976,2024-08-24 00:00:00.000,2023-08-11 00:00:00.000,379,1174.48
24889,54588,2024-08-17 00:00:00.000,2023-08-29 00:00:00.000,354,1269.47
24900,53920,2024-08-05 00:00:00.000,2023-09-24 00:00:00.000,316,1155.48
24901,53874,2024-08-04 00:00:00.000,2023-09-19 00:00:00.000,320,1174.48
24902,55031,2024-08-25 00:00:00.000,2023-09-04 00:00:00.000,356,1120.49
24903,54103,2024-08-08 00:00:00.000,2023-09-23 00:00:00.000,320,1164.47
24904,54716,2024-08-19 00:00:00.000,2023-09-13 00:00:00.000,341,1199.46
24905,55451,2024-08-31 00:00:00.000,2023-10-02 00:00:00.000,334,1195.47
24907,55737,2024-09-05 00:00:00.000,2023-10-28 00:00:00.000,313,1183.47
24908,56332,2024-09-16 00:00:00.000,2023-10-15 00:00:00.000,337,1155.48
24909,56757,2024-09-24 00:00:00.000,2023-10-26 00:00:00.000,334,1149.47
24910,56020,2024-09-10 00:00:00.000,2023-10-07 00:00:00.000,339,1183.47
24912,56125,2024-09-12 00:00:00.000,2023-11-06 00:00:00.000,311,1120.49
24913,57788,2024-10-10 00:00:00.000,2023-11-07 00:00:00.000,338,1155.48
24914,57301,2024-10-01 00:00:00.000,2023-11-25 00:00:00.000,311,1149.47
24915,57689,2024-10-08 00:00:00.000,2023-11-29 00:00:00.000,314,1145.48
24916,57302,2024-10-01 00:00:00.000,2023-11-19 00:00:00.000,317,1169.46
24917,57902,2024-10-12 00:00:00.000,2023-11-06 00:00:00.000,341,1179.47
24918,58351,2024-10-20 00:00:00.000,2023-11-11 00:00:00.000,344,1120.49
24919,57303,2024-10-01 00:00:00.000,2023-11-15 00:00:00.000,321,1212.45
24920,57304,2024-10-01 00:00:00.000,2023-11-08 00:00:00.000,328,1155.48
24921,57843,2024-10-11 00:00:00.000,2023-12-10 00:00:00.000,306,1179.97
24922,58703,2024-10-26 00:00:00.000,2023-12-09 00:00:00.000,322,1145.48
24923,58249,2024-10-18 00:00:00.000,2023-11-30 00:00:00.000,323,1158.96
24924,59328,2024-11-01 00:00:00.000,2023-12-08 00:00:00.000,329,1143.46
24960,54764,2024-08-19 00:00:00.000,2023-06-19 00:00:00.000,427,565.47
25010,68723,2025-03-20 00:00:00.000,2023-12-17 00:00:00.000,459,539.99
25011,68012,2025-03-09 00:00:00.000,2023-12-20 00:00:00.000,445,588.96
25020,67555,2025-03-02 00:00:00.000,2023-12-29 00:00:00.000,429,548.98
25021,68013,2025-03-09 00:00:00.000,2024-01-05 00:00:00.000,429,553.97
25022,69140,2025-03-26 00:00:00.000,2024-01-14 00:00:00.000,437,564.48
25029,63106,2024-12-29 00:00:00.000,2024-01-06 00:00:00.000,358,1271.76
25030,64719,2025-01-20 00:00:00.000,2024-01-20 00:00:00.000,366,1179.97
25032,63479,2025-01-01 00:00:00.000,2024-01-20 00:00:00.000,347,1184.46
25033,63675,2025-01-04 00:00:00.000,2024-01-01 00:00:00.000,369,1120.49
25034,60552,2024-11-19 00:00:00.000,2024-01-03 00:00:00.000,321,1164.47
25035,60367,2024-11-16 00:00:00.000,2024-01-05 00:00:00.000,316,1183.47
25036,59632,2024-11-05 00:00:00.000,2024-01-28 00:00:00.000,282,1120.49
25037,60687,2024-11-21 00:00:00.000,2024-02-13 00:00:00.000,282,1174.48
25048,54814,2024-08-20 00:00:00.000,2023-06-03 00:00:00.000,444,603.49
25051,60166,2024-11-13 00:00:00.000,2024-02-04 00:00:00.000,283,1174.48
25052,61161,2024-11-28 00:00:00.000,2024-02-26 00:00:00.000,276,1155.48
25053,59253,2024-10-31 00:00:00.000,2024-02-04 00:00:00.000,270,1183.47
25057,59192,2024-10-30 00:00:00.000,2024-02-15 00:00:00.000,258,1120.49
25104,56120,2024-09-11 00:00:00.000,2023-07-30 00:00:00.000,409,574.98
25106,60167,2024-11-13 00:00:00.000,2024-02-16 00:00:00.000,271,1170.48
25107,59124,2024-10-29 00:00:00.000,2024-02-01 00:00:00.000,271,1143.46
25108,63735,2025-01-05 00:00:00.000,2024-02-29 00:00:00.000,311,1198.97
25111,59556,2024-11-04 00:00:00.000,2024-03-10 00:00:00.000,239,1145.48
25112,64775,2025-01-21 00:00:00.000,2024-03-05 00:00:00.000,322,1155.48
25113,64596,2025-01-18 00:00:00.000,2024-03-20 00:00:00.000,304,1179.97
25114,64360,2025-01-15 00:00:00.000,2024-03-05 00:00:00.000,316,1155.48
25115,60296,2024-11-15 00:00:00.000,2024-03-07 00:00:00.000,253,1155.48
25119,60431,2024-11-17 00:00:00.000,2024-03-03 00:00:00.000,259,1147.77
25120,60297,2024-11-15 00:00:00.000,2024-02-28 00:00:00.000,261,1155.48
25121,60504,2024-11-18 00:00:00.000,2024-03-27 00:00:00.000,236,1155.48
25126,60369,2024-11-16 00:00:00.000,2024-04-06 00:00:00.000,224,1174.48
25127,61361,2024-11-30 00:00:00.000,2024-04-08 00:00:00.000,236,1174.48
25133,63107,2024-12-29 00:00:00.000,2024-04-07 00:00:00.000,266,1155.48
25138,62457,2024-12-18 00:00:00.000,2024-04-11 00:00:00.000,251,1120.49
25213,61524,2024-12-03 00:00:00.000,2024-04-12 00:00:00.000,235,1184.46
25214,62675,2024-12-22 00:00:00.000,2024-04-28 00:00:00.000,238,1149.47
25215,61584,2024-12-04 00:00:00.000,2024-04-05 00:00:00.000,243,1155.48
25218,61958,2024-12-10 00:00:00.000,2024-04-12 00:00:00.000,242,1184.46
25221,63407,2024-12-31 00:00:00.000,2024-04-19 00:00:00.000,256,1143.46
25222,64937,2025-01-24 00:00:00.000,2024-03-29 00:00:00.000,301,1120.49
25225,62992,2024-12-27 00:00:00.000,2024-05-08 00:00:00.000,233,1129.48
25226,62518,2024-12-19 00:00:00.000,2024-05-23 00:00:00.000,210,1158.46
25228,63105,2024-12-29 00:00:00.000,2024-05-23 00:00:00.000,220,1120.49
25229,62275,2024-12-15 00:00:00.000,2024-05-18 00:00:00.000,211,1155.48
25231,61960,2024-12-10 00:00:00.000,2024-05-12 00:00:00.000,212,1189.46
25234,62219,2024-12-14 00:00:00.000,2024-05-21 00:00:00.000,207,1174.48
25235,64938,2025-01-24 00:00:00.000,2024-05-11 00:00:00.000,258,1155.48
25240,64226,2025-01-13 00:00:00.000,2024-05-24 00:00:00.000,234,1120.49
25242,63798,2025-01-06 00:00:00.000,2024-05-13 00:00:00.000,238,1120.49
25243,63480,2025-01-01 00:00:00.000,2024-05-15 00:00:00.000,231,1155.48
25249,64843,2025-01-22 00:00:00.000,2022-06-03 00:00:00.000,964,1169.46
25250,65140,2025-01-27 00:00:00.000,2022-06-26 00:00:00.000,946,1184.46
25252,64774,2025-01-21 00:00:00.000,2022-06-18 00:00:00.000,948,1193.95
25270,64597,2025-01-18 00:00:00.000,2022-07-02 00:00:00.000,931,1155.48
25271,65141,2025-01-27 00:00:00.000,2022-07-12 00:00:00.000,930,1155.48
25272,63677,2025-01-04 00:00:00.000,2022-07-23 00:00:00.000,896,1174.48
25273,64431,2025-01-16 00:00:00.000,2022-07-28 00:00:00.000,903,1198.97
25287,58825,2024-10-27 00:00:00.000,2023-06-30 00:00:00.000,485,539.99
25288,58248,2024-10-17 00:00:00.000,2023-07-18 00:00:00.000,457,539.99
25294,65007,2025-01-25 00:00:00.000,2022-07-04 00:00:00.000,936,1183.47
25408,58828,2024-10-27 00:00:00.000,2023-07-06 00:00:00.000,479,553.97
25555,69003,2025-03-24 00:00:00.000,2022-07-18 00:00:00.000,980,578.46
25556,67891,2025-03-07 00:00:00.000,2022-08-22 00:00:00.000,928,553.97
25557,69070,2025-03-25 00:00:00.000,2022-08-26 00:00:00.000,942,563.77
25558,67554,2025-03-02 00:00:00.000,2022-08-02 00:00:00.000,943,607.96
25559,68449,2025-03-16 00:00:00.000,2022-08-26 00:00:00.000,933,553.97
25560,68666,2025-03-19 00:00:00.000,2022-09-25 00:00:00.000,906,588.96
25561,69001,2025-03-24 00:00:00.000,2022-09-27 00:00:00.000,909,588.96
25562,69225,2025-03-27 00:00:00.000,2022-09-07 00:00:00.000,932,539.99
25563,67827,2025-03-06 00:00:00.000,2022-09-14 00:00:00.000,904,539.99
25564,69297,2025-03-28 00:00:00.000,2022-10-14 00:00:00.000,896,553.97
25565,68867,2025-03-22 00:00:00.000,2022-10-21 00:00:00.000,883,539.99
25566,68519,2025-03-17 00:00:00.000,2022-10-16 00:00:00.000,883,553.97
25567,68068,2025-03-10 00:00:00.000,2022-10-11 00:00:00.000,881,539.99
25568,68521,2025-03-17 00:00:00.000,2022-11-17 00:00:00.000,851,553.97
25704,67628,2025-03-03 00:00:00.000,2022-11-29 00:00:00.000,825,539.99
25705,71607,2025-04-27 00:00:00.000,2022-11-26 00:00:00.000,883,574.98
25706,69988,2025-04-04 00:00:00.000,2022-11-15 00:00:00.000,871,539.99
25707,69632,2025-03-30 00:00:00.000,2022-11-17 00:00:00.000,864,562.96
25708,71608,2025-04-27 00:00:00.000,2022-11-22 00:00:00.000,887,553.97
25709,71281,2025-04-22 00:00:00.000,2022-11-18 00:00:00.000,886,608.96
25710,71772,2025-04-29 00:00:00.000,2022-11-17 00:00:00.000,894,539.99
25711,71689,2025-04-28 00:00:00.000,2022-12-17 00:00:00.000,863,574.98
25712,71773,2025-04-29 00:00:00.000,2022-12-29 00:00:00.000,852,562.96
25713,70375,2025-04-09 00:00:00.000,2022-12-06 00:00:00.000,855,588.96
25714,71690,2025-04-28 00:00:00.000,2022-12-14 00:00:00.000,866,608.96
25715,71605,2025-04-27 00:00:00.000,2022-12-27 00:00:00.000,852,574.98
25716,71001,2025-04-18 00:00:00.000,2022-12-28 00:00:00.000,842,603.49
25717,69923,2025-04-03 00:00:00.000,2022-12-17 00:00:00.000,838,574.98
25718,70580,2025-04-12 00:00:00.000,2023-01-15 00:00:00.000,818,574.98
25819,64164,2025-01-12 00:00:00.000,2023-01-19 00:00:00.000,724,1174.48
25821,64887,2025-01-23 00:00:00.000,2023-01-24 00:00:00.000,730,1179.97
25822,64282,2025-01-14 00:00:00.000,2023-01-18 00:00:00.000,727,1120.49
25823,64104,2025-01-11 00:00:00.000,2023-01-13 00:00:00.000,729,1188.46
25826,66485,2025-02-15 00:00:00.000,2023-02-08 00:00:00.000,738,1155.48
25827,66925,2025-02-22 00:00:00.000,2023-02-09 00:00:00.000,744,1174.48
25828,67245,2025-02-27 00:00:00.000,2023-01-28 00:00:00.000,761,1174.48
25829,65436,2025-01-29 00:00:00.000,2023-02-11 00:00:00.000,718,1194.97
25830,66819,2025-02-20 00:00:00.000,2023-01-31 00:00:00.000,751,1134.47
25831,66303,2025-02-12 00:00:00.000,2023-01-29 00:00:00.000,745,1183.47
25832,67131,2025-02-25 00:00:00.000,2023-02-28 00:00:00.000,728,1151.76
25863,62866,2024-12-25 00:00:00.000,2022-05-30 00:00:00.000,940,1231.12
25865,61775,2024-12-07 00:00:00.000,2022-06-20 00:00:00.000,901,1268.84
25866,63739,2025-01-05 00:00:00.000,2022-06-25 00:00:00.000,925,1228.83
25867,61166,2024-11-28 00:00:00.000,2022-07-29 00:00:00.000,853,2384.07
25868,59564,2024-11-04 00:00:00.000,2022-07-23 00:00:00.000,835,2398.05
25872,60822,2024-11-23 00:00:00.000,2022-07-14 00:00:00.000,863,2419.06
25876,64511,2025-01-17 00:00:00.000,2022-07-20 00:00:00.000,912,1254.08
25878,64437,2025-01-16 00:00:00.000,2022-07-25 00:00:00.000,906,1249.84
25879,64438,2025-01-16 00:00:00.000,2022-08-16 00:00:00.000,884,1258.83
25886,64365,2025-01-15 00:00:00.000,2022-08-20 00:00:00.000,879,1273.32
25887,64668,2025-01-19 00:00:00.000,2022-08-03 00:00:00.000,900,1273.32
25888,63351,2024-12-30 00:00:00.000,2022-08-08 00:00:00.000,875,1248.83
25889,64512,2025-01-17 00:00:00.000,2022-08-11 00:00:00.000,890,1251.12
25891,60028,2024-11-11 00:00:00.000,2022-09-29 00:00:00.000,774,2384.07
25895,63938,2025-01-08 00:00:00.000,2022-09-03 00:00:00.000,858,1249.84
25901,59562,2024-11-04 00:00:00.000,2022-09-11 00:00:00.000,785,2393.06
25903,59563,2024-11-04 00:00:00.000,2022-09-09 00:00:00.000,787,2398.05
25905,65786,2025-02-04 00:00:00.000,2022-09-04 00:00:00.000,884,1223.84
25909,66068,2025-02-08 00:00:00.000,2022-10-23 00:00:00.000,839,1283.82
25910,65944,2025-02-06 00:00:00.000,2022-10-27 00:00:00.000,833,1223.84
25916,66492,2025-02-15 00:00:00.000,2022-10-12 00:00:00.000,857,1249.84
25917,66626,2025-02-17 00:00:00.000,2022-09-30 00:00:00.000,871,1299.83
25918,70150,2025-04-06 00:00:00.000,2023-03-27 00:00:00.000,741,561.48
25919,71752,2025-04-29 00:00:00.000,2023-03-09 00:00:00.000,782,548.98
25920,63475,2025-01-01 00:00:00.000,2023-03-19 00:00:00.000,654,1120.49
25921,69780,2025-04-01 00:00:00.000,2023-03-22 00:00:00.000,741,553.97
25922,70728,2025-04-14 00:00:00.000,2023-04-25 00:00:00.000,720,574.98
25924,62741,2024-12-23 00:00:00.000,2022-10-12 00:00:00.000,803,2419.06
25926,71002,2025-04-18 00:00:00.000,2023-04-05 00:00:00.000,744,608.96
25927,70858,2025-04-16 00:00:00.000,2023-03-30 00:00:00.000,748,573.42
25928,70073,2025-04-05 00:00:00.000,2023-04-04 00:00:00.000,732,616.95
25935,71753,2025-04-29 00:00:00.000,2023-04-11 00:00:00.000,749,556.93
25936,71606,2025-04-27 00:00:00.000,2023-04-06 00:00:00.000,752,548.98
25937,70225,2025-04-07 00:00:00.000,2023-04-08 00:00:00.000,730,600.46
25938,69925,2025-04-03 00:00:00.000,2023-04-26 00:00:00.000,708,608.96
25939,70310,2025-04-08 00:00:00.000,2023-05-12 00:00:00.000,697,565.47
25940,71349,2025-04-23 00:00:00.000,2023-05-19 00:00:00.000,705,578.46
25941,71556,2025-04-26 00:00:00.000,2023-05-17 00:00:00.000,710,556.26
25942,66691,2025-02-18 00:00:00.000,2022-10-15 00:00:00.000,857,1223.84
25943,62012,2024-12-11 00:00:00.000,2022-11-11 00:00:00.000,761,2433.04
25944,70165,2025-04-06 00:00:00.000,2023-05-11 00:00:00.000,696,574.98
25945,69941,2025-04-03 00:00:00.000,2023-05-23 00:00:00.000,681,548.98
25946,63674,2025-01-04 00:00:00.000,2023-05-27 00:00:00.000,588,1174.48
25947,64359,2025-01-15 00:00:00.000,2023-05-09 00:00:00.000,617,1155.48
25948,64221,2025-01-13 00:00:00.000,2023-05-22 00:00:00.000,602,1120.49
25949,66926,2025-02-22 00:00:00.000,2023-05-04 00:00:00.000,660,1183.47
25951,67196,2025-02-26 00:00:00.000,2022-11-11 00:00:00.000,838,1328.32
25952,66143,2025-02-09 00:00:00.000,2022-11-03 00:00:00.000,829,1223.84
25955,65861,2025-02-05 00:00:00.000,2022-11-18 00:00:00.000,810,1268.84
25958,65545,2025-01-31 00:00:00.000,2023-06-08 00:00:00.000,603,1120.49
25960,67132,2025-02-25 00:00:00.000,2023-06-23 00:00:00.000,613,1174.48
25961,66134,2025-02-09 00:00:00.000,2023-06-01 00:00:00.000,619,1155.48
25962,61724,2024-12-06 00:00:00.000,2022-11-28 00:00:00.000,739,2419.06
25964,66552,2025-02-16 00:00:00.000,2022-11-11 00:00:00.000,828,1249.84
25969,68455,2025-03-16 00:00:00.000,2022-11-13 00:00:00.000,854,1249.84
25970,69076,2025-03-25 00:00:00.000,2022-11-24 00:00:00.000,852,1228.83
25971,58124,2024-10-15 00:00:00.000,2023-08-20 00:00:00.000,422,567.76
25972,62569,2024-12-20 00:00:00.000,2022-11-01 00:00:00.000,780,2406.00
25973,61847,2024-12-08 00:00:00.000,2022-11-02 00:00:00.000,767,2393.06
25974,62523,2024-12-19 00:00:00.000,2022-11-19 00:00:00.000,761,2419.06
25975,62279,2024-12-15 00:00:00.000,2022-11-01 00:00:00.000,775,2407.04
25976,62742,2024-12-23 00:00:00.000,2022-11-13 00:00:00.000,771,2384.07
25977,67752,2025-03-05 00:00:00.000,2022-12-02 00:00:00.000,824,1249.84
25978,62570,2024-12-20 00:00:00.000,2022-12-14 00:00:00.000,737,2438.06
25979,62014,2024-12-11 00:00:00.000,2022-12-10 00:00:00.000,732,2384.07
25980,61848,2024-12-08 00:00:00.000,2022-12-13 00:00:00.000,726,2419.06
25981,60173,2024-11-13 00:00:00.000,2023-08-14 00:00:00.000,457,574.98
25982,62461,2024-12-18 00:00:00.000,2022-12-23 00:00:00.000,726,2419.06
25984,67468,2025-03-01 00:00:00.000,2022-12-07 00:00:00.000,815,1249.84
25985,69077,2025-03-25 00:00:00.000,2022-12-10 00:00:00.000,836,1283.82
25986,67753,2025-03-05 00:00:00.000,2023-01-06 00:00:00.000,789,1249.84
25987,69078,2025-03-25 00:00:00.000,2023-01-09 00:00:00.000,806,1264.84
25989,59199,2024-10-30 00:00:00.000,2023-09-20 00:00:00.000,406,562.96
25990,61962,2024-12-10 00:00:00.000,2023-01-15 00:00:00.000,695,2447.05
25991,59700,2024-11-06 00:00:00.000,2023-09-06 00:00:00.000,427,663.96
25992,60030,2024-11-11 00:00:00.000,2023-09-18 00:00:00.000,420,539.99
25993,67693,2025-03-04 00:00:00.000,2023-01-25 00:00:00.000,769,1273.32
25994,67896,2025-03-07 00:00:00.000,2023-01-04 00:00:00.000,793,1251.12
25996,69379,2025-03-29 00:00:00.000,2023-01-27 00:00:00.000,792,1223.84
25997,69231,2025-03-27 00:00:00.000,2023-02-07 00:00:00.000,779,1223.84
25998,69931,2025-04-03 00:00:00.000,2023-02-13 00:00:00.000,780,1249.84
26001,70302,2025-04-08 00:00:00.000,2023-02-22 00:00:00.000,776,1273.32
26002,69994,2025-04-04 00:00:00.000,2023-02-27 00:00:00.000,767,1324.32
26003,70077,2025-04-05 00:00:00.000,2023-02-09 00:00:00.000,786,1273.32
26004,69995,2025-04-04 00:00:00.000,2023-02-10 00:00:00.000,784,1298.82
26005,71759,2025-04-29 00:00:00.000,2023-02-13 00:00:00.000,806,1223.84
26011,63051,2024-12-28 00:00:00.000,2023-02-04 00:00:00.000,693,2393.06
26012,61590,2024-12-04 00:00:00.000,2023-03-09 00:00:00.000,636,2419.06
26014,70655,2025-04-13 00:00:00.000,2023-03-15 00:00:00.000,760,1313.34
26015,69636,2025-03-30 00:00:00.000,2023-03-05 00:00:00.000,756,1214.85
26016,70582,2025-04-12 00:00:00.000,2023-03-18 00:00:00.000,756,1308.31
26018,61641,2024-12-05 00:00:00.000,2023-03-24 00:00:00.000,622,2469.05
26019,65939,2025-02-06 00:00:00.000,2023-06-04 00:00:00.000,613,1174.48
26020,68520,2025-03-17 00:00:00.000,2023-06-09 00:00:00.000,647,1149.47
26021,68790,2025-03-21 00:00:00.000,2023-06-24 00:00:00.000,636,1134.47
26022,67625,2025-03-03 00:00:00.000,2023-06-28 00:00:00.000,614,1155.48
26023,67130,2025-02-25 00:00:00.000,2023-06-08 00:00:00.000,628,1134.47
26024,67890,2025-03-07 00:00:00.000,2023-07-10 00:00:00.000,606,1169.46
26025,68934,2025-03-23 00:00:00.000,2023-07-30 00:00:00.000,602,1134.47
26027,69372,2025-03-29 00:00:00.000,2023-07-29 00:00:00.000,609,1155.48
26028,68999,2025-03-24 00:00:00.000,2023-07-30 00:00:00.000,603,1155.48
26029,68863,2025-03-22 00:00:00.000,2023-07-25 00:00:00.000,606,1147.77
26033,67463,2025-03-01 00:00:00.000,2023-07-08 00:00:00.000,602,1120.49
26040,61778,2024-12-07 00:00:00.000,2023-12-15 00:00:00.000,358,574.98
26041,62387,2024-12-17 00:00:00.000,2023-03-01 00:00:00.000,657,2460.99
26042,63052,2024-12-28 00:00:00.000,2023-03-11 00:00:00.000,658,2384.07
26050,71004,2025-04-18 00:00:00.000,2023-03-03 00:00:00.000,777,1249.84
26055,61776,2024-12-07 00:00:00.000,2023-03-21 00:00:00.000,627,2384.07
26056,61914,2024-12-09 00:00:00.000,2023-04-05 00:00:00.000,614,2438.06
26057,62682,2024-12-22 00:00:00.000,2023-04-22 00:00:00.000,610,2527.52
26058,62225,2024-12-14 00:00:00.000,2023-04-22 00:00:00.000,602,2438.06
26060,61963,2024-12-10 00:00:00.000,2023-04-21 00:00:00.000,599,2419.06
26061,61846,2024-12-08 00:00:00.000,2023-04-11 00:00:00.000,607,2438.06
26066,62385,2024-12-17 00:00:00.000,2023-04-23 00:00:00.000,604,2457.03
26070,62936,2024-12-26 00:00:00.000,2023-04-21 00:00:00.000,615,2393.06
26075,61844,2024-12-08 00:00:00.000,2023-04-19 00:00:00.000,599,2393.06
26082,64366,2025-01-15 00:00:00.000,2023-04-04 00:00:00.000,652,2393.06
26083,65072,2025-01-26 00:00:00.000,2023-04-28 00:00:00.000,639,2419.06
26084,64232,2025-01-13 00:00:00.000,2023-04-29 00:00:00.000,625,2393.06
26089,64722,2025-01-20 00:00:00.000,2023-04-11 00:00:00.000,650,2398.05
26090,64846,2025-01-22 00:00:00.000,2023-04-03 00:00:00.000,660,2419.06
26091,63352,2024-12-30 00:00:00.000,2023-04-12 00:00:00.000,628,2453.04
26093,71201,2025-04-21 00:00:00.000,2023-04-22 00:00:00.000,730,1282.82
26094,69928,2025-04-03 00:00:00.000,2023-04-03 00:00:00.000,731,1273.32
26096,64233,2025-01-13 00:00:00.000,2023-05-23 00:00:00.000,601,2443.55
26097,64779,2025-01-21 00:00:00.000,2023-05-22 00:00:00.000,610,2398.05
26098,63986,2025-01-09 00:00:00.000,2023-05-29 00:00:00.000,591,2393.06
26106,63540,2025-01-02 00:00:00.000,2023-05-20 00:00:00.000,593,2393.06
26107,64666,2025-01-19 00:00:00.000,2023-05-05 00:00:00.000,625,2400.34
26110,63939,2025-01-08 00:00:00.000,2023-05-12 00:00:00.000,607,2384.07
26111,64780,2025-01-21 00:00:00.000,2023-05-19 00:00:00.000,613,2419.06
26112,64111,2025-01-11 00:00:00.000,2023-05-09 00:00:00.000,613,2419.06
26113,62525,2024-12-19 00:00:00.000,2024-01-04 00:00:00.000,350,548.98
26114,63741,2025-01-05 00:00:00.000,2023-05-13 00:00:00.000,603,2453.04
26115,62336,2024-12-16 00:00:00.000,2024-01-29 00:00:00.000,322,609.45
26116,65012,2025-01-25 00:00:00.000,2023-05-18 00:00:00.000,618,2419.06
26120,71760,2025-04-29 00:00:00.000,2023-06-25 00:00:00.000,674,1263.82
26121,71334,2025-04-23 00:00:00.000,2023-06-15 00:00:00.000,678,1228.83
26131,66060,2025-02-08 00:00:00.000,2023-07-08 00:00:00.000,581,1169.46
26133,68788,2025-03-21 00:00:00.000,2023-07-10 00:00:00.000,620,1155.48
26134,68515,2025-03-17 00:00:00.000,2023-07-03 00:00:00.000,623,1143.46
26135,67392,2025-02-28 00:00:00.000,2023-08-19 00:00:00.000,559,1184.46
26138,69000,2025-03-24 00:00:00.000,2023-08-29 00:00:00.000,573,1174.48
26140,68663,2025-03-19 00:00:00.000,2023-08-22 00:00:00.000,575,1134.47
26142,66250,2025-02-11 00:00:00.000,2023-08-25 00:00:00.000,536,1169.46
26148,70577,2025-04-12 00:00:00.000,2023-08-11 00:00:00.000,610,1134.47
26150,71750,2025-04-29 00:00:00.000,2023-08-24 00:00:00.000,614,1209.47
26152,70298,2025-04-08 00:00:00.000,2023-08-01 00:00:00.000,616,1155.48
26153,65544,2025-01-31 00:00:00.000,2023-08-09 00:00:00.000,541,1174.48
26154,66818,2025-02-20 00:00:00.000,2023-08-19 00:00:00.000,551,1155.48
26160,71192,2025-04-21 00:00:00.000,2023-09-11 00:00:00.000,588,1155.48
26161,65728,2025-02-03 00:00:00.000,2023-09-10 00:00:00.000,512,1120.49
26162,65378,2025-01-28 00:00:00.000,2023-09-05 00:00:00.000,511,1120.49
26165,69775,2025-04-01 00:00:00.000,2023-08-30 00:00:00.000,580,1174.48
26167,65379,2025-01-28 00:00:00.000,2023-09-27 00:00:00.000,489,1120.49
26187,66744,2025-02-19 00:00:00.000,2023-09-10 00:00:00.000,528,1149.47
26188,66688,2025-02-18 00:00:00.000,2023-09-24 00:00:00.000,513,1155.48
26189,67552,2025-03-02 00:00:00.000,2023-09-29 00:00:00.000,520,1143.46
26190,68448,2025-03-16 00:00:00.000,2023-09-17 00:00:00.000,546,1149.47
26191,68386,2025-03-15 00:00:00.000,2023-09-28 00:00:00.000,534,1155.48
26192,68933,2025-03-23 00:00:00.000,2023-09-26 00:00:00.000,544,1120.49
26200,61530,2024-12-03 00:00:00.000,2024-02-26 00:00:00.000,281,574.98
26201,63804,2025-01-06 00:00:00.000,2023-06-11 00:00:00.000,575,2427.04
26202,61849,2024-12-08 00:00:00.000,2024-02-06 00:00:00.000,306,567.76
26204,71129,2025-04-20 00:00:00.000,2023-09-10 00:00:00.000,588,1184.46
26234,70154,2025-04-06 00:00:00.000,2023-06-12 00:00:00.000,664,1243.84
26238,70363,2025-04-09 00:00:00.000,2023-06-09 00:00:00.000,670,1249.84
26241,70230,2025-04-07 00:00:00.000,2023-06-23 00:00:00.000,654,1248.83
26245,63987,2025-01-09 00:00:00.000,2023-06-28 00:00:00.000,561,2419.06
26247,64602,2025-01-18 00:00:00.000,2023-06-12 00:00:00.000,586,2419.06
26252,71200,2025-04-21 00:00:00.000,2023-06-07 00:00:00.000,684,1251.12
26276,71078,2025-04-19 00:00:00.000,2023-06-28 00:00:00.000,661,1312.82
26277,72052,2025-05-01 00:00:00.000,2023-07-15 00:00:00.000,656,1249.84
26280,73479,2025-05-20 00:00:00.000,2023-07-11 00:00:00.000,679,1249.84
26281,73166,2025-05-16 00:00:00.000,2023-07-12 00:00:00.000,674,1263.82
26283,73316,2025-05-18 00:00:00.000,2023-07-03 00:00:00.000,685,1299.83
26285,72628,2025-05-09 00:00:00.000,2023-07-15 00:00:00.000,664,1237.82
26286,73317,2025-05-18 00:00:00.000,2023-07-14 00:00:00.000,674,1259.07
26290,73081,2025-05-15 00:00:00.000,2023-07-08 00:00:00.000,677,1223.84
26292,63683,2025-01-04 00:00:00.000,2023-07-25 00:00:00.000,529,2407.04
26293,65013,2025-01-25 00:00:00.000,2023-06-30 00:00:00.000,575,2406.00
26295,72257,2025-05-04 00:00:00.000,2023-07-18 00:00:00.000,656,1249.84
26296,73848,2025-05-25 00:00:00.000,2023-07-07 00:00:00.000,688,1283.82
26297,73621,2025-05-22 00:00:00.000,2023-07-24 00:00:00.000,668,1237.82
26298,72563,2025-05-08 00:00:00.000,2023-07-13 00:00:00.000,665,1268.84
26299,72927,2025-05-13 00:00:00.000,2023-07-17 00:00:00.000,666,1347.79
26300,72332,2025-05-05 00:00:00.000,2023-07-11 00:00:00.000,664,1249.84
26301,64235,2025-01-13 00:00:00.000,2023-07-16 00:00:00.000,547,2413.06
26302,73165,2025-05-16 00:00:00.000,2023-07-01 00:00:00.000,685,1308.31
26303,74138,2025-05-29 00:00:00.000,2023-07-26 00:00:00.000,673,1249.84
26304,73477,2025-05-20 00:00:00.000,2023-07-30 00:00:00.000,660,1214.85
26305,73240,2025-05-17 00:00:00.000,2023-07-21 00:00:00.000,666,1223.84
26306,51669,2024-06-27 00:00:00.000,2023-08-20 00:00:00.000,312,751.34
26307,51433,2024-06-13 00:00:00.000,2023-08-08 00:00:00.000,310,777.34
26308,51614,2024-06-24 00:00:00.000,2023-08-09 00:00:00.000,320,796.34
26309,51564,2024-06-21 00:00:00.000,2023-08-09 00:00:00.000,317,751.34
26311,51494,2024-06-17 00:00:00.000,2023-08-25 00:00:00.000,297,751.34
26312,51329,2024-06-07 00:00:00.000,2023-08-19 00:00:00.000,293,810.32
26313,64440,2025-01-16 00:00:00.000,2023-08-19 00:00:00.000,516,2438.06
26315,53124,2024-07-23 00:00:00.000,2023-08-17 00:00:00.000,341,776.33
26317,52765,2024-07-16 00:00:00.000,2023-08-27 00:00:00.000,324,791.32
26319,64723,2025-01-20 00:00:00.000,2023-08-26 00:00:00.000,513,2407.04
26320,65075,2025-01-26 00:00:00.000,2023-07-31 00:00:00.000,545,2393.06
26321,61646,2024-12-05 00:00:00.000,2023-09-18 00:00:00.000,444,553.97
26322,53444,2024-07-29 00:00:00.000,2023-08-22 00:00:00.000,342,840.84
26324,64603,2025-01-18 00:00:00.000,2023-08-08 00:00:00.000,529,2393.06
26325,64890,2025-01-23 00:00:00.000,2023-08-25 00:00:00.000,517,2407.04
26326,65147,2025-01-27 00:00:00.000,2023-08-12 00:00:00.000,534,2393.06
26327,64237,2025-01-13 00:00:00.000,2023-08-20 00:00:00.000,512,2384.07
26328,63684,2025-01-04 00:00:00.000,2023-09-15 00:00:00.000,477,2469.05
26329,54518,2024-08-15 00:00:00.000,2023-09-04 00:00:00.000,346,811.32
26330,54029,2024-08-06 00:00:00.000,2023-09-03 00:00:00.000,338,750.30
26331,55916,2024-09-07 00:00:00.000,2023-09-16 00:00:00.000,357,751.34
26338,65146,2025-01-27 00:00:00.000,2023-09-11 00:00:00.000,504,2419.06
26339,63541,2025-01-02 00:00:00.000,2023-09-17 00:00:00.000,473,2384.07
26342,63608,2025-01-03 00:00:00.000,2023-09-16 00:00:00.000,475,2418.05
26343,56531,2024-09-19 00:00:00.000,2023-09-04 00:00:00.000,381,751.34
26344,56217,2024-09-13 00:00:00.000,2023-09-20 00:00:00.000,359,742.35
26351,56063,2024-09-10 00:00:00.000,2023-09-23 00:00:00.000,353,751.34
26373,63872,2025-01-07 00:00:00.000,2023-09-20 00:00:00.000,475,565.47
26375,71130,2025-04-20 00:00:00.000,2023-09-04 00:00:00.000,594,1188.46
26422,71193,2025-04-21 00:00:00.000,2023-10-17 00:00:00.000,552,1197.97
26423,70433,2025-04-10 00:00:00.000,2023-10-23 00:00:00.000,535,1218.98
26429,69845,2025-04-02 00:00:00.000,2023-10-28 00:00:00.000,522,1155.48
26433,69625,2025-03-30 00:00:00.000,2023-10-10 00:00:00.000,537,1120.49
26435,71469,2025-04-25 00:00:00.000,2023-10-26 00:00:00.000,547,1174.48
26436,70576,2025-04-12 00:00:00.000,2023-10-05 00:00:00.000,555,1174.48
26437,71751,2025-04-29 00:00:00.000,2023-10-26 00:00:00.000,551,1170.48
26438,70224,2025-04-07 00:00:00.000,2023-10-11 00:00:00.000,544,1155.48
26439,69707,2025-03-31 00:00:00.000,2023-10-04 00:00:00.000,544,1155.48
26440,71199,2025-04-21 00:00:00.000,2023-10-17 00:00:00.000,552,1174.48
26442,69779,2025-04-01 00:00:00.000,2023-10-04 00:00:00.000,545,1136.76
26443,71000,2025-04-18 00:00:00.000,2023-10-16 00:00:00.000,550,1155.48
26444,69778,2025-04-01 00:00:00.000,2023-10-22 00:00:00.000,527,1155.72
26445,71543,2025-04-26 00:00:00.000,2023-10-19 00:00:00.000,555,1155.48
26447,74004,2025-05-27 00:00:00.000,2023-11-05 00:00:00.000,569,1155.48
26484,56325,2024-09-15 00:00:00.000,2023-09-28 00:00:00.000,353,742.35
26485,56326,2024-09-15 00:00:00.000,2023-09-01 00:00:00.000,380,742.35
26486,56370,2024-09-16 00:00:00.000,2023-09-24 00:00:00.000,358,751.34
26487,63682,2025-01-04 00:00:00.000,2023-09-16 00:00:00.000,476,2407.04
26490,63803,2025-01-06 00:00:00.000,2023-09-14 00:00:00.000,480,2419.06
26491,64777,2025-01-21 00:00:00.000,2023-10-09 00:00:00.000,470,2420.34
26499,57363,2024-10-01 00:00:00.000,2023-10-17 00:00:00.000,350,777.34
26509,58693,2024-10-25 00:00:00.000,2023-10-19 00:00:00.000,372,751.34
26510,58893,2024-10-28 00:00:00.000,2023-10-23 00:00:00.000,371,742.35
26511,65145,2025-01-27 00:00:00.000,2023-10-21 00:00:00.000,464,2393.06
26513,60751,2024-11-22 00:00:00.000,2023-10-02 00:00:00.000,417,777.34
26520,59393,2024-11-02 00:00:00.000,2023-10-24 00:00:00.000,375,778.62
26521,59819,2024-11-08 00:00:00.000,2023-10-07 00:00:00.000,398,750.30
26529,63988,2025-01-09 00:00:00.000,2023-12-21 00:00:00.000,385,548.98
26530,64665,2025-01-19 00:00:00.000,2023-10-23 00:00:00.000,454,2419.06
26532,65943,2025-02-06 00:00:00.000,2023-10-24 00:00:00.000,471,2398.05
26533,64287,2025-01-14 00:00:00.000,2024-01-29 00:00:00.000,351,628.97
26534,65445,2025-01-29 00:00:00.000,2023-10-06 00:00:00.000,481,2419.06
26536,67194,2025-02-26 00:00:00.000,2023-10-10 00:00:00.000,505,2443.55
26537,66933,2025-02-22 00:00:00.000,2023-10-18 00:00:00.000,493,2419.06
26538,66934,2025-02-22 00:00:00.000,2023-10-19 00:00:00.000,492,2393.06
26539,66196,2025-02-10 00:00:00.000,2023-10-12 00:00:00.000,487,2420.34
26540,65785,2025-02-04 00:00:00.000,2023-10-29 00:00:00.000,464,2419.06
26545,59468,2024-11-03 00:00:00.000,2023-10-14 00:00:00.000,386,751.34
26546,60689,2024-11-21 00:00:00.000,2023-10-01 00:00:00.000,417,776.33
26547,72269,2025-05-04 00:00:00.000,2023-11-18 00:00:00.000,533,624.97
26548,73500,2025-05-20 00:00:00.000,2023-11-23 00:00:00.000,544,539.99
26549,72438,2025-05-06 00:00:00.000,2023-11-25 00:00:00.000,528,578.46
26560,72128,2025-05-02 00:00:00.000,2023-11-10 00:00:00.000,539,613.45
26561,73181,2025-05-16 00:00:00.000,2023-11-12 00:00:00.000,551,553.97
26562,68447,2025-03-16 00:00:00.000,2023-11-12 00:00:00.000,490,1142.42
26563,68787,2025-03-21 00:00:00.000,2023-11-29 00:00:00.000,478,1174.48
26566,67746,2025-03-05 00:00:00.000,2023-11-08 00:00:00.000,483,1233.96
26567,72101,2025-05-02 00:00:00.000,2023-11-07 00:00:00.000,542,1174.48
26568,73846,2025-05-25 00:00:00.000,2023-11-15 00:00:00.000,557,1174.48
26569,72918,2025-05-13 00:00:00.000,2023-11-15 00:00:00.000,545,1155.48
26570,73015,2025-05-14 00:00:00.000,2023-11-18 00:00:00.000,543,1174.48
26571,72490,2025-05-07 00:00:00.000,2023-11-14 00:00:00.000,540,1155.48
26575,60299,2024-11-15 00:00:00.000,2023-10-10 00:00:00.000,402,841.31
26579,59255,2024-10-31 00:00:00.000,2023-10-23 00:00:00.000,374,791.32
26581,60748,2024-11-22 00:00:00.000,2023-10-22 00:00:00.000,397,751.34
26585,73391,2025-05-19 00:00:00.000,2023-10-31 00:00:00.000,566,1120.49
26587,73564,2025-05-21 00:00:00.000,2023-11-06 00:00:00.000,562,1137.43
26588,72829,2025-05-12 00:00:00.000,2023-12-09 00:00:00.000,520,1155.48
26589,72330,2025-05-05 00:00:00.000,2023-12-28 00:00:00.000,494,1183.47
26591,72103,2025-05-02 00:00:00.000,2023-12-18 00:00:00.000,501,1174.48
26600,60749,2024-11-22 00:00:00.000,2023-10-15 00:00:00.000,404,751.34
26601,59256,2024-10-31 00:00:00.000,2023-10-18 00:00:00.000,379,791.32
26602,65498,2025-01-30 00:00:00.000,2023-11-08 00:00:00.000,449,2419.06
26603,66623,2025-02-17 00:00:00.000,2023-11-08 00:00:00.000,467,2438.06
26604,66491,2025-02-15 00:00:00.000,2023-11-13 00:00:00.000,460,2393.06
26606,60940,2024-11-25 00:00:00.000,2023-11-08 00:00:00.000,383,841.31
26607,59334,2024-11-01 00:00:00.000,2023-11-22 00:00:00.000,345,742.35
26608,60750,2024-11-22 00:00:00.000,2023-11-24 00:00:00.000,364,810.32
26609,66362,2025-02-13 00:00:00.000,2023-11-17 00:00:00.000,454,2438.06
26610,65384,2025-01-28 00:00:00.000,2023-11-21 00:00:00.000,434,2438.06
26611,66421,2025-02-14 00:00:00.000,2023-11-06 00:00:00.000,466,2419.06
26614,60027,2024-11-11 00:00:00.000,2023-11-16 00:00:00.000,361,742.35
26616,62147,2024-12-13 00:00:00.000,2023-11-17 00:00:00.000,392,751.34
26617,62224,2024-12-14 00:00:00.000,2023-11-10 00:00:00.000,400,810.32
26618,63050,2024-12-28 00:00:00.000,2023-11-03 00:00:00.000,421,777.34
26619,64436,2025-01-16 00:00:00.000,2023-11-01 00:00:00.000,442,901.35
26622,63486,2025-01-01 00:00:00.000,2023-11-12 00:00:00.000,416,771.34
26623,63802,2025-01-06 00:00:00.000,2023-11-20 00:00:00.000,413,792.34
26624,64940,2025-01-24 00:00:00.000,2023-11-26 00:00:00.000,425,777.34
26625,64230,2025-01-13 00:00:00.000,2023-11-21 00:00:00.000,419,756.33
26626,67005,2025-02-23 00:00:00.000,2023-11-05 00:00:00.000,476,820.31
26627,66308,2025-02-12 00:00:00.000,2023-11-24 00:00:00.000,446,742.35
26631,66753,2025-02-19 00:00:00.000,2023-11-09 00:00:00.000,468,742.35
26632,66622,2025-02-17 00:00:00.000,2023-11-15 00:00:00.000,460,777.34
26633,69227,2025-03-27 00:00:00.000,2023-11-01 00:00:00.000,512,834.81
26634,71079,2025-04-19 00:00:00.000,2023-10-31 00:00:00.000,536,825.30
26635,69851,2025-04-02 00:00:00.000,2023-11-09 00:00:00.000,510,791.32
26638,65617,2025-02-01 00:00:00.000,2023-11-10 00:00:00.000,449,2469.05
26640,64367,2025-01-15 00:00:00.000,2022-09-27 00:00:00.000,841,588.96
26641,66754,2025-02-19 00:00:00.000,2023-11-05 00:00:00.000,472,2393.06
26642,65385,2025-01-28 00:00:00.000,2023-11-06 00:00:00.000,449,2419.06
26644,73315,2025-05-18 00:00:00.000,2023-11-17 00:00:00.000,548,756.33
26645,72627,2025-05-09 00:00:00.000,2023-11-03 00:00:00.000,553,751.34
26646,72925,2025-05-13 00:00:00.000,2023-11-17 00:00:00.000,543,901.35
26647,72419,2025-05-06 00:00:00.000,2023-11-26 00:00:00.000,527,840.84
26649,67250,2025-02-27 00:00:00.000,2023-10-30 00:00:00.000,486,2384.07
26650,66875,2025-02-21 00:00:00.000,2023-11-16 00:00:00.000,463,2384.07
26651,72170,2025-05-03 00:00:00.000,2023-12-22 00:00:00.000,498,1174.48
26652,73238,2025-05-17 00:00:00.000,2023-12-07 00:00:00.000,527,1155.48
26653,72104,2025-05-02 00:00:00.000,2023-12-12 00:00:00.000,507,1155.48
26654,51472,2024-06-16 00:00:00.000,2023-12-28 00:00:00.000,171,563.77
26655,51328,2024-06-07 00:00:00.000,2023-12-22 00:00:00.000,168,539.99
26656,51579,2024-06-22 00:00:00.000,2023-12-21 00:00:00.000,184,562.96
26657,51470,2024-06-16 00:00:00.000,2023-12-09 00:00:00.000,190,574.98
26658,51418,2024-06-12 00:00:00.000,2023-12-14 00:00:00.000,181,607.96
26660,67391,2025-02-28 00:00:00.000,2023-12-25 00:00:00.000,431,1174.48
26661,68721,2025-03-20 00:00:00.000,2023-12-24 00:00:00.000,452,1129.48
26662,69296,2025-03-28 00:00:00.000,2024-01-02 00:00:00.000,451,1155.48
26663,69223,2025-03-27 00:00:00.000,2024-01-19 00:00:00.000,433,1193.95
26666,51314,2024-06-06 00:00:00.000,2024-01-24 00:00:00.000,134,553.97
26667,52568,2024-07-12 00:00:00.000,2024-01-02 00:00:00.000,192,607.96
26673,52831,2024-07-17 00:00:00.000,2024-01-17 00:00:00.000,182,722.77
26676,74078,2025-05-28 00:00:00.000,2023-11-11 00:00:00.000,564,756.33
26681,72497,2025-05-07 00:00:00.000,2023-11-20 00:00:00.000,534,742.35
26683,66557,2025-02-16 00:00:00.000,2022-10-03 00:00:00.000,867,571.72
26684,65859,2025-02-05 00:00:00.000,2023-11-12 00:00:00.000,451,2419.06
26692,67950,2025-03-08 00:00:00.000,2022-11-06 00:00:00.000,853,567.76
26694,65550,2025-01-31 00:00:00.000,2023-12-16 00:00:00.000,412,2407.04
26695,66755,2025-02-19 00:00:00.000,2023-12-04 00:00:00.000,443,2453.04
26698,66067,2025-02-08 00:00:00.000,2023-12-26 00:00:00.000,410,2393.06
26703,66423,2025-02-14 00:00:00.000,2023-12-15 00:00:00.000,427,2419.06
26705,67251,2025-02-27 00:00:00.000,2023-12-13 00:00:00.000,442,2384.07
26708,66142,2025-02-09 00:00:00.000,2023-11-30 00:00:00.000,437,2433.04
26718,66066,2025-02-08 00:00:00.000,2023-12-08 00:00:00.000,428,2407.04
26723,67193,2025-02-26 00:00:00.000,2023-12-25 00:00:00.000,429,2418.05
26727,65446,2025-01-29 00:00:00.000,2023-12-13 00:00:00.000,413,2433.04
26728,65500,2025-01-30 00:00:00.000,2023-12-17 00:00:00.000,410,2406.00
26729,66876,2025-02-21 00:00:00.000,2023-12-03 00:00:00.000,446,2393.06
26740,67943,2025-03-08 00:00:00.000,2024-01-24 00:00:00.000,409,1155.48
26743,53060,2024-07-22 00:00:00.000,2024-01-13 00:00:00.000,191,588.96
26744,69067,2025-03-25 00:00:00.000,2023-12-31 00:00:00.000,450,1155.48
26745,67747,2025-03-05 00:00:00.000,2024-01-22 00:00:00.000,408,1149.47
26746,68066,2025-03-10 00:00:00.000,2024-01-07 00:00:00.000,428,1218.46
26747,68328,2025-03-14 00:00:00.000,2024-01-14 00:00:00.000,425,1155.48
26748,53061,2024-07-22 00:00:00.000,2024-01-11 00:00:00.000,193,574.98
26749,51961,2024-06-30 00:00:00.000,2024-01-03 00:00:00.000,179,539.99
26750,68446,2025-03-16 00:00:00.000,2024-02-22 00:00:00.000,388,1155.48
26751,68385,2025-03-15 00:00:00.000,2024-02-16 00:00:00.000,393,1120.49
26752,67887,2025-03-07 00:00:00.000,2024-01-28 00:00:00.000,404,1134.47
26753,70578,2025-04-12 00:00:00.000,2024-01-28 00:00:00.000,440,1174.48
26754,71194,2025-04-21 00:00:00.000,2024-02-18 00:00:00.000,428,1155.48
26757,54865,2024-08-21 00:00:00.000,2024-02-18 00:00:00.000,185,561.48
26758,54237,2024-08-10 00:00:00.000,2024-02-24 00:00:00.000,168,539.99
26760,54420,2024-08-13 00:00:00.000,2024-02-10 00:00:00.000,185,539.99
26761,71263,2025-04-22 00:00:00.000,2024-02-14 00:00:00.000,433,1155.48
26763,70068,2025-04-05 00:00:00.000,2024-02-08 00:00:00.000,422,1174.48
26764,70647,2025-04-13 00:00:00.000,2024-01-30 00:00:00.000,439,1155.48
26767,55023,2024-08-24 00:00:00.000,2024-02-08 00:00:00.000,198,548.98
26768,54806,2024-08-20 00:00:00.000,2024-02-07 00:00:00.000,195,588.96
26774,54576,2024-08-16 00:00:00.000,2024-02-15 00:00:00.000,183,548.98
26795,70508,2025-04-11 00:00:00.000,2024-03-27 00:00:00.000,380,1209.47
26796,70649,2025-04-13 00:00:00.000,2024-03-09 00:00:00.000,400,1174.48
26797,70510,2025-04-11 00:00:00.000,2024-03-15 00:00:00.000,392,1174.48
26916,74146,2025-05-29 00:00:00.000,2024-03-02 00:00:00.000,453,539.99
26917,73713,2025-05-23 00:00:00.000,2024-03-21 00:00:00.000,428,556.26
26918,72725,2025-05-10 00:00:00.000,2024-03-25 00:00:00.000,411,616.95
26919,73032,2025-05-14 00:00:00.000,2024-03-24 00:00:00.000,416,567.76
26920,73412,2025-05-19 00:00:00.000,2024-03-23 00:00:00.000,422,553.97
26921,72726,2025-05-10 00:00:00.000,2024-03-05 00:00:00.000,431,553.97
26922,72270,2025-05-04 00:00:00.000,2024-03-28 00:00:00.000,402,539.99
26923,73255,2025-05-17 00:00:00.000,2024-03-15 00:00:00.000,428,539.99
26924,73638,2025-05-22 00:00:00.000,2024-03-13 00:00:00.000,435,567.76
26967,53967,2024-08-05 00:00:00.000,2024-03-24 00:00:00.000,134,553.97
27014,68021,2025-03-09 00:00:00.000,2023-05-01 00:00:00.000,678,574.98
27017,67135,2025-02-25 00:00:00.000,2024-01-04 00:00:00.000,418,2453.04
27073,66144,2025-02-09 00:00:00.000,2024-01-04 00:00:00.000,402,2384.07
27074,65787,2025-02-04 00:00:00.000,2024-01-06 00:00:00.000,395,2384.07
27075,69233,2025-03-27 00:00:00.000,2023-08-22 00:00:00.000,583,588.96
27092,66009,2025-02-07 00:00:00.000,2024-02-01 00:00:00.000,372,2448.04
27093,65735,2025-02-03 00:00:00.000,2024-02-25 00:00:00.000,344,2438.06
27096,67190,2025-02-26 00:00:00.000,2024-02-27 00:00:00.000,365,2419.06
27097,65616,2025-02-01 00:00:00.000,2024-02-06 00:00:00.000,361,2393.06
27103,66752,2025-02-19 00:00:00.000,2024-02-22 00:00:00.000,363,2419.06
27104,68071,2025-03-10 00:00:00.000,2024-02-05 00:00:00.000,399,2419.06
27105,68450,2025-03-16 00:00:00.000,2024-02-03 00:00:00.000,407,2398.05
27106,67749,2025-03-05 00:00:00.000,2024-02-15 00:00:00.000,384,2384.07
27107,68939,2025-03-23 00:00:00.000,2024-01-30 00:00:00.000,418,2384.07
27114,67395,2025-02-28 00:00:00.000,2024-03-22 00:00:00.000,343,2393.06
27116,69147,2025-03-26 00:00:00.000,2024-03-09 00:00:00.000,382,2393.06
27117,69074,2025-03-25 00:00:00.000,2024-03-16 00:00:00.000,374,2419.06
27195,68332,2025-03-14 00:00:00.000,2024-03-12 00:00:00.000,367,2384.07
27199,68873,2025-03-22 00:00:00.000,2024-02-29 00:00:00.000,387,2419.06
27201,69149,2025-03-26 00:00:00.000,2024-03-03 00:00:00.000,388,2443.55
27250,67633,2025-03-03 00:00:00.000,2024-03-26 00:00:00.000,342,2516.54
27273,68796,2025-03-21 00:00:00.000,2024-04-05 00:00:00.000,350,2419.06
27274,68454,2025-03-16 00:00:00.000,2024-04-23 00:00:00.000,327,2419.06
27279,67560,2025-03-02 00:00:00.000,2024-04-17 00:00:00.000,319,2419.06
27280,67467,2025-03-01 00:00:00.000,2024-04-09 00:00:00.000,326,2398.05
27281,68527,2025-03-17 00:00:00.000,2024-04-26 00:00:00.000,325,2469.05
27287,69075,2025-03-25 00:00:00.000,2024-04-23 00:00:00.000,336,2413.06
27288,69230,2025-03-27 00:00:00.000,2024-04-11 00:00:00.000,350,2393.06
27291,69150,2025-03-26 00:00:00.000,2024-03-29 00:00:00.000,362,2384.07
27294,67751,2025-03-05 00:00:00.000,2024-04-25 00:00:00.000,314,2469.05
27295,67946,2025-03-08 00:00:00.000,2024-04-18 00:00:00.000,324,2393.06
27296,67750,2025-03-05 00:00:00.000,2024-04-26 00:00:00.000,313,2447.05
27299,57001,2024-09-28 00:00:00.000,2024-03-20 00:00:00.000,192,539.99
27338,55444,2024-08-30 00:00:00.000,2024-03-01 00:00:00.000,182,556.93
27339,55603,2024-09-02 00:00:00.000,2024-03-31 00:00:00.000,155,553.97
27340,57000,2024-09-28 00:00:00.000,2024-04-17 00:00:00.000,164,567.76
27341,58062,2024-10-14 00:00:00.000,2024-04-18 00:00:00.000,179,539.99
27342,58114,2024-10-15 00:00:00.000,2024-04-14 00:00:00.000,184,565.47
27346,57472,2024-10-03 00:00:00.000,2024-04-10 00:00:00.000,176,607.96
27348,60433,2024-11-17 00:00:00.000,2024-04-10 00:00:00.000,221,599.47
27352,59126,2024-10-29 00:00:00.000,2024-04-09 00:00:00.000,203,574.98
27353,59816,2024-11-08 00:00:00.000,2024-04-02 00:00:00.000,220,588.96
27354,60746,2024-11-22 00:00:00.000,2024-04-11 00:00:00.000,225,539.99
27355,59817,2024-11-08 00:00:00.000,2024-04-09 00:00:00.000,213,600.46
27356,59635,2024-11-05 00:00:00.000,2024-04-27 00:00:00.000,192,553.97
27359,61164,2024-11-28 00:00:00.000,2024-04-21 00:00:00.000,221,561.48
27362,59463,2024-11-03 00:00:00.000,2024-04-28 00:00:00.000,189,624.46
27365,60503,2024-11-18 00:00:00.000,2024-04-19 00:00:00.000,213,588.96
27366,59814,2024-11-08 00:00:00.000,2024-04-14 00:00:00.000,208,539.99
27370,59693,2024-11-06 00:00:00.000,2024-04-10 00:00:00.000,210,539.99
27371,59886,2024-11-09 00:00:00.000,2024-04-02 00:00:00.000,221,567.76
27406,67948,2025-03-08 00:00:00.000,2024-03-11 00:00:00.000,362,574.98
27407,68727,2025-03-20 00:00:00.000,2024-04-03 00:00:00.000,351,2419.06
27418,68254,2025-03-13 00:00:00.000,2024-04-16 00:00:00.000,331,2419.06
27427,68728,2025-03-20 00:00:00.000,2024-04-28 00:00:00.000,326,2419.06
27439,68255,2025-03-13 00:00:00.000,2024-04-21 00:00:00.000,326,2413.06
27440,68453,2025-03-16 00:00:00.000,2024-04-02 00:00:00.000,348,2398.05
27446,68525,2025-03-17 00:00:00.000,2024-04-12 00:00:00.000,339,2419.06
27447,68017,2025-03-09 00:00:00.000,2024-03-29 00:00:00.000,345,2419.06
27449,67831,2025-03-06 00:00:00.000,2024-03-30 00:00:00.000,341,2433.04
27450,68256,2025-03-13 00:00:00.000,2024-04-25 00:00:00.000,322,2443.55
27452,69010,2025-03-24 00:00:00.000,2024-04-23 00:00:00.000,335,2473.05
27453,67559,2025-03-02 00:00:00.000,2024-04-13 00:00:00.000,323,2419.06
27455,69146,2025-03-26 00:00:00.000,2024-04-28 00:00:00.000,332,2461.55
27459,68726,2025-03-20 00:00:00.000,2024-05-19 00:00:00.000,305,2503.03
27460,69144,2025-03-26 00:00:00.000,2024-05-18 00:00:00.000,312,2419.06
27469,73866,2025-05-25 00:00:00.000,2024-04-25 00:00:00.000,395,548.98
27470,73182,2025-05-16 00:00:00.000,2024-05-20 00:00:00.000,361,588.96
27471,74028,2025-05-27 00:00:00.000,2024-05-19 00:00:00.000,373,603.49
27472,72059,2025-05-01 00:00:00.000,2024-05-19 00:00:00.000,347,562.96
27473,74147,2025-05-29 00:00:00.000,2024-05-09 00:00:00.000,385,615.47
27483,73183,2025-05-16 00:00:00.000,2024-05-03 00:00:00.000,378,599.47
27484,72846,2025-05-12 00:00:00.000,2024-05-12 00:00:00.000,365,539.99
27485,71999,2025-04-30 00:00:00.000,2024-05-19 00:00:00.000,346,571.72
27486,72559,2025-05-08 00:00:00.000,2024-05-24 00:00:00.000,349,588.96
27487,73162,2025-05-16 00:00:00.000,2024-04-29 00:00:00.000,382,539.99
27488,73163,2025-05-16 00:00:00.000,2024-05-01 00:00:00.000,380,539.99
27489,73847,2025-05-25 00:00:00.000,2024-05-01 00:00:00.000,389,600.46
27490,73164,2025-05-16 00:00:00.000,2024-05-01 00:00:00.000,380,548.98
27492,72102,2025-05-02 00:00:00.000,2024-05-12 00:00:00.000,355,561.92
27493,72828,2025-05-12 00:00:00.000,2024-05-03 00:00:00.000,374,570.47
27494,69631,2025-03-30 00:00:00.000,2024-05-26 00:00:00.000,308,1169.46
27498,60381,2024-11-16 00:00:00.000,2024-05-03 00:00:00.000,197,567.76
27499,59903,2024-11-09 00:00:00.000,2024-05-04 00:00:00.000,189,548.98
27500,61426,2024-12-01 00:00:00.000,2024-05-26 00:00:00.000,189,588.96
27521,67895,2025-03-07 00:00:00.000,2024-05-27 00:00:00.000,284,2413.06
27527,68795,2025-03-21 00:00:00.000,2024-05-16 00:00:00.000,309,2443.55
27537,67632,2025-03-03 00:00:00.000,2024-05-06 00:00:00.000,301,2398.05
27539,71476,2025-04-25 00:00:00.000,2024-05-27 00:00:00.000,333,2419.06
27540,69929,2025-04-03 00:00:00.000,2024-05-19 00:00:00.000,319,2433.04
27541,69637,2025-03-30 00:00:00.000,2024-05-08 00:00:00.000,326,2419.06
27542,71761,2025-04-29 00:00:00.000,2024-05-07 00:00:00.000,357,2461.55
27543,70733,2025-04-14 00:00:00.000,2024-05-10 00:00:00.000,339,2419.06
27568,70232,2025-04-07 00:00:00.000,2024-05-26 00:00:00.000,316,2419.06
27569,71762,2025-04-29 00:00:00.000,2024-05-11 00:00:00.000,353,2393.06
27570,70365,2025-04-09 00:00:00.000,2024-05-05 00:00:00.000,339,2447.05
27571,71135,2025-04-20 00:00:00.000,2024-05-28 00:00:00.000,327,2413.06
27572,71202,2025-04-21 00:00:00.000,2024-05-10 00:00:00.000,346,2419.06
27573,70583,2025-04-12 00:00:00.000,2024-05-06 00:00:00.000,341,2419.06
27574,70301,2025-04-08 00:00:00.000,2024-05-18 00:00:00.000,325,2407.04
27606,71134,2025-04-20 00:00:00.000,2022-06-02 00:00:00.000,1053,2419.06
27615,70364,2025-04-09 00:00:00.000,2022-06-21 00:00:00.000,1023,2420.34
27616,70439,2025-04-10 00:00:00.000,2022-06-01 00:00:00.000,1044,2420.34
27617,71679,2025-04-28 00:00:00.000,2022-06-13 00:00:00.000,1050,2398.05
27621,71203,2025-04-21 00:00:00.000,2022-06-01 00:00:00.000,1055,2393.06
27623,70234,2025-04-07 00:00:00.000,2022-06-12 00:00:00.000,1030,2406.00
27625,70438,2025-04-10 00:00:00.000,2022-06-12 00:00:00.000,1033,2393.06
27636,71611,2025-04-27 00:00:00.000,2022-06-12 00:00:00.000,1050,2433.04
27641,69639,2025-03-30 00:00:00.000,2022-06-29 00:00:00.000,1005,2384.07
27645,71137,2025-04-20 00:00:00.000,2022-05-31 00:00:00.000,1055,2473.04
27646,71204,2025-04-21 00:00:00.000,2022-06-14 00:00:00.000,1042,2419.06
27651,71138,2025-04-20 00:00:00.000,2022-06-26 00:00:00.000,1029,2443.55
27662,69932,2025-04-03 00:00:00.000,2022-06-25 00:00:00.000,1013,2419.06
27663,70925,2025-04-17 00:00:00.000,2022-06-26 00:00:00.000,1026,2469.05
27667,71763,2025-04-29 00:00:00.000,2022-06-20 00:00:00.000,1044,2419.06
27668,70585,2025-04-12 00:00:00.000,2022-06-04 00:00:00.000,1043,2428.29
27669,70235,2025-04-07 00:00:00.000,2022-06-26 00:00:00.000,1016,2419.06
27670,69998,2025-04-04 00:00:00.000,2022-06-13 00:00:00.000,1026,2398.05
27671,70735,2025-04-14 00:00:00.000,2022-06-10 00:00:00.000,1039,2419.06
27918,71612,2025-04-27 00:00:00.000,2022-07-18 00:00:00.000,1014,2420.34
27919,69783,2025-04-01 00:00:00.000,2022-07-29 00:00:00.000,977,2438.06
27920,70303,2025-04-08 00:00:00.000,2022-07-17 00:00:00.000,996,2419.06
28030,71205,2025-04-21 00:00:00.000,2022-07-12 00:00:00.000,1014,2393.06
28031,71136,2025-04-20 00:00:00.000,2022-07-09 00:00:00.000,1016,2469.05
28038,71271,2025-04-22 00:00:00.000,2022-07-03 00:00:00.000,1024,2407.04
28061,69852,2025-04-02 00:00:00.000,2022-07-18 00:00:00.000,989,2428.05
28062,71678,2025-04-28 00:00:00.000,2022-07-29 00:00:00.000,1004,2384.07
28063,69853,2025-04-02 00:00:00.000,2022-07-11 00:00:00.000,996,2448.04
28064,70233,2025-04-07 00:00:00.000,2022-07-25 00:00:00.000,987,2384.07
28065,70861,2025-04-16 00:00:00.000,2022-07-04 00:00:00.000,1017,2419.06
28066,71477,2025-04-25 00:00:00.000,2022-06-30 00:00:00.000,1030,2419.06
28067,71081,2025-04-19 00:00:00.000,2022-07-10 00:00:00.000,1014,2419.06
28068,71610,2025-04-27 00:00:00.000,2022-07-08 00:00:00.000,1024,2443.55
28070,72713,2025-05-10 00:00:00.000,2022-07-13 00:00:00.000,1032,2419.06
28071,72779,2025-05-11 00:00:00.000,2022-07-10 00:00:00.000,1036,2393.06
28076,73852,2025-05-25 00:00:00.000,2022-07-09 00:00:00.000,1051,2419.06
28078,73243,2025-05-17 00:00:00.000,2022-07-20 00:00:00.000,1032,2433.04
28083,73925,2025-05-26 00:00:00.000,2022-07-14 00:00:00.000,1047,2384.07
28099,74007,2025-05-27 00:00:00.000,2022-08-25 00:00:00.000,1006,2443.55
28131,72712,2025-05-10 00:00:00.000,2022-08-03 00:00:00.000,1011,2433.04
28152,73569,2025-05-21 00:00:00.000,2022-08-29 00:00:00.000,996,2447.05
28154,72564,2025-05-08 00:00:00.000,2022-08-17 00:00:00.000,995,2393.06
28155,72336,2025-05-05 00:00:00.000,2022-08-22 00:00:00.000,987,2384.07
28156,72565,2025-05-08 00:00:00.000,2022-07-31 00:00:00.000,1012,2419.06
28158,73850,2025-05-25 00:00:00.000,2022-08-09 00:00:00.000,1020,2419.06
28159,73851,2025-05-25 00:00:00.000,2022-08-15 00:00:00.000,1014,2400.34
28190,72337,2025-05-05 00:00:00.000,2022-08-24 00:00:00.000,985,2419.06
28191,72174,2025-05-03 00:00:00.000,2022-08-21 00:00:00.000,986,2419.06
28193,73624,2025-05-22 00:00:00.000,2022-08-05 00:00:00.000,1021,2438.06
28194,73570,2025-05-21 00:00:00.000,2022-08-26 00:00:00.000,999,2536.54
28196,73399,2025-05-19 00:00:00.000,2022-09-26 00:00:00.000,966,2407.04
28224,73082,2025-05-15 00:00:00.000,2022-09-14 00:00:00.000,974,2438.06
28234,73622,2025-05-22 00:00:00.000,2022-09-09 00:00:00.000,986,2398.05
28240,73698,2025-05-23 00:00:00.000,2022-09-12 00:00:00.000,984,2420.34
28243,73699,2025-05-23 00:00:00.000,2022-09-06 00:00:00.000,990,2482.56
28244,73017,2025-05-14 00:00:00.000,2022-09-06 00:00:00.000,981,2448.04
28246,73770,2025-05-24 00:00:00.000,2022-09-11 00:00:00.000,986,2398.05
28247,73167,2025-05-16 00:00:00.000,2022-09-26 00:00:00.000,963,2384.07
28250,72258,2025-05-04 00:00:00.000,2022-09-08 00:00:00.000,969,2438.06
28255,73083,2025-05-15 00:00:00.000,2022-09-28 00:00:00.000,960,2473.04
28257,72424,2025-05-06 00:00:00.000,2022-09-02 00:00:00.000,977,2398.05
28259,73695,2025-05-23 00:00:00.000,2022-09-07 00:00:00.000,989,2540.34
28264,72830,2025-05-12 00:00:00.000,2022-09-25 00:00:00.000,960,2419.06
28268,73077,2025-05-15 00:00:00.000,2022-09-10 00:00:00.000,978,2419.06
28273,73696,2025-05-23 00:00:00.000,2022-09-03 00:00:00.000,993,2384.07
28285,73396,2025-05-19 00:00:00.000,2022-09-07 00:00:00.000,985,2419.06
28288,74079,2025-05-28 00:00:00.000,2022-09-26 00:00:00.000,975,2461.03
28296,72924,2025-05-13 00:00:00.000,2022-09-10 00:00:00.000,976,2419.06
28297,72496,2025-05-07 00:00:00.000,2022-09-06 00:00:00.000,974,2393.06
28298,51330,2024-06-07 00:00:00.000,2022-09-10 00:00:00.000,636,1249.84
28393,63417,2024-12-31 00:00:00.000,2022-06-28 00:00:00.000,917,1164.47
28394,64672,2025-01-19 00:00:00.000,2022-07-25 00:00:00.000,909,1155.48
28395,66149,2025-02-09 00:00:00.000,2022-07-30 00:00:00.000,925,1179.47
28418,66882,2025-02-21 00:00:00.000,2022-11-06 00:00:00.000,838,1164.47
28419,66427,2025-02-14 00:00:00.000,2022-12-14 00:00:00.000,793,1164.47
28420,68340,2025-03-14 00:00:00.000,2022-12-21 00:00:00.000,814,1134.47
28506,69386,2025-03-29 00:00:00.000,2023-06-12 00:00:00.000,656,1164.47
28520,70743,2025-04-14 00:00:00.000,2023-07-30 00:00:00.000,624,1155.48
28553,69717,2025-03-31 00:00:00.000,2023-08-12 00:00:00.000,597,1145.48
28562,70369,2025-04-09 00:00:00.000,2023-08-17 00:00:00.000,601,1147.77
28569,70665,2025-04-13 00:00:00.000,2023-08-07 00:00:00.000,615,1155.48
28580,59820,2024-11-08 00:00:00.000,2022-09-19 00:00:00.000,781,1214.85
28662,61843,2024-12-08 00:00:00.000,2022-10-01 00:00:00.000,799,1248.83
28664,68142,2025-03-11 00:00:00.000,2022-09-30 00:00:00.000,893,1214.85
28665,71475,2025-04-25 00:00:00.000,2022-10-27 00:00:00.000,911,1274.33
28666,73314,2025-05-18 00:00:00.000,2022-10-07 00:00:00.000,954,1243.84
28667,51401,2024-06-11 00:00:00.000,2022-10-01 00:00:00.000,619,792.34
28671,51521,2024-06-19 00:00:00.000,2022-10-03 00:00:00.000,625,742.35
28672,51400,2024-06-11 00:00:00.000,2022-10-06 00:00:00.000,614,777.34
28673,52517,2024-07-11 00:00:00.000,2022-10-29 00:00:00.000,621,801.83
28674,53125,2024-07-23 00:00:00.000,2022-10-24 00:00:00.000,638,851.82
28678,52610,2024-07-13 00:00:00.000,2022-10-23 00:00:00.000,629,759.29
28713,73023,2025-05-14 00:00:00.000,2023-09-17 00:00:00.000,605,1155.48
28740,71993,2025-04-30 00:00:00.000,2023-11-09 00:00:00.000,538,1120.49
28750,73779,2025-05-24 00:00:00.000,2023-11-20 00:00:00.000,551,1164.47
28751,73631,2025-05-22 00:00:00.000,2023-11-17 00:00:00.000,552,1169.46
28756,72264,2025-05-04 00:00:00.000,2023-11-14 00:00:00.000,537,1169.46
28757,51618,2024-06-24 00:00:00.000,2023-11-16 00:00:00.000,221,539.99
28758,51319,2024-06-06 00:00:00.000,2023-11-19 00:00:00.000,200,553.97
28769,52661,2024-07-14 00:00:00.000,2022-10-22 00:00:00.000,631,751.34
28770,52958,2024-07-20 00:00:00.000,2022-10-12 00:00:00.000,647,777.34
28828,54517,2024-08-15 00:00:00.000,2022-11-08 00:00:00.000,646,751.34
28840,53767,2024-08-01 00:00:00.000,2022-11-13 00:00:00.000,627,820.83
28841,54580,2024-08-16 00:00:00.000,2022-11-24 00:00:00.000,631,756.33
28842,54305,2024-08-11 00:00:00.000,2022-11-03 00:00:00.000,647,815.31
28844,54926,2024-08-22 00:00:00.000,2022-11-25 00:00:00.000,636,759.29
28845,56951,2024-09-27 00:00:00.000,2022-11-05 00:00:00.000,692,742.35
28846,55373,2024-08-29 00:00:00.000,2022-11-29 00:00:00.000,639,742.35
28847,56116,2024-09-11 00:00:00.000,2022-11-11 00:00:00.000,670,777.34
28854,57678,2024-10-07 00:00:00.000,2022-11-23 00:00:00.000,684,777.34
28859,58892,2024-10-28 00:00:00.000,2022-11-18 00:00:00.000,710,777.34
28869,57475,2024-10-03 00:00:00.000,2022-11-26 00:00:00.000,677,777.34
28870,57586,2024-10-05 00:00:00.000,2022-11-24 00:00:00.000,681,756.33
28871,57235,2024-09-29 00:00:00.000,2022-11-28 00:00:00.000,671,836.32
28885,72068,2025-05-02 00:00:00.000,2023-12-24 00:00:00.000,495,2399.47
28904,54536,2024-08-16 00:00:00.000,2023-12-07 00:00:00.000,253,799.48
29004,58768,2024-10-26 00:00:00.000,2022-11-06 00:00:00.000,720,742.35
29011,60688,2024-11-21 00:00:00.000,2022-10-30 00:00:00.000,753,756.33
29019,59333,2024-11-01 00:00:00.000,2022-11-19 00:00:00.000,713,777.34
29032,59966,2024-11-10 00:00:00.000,2022-11-13 00:00:00.000,728,811.32
29044,59466,2024-11-03 00:00:00.000,2022-11-17 00:00:00.000,717,742.35
29048,60615,2024-11-20 00:00:00.000,2022-11-09 00:00:00.000,742,777.34
29111,59697,2024-11-06 00:00:00.000,2022-11-08 00:00:00.000,729,811.32
29128,59257,2024-10-31 00:00:00.000,2022-11-06 00:00:00.000,725,771.34
29138,60301,2024-11-15 00:00:00.000,2022-11-29 00:00:00.000,717,796.34
29166,59258,2024-10-31 00:00:00.000,2022-12-12 00:00:00.000,689,756.33
29167,63049,2024-12-28 00:00:00.000,2022-12-03 00:00:00.000,756,786.57
29168,62680,2024-12-22 00:00:00.000,2022-12-20 00:00:00.000,733,765.32
29174,62460,2024-12-18 00:00:00.000,2022-12-03 00:00:00.000,746,756.33
29175,61640,2024-12-05 00:00:00.000,2022-12-30 00:00:00.000,706,756.33
29201,61363,2024-11-30 00:00:00.000,2022-12-21 00:00:00.000,710,756.33
29202,62522,2024-12-19 00:00:00.000,2022-12-13 00:00:00.000,737,742.35
29203,61589,2024-12-04 00:00:00.000,2022-12-27 00:00:00.000,708,756.33
29204,61720,2024-12-06 00:00:00.000,2022-12-07 00:00:00.000,730,742.35
29221,61474,2024-12-02 00:00:00.000,2022-12-19 00:00:00.000,714,742.35
29222,64435,2025-01-16 00:00:00.000,2022-12-11 00:00:00.000,767,796.34
29223,63871,2025-01-07 00:00:00.000,2022-12-27 00:00:00.000,742,777.34
29225,64285,2025-01-14 00:00:00.000,2022-12-30 00:00:00.000,746,742.35
29236,65011,2025-01-25 00:00:00.000,2022-12-08 00:00:00.000,779,751.34
29237,64109,2025-01-11 00:00:00.000,2022-12-29 00:00:00.000,744,777.34
29238,66550,2025-02-16 00:00:00.000,2022-12-16 00:00:00.000,793,819.83
29239,66874,2025-02-21 00:00:00.000,2022-12-21 00:00:00.000,793,765.32
29242,66065,2025-02-08 00:00:00.000,2022-12-25 00:00:00.000,776,777.34
29252,67192,2025-02-26 00:00:00.000,2022-12-29 00:00:00.000,790,811.32
29255,66195,2025-02-10 00:00:00.000,2022-11-30 00:00:00.000,803,811.32
29258,67191,2025-02-26 00:00:00.000,2022-12-29 00:00:00.000,790,751.34
29261,68331,2025-03-14 00:00:00.000,2022-12-22 00:00:00.000,813,742.35
29264,67830,2025-03-06 00:00:00.000,2022-12-10 00:00:00.000,817,806.32
29265,68072,2025-03-10 00:00:00.000,2022-12-30 00:00:00.000,801,742.35
29274,67690,2025-03-04 00:00:00.000,2022-12-04 00:00:00.000,821,901.35
29275,67466,2025-03-01 00:00:00.000,2022-12-05 00:00:00.000,817,751.34
29276,68872,2025-03-22 00:00:00.000,2022-12-13 00:00:00.000,830,751.34
29278,68725,2025-03-20 00:00:00.000,2022-12-11 00:00:00.000,830,777.34
29279,68389,2025-03-15 00:00:00.000,2023-01-16 00:00:00.000,789,819.31
29388,52209,2024-07-05 00:00:00.000,2023-12-19 00:00:00.000,199,567.76
29389,54374,2024-08-12 00:00:00.000,2023-12-30 00:00:00.000,226,539.99
29390,54313,2024-08-11 00:00:00.000,2024-01-02 00:00:00.000,222,539.99
29391,52773,2024-07-16 00:00:00.000,2022-09-29 00:00:00.000,656,574.98
29398,52464,2024-07-10 00:00:00.000,2022-09-11 00:00:00.000,668,564.48
29399,54183,2024-08-09 00:00:00.000,2022-09-09 00:00:00.000,700,561.48
29400,54522,2024-08-15 00:00:00.000,2022-10-05 00:00:00.000,680,617.47
29403,55611,2024-09-02 00:00:00.000,2022-10-23 00:00:00.000,680,616.95
29412,54877,2024-08-21 00:00:00.000,2024-01-09 00:00:00.000,225,600.46
29484,45579,2023-01-28 00:00:00.000,2022-07-31 00:00:00.000,181,4079.99
29484,46389,2023-04-30 00:00:00.000,2023-01-28 00:00:00.000,92,1105.00
29484,47454,2023-07-31 00:00:00.000,2023-04-30 00:00:00.000,92,27429.53
29484,48395,2023-10-30 00:00:00.000,2023-07-31 00:00:00.000,91,32562.65
29484,49495,2024-01-28 00:00:00.000,2023-10-30 00:00:00.000,90,24232.77
29484,50756,2024-04-29 00:00:00.000,2024-01-28 00:00:00.000,92,37643.06
29485,58907,2024-10-29 00:00:00.000,2024-07-30 00:00:00.000,91,28413.43
29485,65157,2025-01-28 00:00:00.000,2024-10-29 00:00:00.000,91,22021.78
29485,71782,2025-04-30 00:00:00.000,2025-01-28 00:00:00.000,92,33319.99
29486,44772,2022-10-30 00:00:00.000,2022-07-31 00:00:00.000,91,67369.21
29486,45550,2023-01-28 00:00:00.000,2022-10-30 00:00:00.000,90,54979.90
29486,46358,2023-04-30 00:00:00.000,2023-01-28 00:00:00.000,92,60079.02
29486,47409,2023-07-31 00:00:00.000,2023-04-30 00:00:00.000,92,61492.50
29486,48349,2023-10-30 00:00:00.000,2023-07-31 00:00:00.000,91,54184.25
29486,49465,2024-01-28 00:00:00.000,2023-10-30 00:00:00.000,90,41071.84
29486,50696,2024-04-29 00:00:00.000,2024-01-28 00:00:00.000,92,47192.47
29486,53526,2024-07-30 00:00:00.000,2024-04-29 00:00:00.000,92,34891.33
29486,58970,2024-10-29 00:00:00.000,2024-07-30 00:00:00.000,91,27951.60
29486,65205,2025-01-28 00:00:00.000,2024-10-29 00:00:00.000,91,23388.90
29486,71837,2025-04-30 00:00:00.000,2025-01-28 00:00:00.000,92,30143.02
29487,44800,2022-10-30 00:00:00.000,2022-07-31 00:00:00.000,91,17107.49
29487,45573,2023-01-28 00:00:00.000,2022-10-30 00:00:00.000,90,8158.48
29487,46386,2023-04-30 00:00:00.000,2023-01-28 00:00:00.000,92,9090.44
29487,47453,2023-07-31 00:00:00.000,2023-04-30 00:00:00.000,92,2269.27
29487,48394,2023-10-30 00:00:00.000,2023-07-31 00:00:00.000,91,2485.70
29487,49547,2024-01-28 00:00:00.000,2023-10-30 00:00:00.000,90,2485.70
29487,53620,2024-07-30 00:00:00.000,2024-01-28 00:00:00.000,184,1215.58
29487,59006,2024-10-29 00:00:00.000,2024-07-30 00:00:00.000,91,3683.94
29487,65321,2025-01-28 00:00:00.000,2024-10-29 00:00:00.000,91,439.87
29487,71940,2025-04-30 00:00:00.000,2025-01-28 00:00:00.000,92,490.43
29488,58931,2024-10-29 00:00:00.000,2024-07-30 00:00:00.000,91,49053.46
29488,65191,2025-01-28 00:00:00.000,2024-10-29 00:00:00.000,91,56353.87
29488,71805,2025-04-30 00:00:00.000,2025-01-28 00:00:00.000,92,57990.69
29489,44301,2022-08-30 00:00:00.000,2022-05-30 00:00:00.000,92,29479.39
29489,45059,2022-11-30 00:00:00.000,2022-08-30 00:00:00.000,92,31282.48
29489,45799,2023-02-28 00:00:00.000,2022-11-30 00:00:00.000,90,27579.31
29489,46634,2023-05-30 00:00:00.000,2023-02-28 00:00:00.000,91,733.22
29489,47689,2023-08-30 00:00:00.000,2023-05-30 00:00:00.000,92,812.43
29489,48737,2023-11-30 00:00:00.000,2023-08-30 00:00:00.000,92,1394.02
29489,49840,2024-02-28 00:00:00.000,2023-11-30 00:00:00.000,90,2131.87
29489,51121,2024-05-29 00:00:00.000,2024-02-28 00:00:00.000,91,79635.12
29489,55264,2024-08-29 00:00:00.000,2024-05-29 00:00:00.000,92,63981.93
29489,61227,2024-11-29 00:00:00.000,2024-08-29 00:00:00.000,92,57449.60
29489,67287,2025-02-28 00:00:00.000,2024-11-29 00:00:00.000,91,74577.15
29490,48387,2023-10-30 00:00:00.000,2023-07-31 00:00:00.000,91,4069.25
29490,49544,2024-01-28 00:00:00.000,2023-10-30 00:00:00.000,90,405.59
29491,44318,2022-08-30 00:00:00.000,2022-05-30 00:00:00.000,92,21090.77
29491,45075,2022-11-30 00:00:00.000,2022-08-30 00:00:00.000,92,12231.26
29491,45814,2023-02-28 00:00:00.000,2022-11-30 00:00:00.000,90,33406.70
29492,50734,2024-04-29 00:00:00.000,2023-10-30 00:00:00.000,182,2232.82
29492,53561,2024-07-30 00:00:00.000,2024-04-29 00:00:00.000,92,48717.09
29492,59058,2024-10-29 00:00:00.000,2024-07-30 00:00:00.000,91,37209.60
29492,65311,2025-01-28 00:00:00.000,2024-10-29 00:00:00.000,91,13768.02
29492,71884,2025-04-30 00:00:00.000,2025-01-28 00:00:00.000,92,38182.79
29493,44532,2022-09-30 00:00:00.000,2022-06-30 00:00:00.000,92,2146.96
29493,45312,2022-12-31 00:00:00.000,2022-09-30 00:00:00.000,92,2345.73
29493,46070,2023-03-30 00:00:00.000,2022-12-31 00:00:00.000,89,758.08
29494,46328,2023-04-30 00:00:00.000,2022-07-31 00:00:00.000,273,722.59
29494,48303,2023-10-30 00:00:00.000,2023-04-30 00:00:00.000,183,24.29
29494,49453,2024-01-28 00:00:00.000,2023-10-30 00:00:00.000,90,1242.85
29494,50709,2024-04-29 00:00:00.000,2024-01-28 00:00:00.000,92,2458.92
29494,53543,2024-07-30 00:00:00.000,2024-04-29 00:00:00.000,92,46.97
29494,58983,2024-10-29 00:00:00.000,2024-07-30 00:00:00.000,91,818.70
29494,65166,2025-01-28 00:00:00.000,2024-10-29 00:00:00.000,91,26.72
29494,71860,2025-04-30 00:00:00.000,2025-01-28 00:00:00.000,92,2753.99
29495,63206,2024-12-30 00:00:00.000,2024-06-29 00:00:00.000,184,602.35
29495,69434,2025-03-30 00:00:00.000,2024-12-30 00:00:00.000,90,2007.09
29496,58979,2024-10-29 00:00:00.000,2024-07-30 00:00:00.000,91,21423.32
29496,65168,2025-01-28 00:00:00.000,2024-10-29 00:00:00.000,91,20857.78
29496,71787,2025-04-30 00:00:00.000,2025-01-28 00:00:00.000,92,28733.58
29497,44308,2022-08-30 00:00:00.000,2022-05-30 00:00:00.000,92,12372.78
29497,45064,2022-11-30 00:00:00.000,2022-08-30 00:00:00.000,92,53033.19
29497,45804,2023-02-28 00:00:00.000,2022-11-30 00:00:00.000,90,40814.83
29497,46647,2023-05-30 00:00:00.000,2023-02-28 00:00:00.000,91,80634.88
29497,47698,2023-08-30 00:00:00.000,2023-05-30 00:00:00.000,92,72887.41
29497,48746,2023-11-30 00:00:00.000,2023-08-30 00:00:00.000,92,71599.47
29497,49849,2024-02-28 00:00:00.000,2023-11-30 00:00:00.000,90,49152.43
29497,51127,2024-05-29 00:00:00.000,2024-02-28 00:00:00.000,91,71235.12
29497,55277,2024-08-29 00:00:00.000,2024-05-29 00:00:00.000,92,57550.32
29497,61199,2024-11-29 00:00:00.000,2024-08-29 00:00:00.000,92,57374.44
29497,67297,2025-02-28 00:00:00.000,2024-11-29 00:00:00.000,91,91335.49
29498,44789,2022-10-30 00:00:00.000,2022-07-31 00:00:00.000,91,776.36
29498,45567,2023-01-28 00:00:00.000,2022-10-30 00:00:00.000,90,874.79
29498,46376,2023-04-30 00:00:00.000,2023-01-28 00:00:00.000,92,776.36
29498,50732,2024-04-29 00:00:00.000,2023-04-30 00:00:00.000,365,324.45
29498,59056,2024-10-29 00:00:00.000,2024-04-29 00:00:00.000,183,37.25
29498,65308,2025-01-28 00:00:00.000,2024-10-29 00:00:00.000,91,1466.01
29498,71929,2025-04-30 00:00:00.000,2025-01-28 00:00:00.000,92,48.59
29499,48321,2023-10-30 00:00:00.000,2023-07-31 00:00:00.000,91,32197.46
29499,49507,2024-01-28 00:00:00.000,2023-10-30 00:00:00.000,90,26975.86
29499,50676,2024-04-29 00:00:00.000,2024-01-28 00:00:00.000,92,34893.34
29499,53484,2024-07-30 00:00:00.000,2024-04-29 00:00:00.000,92,27975.70
29499,58930,2024-10-29 00:00:00.000,2024-07-30 00:00:00.000,91,39133.98
29499,65188,2025-01-28 00:00:00.000,2024-10-29 00:00:00.000,91,15054.92
29499,71806,2025-04-30 00:00:00.000,2025-01-28 00:00:00.000,92,14708.10
29500,47727,2023-08-30 00:00:00.000,2023-05-30 00:00:00.000,92,209.26
29500,48793,2023-11-30 00:00:00.000,2023-08-30 00:00:00.000,92,209.26
29500,51137,2024-05-29 00:00:00.000,2023-11-30 00:00:00.000,181,46420.61
29500,55331,2024-08-29 00:00:00.000,2024-05-29 00:00:00.000,92,31319.18
29500,61217,2024-11-29 00:00:00.000,2024-08-29 00:00:00.000,92,24951.11
29500,67348,2025-02-28 00:00:00.000,2024-11-29 00:00:00.000,91,27308.22
29501,58903,2024-10-29 00:00:00.000,2024-07-30 00:00:00.000,91,3614.46
29501,65153,2025-01-28 00:00:00.000,2024-10-29 00:00:00.000,91,2428.48
29501,71778,2025-04-30 00:00:00.000,2025-01-28 00:00:00.000,92,1117.39
29502,55289,2024-08-29 00:00:00.000,2024-05-29 00:00:00.000,92,158.43
29502,61185,2024-11-29 00:00:00.000,2024-08-29 00:00:00.000,92,461.69
29502,67269,2025-02-28 00:00:00.000,2024-11-29 00:00:00.000,91,376.25
29503,48022,2023-09-30 00:00:00.000,2023-06-30 00:00:00.000,92,4038.85
29503,50229,2024-03-29 00:00:00.000,2023-09-30 00:00:00.000,181,2504.51
29503,51754,2024-06-29 00:00:00.000,2024-03-29 00:00:00.000,92,461.69
29503,57071,2024-09-29 00:00:00.000,2024-06-29 00:00:00.000,92,595.34
29503,63197,2024-12-30 00:00:00.000,2024-09-29 00:00:00.000,92,339.61
29503,69490,2025-03-30 00:00:00.000,2024-12-30 00:00:00.000,90,1054.94
29504,44761,2022-10-30 00:00:00.000,2022-07-31 00:00:00.000,91,82101.98
29504,45540,2023-01-28 00:00:00.000,2022-10-30 00:00:00.000,90,42756.17
29504,46345,2023-04-30 00:00:00.000,2023-01-28 00:00:00.000,92,17671.84
29506,57172,2024-09-29 00:00:00.000,2024-06-29 00:00:00.000,92,6037.44
29506,63288,2024-12-30 00:00:00.000,2024-09-29 00:00:00.000,92,9183.67
29506,69517,2025-03-30 00:00:00.000,2024-12-30 00:00:00.000,90,2909.74
29507,44552,2022-09-30 00:00:00.000,2022-06-30 00:00:00.000,92,97915.41
29507,45329,2022-12-31 00:00:00.000,2022-09-30 00:00:00.000,92,61800.99
29507,46090,2023-03-30 00:00:00.000,2022-12-31 00:00:00.000,89,93834.08
29507,47042,2023-06-30 00:00:00.000,2023-03-30 00:00:00.000,92,47413.72
29507,48063,2023-09-30 00:00:00.000,2023-06-30 00:00:00.000,92,36401.13
29507,49149,2023-12-31 00:00:00.000,2023-09-30 00:00:00.000,92,23586.03
29507,50306,2024-03-29 00:00:00.000,2023-12-31 00:00:00.000,89,32258.73
29508,45528,2023-01-28 00:00:00.000,2022-10-30 00:00:00.000,90,2146.96
29508,46335,2023-04-30 00:00:00.000,2023-01-28 00:00:00.000,92,356.90
29508,47363,2023-07-31 00:00:00.000,2023-04-30 00:00:00.000,92,214.24
29508,48309,2023-10-30 00:00:00.000,2023-07-31 00:00:00.000,91,489.98
29508,50670,2024-04-29 00:00:00.000,2023-10-30 00:00:00.000,182,523.79
29508,53466,2024-07-30 00:00:00.000,2024-04-29 00:00:00.000,92,1182.89
29508,58986,2024-10-29 00:00:00.000,2024-07-30 00:00:00.000,91,356.90
29508,65219,2025-01-28 00:00:00.000,2024-10-29 00:00:00.000,91,1466.01
29508,71793,2025-04-30 00:00:00.000,2025-01-28 00:00:00.000,92,1466.01
29509,44494,2022-09-30 00:00:00.000,2022-06-30 00:00:00.000,92,28557.88
29509,45277,2022-12-31 00:00:00.000,2022-09-30 00:00:00.000,92,29534.94
29509,46036,2023-03-30 00:00:00.000,2022-12-31 00:00:00.000,89,30512.40
29509,46948,2023-06-30 00:00:00.000,2023-03-30 00:00:00.000,92,49220.16
29509,47975,2023-09-30 00:00:00.000,2023-06-30 00:00:00.000,92,49380.07
29509,49123,2023-12-31 00:00:00.000,2023-09-30 00:00:00.000,92,44130.02
29509,50259,2024-03-29 00:00:00.000,2023-12-31 00:00:00.000,89,46990.45
29509,51784,2024-06-29 00:00:00.000,2024-03-29 00:00:00.000,92,7407.70
29509,57101,2024-09-29 00:00:00.000,2024-06-29 00:00:00.000,92,2568.88
29509,63135,2024-12-30 00:00:00.000,2024-09-29 00:00:00.000,92,1663.43
29509,69481,2025-03-30 00:00:00.000,2024-12-30 00:00:00.000,90,2780.78
29510,44525,2022-09-30 00:00:00.000,2022-06-30 00:00:00.000,92,41452.65
29510,45305,2022-12-31 00:00:00.000,2022-09-30 00:00:00.000,92,22912.73
29510,46062,2023-03-30 00:00:00.000,2022-12-31 00:00:00.000,89,39272.90
29511,44569,2022-09-30 00:00:00.000,2022-06-30 00:00:00.000,92,30635.51
29511,45343,2022-12-31 00:00:00.000,2022-09-30 00:00:00.000,92,20979.35
29511,46107,2023-03-30 00:00:00.000,2022-12-31 00:00:00.000,89,45725.50
29511,47063,2023-06-30 00:00:00.000,2023-03-30 00:00:00.000,92,2458.92
29511,49131,2023-12-31 00:00:00.000,2023-06-30 00:00:00.000,184,141.62
29511,50319,2024-03-29 00:00:00.000,2023-12-31 00:00:00.000,89,780.72
29511,51813,2024-06-29 00:00:00.000,2024-03-29 00:00:00.000,92,857.20
29511,57124,2024-09-29 00:00:00.000,2024-06-29 00:00:00.000,92,2783.99
29511,63215,2024-12-30 00:00:00.000,2024-09-29 00:00:00.000,92,722.14
29511,69559,2025-03-30 00:00:00.000,2024-12-30 00:00:00.000,90,199.50
29512,59045,2024-10-29 00:00:00.000,2024-07-30 00:00:00.000,91,3589.79
29512,65275,2025-01-28 00:00:00.000,2024-10-29 00:00:00.000,91,1336.23
29512,71926,2025-04-30 00:00:00.000,2025-01-28 00:00:00.000,92,1336.23
29513,48018,2023-09-30 00:00:00.000,2023-06-30 00:00:00.000,92,44583.97
29513,49090,2023-12-31 00:00:00.000,2023-09-30 00:00:00.000,92,40433.30
29513,50231,2024-03-29 00:00:00.000,2023-12-31 00:00:00.000,89,45752.47
29514,59070,2024-10-29 00:00:00.000,2024-07-30 00:00:00.000,91,2119.00
29514,65259,2025-01-28 00:00:00.000,2024-10-29 00:00:00.000,91,1174.32
29514,71883,2025-04-30 00:00:00.000,2025-01-28 00:00:00.000,92,602.35
29515,44534,2022-09-30 00:00:00.000,2022-06-30 00:00:00.000,92,85982.48
29515,45315,2022-12-31 00:00:00.000,2022-09-30 00:00:00.000,92,51062.39
29515,46072,2023-03-30 00:00:00.000,2022-12-31 00:00:00.000,89,65160.80
29515,47014,2023-06-30 00:00:00.000,2023-03-30 00:00:00.000,92,340.99
29515,49072,2023-12-31 00:00:00.000,2023-06-30 00:00:00.000,184,10532.35
29515,50248,2024-03-29 00:00:00.000,2023-12-31 00:00:00.000,89,894.24
29515,57084,2024-09-29 00:00:00.000,2024-03-29 00:00:00.000,184,323.99
29516,57171,2024-09-29 00:00:00.000,2024-06-29 00:00:00.000,92,1204.69
29516,63256,2024-12-30 00:00:00.000,2024-09-29 00:00:00.000,92,1331.26
29516,69516,2025-03-30 00:00:00.000,2024-12-30 00:00:00.000,90,200.05
29517,57040,2024-09-29 00:00:00.000,2024-06-29 00:00:00.000,92,2225.62
29517,63193,2024-12-30 00:00:00.000,2024-09-29 00:00:00.000,92,404.23
29517,69480,2025-03-30 00:00:00.000,2024-12-30 00:00:00.000,90,6078.40
29518,44786,2022-10-30 00:00:00.000,2022-07-31 00:00:00.000,91,2342.11
29518,45563,2023-01-28 00:00:00.000,2022-10-30 00:00:00.000,90,4279.94
29518,46373,2023-04-30 00:00:00.000,2023-01-28 00:00:00.000,92,1619.52
29518,71927,2025-04-30 00:00:00.000,2023-04-30 00:00:00.000,731,37.25
29519,57027,2024-09-29 00:00:00.000,2024-06-29 00:00:00.000,92,7251.52
29519,63144,2024-12-30 00:00:00.000,2024-09-29 00:00:00.000,92,3391.17
29519,69405,2025-03-30 00:00:00.000,2024-12-30 00:00:00.000,90,5997.52
29520,47703,2023-08-30 00:00:00.000,2023-05-30 00:00:00.000,92,6185.57
29520,48777,2023-11-30 00:00:00.000,2023-08-30 00:00:00.000,92,3758.35
29520,49878,2024-02-28 00:00:00.000,2023-11-30 00:00:00.000,90,4568.70
29520,51158,2024-05-29 00:00:00.000,2024-02-28 00:00:00.000,91,2510.18
29520,55313,2024-08-29 00:00:00.000,2024-05-29 00:00:00.000,92,3844.17
29520,61257,2024-11-29 00:00:00.000,2024-08-29 00:00:00.000,92,9630.73
29520,67331,2025-02-28 00:00:00.000,2024-11-29 00:00:00.000,91,5148.20
29521,44567,2022-09-30 00:00:00.000,2022-06-30 00:00:00.000,92,46957.83
29521,45342,2022-12-31 00:00:00.000,2022-09-30 00:00:00.000,92,63037.61
29521,46102,2023-03-30 00:00:00.000,2022-12-31 00:00:00.000,89,10279.34
29521,47057,2023-06-30 00:00:00.000,2023-03-30 00:00:00.000,92,16239.56
29521,48083,2023-09-30 00:00:00.000,2023-06-30 00:00:00.000,92,6941.84
29521,49163,2023-12-31 00:00:00.000,2023-09-30 00:00:00.000,92,7736.05
29521,50316,2024-03-29 00:00:00.000,2023-12-31 00:00:00.000,89,6711.20
29521,51821,2024-06-29 00:00:00.000,2024-03-29 00:00:00.000,92,4543.10
29521,57176,2024-09-29 00:00:00.000,2024-06-29 00:00:00.000,92,2245.60
29521,63289,2024-12-30 00:00:00.000,2024-09-29 00:00:00.000,92,6926.96
29521,69552,2025-03-30 00:00:00.000,2024-12-30 00:00:00.000,90,5074.37
29522,44544,2022-09-30 00:00:00.000,2022-06-30 00:00:00.000,92,20980.15
29522,45321,2022-12-31 00:00:00.000,2022-09-30 00:00:00.000,92,61189.08
29522,46082,2023-03-30 00:00:00.000,2022-12-31 00:00:00.000,89,46519.14
29522,47028,2023-06-30 00:00:00.000,2023-03-30 00:00:00.000,92,39987.65
29522,48049,2023-09-30 00:00:00.000,2023-06-30 00:00:00.000,92,41005.05
29522,49132,2023-12-31 00:00:00.000,2023-09-30 00:00:00.000,92,31128.37
29522,50294,2024-03-29 00:00:00.000,2023-12-31 00:00:00.000,89,29909.66
29522,51845,2024-06-29 00:00:00.000,2024-03-29 00:00:00.000,92,46428.34
29522,57144,2024-09-29 00:00:00.000,2024-06-29 00:00:00.000,92,31328.42
29522,63283,2024-12-30 00:00:00.000,2024-09-29 00:00:00.000,92,38575.01
29522,69532,2025-03-30 00:00:00.000,2024-12-30 00:00:00.000,90,54076.89
29523,44556,2022-09-30 00:00:00.000,2022-06-30 00:00:00.000,92,30593.88
29523,45334,2022-12-31 00:00:00.000,2022-09-30 00:00:00.000,92,51137.41
29523,46094,2023-03-30 00:00:00.000,2022-12-31 00:00:00.000,89,74719.78
29523,47045,2023-06-30 00:00:00.000,2023-03-30 00:00:00.000,92,72019.70
29523,48069,2023-09-30 00:00:00.000,2023-06-30 00:00:00.000,92,66436.21
29523,49151,2023-12-31 00:00:00.000,2023-09-30 00:00:00.000,92,62702.54
29523,50310,2024-03-29 00:00:00.000,2023-12-31 00:00:00.000,89,69705.75
29523,51809,2024-06-29 00:00:00.000,2024-03-29 00:00:00.000,92,43997.56
29523,57137,2024-09-29 00:00:00.000,2024-06-29 00:00:00.000,92,33951.63
29523,63252,2024-12-30 00:00:00.000,2024-09-29 00:00:00.000,92,46031.08
29523,69528,2025-03-30 00:00:00.000,2024-12-30 00:00:00.000,90,34349.27
29524,57041,2024-09-29 00:00:00.000,2024-06-29 00:00:00.000,92,63878.78
29524,63152,2024-12-30 00:00:00.000,2024-09-29 00:00:00.000,92,32133.23
29524,69414,2025-03-30 00:00:00.000,2024-12-30 00:00:00.000,90,32910.64
29525,44777,2022-10-30 00:00:00.000,2022-07-31 00:00:00.000,91,99502.03
29525,45555,2023-01-28 00:00:00.000,2022-10-30 00:00:00.000,90,65725.92
29525,46364,2023-04-30 00:00:00.000,2023-01-28 00:00:00.000,92,29445.98
29526,57133,2024-09-29 00:00:00.000,2024-06-29 00:00:00.000,92,18144.66
29526,63230,2024-12-30 00:00:00.000,2024-09-29 00:00:00.000,92,10040.47
29526,69504,2025-03-30 00:00:00.000,2024-12-30 00:00:00.000,90,13820.77
29527,58955,2024-10-29 00:00:00.000,2024-07-30 00:00:00.000,91,5721.77
29527,65197,2025-01-28 00:00:00.000,2024-10-29 00:00:00.000,91,1430.44
29527,71878,2025-04-30 00:00:00.000,2025-01-28 00:00:00.000,92,6450.68
29528,48305,2023-10-30 00:00:00.000,2023-07-31 00:00:00.000,91,600.26
29528,49455,2024-01-28 00:00:00.000,2023-10-30 00:00:00.000,90,469.79
29528,50714,2024-04-29 00:00:00.000,2024-01-28 00:00:00.000,92,469.79
29528,53471,2024-07-30 00:00:00.000,2024-04-29 00:00:00.000,92,38496.05
29528,58921,2024-10-29 00:00:00.000,2024-07-30 00:00:00.000,91,34435.06
29528,65178,2025-01-28 00:00:00.000,2024-10-29 00:00:00.000,91,39291.34
29528,71798,2025-04-30 00:00:00.000,2025-01-28 00:00:00.000,92,30163.64
29529,59001,2024-10-29 00:00:00.000,2024-07-30 00:00:00.000,91,1021.54
29529,65222,2025-01-28 00:00:00.000,2024-10-29 00:00:00.000,91,445.41
29529,71876,2025-04-30 00:00:00.000,2025-01-28 00:00:00.000,92,6033.96
29530,48331,2023-10-30 00:00:00.000,2023-07-31 00:00:00.000,91,3457.99
29530,49508,2024-01-28 00:00:00.000,2023-10-30 00:00:00.000,90,1376.48
29530,50680,2024-04-29 00:00:00.000,2024-01-28 00:00:00.000,92,1844.50
29531,45572,2023-01-28 00:00:00.000,2022-10-30 00:00:00.000,90,10701.73
29531,46382,2023-04-30 00:00:00.000,2023-01-28 00:00:00.000,92,13673.82
29531,47444,2023-07-31 00:00:00.000,2023-04-30 00:00:00.000,92,9020.69
29531,48385,2023-10-30 00:00:00.000,2023-07-31 00:00:00.000,91,7046.91
29531,49497,2024-01-28 00:00:00.000,2023-10-30 00:00:00.000,90,10335.47
29531,50754,2024-04-29 00:00:00.000,2024-01-28 00:00:00.000,92,8256.65
29531,53578,2024-07-30 00:00:00.000,2024-04-29 00:00:00.000,92,10033.75
29531,59061,2024-10-29 00:00:00.000,2024-07-30 00:00:00.000,91,7382.26
29531,65256,2025-01-28 00:00:00.000,2024-10-29 00:00:00.000,91,4836.49
29531,71935,2025-04-30 00:00:00.000,2025-01-28 00:00:00.000,92,5533.87
29533,44316,2022-08-30 00:00:00.000,2022-05-30 00:00:00.000,92,3785.50
29533,45071,2022-11-30 00:00:00.000,2022-08-30 00:00:00.000,92,5980.05
29533,45812,2023-02-28 00:00:00.000,2022-11-30 00:00:00.000,90,6858.18
29533,46664,2023-05-30 00:00:00.000,2023-02-28 00:00:00.000,91,15797.03
29533,47714,2023-08-30 00:00:00.000,2023-05-30 00:00:00.000,92,3863.83
29533,48785,2023-11-30 00:00:00.000,2023-08-30 00:00:00.000,92,4228.15
29533,49885,2024-02-28 00:00:00.000,2023-11-30 00:00:00.000,90,4263.17
29533,51149,2024-05-29 00:00:00.000,2024-02-28 00:00:00.000,91,6768.22
29533,55302,2024-08-29 00:00:00.000,2024-05-29 00:00:00.000,92,11532.70
29533,61234,2024-11-29 00:00:00.000,2024-08-29 00:00:00.000,92,10127.72
29533,67332,2025-02-28 00:00:00.000,2024-11-29 00:00:00.000,91,8344.10
29534,58924,2024-10-29 00:00:00.000,2024-07-30 00:00:00.000,91,26653.37
29534,65220,2025-01-28 00:00:00.000,2024-10-29 00:00:00.000,91,27686.61
29534,71802,2025-04-30 00:00:00.000,2025-01-28 00:00:00.000,92,31535.62
29535,48346,2023-10-30 00:00:00.000,2023-07-31 00:00:00.000,91,2458.92
29535,49463,2024-01-28 00:00:00.000,2023-10-30 00:00:00.000,90,2539.66
29535,50695,2024-04-29 00:00:00.000,2024-01-28 00:00:00.000,92,418.51
29535,53517,2024-07-30 00:00:00.000,2024-04-29 00:00:00.000,92,158.43
29535,58964,2024-10-29 00:00:00.000,2024-07-30 00:00:00.000,91,218.45
29535,65291,2025-01-28 00:00:00.000,2024-10-29 00:00:00.000,91,2783.99
29535,71924,2025-04-30 00:00:00.000,2025-01-28 00:00:00.000,92,2942.42
29536,49447,2024-01-28 00:00:00.000,2023-10-30 00:00:00.000,90,107.99
29536,50711,2024-04-29 00:00:00.000,2024-01-28 00:00:00.000,92,482.63
29537,58947,2024-10-29 00:00:00.000,2024-07-30 00:00:00.000,91,1807.04
29537,71875,2025-04-30 00:00:00.000,2024-10-29 00:00:00.000,183,802.40
29538,57032,2024-09-29 00:00:00.000,2024-06-29 00:00:00.000,92,18243.51
29538,63145,2024-12-30 00:00:00.000,2024-09-29 00:00:00.000,92,12058.00
29538,69410,2025-03-30 00:00:00.000,2024-12-30 00:00:00.000,90,19043.11
29539,44490,2022-09-30 00:00:00.000,2022-06-30 00:00:00.000,92,3389.70
29539,45272,2022-12-31 00:00:00.000,2022-09-30 00:00:00.000,92,3775.13
29539,46029,2023-03-30 00:00:00.000,2022-12-31 00:00:00.000,89,3016.49
29539,46936,2023-06-30 00:00:00.000,2023-03-30 00:00:00.000,92,6821.11
29539,47966,2023-09-30 00:00:00.000,2023-06-30 00:00:00.000,92,4940.80
29539,49045,2023-12-31 00:00:00.000,2023-09-30 00:00:00.000,92,7046.91
29539,50192,2024-03-29 00:00:00.000,2023-12-31 00:00:00.000,89,5219.05
29539,51698,2024-06-29 00:00:00.000,2024-03-29 00:00:00.000,92,5836.10
29539,57016,2024-09-29 00:00:00.000,2024-06-29 00:00:00.000,92,4937.51
29539,63127,2024-12-30 00:00:00.000,2024-09-29 00:00:00.000,92,7879.10
29539,69396,2025-03-30 00:00:00.000,2024-12-30 00:00:00.000,90,6187.31
29540,47993,2023-09-30 00:00:00.000,2023-06-30 00:00:00.000,92,9138.34
29540,49096,2023-12-31 00:00:00.000,2023-09-30 00:00:00.000,92,6375.23
29540,50212,2024-03-29 00:00:00.000,2023-12-31 00:00:00.000,89,6670.48
29540,51718,2024-06-29 00:00:00.000,2024-03-29 00:00:00.000,92,4715.87
29540,57039,2024-09-29 00:00:00.000,2024-06-29 00:00:00.000,92,2679.40
29540,63151,2024-12-30 00:00:00.000,2024-09-29 00:00:00.000,92,4718.90
29540,69419,2025-03-30 00:00:00.000,2024-12-30 00:00:00.000,90,3773.28
29541,45316,2022-12-31 00:00:00.000,2022-09-30 00:00:00.000,92,2024.99
29541,47017,2023-06-30 00:00:00.000,2022-12-31 00:00:00.000,181,180.13
29541,48040,2023-09-30 00:00:00.000,2023-06-30 00:00:00.000,92,1503.21
29541,49075,2023-12-31 00:00:00.000,2023-09-30 00:00:00.000,92,209.26
29542,57078,2024-09-29 00:00:00.000,2024-06-29 00:00:00.000,92,158.43
29542,63168,2024-12-30 00:00:00.000,2024-09-29 00:00:00.000,92,864.65
29542,69388,2025-03-30 00:00:00.000,2024-12-30 00:00:00.000,90,1210.49
29543,48050,2023-09-30 00:00:00.000,2023-06-30 00:00:00.000,92,33644.36
29543,49115,2023-12-31 00:00:00.000,2023-09-30 00:00:00.000,92,20038.36
29543,50290,2024-03-29 00:00:00.000,2023-12-31 00:00:00.000,89,37329.37
29543,51860,2024-06-29 00:00:00.000,2024-03-29 00:00:00.000,92,71029.15
29543,57141,2024-09-29 00:00:00.000,2024-06-29 00:00:00.000,92,43072.69
29543,63279,2024-12-30 00:00:00.000,2024-09-29 00:00:00.000,92,27078.94
29543,69544,2025-03-30 00:00:00.000,2024-12-30 00:00:00.000,90,35536.67
29544,48038,2023-09-30 00:00:00.000,2023-06-30 00:00:00.000,92,8218.64
29544,49073,2023-12-31 00:00:00.000,2023-09-30 00:00:00.000,92,2641.27
29544,50250,2024-03-29 00:00:00.000,2023-12-31 00:00:00.000,89,2993.16
29544,51843,2024-06-29 00:00:00.000,2024-03-29 00:00:00.000,92,9759.95
29544,57155,2024-09-29 00:00:00.000,2024-06-29 00:00:00.000,92,6609.32
29544,63178,2024-12-30 00:00:00.000,2024-09-29 00:00:00.000,92,4676.90
29544,69538,2025-03-30 00:00:00.000,2024-12-30 00:00:00.000,90,4881.23
29546,48386,2023-10-30 00:00:00.000,2023-07-31 00:00:00.000,91,51394.20
29546,49510,2024-01-28 00:00:00.000,2023-10-30 00:00:00.000,90,47084.11
29546,50722,2024-04-29 00:00:00.000,2024-01-28 00:00:00.000,92,49862.27
29546,53562,2024-07-30 00:00:00.000,2024-04-29 00:00:00.000,92,81476.37
29546,59063,2024-10-29 00:00:00.000,2024-07-30 00:00:00.000,91,57816.26
29546,65271,2025-01-28 00:00:00.000,2024-10-29 00:00:00.000,91,55790.58
29546,71938,2025-04-30 00:00:00.000,2025-01-28 00:00:00.000,92,74160.23
29547,57189,2024-09-29 00:00:00.000,2024-06-29 00:00:00.000,92,1466.01
29547,63292,2024-12-30 00:00:00.000,2024-09-29 00:00:00.000,92,1466.01
29548,44486,2022-09-30 00:00:00.000,2022-06-30 00:00:00.000,92,603.40
29548,45268,2022-12-31 00:00:00.000,2022-09-30 00:00:00.000,92,838.92
29548,46031,2023-03-30 00:00:00.000,2022-12-31 00:00:00.000,89,2175.80
29549,44319,2022-08-30 00:00:00.000,2022-05-30 00:00:00.000,92,34250.36
29549,45076,2022-11-30 00:00:00.000,2022-08-30 00:00:00.000,92,8164.00
29549,45815,2023-02-28 00:00:00.000,2022-11-30 00:00:00.000,90,32222.08
29549,46673,2023-05-30 00:00:00.000,2023-02-28 00:00:00.000,91,28008.12
29549,47726,2023-08-30 00:00:00.000,2023-05-30 00:00:00.000,92,28570.84
29549,48760,2023-11-30 00:00:00.000,2023-08-30 00:00:00.000,92,21705.49
29549,49869,2024-02-28 00:00:00.000,2023-11-30 00:00:00.000,90,38642.32
29550,58961,2024-10-29 00:00:00.000,2024-07-30 00:00:00.000,91,55710.62
29550,65234,2025-01-28 00:00:00.000,2024-10-29 00:00:00.000,91,52756.09
29550,71833,2025-04-30 00:00:00.000,2025-01-28 00:00:00.000,92,53083.45
29551,59075,2024-10-29 00:00:00.000,2024-07-30 00:00:00.000,91,35538.91
29551,65245,2025-01-28 00:00:00.000,2024-10-29 00:00:00.000,91,28094.53
29551,71947,2025-04-30 00:00:00.000,2025-01-28 00:00:00.000,92,34063.82
29552,58951,2024-10-29 00:00:00.000,2024-07-30 00:00:00.000,91,32797.27
29552,65228,2025-01-28 00:00:00.000,2024-10-29 00:00:00.000,91,28953.56
29552,71826,2025-04-30 00:00:00.000,2025-01-28 00:00:00.000,92,29709.34
29553,59041,2024-10-29 00:00:00.000,2024-07-30 00:00:00.000,91,6784.30
29553,65277,2025-01-28 00:00:00.000,2024-10-29 00:00:00.000,91,9197.12
29553,71903,2025-04-30 00:00:00.000,2025-01-28 00:00:00.000,92,3595.19
29554,45281,2022-12-31 00:00:00.000,2022-09-30 00:00:00.000,92,1713.71
29554,46040,2023-03-30 00:00:00.000,2022-12-31 00:00:00.000,89,419.46
29554,46956,2023-06-30 00:00:00.000,2023-03-30 00:00:00.000,92,4313.42
29554,47987,2023-09-30 00:00:00.000,2023-06-30 00:00:00.000,92,1597.98
29554,49128,2023-12-31 00:00:00.000,2023-09-30 00:00:00.000,92,1879.18
29554,50201,2024-03-29 00:00:00.000,2023-12-31 00:00:00.000,89,1879.18
29554,51709,2024-06-29 00:00:00.000,2024-03-29 00:00:00.000,92,173.39
29555,45271,2022-12-31 00:00:00.000,2022-09-30 00:00:00.000,92,5980.05
29555,46027,2023-03-30 00:00:00.000,2022-12-31 00:00:00.000,89,3456.26
29555,46934,2023-06-30 00:00:00.000,2023-03-30 00:00:00.000,92,469.79
29555,57102,2024-09-29 00:00:00.000,2023-06-30 00:00:00.000,457,323.99
29556,57059,2024-09-29 00:00:00.000,2024-06-29 00:00:00.000,92,2860.88
29556,63164,2024-12-30 00:00:00.000,2024-09-29 00:00:00.000,92,2888.26
29556,69491,2025-03-30 00:00:00.000,2024-12-30 00:00:00.000,90,5058.34
29557,58932,2024-10-29 00:00:00.000,2024-07-30 00:00:00.000,91,71891.32
29557,65189,2025-01-28 00:00:00.000,2024-10-29 00:00:00.000,91,32755.81
29557,71808,2025-04-30 00:00:00.000,2025-01-28 00:00:00.000,92,32109.48
29558,44527,2022-09-30 00:00:00.000,2022-06-30 00:00:00.000,92,6127.78
29558,45310,2022-12-31 00:00:00.000,2022-09-30 00:00:00.000,92,14219.96
29558,46065,2023-03-30 00:00:00.000,2022-12-31 00:00:00.000,89,12164.96
29558,47000,2023-06-30 00:00:00.000,2023-03-30 00:00:00.000,92,5894.96
29558,48025,2023-09-30 00:00:00.000,2023-06-30 00:00:00.000,92,1366.22
29558,49120,2023-12-31 00:00:00.000,2023-09-30 00:00:00.000,92,68.38
29558,50233,2024-03-29 00:00:00.000,2023-12-31 00:00:00.000,89,3870.73
29558,51756,2024-06-29 00:00:00.000,2024-03-29 00:00:00.000,92,31.58
29559,48347,2023-10-30 00:00:00.000,2023-07-31 00:00:00.000,91,44305.48
29559,49464,2024-01-28 00:00:00.000,2023-10-30 00:00:00.000,90,34218.06
29559,50693,2024-04-29 00:00:00.000,2024-01-28 00:00:00.000,92,32195.74
29559,53518,2024-07-30 00:00:00.000,2024-04-29 00:00:00.000,92,87783.94
29559,58963,2024-10-29 00:00:00.000,2024-07-30 00:00:00.000,91,77475.23
29559,65200,2025-01-28 00:00:00.000,2024-10-29 00:00:00.000,91,47069.41
29559,71836,2025-04-30 00:00:00.000,2025-01-28 00:00:00.000,92,65466.89
29560,48056,2023-09-30 00:00:00.000,2023-06-30 00:00:00.000,92,59569.23
29560,49139,2023-12-31 00:00:00.000,2023-09-30 00:00:00.000,92,22820.84
29560,50298,2024-03-29 00:00:00.000,2023-12-31 00:00:00.000,89,41637.59
29560,51842,2024-06-29 00:00:00.000,2024-03-29 00:00:00.000,92,44629.00
29560,57157,2024-09-29 00:00:00.000,2024-06-29 00:00:00.000,92,30687.70
29560,63263,2024-12-30 00:00:00.000,2024-09-29 00:00:00.000,92,21524.14
29560,69527,2025-03-30 00:00:00.000,2024-12-30 00:00:00.000,90,27710.13
29561,57074,2024-09-29 00:00:00.000,2024-06-29 00:00:00.000,92,37420.70
29561,63293,2024-12-30 00:00:00.000,2024-09-29 00:00:00.000,92,24818.38
29561,69451,2025-03-30 00:00:00.000,2024-12-30 00:00:00.000,90,50399.17
29562,44795,2022-10-30 00:00:00.000,2022-07-31 00:00:00.000,91,104111.52
29562,45571,2023-01-28 00:00:00.000,2022-10-30 00:00:00.000,90,78882.93
29562,46380,2023-04-30 00:00:00.000,2023-01-28 00:00:00.000,92,42729.52
29562,47441,2023-07-31 00:00:00.000,2023-04-30 00:00:00.000,92,112287.25
29562,48384,2023-10-30 00:00:00.000,2023-07-31 00:00:00.000,91,67778.51
29562,49541,2024-01-28 00:00:00.000,2023-10-30 00:00:00.000,90,36603.14
29562,50753,2024-04-29 00:00:00.000,2024-01-28 00:00:00.000,92,52108.78
29563,58971,2024-10-29 00:00:00.000,2024-07-30 00:00:00.000,91,37323.82
29563,65207,2025-01-28 00:00:00.000,2024-10-29 00:00:00.000,91,36942.46
29563,71839,2025-04-30 00:00:00.000,2025-01-28 00:00:00.000,92,56986.61
29564,57054,2024-09-29 00:00:00.000,2024-06-29 00:00:00.000,92,93077.72
29564,63204,2024-12-30 00:00:00.000,2024-09-29 00:00:00.000,92,44660.78
29564,69433,2025-03-30 00:00:00.000,2024-12-30 00:00:00.000,90,60915.72
29565,44281,2022-08-30 00:00:00.000,2022-05-30 00:00:00.000,92,419.46
29565,45040,2022-11-30 00:00:00.000,2022-08-30 00:00:00.000,92,419.46
29565,46606,2023-05-30 00:00:00.000,2022-11-30 00:00:00.000,181,57.68
29565,47661,2023-08-30 00:00:00.000,2023-05-30 00:00:00.000,92,469.79
29565,49824,2024-02-28 00:00:00.000,2023-08-30 00:00:00.000,182,44.99
29565,55285,2024-08-29 00:00:00.000,2024-02-28 00:00:00.000,183,398.50
29565,61178,2024-11-29 00:00:00.000,2024-08-29 00:00:00.000,92,2689.18
29566,44289,2022-08-30 00:00:00.000,2022-05-30 00:00:00.000,92,4082.09
29566,45048,2022-11-30 00:00:00.000,2022-08-30 00:00:00.000,92,6127.78
29566,45787,2023-02-28 00:00:00.000,2022-11-30 00:00:00.000,90,10226.97
29567,57021,2024-09-29 00:00:00.000,2024-06-29 00:00:00.000,92,221.95
29567,63139,2024-12-30 00:00:00.000,2024-09-29 00:00:00.000,92,402.07
29567,69398,2025-03-30 00:00:00.000,2024-12-30 00:00:00.000,90,868.89
29568,48369,2023-10-30 00:00:00.000,2023-07-31 00:00:00.000,91,4425.79
29568,49528,2024-01-28 00:00:00.000,2023-10-30 00:00:00.000,90,803.03
29568,50744,2024-04-29 00:00:00.000,2024-01-28 00:00:00.000,92,2009.37
29568,53589,2024-07-30 00:00:00.000,2024-04-29 00:00:00.000,92,1101.28
29568,59017,2024-10-29 00:00:00.000,2024-07-30 00:00:00.000,91,2109.46
29568,65279,2025-01-28 00:00:00.000,2024-10-29 00:00:00.000,91,1582.46
29568,71899,2025-04-30 00:00:00.000,2025-01-28 00:00:00.000,92,1856.21
29569,44519,2022-09-30 00:00:00.000,2022-06-30 00:00:00.000,92,2146.96
29569,46989,2023-06-30 00:00:00.000,2022-09-30 00:00:00.000,273,2342.45
29569,48013,2023-09-30 00:00:00.000,2023-06-30 00:00:00.000,92,1998.43
29569,49130,2023-12-31 00:00:00.000,2023-09-30 00:00:00.000,92,1416.85
29569,50274,2024-03-29 00:00:00.000,2023-12-31 00:00:00.000,89,2184.68
29569,51807,2024-06-29 00:00:00.000,2024-03-29 00:00:00.000,92,3669.52
29569,57113,2024-09-29 00:00:00.000,2024-06-29 00:00:00.000,92,4465.52
29569,63162,2024-12-30 00:00:00.000,2024-09-29 00:00:00.000,92,293.18
29569,69495,2025-03-30 00:00:00.000,2024-12-30 00:00:00.000,90,2402.27
29570,44315,2022-08-30 00:00:00.000,2022-05-30 00:00:00.000,92,2597.03
29570,45072,2022-11-30 00:00:00.000,2022-08-30 00:00:00.000,92,2097.29
29570,45811,2023-02-28 00:00:00.000,2022-11-30 00:00:00.000,90,3456.26
29570,46663,2023-05-30 00:00:00.000,2023-02-28 00:00:00.000,91,8526.66
29570,47715,2023-08-30 00:00:00.000,2023-05-30 00:00:00.000,92,3784.62
29570,48787,2023-11-30 00:00:00.000,2023-08-30 00:00:00.000,92,4228.15
29570,49887,2024-02-28 00:00:00.000,2023-11-30 00:00:00.000,90,3502.56
29570,51144,2024-05-29 00:00:00.000,2024-02-28 00:00:00.000,91,7009.12
29570,55310,2024-08-29 00:00:00.000,2024-05-29 00:00:00.000,92,9679.60
29570,61247,2024-11-29 00:00:00.000,2024-08-29 00:00:00.000,92,3263.35
29570,67318,2025-02-28 00:00:00.000,2024-11-29 00:00:00.000,91,5871.15
29571,44511,2022-09-30 00:00:00.000,2022-06-30 00:00:00.000,92,10160.16
29571,45295,2022-12-31 00:00:00.000,2022-09-30 00:00:00.000,92,16297.75
29571,46052,2023-03-30 00:00:00.000,2022-12-31 00:00:00.000,89,24582.73
29571,46973,2023-06-30 00:00:00.000,2023-03-30 00:00:00.000,92,6227.23
29571,47998,2023-09-30 00:00:00.000,2023-06-30 00:00:00.000,92,11405.62
29571,49112,2023-12-31 00:00:00.000,2023-09-30 00:00:00.000,92,5054.60
29571,50215,2024-03-29 00:00:00.000,2023-12-31 00:00:00.000,89,3792.95
29571,51723,2024-06-29 00:00:00.000,2024-03-29 00:00:00.000,92,3492.01
29571,57109,2024-09-29 00:00:00.000,2024-06-29 00:00:00.000,92,5639.35
29571,63158,2024-12-30 00:00:00.000,2024-09-29 00:00:00.000,92,3047.95
29571,69420,2025-03-30 00:00:00.000,2024-12-30 00:00:00.000,90,1544.97
29572,59073,2024-10-29 00:00:00.000,2024-07-30 00:00:00.000,91,2491.21
29572,65249,2025-01-28 00:00:00.000,2024-10-29 00:00:00.000,91,8866.68
29572,71942,2025-04-30 00:00:00.000,2025-01-28 00:00:00.000,92,3460.72
29573,48344,2023-10-30 00:00:00.000,2023-07-31 00:00:00.000,91,1242.85
29573,50692,2024-04-29 00:00:00.000,2023-10-30 00:00:00.000,182,3715.16
29574,48364,2023-10-30 00:00:00.000,2023-07-31 00:00:00.000,91,3423.97
29574,49526,2024-01-28 00:00:00.000,2023-10-30 00:00:00.000,90,2348.97
29574,50739,2024-04-29 00:00:00.000,2024-01-28 00:00:00.000,92,2458.61
29574,53602,2024-07-30 00:00:00.000,2024-04-29 00:00:00.000,92,710.38
29574,59036,2024-10-29 00:00:00.000,2024-07-30 00:00:00.000,91,1715.56
29574,65300,2025-01-28 00:00:00.000,2024-10-29 00:00:00.000,91,1352.68
29574,71901,2025-04-30 00:00:00.000,2025-01-28 00:00:00.000,92,2127.52
29575,57048,2024-09-29 00:00:00.000,2024-06-29 00:00:00.000,92,24.29
29576,48320,2023-10-30 00:00:00.000,2023-07-31 00:00:00.000,91,164.71
29576,49519,2024-01-28 00:00:00.000,2023-10-30 00:00:00.000,90,94.37
29576,50674,2024-04-29 00:00:00.000,2024-01-28 00:00:00.000,92,324.62
29576,53482,2024-07-30 00:00:00.000,2024-04-29 00:00:00.000,92,1475.63
29576,58929,2024-10-29 00:00:00.000,2024-07-30 00:00:00.000,91,2902.91
29576,65185,2025-01-28 00:00:00.000,2024-10-29 00:00:00.000,91,1225.43
29576,71804,2025-04-30 00:00:00.000,2025-01-28 00:00:00.000,92,1536.21
29577,44765,2022-10-30 00:00:00.000,2022-07-31 00:00:00.000,91,5821.11
29577,45545,2023-01-28 00:00:00.000,2022-10-30 00:00:00.000,90,8965.93
29577,46351,2023-04-30 00:00:00.000,2023-01-28 00:00:00.000,92,3914.94
29577,47397,2023-07-31 00:00:00.000,2023-04-30 00:00:00.000,92,7951.16
29577,48338,2023-10-30 00:00:00.000,2023-07-31 00:00:00.000,91,3839.77
29577,49511,2024-01-28 00:00:00.000,2023-10-30 00:00:00.000,90,2348.97
29577,50685,2024-04-29 00:00:00.000,2024-01-28 00:00:00.000,92,6631.71
29577,53509,2024-07-30 00:00:00.000,2024-04-29 00:00:00.000,92,3676.91
29577,58953,2024-10-29 00:00:00.000,2024-07-30 00:00:00.000,91,8181.12
29577,65251,2025-01-28 00:00:00.000,2024-10-29 00:00:00.000,91,2922.83
29577,71827,2025-04-30 00:00:00.000,2025-01-28 00:00:00.000,92,7071.60
29579,48292,2023-10-30 00:00:00.000,2023-07-31 00:00:00.000,91,35418.13
29579,49492,2024-01-28 00:00:00.000,2023-10-30 00:00:00.000,90,32553.23
29579,50661,2024-04-29 00:00:00.000,2024-01-28 00:00:00.000,92,29514.12
29579,53454,2024-07-30 00:00:00.000,2024-04-29 00:00:00.000,92,40255.91
29579,58906,2024-10-29 00:00:00.000,2024-07-30 00:00:00.000,91,43451.70
29579,65155,2025-01-28 00:00:00.000,2024-10-29 00:00:00.000,91,32798.56
29579,71779,2025-04-30 00:00:00.000,2025-01-28 00:00:00.000,92,35331.66
29580,44284,2022-08-30 00:00:00.000,2022-05-30 00:00:00.000,92,87867.84
29580,45043,2022-11-30 00:00:00.000,2022-08-30 00:00:00.000,92,32576.73
29580,45782,2023-02-28 00:00:00.000,2022-11-30 00:00:00.000,90,40705.31
29580,46611,2023-05-30 00:00:00.000,2023-02-28 00:00:00.000,91,78066.22
29580,47666,2023-08-30 00:00:00.000,2023-05-30 00:00:00.000,92,75002.63
29580,48757,2023-11-30 00:00:00.000,2023-08-30 00:00:00.000,92,63864.71
29580,49826,2024-02-28 00:00:00.000,2023-11-30 00:00:00.000,90,73963.26
29580,51089,2024-05-29 00:00:00.000,2024-02-28 00:00:00.000,91,74149.95
29580,55241,2024-08-29 00:00:00.000,2024-05-29 00:00:00.000,92,60519.95
29580,61182,2024-11-29 00:00:00.000,2024-08-29 00:00:00.000,92,52697.24
29580,67266,2025-02-28 00:00:00.000,2024-11-29 00:00:00.000,91,70533.02
29581,44782,2022-10-30 00:00:00.000,2022-07-31 00:00:00.000,91,29226.25
29581,45561,2023-01-28 00:00:00.000,2022-10-30 00:00:00.000,90,25464.58
29581,46368,2023-04-30 00:00:00.000,2023-01-28 00:00:00.000,92,23913.89
29581,47430,2023-07-31 00:00:00.000,2023-04-30 00:00:00.000,92,469.79
29581,48368,2023-10-30 00:00:00.000,2023-07-31 00:00:00.000,91,183.94
29581,49530,2024-01-28 00:00:00.000,2023-10-30 00:00:00.000,90,1633.39
29581,50741,2024-04-29 00:00:00.000,2024-01-28 00:00:00.000,92,508.39
29581,65302,2025-01-28 00:00:00.000,2024-04-29 00:00:00.000,274,65.99
29582,44513,2022-09-30 00:00:00.000,2022-06-30 00:00:00.000,92,43520.13
29582,45296,2022-12-31 00:00:00.000,2022-09-30 00:00:00.000,92,24242.87
29582,46053,2023-03-30 00:00:00.000,2022-12-31 00:00:00.000,89,52874.54
29583,46078,2023-03-30 00:00:00.000,2022-09-30 00:00:00.000,181,1532.35
29583,49077,2023-12-31 00:00:00.000,2023-03-30 00:00:00.000,276,647.99
29583,57165,2024-09-29 00:00:00.000,2023-12-31 00:00:00.000,273,158.43
29583,69463,2025-03-30 00:00:00.000,2024-09-29 00:00:00.000,182,323.99
29584,48362,2023-10-30 00:00:00.000,2023-07-31 00:00:00.000,91,275.39
29584,49522,2024-01-28 00:00:00.000,2023-10-30 00:00:00.000,90,1601.52
29584,53601,2024-07-30 00:00:00.000,2024-01-28 00:00:00.000,184,552.93
29584,59034,2024-10-29 00:00:00.000,2024-07-30 00:00:00.000,91,411.70
29584,65299,2025-01-28 00:00:00.000,2024-10-29 00:00:00.000,91,2222.75
29584,71895,2025-04-30 00:00:00.000,2025-01-28 00:00:00.000,92,221.26
29586,51753,2024-06-29 00:00:00.000,2024-06-29 00:00:00.000,0,4667.64
29586,57066,2024-09-29 00:00:00.000,2024-06-29 00:00:00.000,92,3791.10
29586,57069,2024-09-29 00:00:00.000,2024-09-29 00:00:00.000,0,6673.04
29586,63166,2024-12-30 00:00:00.000,2024-09-29 00:00:00.000,92,4510.02
29586,63211,2024-12-30 00:00:00.000,2024-12-30 00:00:00.000,0,3472.42
29586,69309,2025-03-29 00:00:00.000,2024-12-30 00:00:00.000,89,7041.57
29586,69445,2025-03-30 00:00:00.000,2025-03-29 00:00:00.000,1,6422.22
29587,47721,2023-08-30 00:00:00.000,2023-05-30 00:00:00.000,92,52719.44
29587,48771,2023-11-30 00:00:00.000,2023-08-30 00:00:00.000,92,30663.33
29587,49891,2024-02-28 00:00:00.000,2023-11-30 00:00:00.000,90,42641.79
29587,51143,2024-05-29 00:00:00.000,2024-02-28 00:00:00.000,91,59333.57
29587,55323,2024-08-29 00:00:00.000,2024-05-29 00:00:00.000,92,38534.63
29587,61238,2024-11-29 00:00:00.000,2024-08-29 00:00:00.000,92,22608.86
29587,67343,2025-02-28 00:00:00.000,2024-11-29 00:00:00.000,91,36831.17
29588,46092,2023-03-30 00:00:00.000,2022-09-30 00:00:00.000,181,722.59
29588,47043,2023-06-30 00:00:00.000,2023-03-30 00:00:00.000,92,209.26
29588,48064,2023-09-30 00:00:00.000,2023-06-30 00:00:00.000,92,88.93
29588,49150,2023-12-31 00:00:00.000,2023-09-30 00:00:00.000,92,1877.45
29588,50305,2024-03-29 00:00:00.000,2023-12-31 00:00:00.000,89,647.99
29588,51865,2024-06-29 00:00:00.000,2024-03-29 00:00:00.000,92,514.01
29588,57135,2024-09-29 00:00:00.000,2024-06-29 00:00:00.000,92,5649.53
29588,63268,2024-12-30 00:00:00.000,2024-09-29 00:00:00.000,92,3597.29
29588,69500,2025-03-30 00:00:00.000,2024-12-30 00:00:00.000,90,1289.57
29589,55309,2024-08-29 00:00:00.000,2024-05-29 00:00:00.000,92,47758.75
29589,61263,2024-11-29 00:00:00.000,2024-08-29 00:00:00.000,92,29625.69
29589,67324,2025-02-28 00:00:00.000,2024-11-29 00:00:00.000,91,57288.18
29590,49135,2023-12-31 00:00:00.000,2023-06-30 00:00:00.000,184,736.15
29590,50285,2024-03-29 00:00:00.000,2023-12-31 00:00:00.000,89,283.23
29590,51862,2024-06-29 00:00:00.000,2024-03-29 00:00:00.000,92,4130.98
29590,57129,2024-09-29 00:00:00.000,2024-06-29 00:00:00.000,92,805.79
29590,63286,2024-12-30 00:00:00.000,2024-09-29 00:00:00.000,92,338.99
29590,69547,2025-03-30 00:00:00.000,2024-12-30 00:00:00.000,90,37.25
29591,55242,2024-08-29 00:00:00.000,2024-05-29 00:00:00.000,92,3605.21
29591,61221,2024-11-29 00:00:00.000,2024-08-29 00:00:00.000,92,4443.73
29591,67267,2025-02-28 00:00:00.000,2024-11-29 00:00:00.000,91,5665.79
29592,44740,2022-10-30 00:00:00.000,2022-07-31 00:00:00.000,91,6641.13
29592,45517,2023-01-28 00:00:00.000,2022-10-30 00:00:00.000,90,9421.27
29592,46324,2023-04-30 00:00:00.000,2023-01-28 00:00:00.000,92,4310.74
29592,47351,2023-07-31 00:00:00.000,2023-04-30 00:00:00.000,92,11056.64
29592,48290,2023-10-30 00:00:00.000,2023-07-31 00:00:00.000,91,9342.12
29592,49446,2024-01-28 00:00:00.000,2023-10-30 00:00:00.000,90,13624.03
29592,50706,2024-04-29 00:00:00.000,2024-01-28 00:00:00.000,92,9913.52
29592,53534,2024-07-30 00:00:00.000,2024-04-29 00:00:00.000,92,12423.52
29592,58976,2024-10-29 00:00:00.000,2024-07-30 00:00:00.000,91,10376.37
29592,65152,2025-01-28 00:00:00.000,2024-10-29 00:00:00.000,91,11710.42
29592,71852,2025-04-30 00:00:00.000,2025-01-28 00:00:00.000,92,7927.80
29593,48045,2023-09-30 00:00:00.000,2023-06-30 00:00:00.000,92,1153.79
29593,49080,2023-12-31 00:00:00.000,2023-09-30 00:00:00.000,92,344.00
29593,50256,2024-03-29 00:00:00.000,2023-12-31 00:00:00.000,89,86.52
29593,51777,2024-06-29 00:00:00.000,2024-03-29 00:00:00.000,92,7262.26
29593,57148,2024-09-29 00:00:00.000,2024-06-29 00:00:00.000,92,5324.21
29593,63183,2024-12-30 00:00:00.000,2024-09-29 00:00:00.000,92,5531.80
29593,69468,2025-03-30 00:00:00.000,2024-12-30 00:00:00.000,90,1435.56
29594,47718,2023-08-30 00:00:00.000,2023-05-30 00:00:00.000,92,86493.38
29594,48788,2023-11-30 00:00:00.000,2023-08-30 00:00:00.000,92,85919.85
29594,49888,2024-02-28 00:00:00.000,2023-11-30 00:00:00.000,90,96605.91
29595,55300,2024-08-29 00:00:00.000,2024-05-29 00:00:00.000,92,27486.99
29595,61235,2024-11-29 00:00:00.000,2024-08-29 00:00:00.000,92,31850.42
29595,67342,2025-02-28 00:00:00.000,2024-11-29 00:00:00.000,91,30635.00
29596,44295,2022-08-30 00:00:00.000,2022-05-30 00:00:00.000,92,9475.53
29596,45054,2022-11-30 00:00:00.000,2022-08-30 00:00:00.000,92,13254.36
29596,45794,2023-02-28 00:00:00.000,2022-11-30 00:00:00.000,90,11295.72
29597,57107,2024-09-29 00:00:00.000,2024-06-29 00:00:00.000,92,4291.33
29597,63185,2024-12-30 00:00:00.000,2024-09-29 00:00:00.000,92,1430.44
29597,69403,2025-03-30 00:00:00.000,2024-12-30 00:00:00.000,90,2159.35
29598,47989,2023-09-30 00:00:00.000,2023-06-30 00:00:00.000,92,7477.60
29598,49111,2023-12-31 00:00:00.000,2023-09-30 00:00:00.000,92,4228.15
29598,50266,2024-03-29 00:00:00.000,2023-12-31 00:00:00.000,89,5514.15
29598,51795,2024-06-29 00:00:00.000,2024-03-29 00:00:00.000,92,7633.06
29598,57035,2024-09-29 00:00:00.000,2024-06-29 00:00:00.000,92,2936.90
29598,63192,2024-12-30 00:00:00.000,2024-09-29 00:00:00.000,92,1159.13
29598,69411,2025-03-30 00:00:00.000,2024-12-30 00:00:00.000,90,3793.26
29599,47665,2023-08-30 00:00:00.000,2023-05-30 00:00:00.000,92,40.37
29599,49858,2024-02-28 00:00:00.000,2023-08-30 00:00:00.000,182,469.79
29599,55284,2024-08-29 00:00:00.000,2024-02-28 00:00:00.000,183,3406.77
29599,61183,2024-11-29 00:00:00.000,2024-08-29 00:00:00.000,92,32.39
29599,67265,2025-02-28 00:00:00.000,2024-11-29 00:00:00.000,91,1386.58
29600,48342,2023-10-30 00:00:00.000,2023-07-31 00:00:00.000,91,8699.96
29600,50690,2024-04-29 00:00:00.000,2023-10-30 00:00:00.000,182,2458.92
29601,48033,2023-09-30 00:00:00.000,2023-06-30 00:00:00.000,92,47565.74
29601,49066,2023-12-31 00:00:00.000,2023-09-30 00:00:00.000,92,22577.60
29601,50242,2024-03-29 00:00:00.000,2023-12-31 00:00:00.000,89,36530.64
29601,51769,2024-06-29 00:00:00.000,2024-03-29 00:00:00.000,92,55641.33
29601,57082,2024-09-29 00:00:00.000,2024-06-29 00:00:00.000,92,23983.70
29601,63176,2024-12-30 00:00:00.000,2024-09-29 00:00:00.000,92,6415.72
29601,69460,2025-03-30 00:00:00.000,2024-12-30 00:00:00.000,90,18057.94
29602,55240,2024-08-29 00:00:00.000,2024-05-29 00:00:00.000,92,890.82
29602,61180,2024-11-29 00:00:00.000,2024-08-29 00:00:00.000,92,3490.61
29602,67264,2025-02-28 00:00:00.000,2024-11-29 00:00:00.000,91,1736.33
29603,58990,2024-10-29 00:00:00.000,2024-07-30 00:00:00.000,91,1430.44
29603,65187,2025-01-28 00:00:00.000,2024-10-29 00:00:00.000,91,445.41
29603,71807,2025-04-30 00:00:00.000,2025-01-28 00:00:00.000,92,494.00
29604,47682,2023-08-30 00:00:00.000,2023-05-30 00:00:00.000,92,264.71
29604,48752,2023-11-30 00:00:00.000,2023-08-30 00:00:00.000,92,647.99
29604,49835,2024-02-28 00:00:00.000,2023-11-30 00:00:00.000,90,213.55
29604,51107,2024-05-29 00:00:00.000,2024-02-28 00:00:00.000,91,187.13
29604,55255,2024-08-29 00:00:00.000,2024-05-29 00:00:00.000,92,677.68
29604,61205,2024-11-29 00:00:00.000,2024-08-29 00:00:00.000,92,377.95
29604,67281,2025-02-28 00:00:00.000,2024-11-29 00:00:00.000,91,31.58
29605,47676,2023-08-30 00:00:00.000,2023-05-30 00:00:00.000,92,29482.06
29605,48767,2023-11-30 00:00:00.000,2023-08-30 00:00:00.000,92,26692.57
29605,49832,2024-02-28 00:00:00.000,2023-11-30 00:00:00.000,90,36206.14
29605,51102,2024-05-29 00:00:00.000,2024-02-28 00:00:00.000,91,30410.74
29605,55251,2024-08-29 00:00:00.000,2024-05-29 00:00:00.000,92,41830.78
29605,61211,2024-11-29 00:00:00.000,2024-08-29 00:00:00.000,92,23412.88
29605,67274,2025-02-28 00:00:00.000,2024-11-29 00:00:00.000,91,22215.32
29606,44312,2022-08-30 00:00:00.000,2022-05-30 00:00:00.000,92,2097.29
29606,45068,2022-11-30 00:00:00.000,2022-08-30 00:00:00.000,92,2133.17
29606,45808,2023-02-28 00:00:00.000,2022-11-30 00:00:00.000,90,4266.34
29606,48782,2023-11-30 00:00:00.000,2023-02-28 00:00:00.000,275,469.79
29606,49883,2024-02-28 00:00:00.000,2023-11-30 00:00:00.000,90,89.99
29606,51163,2024-05-29 00:00:00.000,2024-02-28 00:00:00.000,91,323.99
29606,55318,2024-08-29 00:00:00.000,2024-05-29 00:00:00.000,92,696.58
29606,61260,2024-11-29 00:00:00.000,2024-08-29 00:00:00.000,92,647.99
29606,67334,2025-02-28 00:00:00.000,2024-11-29 00:00:00.000,91,48.59
29608,57154,2024-09-29 00:00:00.000,2024-06-29 00:00:00.000,92,40467.32
29608,63177,2024-12-30 00:00:00.000,2024-09-29 00:00:00.000,92,44907.52
29608,69540,2025-03-30 00:00:00.000,2024-12-30 00:00:00.000,90,44228.94
29609,57132,2024-09-29 00:00:00.000,2024-06-29 00:00:00.000,92,40456.91
29609,63233,2024-12-30 00:00:00.000,2024-09-29 00:00:00.000,92,28644.32
29609,69511,2025-03-30 00:00:00.000,2024-12-30 00:00:00.000,90,48642.55
29610,44311,2022-08-30 00:00:00.000,2022-05-30 00:00:00.000,92,7349.96
29610,45067,2022-11-30 00:00:00.000,2022-08-30 00:00:00.000,92,3091.86
29610,45807,2023-02-28 00:00:00.000,2022-11-30 00:00:00.000,90,3524.03
29610,47710,2023-08-30 00:00:00.000,2023-02-28 00:00:00.000,183,183.94
29610,48781,2023-11-30 00:00:00.000,2023-08-30 00:00:00.000,92,403.87
29610,49874,2024-02-28 00:00:00.000,2023-11-30 00:00:00.000,90,508.39
29611,45267,2022-12-31 00:00:00.000,2022-09-30 00:00:00.000,92,3463.30
29611,46025,2023-03-30 00:00:00.000,2022-12-31 00:00:00.000,89,2646.19
29612,59055,2024-10-29 00:00:00.000,2024-07-30 00:00:00.000,91,353.98
29612,71885,2025-04-30 00:00:00.000,2024-10-29 00:00:00.000,183,524.66
29613,47678,2023-08-30 00:00:00.000,2023-05-30 00:00:00.000,92,6919.26
29613,48774,2023-11-30 00:00:00.000,2023-08-30 00:00:00.000,92,3847.93
29613,49834,2024-02-28 00:00:00.000,2023-11-30 00:00:00.000,90,4336.86
29614,44288,2022-08-30 00:00:00.000,2022-05-30 00:00:00.000,92,43803.14
29614,45047,2022-11-30 00:00:00.000,2022-08-30 00:00:00.000,92,39547.85
29614,45786,2023-02-28 00:00:00.000,2022-11-30 00:00:00.000,90,68880.08
29614,46616,2023-05-30 00:00:00.000,2023-02-28 00:00:00.000,91,150837.44
29614,47670,2023-08-30 00:00:00.000,2023-05-30 00:00:00.000,92,77480.96
29614,48750,2023-11-30 00:00:00.000,2023-08-30 00:00:00.000,92,53989.98
29614,49828,2024-02-28 00:00:00.000,2023-11-30 00:00:00.000,90,88328.07
29614,51096,2024-05-29 00:00:00.000,2024-02-28 00:00:00.000,91,81230.94
29614,55245,2024-08-29 00:00:00.000,2024-05-29 00:00:00.000,92,67815.59
29614,61186,2024-11-29 00:00:00.000,2024-08-29 00:00:00.000,92,32743.57
29614,67270,2025-02-28 00:00:00.000,2024-11-29 00:00:00.000,91,58676.12
29615,57180,2024-09-29 00:00:00.000,2024-06-29 00:00:00.000,92,70336.86
29615,63241,2024-12-30 00:00:00.000,2024-09-29 00:00:00.000,92,54904.38
29615,69558,2025-03-30 00:00:00.000,2024-12-30 00:00:00.000,90,76677.45
29616,48048,2023-09-30 00:00:00.000,2023-06-30 00:00:00.000,92,95134.09
29616,49127,2023-12-31 00:00:00.000,2023-09-30 00:00:00.000,92,74205.01
29616,50289,2024-03-29 00:00:00.000,2023-12-31 00:00:00.000,89,105310.51
29616,51855,2024-06-29 00:00:00.000,2024-03-29 00:00:00.000,92,72616.52
29616,57168,2024-09-29 00:00:00.000,2024-06-29 00:00:00.000,92,53900.46
29616,63285,2024-12-30 00:00:00.000,2024-09-29 00:00:00.000,92,47450.61
29616,69545,2025-03-30 00:00:00.000,2024-12-30 00:00:00.000,90,63841.31
29617,44563,2022-09-30 00:00:00.000,2022-06-30 00:00:00.000,92,47716.90
29617,45338,2022-12-31 00:00:00.000,2022-09-30 00:00:00.000,92,57142.94
29617,46100,2023-03-30 00:00:00.000,2022-12-31 00:00:00.000,89,47655.06
29617,47054,2023-06-30 00:00:00.000,2023-03-30 00:00:00.000,92,42396.41
29617,48079,2023-09-30 00:00:00.000,2023-06-30 00:00:00.000,92,43444.10
29617,49161,2023-12-31 00:00:00.000,2023-09-30 00:00:00.000,92,50262.91
29617,50314,2024-03-29 00:00:00.000,2023-12-31 00:00:00.000,89,45674.46
29617,51830,2024-06-29 00:00:00.000,2024-03-29 00:00:00.000,92,112611.97
29617,57136,2024-09-29 00:00:00.000,2024-06-29 00:00:00.000,92,86381.38
29617,63224,2024-12-30 00:00:00.000,2024-09-29 00:00:00.000,92,81696.61
29617,69508,2025-03-30 00:00:00.000,2024-12-30 00:00:00.000,90,106268.24
29618,48035,2023-09-30 00:00:00.000,2023-06-30 00:00:00.000,92,52295.48
29618,49065,2023-12-31 00:00:00.000,2023-09-30 00:00:00.000,92,42740.67
29618,50244,2024-03-29 00:00:00.000,2023-12-31 00:00:00.000,89,43180.98
29618,51771,2024-06-29 00:00:00.000,2024-03-29 00:00:00.000,92,34352.05
29618,57083,2024-09-29 00:00:00.000,2024-06-29 00:00:00.000,92,28881.97
29618,63173,2024-12-30 00:00:00.000,2024-09-29 00:00:00.000,92,26775.47
29618,69461,2025-03-30 00:00:00.000,2024-12-30 00:00:00.000,90,31964.60
29619,48046,2023-09-30 00:00:00.000,2023-06-30 00:00:00.000,92,325.90
29619,50258,2024-03-29 00:00:00.000,2023-09-30 00:00:00.000,181,170.73
29619,51778,2024-06-29 00:00:00.000,2024-03-29 00:00:00.000,92,3051.95
29619,57140,2024-09-29 00:00:00.000,2024-06-29 00:00:00.000,92,583.68
29619,63184,2024-12-30 00:00:00.000,2024-09-29 00:00:00.000,92,108.56
29619,69534,2025-03-30 00:00:00.000,2024-12-30 00:00:00.000,90,331.15
29620,44484,2022-09-30 00:00:00.000,2022-06-30 00:00:00.000,92,8184.88
29620,45269,2022-12-31 00:00:00.000,2022-09-30 00:00:00.000,92,2024.99
29620,46024,2023-03-30 00:00:00.000,2022-12-31 00:00:00.000,89,14280.56
29620,46932,2023-06-30 00:00:00.000,2023-03-30 00:00:00.000,92,3661.10
29620,47963,2023-09-30 00:00:00.000,2023-06-30 00:00:00.000,92,5031.81
29620,49041,2023-12-31 00:00:00.000,2023-09-30 00:00:00.000,92,205.15
29620,50262,2024-03-29 00:00:00.000,2023-12-31 00:00:00.000,89,182.35
29620,51694,2024-06-29 00:00:00.000,2024-03-29 00:00:00.000,92,2061.58
29620,57013,2024-09-29 00:00:00.000,2024-06-29 00:00:00.000,92,5885.92
29620,63121,2024-12-30 00:00:00.000,2024-09-29 00:00:00.000,92,167.98
29620,69391,2025-03-30 00:00:00.000,2024-12-30 00:00:00.000,90,4256.96
29622,44743,2022-10-30 00:00:00.000,2022-07-31 00:00:00.000,91,42254.58
29622,45521,2023-01-28 00:00:00.000,2022-10-30 00:00:00.000,90,19227.06
29622,46327,2023-04-30 00:00:00.000,2023-01-28 00:00:00.000,92,13125.60
29622,48294,2023-10-30 00:00:00.000,2023-04-30 00:00:00.000,183,2485.70
29622,49449,2024-01-28 00:00:00.000,2023-10-30 00:00:00.000,90,45.59
29622,53457,2024-07-30 00:00:00.000,2024-01-28 00:00:00.000,184,47000.96
29622,58910,2024-10-29 00:00:00.000,2024-07-30 00:00:00.000,91,36336.31
29622,65159,2025-01-28 00:00:00.000,2024-10-29 00:00:00.000,91,13573.70
29622,71785,2025-04-30 00:00:00.000,2025-01-28 00:00:00.000,92,29498.80
29623,55298,2024-08-29 00:00:00.000,2024-05-29 00:00:00.000,92,1946.02
29623,61268,2024-11-29 00:00:00.000,2024-08-29 00:00:00.000,92,600.16
29624,44518,2022-09-30 00:00:00.000,2022-06-30 00:00:00.000,92,126198.34
29624,45300,2022-12-31 00:00:00.000,2022-09-30 00:00:00.000,92,89704.27
29624,46056,2023-03-30 00:00:00.000,2022-12-31 00:00:00.000,89,94327.00
29625,58958,2024-10-29 00:00:00.000,2024-07-30 00:00:00.000,91,56647.64
29625,65238,2025-01-28 00:00:00.000,2024-10-29 00:00:00.000,91,23168.24
29625,71830,2025-04-30 00:00:00.000,2025-01-28 00:00:00.000,92,41583.10
29626,49170,2023-12-31 00:00:00.000,2023-09-30 00:00:00.000,92,4085.41
29626,50234,2024-03-29 00:00:00.000,2023-12-31 00:00:00.000,89,517.21
29626,51758,2024-06-29 00:00:00.000,2024-03-29 00:00:00.000,92,1301.83
29626,57072,2024-09-29 00:00:00.000,2024-06-29 00:00:00.000,92,2639.38
29626,63234,2024-12-30 00:00:00.000,2024-09-29 00:00:00.000,92,530.41
29626,69452,2025-03-30 00:00:00.000,2024-12-30 00:00:00.000,90,3325.47
29627,47980,2023-09-30 00:00:00.000,2023-06-30 00:00:00.000,92,22534.87
29627,49100,2023-12-31 00:00:00.000,2023-09-30 00:00:00.000,92,17060.91
29627,50203,2024-03-29 00:00:00.000,2023-12-31 00:00:00.000,89,39485.61
29627,51703,2024-06-29 00:00:00.000,2024-03-29 00:00:00.000,92,50300.62
29627,57023,2024-09-29 00:00:00.000,2024-06-29 00:00:00.000,92,34355.60
29627,63141,2024-12-30 00:00:00.000,2024-09-29 00:00:00.000,92,4241.59
29627,69401,2025-03-30 00:00:00.000,2024-12-30 00:00:00.000,90,18220.93
29628,59018,2024-10-29 00:00:00.000,2024-07-30 00:00:00.000,91,40106.82
29628,65273,2025-01-28 00:00:00.000,2024-10-29 00:00:00.000,91,13030.25
29628,71933,2025-04-30 00:00:00.000,2025-01-28 00:00:00.000,92,28573.57
29629,58980,2024-10-29 00:00:00.000,2024-07-30 00:00:00.000,91,97647.72
29629,65163,2025-01-28 00:00:00.000,2024-10-29 00:00:00.000,91,59234.84
29629,71847,2025-04-30 00:00:00.000,2025-01-28 00:00:00.000,92,89981.79
29630,48007,2023-09-30 00:00:00.000,2023-06-30 00:00:00.000,92,647.99
29630,49056,2023-12-31 00:00:00.000,2023-09-30 00:00:00.000,92,647.99
29630,51801,2024-06-29 00:00:00.000,2023-12-31 00:00:00.000,181,72.16
29630,63208,2024-12-30 00:00:00.000,2024-06-29 00:00:00.000,184,1391.99
29630,69428,2025-03-30 00:00:00.000,2024-12-30 00:00:00.000,90,923.39
29631,55247,2024-08-29 00:00:00.000,2024-05-29 00:00:00.000,92,4764.11
29631,61212,2024-11-29 00:00:00.000,2024-08-29 00:00:00.000,92,8070.41
29631,67311,2025-02-28 00:00:00.000,2024-11-29 00:00:00.000,91,9473.47
29632,44741,2022-10-30 00:00:00.000,2022-07-31 00:00:00.000,91,4079.99
29632,45518,2023-01-28 00:00:00.000,2022-10-30 00:00:00.000,90,12179.96
29632,46323,2023-04-30 00:00:00.000,2023-01-28 00:00:00.000,92,2238.49
29633,48011,2023-09-30 00:00:00.000,2023-06-30 00:00:00.000,92,7516.70
29633,49057,2023-12-31 00:00:00.000,2023-09-30 00:00:00.000,92,2348.97
29633,51741,2024-06-29 00:00:00.000,2023-12-31 00:00:00.000,181,2964.99
29633,57060,2024-09-29 00:00:00.000,2024-06-29 00:00:00.000,92,3148.45
29633,63163,2024-12-30 00:00:00.000,2024-09-29 00:00:00.000,92,4142.05
29633,69493,2025-03-30 00:00:00.000,2024-12-30 00:00:00.000,90,5306.64
29634,55293,2024-08-29 00:00:00.000,2024-05-29 00:00:00.000,92,9208.70
29634,61254,2024-11-29 00:00:00.000,2024-08-29 00:00:00.000,92,8043.03
29634,67329,2025-02-28 00:00:00.000,2024-11-29 00:00:00.000,91,7776.95
29635,48379,2023-10-30 00:00:00.000,2023-07-31 00:00:00.000,91,1788.18
29635,49542,2024-01-28 00:00:00.000,2023-10-30 00:00:00.000,90,2527.30
29635,50751,2024-04-29 00:00:00.000,2024-01-28 00:00:00.000,92,1493.97
29635,53611,2024-07-30 00:00:00.000,2024-04-29 00:00:00.000,92,1915.54
29635,59057,2024-10-29 00:00:00.000,2024-07-30 00:00:00.000,91,2294.30
29635,65314,2025-01-28 00:00:00.000,2024-10-29 00:00:00.000,91,1502.98
29635,71887,2025-04-30 00:00:00.000,2025-01-28 00:00:00.000,92,3678.82
29636,47699,2023-08-30 00:00:00.000,2023-05-30 00:00:00.000,92,6174.86
29636,48749,2023-11-30 00:00:00.000,2023-08-30 00:00:00.000,92,3288.56
29636,49852,2024-02-28 00:00:00.000,2023-11-30 00:00:00.000,90,6712.19
29637,44791,2022-10-30 00:00:00.000,2022-07-31 00:00:00.000,91,14494.39
29637,45568,2023-01-28 00:00:00.000,2022-10-30 00:00:00.000,90,15251.82
29637,46377,2023-04-30 00:00:00.000,2023-01-28 00:00:00.000,92,9853.78
29637,47439,2023-07-31 00:00:00.000,2023-04-30 00:00:00.000,92,59292.43
29637,48378,2023-10-30 00:00:00.000,2023-07-31 00:00:00.000,91,42720.34
29637,49538,2024-01-28 00:00:00.000,2023-10-30 00:00:00.000,90,23383.13
29637,50748,2024-04-29 00:00:00.000,2024-01-28 00:00:00.000,92,39230.55
29637,53616,2024-07-30 00:00:00.000,2024-04-29 00:00:00.000,92,68906.65
29637,59011,2024-10-29 00:00:00.000,2024-07-30 00:00:00.000,91,33726.96
29637,65310,2025-01-28 00:00:00.000,2024-10-29 00:00:00.000,91,13067.01
29637,71889,2025-04-30 00:00:00.000,2025-01-28 00:00:00.000,92,26632.97
29638,59030,2024-10-29 00:00:00.000,2024-07-30 00:00:00.000,91,441.92
29638,65287,2025-01-28 00:00:00.000,2024-10-29 00:00:00.000,91,453.25
29638,71915,2025-04-30 00:00:00.000,2025-01-28 00:00:00.000,92,1732.89
29639,44749,2022-10-30 00:00:00.000,2022-07-31 00:00:00.000,91,45851.75
29639,45527,2023-01-28 00:00:00.000,2022-10-30 00:00:00.000,90,54458.90
29639,46333,2023-04-30 00:00:00.000,2023-01-28 00:00:00.000,92,50154.27
29639,47366,2023-07-31 00:00:00.000,2023-04-30 00:00:00.000,92,96577.14
29639,48307,2023-10-30 00:00:00.000,2023-07-31 00:00:00.000,91,87693.76
29639,49485,2024-01-28 00:00:00.000,2023-10-30 00:00:00.000,90,86352.41
29639,50694,2024-04-29 00:00:00.000,2024-01-28 00:00:00.000,92,95434.91
29639,53464,2024-07-30 00:00:00.000,2024-04-29 00:00:00.000,92,64152.09
29639,58914,2024-10-29 00:00:00.000,2024-07-30 00:00:00.000,91,69894.04
29639,65173,2025-01-28 00:00:00.000,2024-10-29 00:00:00.000,91,65622.17
29639,71792,2025-04-30 00:00:00.000,2025-01-28 00:00:00.000,92,50937.38
29640,50291,2024-03-29 00:00:00.000,2023-06-30 00:00:00.000,273,607.00
29640,51854,2024-06-29 00:00:00.000,2024-03-29 00:00:00.000,92,26.72
29640,57089,2024-09-29 00:00:00.000,2024-06-29 00:00:00.000,92,672.29
29640,63259,2024-12-30 00:00:00.000,2024-09-29 00:00:00.000,92,323.99
29640,69519,2025-03-30 00:00:00.000,2024-12-30 00:00:00.000,90,672.29
29641,55282,2024-08-29 00:00:00.000,2024-05-29 00:00:00.000,92,160378.39
29641,61184,2024-11-29 00:00:00.000,2024-08-29 00:00:00.000,92,94493.67
29641,67305,2025-02-28 00:00:00.000,2024-11-29 00:00:00.000,91,116153.83
29642,44799,2022-10-30 00:00:00.000,2022-07-31 00:00:00.000,91,40706.73
29642,45574,2023-01-28 00:00:00.000,2022-10-30 00:00:00.000,90,28078.58
29642,46383,2023-04-30 00:00:00.000,2023-01-28 00:00:00.000,92,14950.96
29642,49516,2024-01-28 00:00:00.000,2023-04-30 00:00:00.000,273,1317.69
29642,53622,2024-07-30 00:00:00.000,2024-01-28 00:00:00.000,184,31.58
29642,59069,2024-10-29 00:00:00.000,2024-07-30 00:00:00.000,91,323.99
29642,65272,2025-01-28 00:00:00.000,2024-10-29 00:00:00.000,91,37.15
29642,71951,2025-04-30 00:00:00.000,2025-01-28 00:00:00.000,92,1502.98
29643,57099,2024-09-29 00:00:00.000,2024-06-29 00:00:00.000,92,53919.90
29643,63133,2024-12-30 00:00:00.000,2024-09-29 00:00:00.000,92,32820.46
29643,69475,2025-03-30 00:00:00.000,2024-12-30 00:00:00.000,90,57037.07
29644,48329,2023-10-30 00:00:00.000,2023-07-31 00:00:00.000,91,1070.06
29644,50679,2024-04-29 00:00:00.000,2023-10-30 00:00:00.000,182,386.27
29644,53495,2024-07-30 00:00:00.000,2024-04-29 00:00:00.000,92,4098.65
29644,58941,2024-10-29 00:00:00.000,2024-07-30 00:00:00.000,91,564.62
29644,65214,2025-01-28 00:00:00.000,2024-10-29 00:00:00.000,91,2.75
29644,71867,2025-04-30 00:00:00.000,2025-01-28 00:00:00.000,92,858.90
29645,59059,2024-10-29 00:00:00.000,2024-07-30 00:00:00.000,91,25137.28
29645,65255,2025-01-28 00:00:00.000,2024-10-29 00:00:00.000,91,31295.11
29645,71893,2025-04-30 00:00:00.000,2025-01-28 00:00:00.000,92,41471.69
29646,44314,2022-08-30 00:00:00.000,2022-05-30 00:00:00.000,92,42088.82
29646,45070,2022-11-30 00:00:00.000,2022-08-30 00:00:00.000,92,28091.42
29646,45810,2023-02-28 00:00:00.000,2022-11-30 00:00:00.000,90,31457.40
29646,46660,2023-05-30 00:00:00.000,2023-02-28 00:00:00.000,91,117274.35
29646,47712,2023-08-30 00:00:00.000,2023-05-30 00:00:00.000,92,99262.98
29646,48780,2023-11-30 00:00:00.000,2023-08-30 00:00:00.000,92,46261.87
29646,49884,2024-02-28 00:00:00.000,2023-11-30 00:00:00.000,90,97791.62
29646,51153,2024-05-29 00:00:00.000,2024-02-28 00:00:00.000,91,90421.79
29646,55303,2024-08-29 00:00:00.000,2024-05-29 00:00:00.000,92,62744.62
29646,61264,2024-11-29 00:00:00.000,2024-08-29 00:00:00.000,92,25065.10
29646,67320,2025-02-28 00:00:00.000,2024-11-29 00:00:00.000,91,52815.31
29647,47685,2023-08-30 00:00:00.000,2023-05-30 00:00:00.000,92,51197.99
29647,48770,2023-11-30 00:00:00.000,2023-08-30 00:00:00.000,92,35765.76
29647,49843,2024-02-28 00:00:00.000,2023-11-30 00:00:00.000,90,80512.22
29647,51111,2024-05-29 00:00:00.000,2024-02-28 00:00:00.000,91,35035.49
29647,55261,2024-08-29 00:00:00.000,2024-05-29 00:00:00.000,92,29025.02
29647,61209,2024-11-29 00:00:00.000,2024-08-29 00:00:00.000,92,28194.27
29647,67284,2025-02-28 00:00:00.000,2024-11-29 00:00:00.000,91,31600.52
29648,55326,2024-08-29 00:00:00.000,2024-05-29 00:00:00.000,92,1118.52
29648,61226,2024-11-29 00:00:00.000,2024-08-29 00:00:00.000,92,680.91
29648,67344,2025-02-28 00:00:00.000,2024-11-29 00:00:00.000,91,362.34
29649,44774,2022-10-30 00:00:00.000,2022-07-31 00:00:00.000,91,12455.28
29649,45553,2023-01-28 00:00:00.000,2022-10-30 00:00:00.000,90,69240.39
29649,46360,2023-04-30 00:00:00.000,2023-01-28 00:00:00.000,92,6223.39
29649,47413,2023-07-31 00:00:00.000,2023-04-30 00:00:00.000,92,39367.01
29649,48351,2023-10-30 00:00:00.000,2023-07-31 00:00:00.000,91,36305.94
29649,49468,2024-01-28 00:00:00.000,2023-10-30 00:00:00.000,90,36476.26
29649,50699,2024-04-29 00:00:00.000,2024-01-28 00:00:00.000,92,28916.60
29650,55235,2024-08-29 00:00:00.000,2024-05-29 00:00:00.000,92,595.34
29650,61203,2024-11-29 00:00:00.000,2024-08-29 00:00:00.000,92,83.99
29650,67301,2025-02-28 00:00:00.000,2024-11-29 00:00:00.000,91,26.72
29651,44758,2022-10-30 00:00:00.000,2022-07-31 00:00:00.000,91,25618.70
29651,45538,2023-01-28 00:00:00.000,2022-10-30 00:00:00.000,90,21847.39
29651,46344,2023-04-30 00:00:00.000,2023-01-28 00:00:00.000,92,25738.26
29651,47384,2023-07-31 00:00:00.000,2023-04-30 00:00:00.000,92,44013.75
29651,48325,2023-10-30 00:00:00.000,2023-07-31 00:00:00.000,91,48509.99
29651,49502,2024-01-28 00:00:00.000,2023-10-30 00:00:00.000,90,41602.44
29651,50712,2024-04-29 00:00:00.000,2024-01-28 00:00:00.000,92,44541.96
29651,53548,2024-07-30 00:00:00.000,2024-04-29 00:00:00.000,92,33592.04
29651,58996,2024-10-29 00:00:00.000,2024-07-30 00:00:00.000,91,35390.41
29651,65215,2025-01-28 00:00:00.000,2024-10-29 00:00:00.000,91,37520.64
29651,71864,2025-04-30 00:00:00.000,2025-01-28 00:00:00.000,92,28373.20
29652,58997,2024-10-29 00:00:00.000,2024-07-30 00:00:00.000,91,762.17
29652,65196,2025-01-28 00:00:00.000,2024-10-29 00:00:00.000,91,4256.96
29652,71879,2025-04-30 00:00:00.000,2025-01-28 00:00:00.000,92,2058.25
29653,58984,2024-10-29 00:00:00.000,2024-07-30 00:00:00.000,91,18959.59
29653,65184,2025-01-28 00:00:00.000,2024-10-29 00:00:00.000,91,10723.99
29653,71858,2025-04-30 00:00:00.000,2025-01-28 00:00:00.000,92,11528.84
29654,47702,2023-08-30 00:00:00.000,2023-05-30 00:00:00.000,92,7536.31
29654,48748,2023-11-30 00:00:00.000,2023-08-30 00:00:00.000,92,1548.57
29654,49853,2024-02-28 00:00:00.000,2023-11-30 00:00:00.000,90,4030.29
29654,51129,2024-05-29 00:00:00.000,2024-02-28 00:00:00.000,91,5156.68
29654,55314,2024-08-29 00:00:00.000,2024-05-29 00:00:00.000,92,7556.87
29654,61201,2024-11-29 00:00:00.000,2024-08-29 00:00:00.000,92,1880.92
29654,67299,2025-02-28 00:00:00.000,2024-11-29 00:00:00.000,91,4718.90
29655,44759,2022-10-30 00:00:00.000,2022-07-31 00:00:00.000,91,6135.92
29655,45539,2023-01-28 00:00:00.000,2022-10-30 00:00:00.000,90,28469.92
29655,46346,2023-04-30 00:00:00.000,2023-01-28 00:00:00.000,92,8912.67
29656,55307,2024-08-29 00:00:00.000,2024-05-29 00:00:00.000,92,11888.99
29656,61237,2024-11-29 00:00:00.000,2024-08-29 00:00:00.000,92,5115.31
29656,67317,2025-02-28 00:00:00.000,2024-11-29 00:00:00.000,91,12916.79
29657,63203,2024-12-30 00:00:00.000,2024-06-29 00:00:00.000,184,1376.99
29657,69439,2025-03-30 00:00:00.000,2024-12-30 00:00:00.000,90,436.91
29658,47706,2023-08-30 00:00:00.000,2023-05-30 00:00:00.000,92,29731.49
29658,48776,2023-11-30 00:00:00.000,2023-08-30 00:00:00.000,92,23264.49
29658,49877,2024-02-28 00:00:00.000,2023-11-30 00:00:00.000,90,36459.77
29658,51157,2024-05-29 00:00:00.000,2024-02-28 00:00:00.000,91,50576.57
29658,55301,2024-08-29 00:00:00.000,2024-05-29 00:00:00.000,92,46412.82
29658,61239,2024-11-29 00:00:00.000,2024-08-29 00:00:00.000,92,18775.69
29658,67314,2025-02-28 00:00:00.000,2024-11-29 00:00:00.000,91,41944.45
29659,44754,2022-10-30 00:00:00.000,2022-07-31 00:00:00.000,91,10830.15
29659,45532,2023-01-28 00:00:00.000,2022-10-30 00:00:00.000,90,6691.82
29659,46338,2023-04-30 00:00:00.000,2023-01-28 00:00:00.000,92,19044.61
29659,47370,2023-07-31 00:00:00.000,2023-04-30 00:00:00.000,92,149.03
29659,49491,2024-01-28 00:00:00.000,2023-07-31 00:00:00.000,181,183.94
29659,58998,2024-10-29 00:00:00.000,2024-01-28 00:00:00.000,275,356.90
29660,58919,2024-10-29 00:00:00.000,2024-07-30 00:00:00.000,91,52370.71
29660,65176,2025-01-28 00:00:00.000,2024-10-29 00:00:00.000,91,25622.29
29660,71796,2025-04-30 00:00:00.000,2025-01-28 00:00:00.000,92,47848.03
29661,44306,2022-08-30 00:00:00.000,2022-05-30 00:00:00.000,92,18648.61
29661,45062,2022-11-30 00:00:00.000,2022-08-30 00:00:00.000,92,15842.63
29661,45802,2023-02-28 00:00:00.000,2022-11-30 00:00:00.000,90,22648.01
29661,46644,2023-05-30 00:00:00.000,2023-02-28 00:00:00.000,91,1308.94
29661,49845,2024-02-28 00:00:00.000,2023-05-30 00:00:00.000,274,4228.15
29662,49083,2023-12-31 00:00:00.000,2023-06-30 00:00:00.000,184,1229.46
29662,50198,2024-03-29 00:00:00.000,2023-12-31 00:00:00.000,89,3701.77
29663,48360,2023-10-30 00:00:00.000,2023-07-31 00:00:00.000,91,11075.42
29663,49477,2024-01-28 00:00:00.000,2023-10-30 00:00:00.000,90,7046.91
29663,50705,2024-04-29 00:00:00.000,2024-01-28 00:00:00.000,92,10763.15
29664,44524,2022-09-30 00:00:00.000,2022-06-30 00:00:00.000,92,4082.09
29664,45304,2022-12-31 00:00:00.000,2022-09-30 00:00:00.000,92,20324.94
29664,46061,2023-03-30 00:00:00.000,2022-12-31 00:00:00.000,89,14189.96
29665,57147,2024-09-29 00:00:00.000,2024-06-29 00:00:00.000,92,5078.61
29665,63227,2024-12-30 00:00:00.000,2024-09-29 00:00:00.000,92,209.97
29665,69553,2025-03-30 00:00:00.000,2024-12-30 00:00:00.000,90,752.63
29666,57103,2024-09-29 00:00:00.000,2024-06-29 00:00:00.000,92,17844.47
29666,63134,2024-12-30 00:00:00.000,2024-09-29 00:00:00.000,92,7635.72
29666,69482,2025-03-30 00:00:00.000,2024-12-30 00:00:00.000,90,20373.76
29667,48090,2023-09-30 00:00:00.000,2023-06-30 00:00:00.000,92,7540.91
29667,49133,2023-12-31 00:00:00.000,2023-09-30 00:00:00.000,92,10335.47
29667,50276,2024-03-29 00:00:00.000,2023-12-31 00:00:00.000,89,11497.05
29669,45562,2023-01-28 00:00:00.000,2022-10-30 00:00:00.000,90,3463.30
29669,46369,2023-04-30 00:00:00.000,2023-01-28 00:00:00.000,92,3962.24
29669,47432,2023-07-31 00:00:00.000,2023-04-30 00:00:00.000,92,7200.22
29669,48371,2023-10-30 00:00:00.000,2023-07-31 00:00:00.000,91,4039.40
29669,49531,2024-01-28 00:00:00.000,2023-10-30 00:00:00.000,90,4228.15
29669,50733,2024-04-29 00:00:00.000,2024-01-28 00:00:00.000,92,2953.84
29669,53585,2024-07-30 00:00:00.000,2024-04-29 00:00:00.000,92,2576.90
29669,59032,2024-10-29 00:00:00.000,2024-07-30 00:00:00.000,91,2748.51
29669,65276,2025-01-28 00:00:00.000,2024-10-29 00:00:00.000,91,1403.92
29669,71908,2025-04-30 00:00:00.000,2025-01-28 00:00:00.000,92,2108.63
29670,55258,2024-08-29 00:00:00.000,2024-05-29 00:00:00.000,92,7154.27
29670,61225,2024-11-29 00:00:00.000,2024-08-29 00:00:00.000,92,12485.40
29670,67312,2025-02-28 00:00:00.000,2024-11-29 00:00:00.000,91,6204.05
29671,55263,2024-08-29 00:00:00.000,2024-05-29 00:00:00.000,92,9699.63
29671,61232,2024-11-29 00:00:00.000,2024-08-29 00:00:00.000,92,14427.74
29671,67286,2025-02-28 00:00:00.000,2024-11-29 00:00:00.000,91,11802.56
29672,47660,2023-08-30 00:00:00.000,2022-05-30 00:00:00.000,457,469.79
29672,49857,2024-02-28 00:00:00.000,2023-08-30 00:00:00.000,182,44.99
29672,51086,2024-05-29 00:00:00.000,2024-02-28 00:00:00.000,91,323.99
29672,55281,2024-08-29 00:00:00.000,2024-05-29 00:00:00.000,92,518.37
29672,67303,2025-02-28 00:00:00.000,2024-08-29 00:00:00.000,183,194.38
29673,44752,2022-10-30 00:00:00.000,2022-07-31 00:00:00.000,91,12962.48
29673,45531,2023-01-28 00:00:00.000,2022-10-30 00:00:00.000,90,4266.34
29673,46339,2023-04-30 00:00:00.000,2023-01-28 00:00:00.000,92,3014.64
29674,46371,2023-04-30 00:00:00.000,2022-10-30 00:00:00.000,182,903.63
29674,47429,2023-07-31 00:00:00.000,2023-04-30 00:00:00.000,92,1259.74
29674,48372,2023-10-30 00:00:00.000,2023-07-31 00:00:00.000,91,107.27
29675,44515,2022-09-30 00:00:00.000,2022-06-30 00:00:00.000,92,5492.18
29675,45297,2022-12-31 00:00:00.000,2022-09-30 00:00:00.000,92,6435.39
29675,46054,2023-03-30 00:00:00.000,2022-12-31 00:00:00.000,89,8543.06
29675,46977,2023-06-30 00:00:00.000,2023-03-30 00:00:00.000,92,4254.45
29675,48002,2023-09-30 00:00:00.000,2023-06-30 00:00:00.000,92,4610.74
29675,49108,2023-12-31 00:00:00.000,2023-09-30 00:00:00.000,92,1409.38
29675,50277,2024-03-29 00:00:00.000,2023-12-31 00:00:00.000,89,2551.49
29675,51725,2024-06-29 00:00:00.000,2024-03-29 00:00:00.000,92,1295.98
29675,57112,2024-09-29 00:00:00.000,2024-06-29 00:00:00.000,92,232.69
29675,63199,2024-12-30 00:00:00.000,2024-09-29 00:00:00.000,92,1458.89
29675,69489,2025-03-30 00:00:00.000,2024-12-30 00:00:00.000,90,964.72
29676,53604,2024-07-30 00:00:00.000,2024-07-30 00:00:00.000,0,1825.78
29676,59038,2024-10-29 00:00:00.000,2024-07-30 00:00:00.000,91,2518.27
29676,59052,2024-10-29 00:00:00.000,2024-10-29 00:00:00.000,0,734.79
29676,65292,2025-01-28 00:00:00.000,2024-10-29 00:00:00.000,91,3482.89
29676,71691,2025-04-29 00:00:00.000,2025-01-28 00:00:00.000,91,1087.25
29676,71914,2025-04-30 00:00:00.000,2025-04-29 00:00:00.000,1,1966.26
29677,47979,2023-09-30 00:00:00.000,2023-06-30 00:00:00.000,92,3554.66
29677,49048,2023-12-31 00:00:00.000,2023-09-30 00:00:00.000,92,4697.94
29677,50200,2024-03-29 00:00:00.000,2023-12-31 00:00:00.000,89,5605.25
29677,51700,2024-06-29 00:00:00.000,2024-03-29 00:00:00.000,92,4823.57
29677,57022,2024-09-29 00:00:00.000,2024-06-29 00:00:00.000,92,3453.57
29677,63138,2024-12-30 00:00:00.000,2024-09-29 00:00:00.000,92,4746.82
29677,69400,2025-03-30 00:00:00.000,2024-12-30 00:00:00.000,90,2870.95
29678,48398,2023-10-30 00:00:00.000,2023-07-31 00:00:00.000,91,3711.17
29678,49520,2024-01-28 00:00:00.000,2023-10-30 00:00:00.000,90,2595.68
29678,50759,2024-04-29 00:00:00.000,2024-01-28 00:00:00.000,92,1252.25
29678,53625,2024-07-30 00:00:00.000,2024-04-29 00:00:00.000,92,2263.37
29678,59076,2024-10-29 00:00:00.000,2024-07-30 00:00:00.000,91,4331.35
29678,65246,2025-01-28 00:00:00.000,2024-10-29 00:00:00.000,91,3005.95
29678,71950,2025-04-30 00:00:00.000,2025-01-28 00:00:00.000,92,3131.93
29679,55312,2024-08-29 00:00:00.000,2024-05-29 00:00:00.000,92,704.69
29679,55321,2024-08-29 00:00:00.000,2024-08-29 00:00:00.000,0,1427.59
29679,61265,2024-11-29 00:00:00.000,2024-08-29 00:00:00.000,92,563.75
29679,61242,2024-11-29 00:00:00.000,2024-11-29 00:00:00.000,0,2049.28
29679,67204,2025-02-27 00:00:00.000,2024-11-29 00:00:00.000,90,515.87
29679,67328,2025-02-28 00:00:00.000,2025-02-27 00:00:00.000,1,746.80
29680,44499,2022-09-30 00:00:00.000,2022-06-30 00:00:00.000,92,12170.66
29680,45282,2022-12-31 00:00:00.000,2022-09-30 00:00:00.000,92,8156.38
29680,46039,2023-03-30 00:00:00.000,2022-12-31 00:00:00.000,89,24424.13
29680,46955,2023-06-30 00:00:00.000,2023-03-30 00:00:00.000,92,9625.06
29680,47981,2023-09-30 00:00:00.000,2023-06-30 00:00:00.000,92,2709.65
29680,49049,2023-12-31 00:00:00.000,2023-09-30 00:00:00.000,92,136.76
29680,50202,2024-03-29 00:00:00.000,2023-12-31 00:00:00.000,89,2550.09
29681,44764,2022-10-30 00:00:00.000,2022-07-31 00:00:00.000,91,2133.17
29681,45544,2023-01-28 00:00:00.000,2022-10-30 00:00:00.000,90,3391.55
29681,46350,2023-04-30 00:00:00.000,2023-01-28 00:00:00.000,92,3427.42
29681,58954,2024-10-29 00:00:00.000,2023-04-30 00:00:00.000,548,323.99
29682,45046,2022-11-30 00:00:00.000,2022-08-30 00:00:00.000,92,838.92
29682,45788,2023-02-28 00:00:00.000,2022-11-30 00:00:00.000,90,2169.05
29682,46617,2023-05-30 00:00:00.000,2023-02-28 00:00:00.000,91,4007.48
29682,51095,2024-05-29 00:00:00.000,2023-05-30 00:00:00.000,365,803.77
29682,55290,2024-08-29 00:00:00.000,2024-05-29 00:00:00.000,92,75.52
29682,61220,2024-11-29 00:00:00.000,2024-08-29 00:00:00.000,92,108.56
29682,67307,2025-02-28 00:00:00.000,2024-11-29 00:00:00.000,91,84.50
29683,47701,2023-08-30 00:00:00.000,2023-05-30 00:00:00.000,92,6413.63
29683,48747,2023-11-30 00:00:00.000,2023-08-30 00:00:00.000,92,8742.98
29683,49850,2024-02-28 00:00:00.000,2023-11-30 00:00:00.000,90,5373.17
29683,51128,2024-05-29 00:00:00.000,2024-02-28 00:00:00.000,91,1331.24
29683,55278,2024-08-29 00:00:00.000,2024-05-29 00:00:00.000,92,3257.92
29683,61202,2024-11-29 00:00:00.000,2024-08-29 00:00:00.000,92,4424.94
29683,67300,2025-02-28 00:00:00.000,2024-11-29 00:00:00.000,91,251.96
29684,47995,2023-09-30 00:00:00.000,2023-06-30 00:00:00.000,92,14495.96
29684,49119,2023-12-31 00:00:00.000,2023-09-30 00:00:00.000,92,7986.50
29684,50211,2024-03-29 00:00:00.000,2023-12-31 00:00:00.000,89,9795.14
29684,51717,2024-06-29 00:00:00.000,2024-03-29 00:00:00.000,92,14366.49
29684,57038,2024-09-29 00:00:00.000,2024-06-29 00:00:00.000,92,5728.01
29684,63191,2024-12-30 00:00:00.000,2024-09-29 00:00:00.000,92,9903.46
29684,69416,2025-03-30 00:00:00.000,2024-12-30 00:00:00.000,90,4006.40
29685,44779,2022-10-30 00:00:00.000,2022-07-31 00:00:00.000,91,32572.70
29685,45558,2023-01-28 00:00:00.000,2022-10-30 00:00:00.000,90,6104.98
29685,46365,2023-04-30 00:00:00.000,2023-01-28 00:00:00.000,92,3304.44
29685,47424,2023-07-31 00:00:00.000,2023-04-30 00:00:00.000,92,12625.06
29685,48365,2023-10-30 00:00:00.000,2023-07-31 00:00:00.000,91,10081.00
29685,49524,2024-01-28 00:00:00.000,2023-10-30 00:00:00.000,90,3916.32
29685,50740,2024-04-29 00:00:00.000,2024-01-28 00:00:00.000,92,8961.52
29685,53595,2024-07-30 00:00:00.000,2024-04-29 00:00:00.000,92,6770.30
29685,59035,2024-10-29 00:00:00.000,2024-07-30 00:00:00.000,91,6221.87
29685,65283,2025-01-28 00:00:00.000,2024-10-29 00:00:00.000,91,3257.92
29685,71909,2025-04-30 00:00:00.000,2025-01-28 00:00:00.000,92,6179.88
29686,44770,2022-10-30 00:00:00.000,2022-07-31 00:00:00.000,91,10382.86
29686,45548,2023-01-28 00:00:00.000,2022-10-30 00:00:00.000,90,7657.89
29686,46357,2023-04-30 00:00:00.000,2023-01-28 00:00:00.000,92,8573.75
29687,58965,2024-10-29 00:00:00.000,2024-07-30 00:00:00.000,91,12647.65
29687,65202,2025-01-28 00:00:00.000,2024-10-29 00:00:00.000,91,6174.22
29687,71913,2025-04-30 00:00:00.000,2025-01-28 00:00:00.000,92,6231.94
29688,44568,2022-09-30 00:00:00.000,2022-06-30 00:00:00.000,92,2254.95
29688,46106,2023-03-30 00:00:00.000,2022-09-30 00:00:00.000,181,2907.48
29688,63226,2024-12-30 00:00:00.000,2023-03-30 00:00:00.000,641,41.99
29688,69562,2025-03-30 00:00:00.000,2024-12-30 00:00:00.000,90,203.40
29689,47694,2023-08-30 00:00:00.000,2023-05-30 00:00:00.000,92,72337.83
29689,48741,2023-11-30 00:00:00.000,2023-08-30 00:00:00.000,92,37020.04
29689,49844,2024-02-28 00:00:00.000,2023-11-30 00:00:00.000,90,75104.65
29689,51123,2024-05-29 00:00:00.000,2024-02-28 00:00:00.000,91,93397.64
29689,55269,2024-08-29 00:00:00.000,2024-05-29 00:00:00.000,92,49597.41
29689,61195,2024-11-29 00:00:00.000,2024-08-29 00:00:00.000,92,40026.19
29689,67294,2025-02-28 00:00:00.000,2024-11-29 00:00:00.000,91,55487.57
29690,44762,2022-10-30 00:00:00.000,2022-07-31 00:00:00.000,91,92832.34
29690,45542,2023-01-28 00:00:00.000,2022-10-30 00:00:00.000,90,56400.93
29690,46348,2023-04-30 00:00:00.000,2023-01-28 00:00:00.000,92,24607.48
29690,47387,2023-07-31 00:00:00.000,2023-04-30 00:00:00.000,92,39972.13
29690,48328,2023-10-30 00:00:00.000,2023-07-31 00:00:00.000,91,30063.62
29690,49503,2024-01-28 00:00:00.000,2023-10-30 00:00:00.000,90,3372.39
29690,50678,2024-04-29 00:00:00.000,2024-01-28 00:00:00.000,92,16810.22
29690,53493,2024-07-30 00:00:00.000,2024-04-29 00:00:00.000,92,23384.65
29690,58940,2024-10-29 00:00:00.000,2024-07-30 00:00:00.000,91,15345.36
29690,65258,2025-01-28 00:00:00.000,2024-10-29 00:00:00.000,91,5095.95
29690,71812,2025-04-30 00:00:00.000,2025-01-28 00:00:00.000,92,26261.24
29691,49064,2023-12-31 00:00:00.000,2023-06-30 00:00:00.000,184,8158.24
29691,50288,2024-03-29 00:00:00.000,2023-12-31 00:00:00.000,89,647.99
29691,51852,2024-06-29 00:00:00.000,2024-03-29 00:00:00.000,92,4180.45
29691,57081,2024-09-29 00:00:00.000,2024-06-29 00:00:00.000,92,2901.23
29691,63270,2024-12-30 00:00:00.000,2024-09-29 00:00:00.000,92,4340.67
29691,69459,2025-03-30 00:00:00.000,2024-12-30 00:00:00.000,90,72.89
29692,47668,2023-08-30 00:00:00.000,2023-05-30 00:00:00.000,92,44166.07
29692,48761,2023-11-30 00:00:00.000,2023-08-30 00:00:00.000,92,29407.04
29692,49827,2024-02-28 00:00:00.000,2023-11-30 00:00:00.000,90,39283.27
29692,51092,2024-05-29 00:00:00.000,2024-02-28 00:00:00.000,91,49426.41
29692,55243,2024-08-29 00:00:00.000,2024-05-29 00:00:00.000,92,32649.44
29692,61204,2024-11-29 00:00:00.000,2024-08-29 00:00:00.000,92,22748.73
29692,67268,2025-02-28 00:00:00.000,2024-11-29 00:00:00.000,91,35209.96
29693,55254,2024-08-29 00:00:00.000,2024-05-29 00:00:00.000,92,104153.40
29693,61190,2024-11-29 00:00:00.000,2024-08-29 00:00:00.000,92,37202.78
29693,67278,2025-02-28 00:00:00.000,2024-11-29 00:00:00.000,91,63761.35
29694,55329,2024-08-29 00:00:00.000,2024-05-29 00:00:00.000,92,1336.23
29694,61191,2024-11-29 00:00:00.000,2024-08-29 00:00:00.000,92,602.35
29694,67350,2025-02-28 00:00:00.000,2024-11-29 00:00:00.000,91,802.40
29695,59031,2024-10-29 00:00:00.000,2024-07-30 00:00:00.000,91,46448.56
29695,65278,2025-01-28 00:00:00.000,2024-10-29 00:00:00.000,91,37661.54
29695,71904,2025-04-30 00:00:00.000,2025-01-28 00:00:00.000,92,57820.93
29696,48302,2023-10-30 00:00:00.000,2023-07-31 00:00:00.000,91,324.45
29696,49478,2024-01-28 00:00:00.000,2023-10-30 00:00:00.000,90,1833.89
29696,50717,2024-04-29 00:00:00.000,2024-01-28 00:00:00.000,92,2718.32
29696,53538,2024-07-30 00:00:00.000,2024-04-29 00:00:00.000,92,20607.78
29696,58982,2024-10-29 00:00:00.000,2024-07-30 00:00:00.000,91,21305.65
29696,65167,2025-01-28 00:00:00.000,2024-10-29 00:00:00.000,91,19300.93
29696,71849,2025-04-30 00:00:00.000,2025-01-28 00:00:00.000,92,19322.03
29698,44533,2022-09-30 00:00:00.000,2022-06-30 00:00:00.000,92,19499.79
29698,45313,2022-12-31 00:00:00.000,2022-09-30 00:00:00.000,92,16789.05
29698,46071,2023-03-30 00:00:00.000,2022-12-31 00:00:00.000,89,20788.92
29698,47013,2023-06-30 00:00:00.000,2023-03-30 00:00:00.000,92,21209.67
29698,48037,2023-09-30 00:00:00.000,2023-06-30 00:00:00.000,92,20859.91
29698,49070,2023-12-31 00:00:00.000,2023-09-30 00:00:00.000,92,23623.38
29698,50246,2024-03-29 00:00:00.000,2023-12-31 00:00:00.000,89,26049.49
29698,51772,2024-06-29 00:00:00.000,2024-03-29 00:00:00.000,92,43789.85
29698,57161,2024-09-29 00:00:00.000,2024-06-29 00:00:00.000,92,28746.59
29698,63174,2024-12-30 00:00:00.000,2024-09-29 00:00:00.000,92,25409.34
29698,69542,2025-03-30 00:00:00.000,2024-12-30 00:00:00.000,90,26034.91
29699,48036,2023-09-30 00:00:00.000,2023-06-30 00:00:00.000,92,34718.35
29699,49069,2023-12-31 00:00:00.000,2023-09-30 00:00:00.000,92,6123.12
29699,50245,2024-03-29 00:00:00.000,2023-12-31 00:00:00.000,89,31536.67
29700,59062,2024-10-29 00:00:00.000,2024-07-30 00:00:00.000,91,23.48
29700,65317,2025-01-28 00:00:00.000,2024-10-29 00:00:00.000,91,1604.80
29700,71937,2025-04-30 00:00:00.000,2025-01-28 00:00:00.000,92,1167.28
29701,48336,2023-10-30 00:00:00.000,2023-07-31 00:00:00.000,91,100452.59
29701,49479,2024-01-28 00:00:00.000,2023-10-30 00:00:00.000,90,80564.85
29701,50683,2024-04-29 00:00:00.000,2024-01-28 00:00:00.000,92,104482.96
29701,53506,2024-07-30 00:00:00.000,2024-04-29 00:00:00.000,92,105505.40
29701,58950,2024-10-29 00:00:00.000,2024-07-30 00:00:00.000,91,70286.70
29701,65237,2025-01-28 00:00:00.000,2024-10-29 00:00:00.000,91,53476.72
29701,71824,2025-04-30 00:00:00.000,2025-01-28 00:00:00.000,92,85393.74
29702,44787,2022-10-30 00:00:00.000,2022-07-31 00:00:00.000,91,46173.72
29702,45565,2023-01-28 00:00:00.000,2022-10-30 00:00:00.000,90,34558.16
29702,46374,2023-04-30 00:00:00.000,2023-01-28 00:00:00.000,92,11737.79
29702,47435,2023-07-31 00:00:00.000,2023-04-30 00:00:00.000,92,47871.22
29702,48375,2023-10-30 00:00:00.000,2023-07-31 00:00:00.000,91,30032.45
29702,49533,2024-01-28 00:00:00.000,2023-10-30 00:00:00.000,90,26461.10
29702,50747,2024-04-29 00:00:00.000,2024-01-28 00:00:00.000,92,36204.20
29702,53583,2024-07-30 00:00:00.000,2024-04-29 00:00:00.000,92,51395.32
29702,59013,2024-10-29 00:00:00.000,2024-07-30 00:00:00.000,91,30541.15
29702,65306,2025-01-28 00:00:00.000,2024-10-29 00:00:00.000,91,22138.85
29702,71882,2025-04-30 00:00:00.000,2025-01-28 00:00:00.000,92,31786.19
29703,44520,2022-09-30 00:00:00.000,2022-06-30 00:00:00.000,92,57700.23
29703,45301,2022-12-31 00:00:00.000,2022-09-30 00:00:00.000,92,26592.07
29703,46057,2023-03-30 00:00:00.000,2022-12-31 00:00:00.000,89,62270.70
29703,46988,2023-06-30 00:00:00.000,2023-03-30 00:00:00.000,92,79628.94
29703,48012,2023-09-30 00:00:00.000,2023-06-30 00:00:00.000,92,51103.13
29703,49058,2023-12-31 00:00:00.000,2023-09-30 00:00:00.000,92,38334.65
29703,50226,2024-03-29 00:00:00.000,2023-12-31 00:00:00.000,89,56174.66
29704,47725,2023-08-30 00:00:00.000,2023-05-30 00:00:00.000,92,43807.00
29704,48766,2023-11-30 00:00:00.000,2023-08-30 00:00:00.000,92,36874.69
29704,49865,2024-02-28 00:00:00.000,2023-11-30 00:00:00.000,90,42502.17
29704,51147,2024-05-29 00:00:00.000,2024-02-28 00:00:00.000,91,57068.37
29704,55328,2024-08-29 00:00:00.000,2024-05-29 00:00:00.000,92,31837.46
29704,61228,2024-11-29 00:00:00.000,2024-08-29 00:00:00.000,92,22453.75
29704,67349,2025-02-28 00:00:00.000,2024-11-29 00:00:00.000,91,36885.88
29705,44547,2022-09-30 00:00:00.000,2022-06-30 00:00:00.000,92,68958.16
29705,45323,2022-12-31 00:00:00.000,2022-09-30 00:00:00.000,92,38693.87
29705,46086,2023-03-30 00:00:00.000,2022-12-31 00:00:00.000,89,50778.16
29705,47037,2023-06-30 00:00:00.000,2023-03-30 00:00:00.000,92,52063.36
29705,48059,2023-09-30 00:00:00.000,2023-06-30 00:00:00.000,92,44241.93
29705,49140,2023-12-31 00:00:00.000,2023-09-30 00:00:00.000,92,20987.19
29705,50284,2024-03-29 00:00:00.000,2023-12-31 00:00:00.000,89,44798.96
29705,51839,2024-06-29 00:00:00.000,2024-03-29 00:00:00.000,92,42829.68
29705,57122,2024-09-29 00:00:00.000,2024-06-29 00:00:00.000,92,27643.14
29705,63239,2024-12-30 00:00:00.000,2024-09-29 00:00:00.000,92,15360.97
29705,69522,2025-03-30 00:00:00.000,2024-12-30 00:00:00.000,90,25434.38
29706,57127,2024-09-29 00:00:00.000,2024-06-29 00:00:00.000,92,25600.72
29706,63222,2024-12-30 00:00:00.000,2024-09-29 00:00:00.000,92,24673.50
29706,69550,2025-03-30 00:00:00.000,2024-12-30 00:00:00.000,90,41619.22
29707,48359,2023-10-30 00:00:00.000,2023-07-31 00:00:00.000,91,79994.17
29707,49473,2024-01-28 00:00:00.000,2023-10-30 00:00:00.000,90,13841.62
29707,50703,2024-04-29 00:00:00.000,2024-01-28 00:00:00.000,92,58041.24
29707,53530,2024-07-30 00:00:00.000,2024-04-29 00:00:00.000,92,75647.36
29707,58974,2024-10-29 00:00:00.000,2024-07-30 00:00:00.000,91,34640.06
29707,65210,2025-01-28 00:00:00.000,2024-10-29 00:00:00.000,91,14525.88
29707,71844,2025-04-30 00:00:00.000,2025-01-28 00:00:00.000,92,36712.71
29708,44756,2022-10-30 00:00:00.000,2022-07-31 00:00:00.000,91,14008.61
29708,45535,2023-01-28 00:00:00.000,2022-10-30 00:00:00.000,90,11256.83
29708,46341,2023-04-30 00:00:00.000,2023-01-28 00:00:00.000,92,25670.36
29709,48308,2023-10-30 00:00:00.000,2023-07-31 00:00:00.000,91,3027.38
29709,49493,2024-01-28 00:00:00.000,2023-10-30 00:00:00.000,90,4228.15
29709,50669,2024-04-29 00:00:00.000,2024-01-28 00:00:00.000,92,3733.92
29709,53467,2024-07-30 00:00:00.000,2024-04-29 00:00:00.000,92,5696.54
29709,58917,2024-10-29 00:00:00.000,2024-07-30 00:00:00.000,91,6260.85
29709,65170,2025-01-28 00:00:00.000,2024-10-29 00:00:00.000,91,5438.03
29709,71790,2025-04-30 00:00:00.000,2025-01-28 00:00:00.000,92,4086.44
29710,44788,2022-10-30 00:00:00.000,2022-07-31 00:00:00.000,91,86796.16
29710,45564,2023-01-28 00:00:00.000,2022-10-30 00:00:00.000,90,62717.72
29710,46372,2023-04-30 00:00:00.000,2023-01-28 00:00:00.000,92,28786.72
29711,45537,2023-01-28 00:00:00.000,2022-07-31 00:00:00.000,181,4049.99
29711,53486,2024-07-30 00:00:00.000,2023-01-28 00:00:00.000,549,4949.68
29711,58994,2024-10-29 00:00:00.000,2024-07-30 00:00:00.000,91,24.29
29711,65240,2025-01-28 00:00:00.000,2024-10-29 00:00:00.000,91,218.45
29711,71869,2025-04-30 00:00:00.000,2025-01-28 00:00:00.000,92,105.29
29712,48010,2023-09-30 00:00:00.000,2023-06-30 00:00:00.000,92,66141.77
29712,49129,2023-12-31 00:00:00.000,2023-09-30 00:00:00.000,92,43071.79
29712,50225,2024-03-29 00:00:00.000,2023-12-31 00:00:00.000,89,67717.68
29712,51739,2024-06-29 00:00:00.000,2024-03-29 00:00:00.000,92,111036.95
29712,57061,2024-09-29 00:00:00.000,2024-06-29 00:00:00.000,92,74298.54
29712,63216,2024-12-30 00:00:00.000,2024-09-29 00:00:00.000,92,45534.28
29712,69437,2025-03-30 00:00:00.000,2024-12-30 00:00:00.000,90,83147.64
29713,57018,2024-09-29 00:00:00.000,2024-06-29 00:00:00.000,92,1512.76
29713,63186,2024-12-30 00:00:00.000,2024-09-29 00:00:00.000,92,645.46
29713,69395,2025-03-30 00:00:00.000,2024-12-30 00:00:00.000,90,890.82
29714,44744,2022-10-30 00:00:00.000,2022-07-31 00:00:00.000,91,29751.28
29714,45522,2023-01-28 00:00:00.000,2022-10-30 00:00:00.000,90,28786.25
29714,46326,2023-04-30 00:00:00.000,2023-01-28 00:00:00.000,92,29220.84
29714,47354,2023-07-31 00:00:00.000,2023-04-30 00:00:00.000,92,51710.67
29714,48296,2023-10-30 00:00:00.000,2023-07-31 00:00:00.000,91,44080.98
29714,49480,2024-01-28 00:00:00.000,2023-10-30 00:00:00.000,90,45662.00
29714,50664,2024-04-29 00:00:00.000,2024-01-28 00:00:00.000,92,42464.00
29714,53456,2024-07-30 00:00:00.000,2024-04-29 00:00:00.000,92,26816.58
29714,58911,2024-10-29 00:00:00.000,2024-07-30 00:00:00.000,91,27499.87
29714,65156,2025-01-28 00:00:00.000,2024-10-29 00:00:00.000,91,30238.24
29714,71781,2025-04-30 00:00:00.000,2025-01-28 00:00:00.000,92,22057.99
29715,44801,2022-10-30 00:00:00.000,2022-07-31 00:00:00.000,91,48156.21
29715,45577,2023-01-28 00:00:00.000,2022-10-30 00:00:00.000,90,58704.18
29715,46387,2023-04-30 00:00:00.000,2023-01-28 00:00:00.000,92,48117.91
29715,47455,2023-07-31 00:00:00.000,2023-04-30 00:00:00.000,92,112722.89
29715,48393,2023-10-30 00:00:00.000,2023-07-31 00:00:00.000,91,97962.40
29715,49509,2024-01-28 00:00:00.000,2023-10-30 00:00:00.000,90,89758.54
29715,50726,2024-04-29 00:00:00.000,2024-01-28 00:00:00.000,92,96011.09
29715,53563,2024-07-30 00:00:00.000,2024-04-29 00:00:00.000,92,81431.71
29715,59071,2024-10-29 00:00:00.000,2024-07-30 00:00:00.000,91,56123.09
29715,65248,2025-01-28 00:00:00.000,2024-10-29 00:00:00.000,91,58724.26
29715,71948,2025-04-30 00:00:00.000,2025-01-28 00:00:00.000,92,80450.38
29716,44538,2022-09-30 00:00:00.000,2022-06-30 00:00:00.000,92,57804.97
29716,45317,2022-12-31 00:00:00.000,2022-09-30 00:00:00.000,92,61206.48
29716,46076,2023-03-30 00:00:00.000,2022-12-31 00:00:00.000,89,62344.00
29716,47018,2023-06-30 00:00:00.000,2023-03-30 00:00:00.000,92,107356.79
29716,48043,2023-09-30 00:00:00.000,2023-06-30 00:00:00.000,92,97455.67
29716,49076,2023-12-31 00:00:00.000,2023-09-30 00:00:00.000,92,79070.57
29716,50252,2024-03-29 00:00:00.000,2023-12-31 00:00:00.000,89,95415.12
29716,51773,2024-06-29 00:00:00.000,2024-03-29 00:00:00.000,92,35821.67
29716,57085,2024-09-29 00:00:00.000,2024-06-29 00:00:00.000,92,26886.47
29716,63180,2024-12-30 00:00:00.000,2024-09-29 00:00:00.000,92,21534.17
29716,69466,2025-03-30 00:00:00.000,2024-12-30 00:00:00.000,90,32062.03
29717,44489,2022-09-30 00:00:00.000,2022-06-30 00:00:00.000,92,10288.16
29717,45273,2022-12-31 00:00:00.000,2022-09-30 00:00:00.000,92,40634.88
29717,46030,2023-03-30 00:00:00.000,2022-12-31 00:00:00.000,89,8164.18
29717,49043,2023-12-31 00:00:00.000,2023-03-30 00:00:00.000,276,209.26
29717,50241,2024-03-29 00:00:00.000,2023-12-31 00:00:00.000,89,153.58
29717,51792,2024-06-29 00:00:00.000,2024-03-29 00:00:00.000,92,818.70
29718,44313,2022-08-30 00:00:00.000,2022-05-30 00:00:00.000,92,26037.02
29718,45069,2022-11-30 00:00:00.000,2022-08-30 00:00:00.000,92,24552.13
29718,45809,2023-02-28 00:00:00.000,2022-11-30 00:00:00.000,90,24087.53
29718,46659,2023-05-30 00:00:00.000,2023-02-28 00:00:00.000,91,684.03
29718,47713,2023-08-30 00:00:00.000,2023-05-30 00:00:00.000,92,67.54
29718,48783,2023-11-30 00:00:00.000,2023-08-30 00:00:00.000,92,1308.94
29718,49881,2024-02-28 00:00:00.000,2023-11-30 00:00:00.000,90,1308.94
29719,49143,2023-12-31 00:00:00.000,2023-09-30 00:00:00.000,92,198.04
29719,50287,2024-03-29 00:00:00.000,2023-12-31 00:00:00.000,89,183.94
29719,51846,2024-06-29 00:00:00.000,2024-03-29 00:00:00.000,92,971.98
29719,57151,2024-09-29 00:00:00.000,2024-06-29 00:00:00.000,92,2025.24
29719,63287,2024-12-30 00:00:00.000,2024-09-29 00:00:00.000,92,937.76
29719,69524,2025-03-30 00:00:00.000,2024-12-30 00:00:00.000,90,1917.66
29720,58946,2024-10-29 00:00:00.000,2024-07-30 00:00:00.000,91,40802.23
29720,65252,2025-01-28 00:00:00.000,2024-10-29 00:00:00.000,91,21026.97
29720,71818,2025-04-30 00:00:00.000,2025-01-28 00:00:00.000,92,45786.98
29721,44763,2022-10-30 00:00:00.000,2022-07-31 00:00:00.000,91,3356.16
29721,45543,2023-01-28 00:00:00.000,2022-10-30 00:00:00.000,90,735.75
29721,46349,2023-04-30 00:00:00.000,2023-01-28 00:00:00.000,92,4292.33
29721,47392,2023-07-31 00:00:00.000,2023-04-30 00:00:00.000,92,324.45
29721,48335,2023-10-30 00:00:00.000,2023-07-31 00:00:00.000,91,983.15
29721,49460,2024-01-28 00:00:00.000,2023-10-30 00:00:00.000,90,2186.53
29721,50723,2024-04-29 00:00:00.000,2024-01-28 00:00:00.000,92,1531.71
29721,53501,2024-07-30 00:00:00.000,2024-04-29 00:00:00.000,92,1130.95
29721,58989,2024-10-29 00:00:00.000,2024-07-30 00:00:00.000,91,6632.89
29721,65229,2025-01-28 00:00:00.000,2024-10-29 00:00:00.000,91,4878.80
29721,71821,2025-04-30 00:00:00.000,2025-01-28 00:00:00.000,92,4373.73
29722,44750,2022-10-30 00:00:00.000,2022-07-31 00:00:00.000,91,88977.38
29722,45529,2023-01-28 00:00:00.000,2022-10-30 00:00:00.000,90,97078.32
29722,46334,2023-04-30 00:00:00.000,2023-01-28 00:00:00.000,92,40708.44
29722,47365,2023-07-31 00:00:00.000,2023-04-30 00:00:00.000,92,89333.29
29722,48306,2023-10-30 00:00:00.000,2023-07-31 00:00:00.000,91,89561.75
29722,49501,2024-01-28 00:00:00.000,2023-10-30 00:00:00.000,90,47271.13
29722,50668,2024-04-29 00:00:00.000,2024-01-28 00:00:00.000,92,59466.42
29722,53465,2024-07-30 00:00:00.000,2024-04-29 00:00:00.000,92,84713.77
29722,58918,2024-10-29 00:00:00.000,2024-07-30 00:00:00.000,91,61161.98
29722,65174,2025-01-28 00:00:00.000,2024-10-29 00:00:00.000,91,45169.90
29722,71794,2025-04-30 00:00:00.000,2025-01-28 00:00:00.000,92,64704.88
29723,51697,2024-06-29 00:00:00.000,2024-06-29 00:00:00.000,0,356.90
29723,57020,2024-09-29 00:00:00.000,2024-06-29 00:00:00.000,92,672.29
29723,69310,2025-03-29 00:00:00.000,2024-09-29 00:00:00.000,181,249.54
29724,44531,2022-09-30 00:00:00.000,2022-06-30 00:00:00.000,92,22817.61
29724,45309,2022-12-31 00:00:00.000,2022-09-30 00:00:00.000,92,11924.19
29724,46068,2023-03-30 00:00:00.000,2022-12-31 00:00:00.000,89,23312.99
29724,47001,2023-06-30 00:00:00.000,2023-03-30 00:00:00.000,92,69729.76
29724,48026,2023-09-30 00:00:00.000,2023-06-30 00:00:00.000,92,46280.88
29724,49169,2023-12-31 00:00:00.000,2023-09-30 00:00:00.000,92,35380.64
29724,50235,2024-03-29 00:00:00.000,2023-12-31 00:00:00.000,89,38464.61
29724,51762,2024-06-29 00:00:00.000,2024-03-29 00:00:00.000,92,46582.48
29724,57076,2024-09-29 00:00:00.000,2024-06-29 00:00:00.000,92,26696.46
29724,63167,2024-12-30 00:00:00.000,2024-09-29 00:00:00.000,92,19702.75
29724,69450,2025-03-30 00:00:00.000,2024-12-30 00:00:00.000,90,35047.64
29725,57067,2024-09-29 00:00:00.000,2024-06-29 00:00:00.000,92,35714.16
29725,63214,2024-12-30 00:00:00.000,2024-09-29 00:00:00.000,92,24457.47
29725,69444,2025-03-30 00:00:00.000,2024-12-30 00:00:00.000,90,35272.62
29726,49536,2024-01-28 00:00:00.000,2023-10-30 00:00:00.000,90,396.07
29727,57130,2024-09-29 00:00:00.000,2024-06-29 00:00:00.000,92,28682.65
29727,63247,2024-12-30 00:00:00.000,2024-09-29 00:00:00.000,92,26884.59
29727,69521,2025-03-30 00:00:00.000,2024-12-30 00:00:00.000,90,51216.17
29728,45292,2022-12-31 00:00:00.000,2022-09-30 00:00:00.000,92,28.84
29730,49469,2024-01-28 00:00:00.000,2023-10-30 00:00:00.000,90,667.83
29730,50735,2024-04-29 00:00:00.000,2024-01-28 00:00:00.000,92,2003.72
29730,53529,2024-07-30 00:00:00.000,2024-04-29 00:00:00.000,92,16.27
29730,59043,2024-10-29 00:00:00.000,2024-07-30 00:00:00.000,91,202.33
29730,71843,2025-04-30 00:00:00.000,2024-10-29 00:00:00.000,183,5864.04
29731,44558,2022-09-30 00:00:00.000,2022-06-30 00:00:00.000,92,838.92
29731,45333,2022-12-31 00:00:00.000,2022-09-30 00:00:00.000,92,4223.19
29731,46097,2023-03-30 00:00:00.000,2022-12-31 00:00:00.000,89,3256.61
29731,47050,2023-06-30 00:00:00.000,2023-03-30 00:00:00.000,92,6803.69
29731,48073,2023-09-30 00:00:00.000,2023-06-30 00:00:00.000,92,10244.74
29731,49156,2023-12-31 00:00:00.000,2023-09-30 00:00:00.000,92,3995.38
29731,50283,2024-03-29 00:00:00.000,2023-12-31 00:00:00.000,89,4974.15
29731,51841,2024-06-29 00:00:00.000,2024-03-29 00:00:00.000,92,32.12
29731,57123,2024-09-29 00:00:00.000,2024-06-29 00:00:00.000,92,4973.77
29731,63264,2024-12-30 00:00:00.000,2024-09-29 00:00:00.000,92,3856.85
29731,69507,2025-03-30 00:00:00.000,2024-12-30 00:00:00.000,90,6042.18
29732,48052,2023-09-30 00:00:00.000,2023-06-30 00:00:00.000,92,24644.23
29732,49125,2023-12-31 00:00:00.000,2023-09-30 00:00:00.000,92,24252.09
29732,50292,2024-03-29 00:00:00.000,2023-12-31 00:00:00.000,89,41211.61
29732,51856,2024-06-29 00:00:00.000,2024-03-29 00:00:00.000,92,33634.68
29732,57145,2024-09-29 00:00:00.000,2024-06-29 00:00:00.000,92,44595.30
29732,63280,2024-12-30 00:00:00.000,2024-09-29 00:00:00.000,92,24142.51
29732,69536,2025-03-30 00:00:00.000,2024-12-30 00:00:00.000,90,40086.93
29733,45523,2023-01-28 00:00:00.000,2022-07-31 00:00:00.000,181,1429.41
29734,44282,2022-08-30 00:00:00.000,2022-05-30 00:00:00.000,92,40341.11
29734,45038,2022-11-30 00:00:00.000,2022-08-30 00:00:00.000,92,27123.65
29734,45780,2023-02-28 00:00:00.000,2022-11-30 00:00:00.000,90,31193.32
29734,46608,2023-05-30 00:00:00.000,2023-02-28 00:00:00.000,91,47404.30
29734,47662,2023-08-30 00:00:00.000,2023-05-30 00:00:00.000,92,34681.71
29734,48754,2023-11-30 00:00:00.000,2023-08-30 00:00:00.000,92,24351.99
29734,49855,2024-02-28 00:00:00.000,2023-11-30 00:00:00.000,90,36114.88
29734,51130,2024-05-29 00:00:00.000,2024-02-28 00:00:00.000,91,40912.52
29734,55283,2024-08-29 00:00:00.000,2024-05-29 00:00:00.000,92,35791.91
29734,61177,2024-11-29 00:00:00.000,2024-08-29 00:00:00.000,92,21131.95
29734,67302,2025-02-28 00:00:00.000,2024-11-29 00:00:00.000,91,44879.68
29735,59000,2024-10-29 00:00:00.000,2024-07-30 00:00:00.000,91,72.88
29735,65233,2025-01-28 00:00:00.000,2024-10-29 00:00:00.000,91,1376.99
29735,71872,2025-04-30 00:00:00.000,2025-01-28 00:00:00.000,92,158.43
29736,58908,2024-10-29 00:00:00.000,2024-07-30 00:00:00.000,91,71774.18
29736,65158,2025-01-28 00:00:00.000,2024-10-29 00:00:00.000,91,67831.33
29736,71784,2025-04-30 00:00:00.000,2025-01-28 00:00:00.000,92,89869.28
29737,55325,2024-08-29 00:00:00.000,2024-05-29 00:00:00.000,92,47522.98
29737,61241,2024-11-29 00:00:00.000,2024-08-29 00:00:00.000,92,26298.59
29737,67346,2025-02-28 00:00:00.000,2024-11-29 00:00:00.000,91,41375.10
29738,59040,2024-10-29 00:00:00.000,2024-07-30 00:00:00.000,91,44500.45
29738,65281,2025-01-28 00:00:00.000,2024-10-29 00:00:00.000,91,28262.33
29738,71907,2025-04-30 00:00:00.000,2025-01-28 00:00:00.000,92,50201.26
29739,48397,2023-10-30 00:00:00.000,2023-07-31 00:00:00.000,91,30460.41
29739,49483,2024-01-28 00:00:00.000,2023-10-30 00:00:00.000,90,6125.17
29739,50724,2024-04-29 00:00:00.000,2024-01-28 00:00:00.000,92,22107.00
29740,44773,2022-10-30 00:00:00.000,2022-07-31 00:00:00.000,91,20847.93
29740,45552,2023-01-28 00:00:00.000,2022-10-30 00:00:00.000,90,11136.74
29740,46359,2023-04-30 00:00:00.000,2023-01-28 00:00:00.000,92,18802.61
29740,47412,2023-07-31 00:00:00.000,2023-04-30 00:00:00.000,92,202.33
29740,53597,2024-07-30 00:00:00.000,2023-07-31 00:00:00.000,365,2042.56
29740,58973,2024-10-29 00:00:00.000,2024-07-30 00:00:00.000,91,16.18
29740,71842,2025-04-30 00:00:00.000,2024-10-29 00:00:00.000,183,10.79
29741,65320,2025-01-28 00:00:00.000,2024-07-30 00:00:00.000,182,602.35
29741,71946,2025-04-30 00:00:00.000,2025-01-28 00:00:00.000,92,31.58
29742,44540,2022-09-30 00:00:00.000,2022-06-30 00:00:00.000,92,38638.75
29742,45318,2022-12-31 00:00:00.000,2022-09-30 00:00:00.000,92,29962.80
29742,46077,2023-03-30 00:00:00.000,2022-12-31 00:00:00.000,89,37779.37
29743,48334,2023-10-30 00:00:00.000,2023-07-31 00:00:00.000,91,2458.92
29743,49514,2024-01-28 00:00:00.000,2023-10-30 00:00:00.000,90,22.79
29743,59005,2024-10-29 00:00:00.000,2024-01-28 00:00:00.000,275,16.27
29744,47677,2023-08-30 00:00:00.000,2023-05-30 00:00:00.000,92,41679.28
29744,48758,2023-11-30 00:00:00.000,2023-08-30 00:00:00.000,92,40230.98
29744,49831,2024-02-28 00:00:00.000,2023-11-30 00:00:00.000,90,47965.27
29744,51090,2024-05-29 00:00:00.000,2024-02-28 00:00:00.000,91,77241.30
29744,55249,2024-08-29 00:00:00.000,2024-05-29 00:00:00.000,92,51341.69
29744,61218,2024-11-29 00:00:00.000,2024-08-29 00:00:00.000,92,41791.01
29744,67273,2025-02-28 00:00:00.000,2024-11-29 00:00:00.000,91,53770.97
29745,51125,2024-05-29 00:00:00.000,2024-05-29 00:00:00.000,0,1244.49
29745,55272,2024-08-29 00:00:00.000,2024-05-29 00:00:00.000,92,1172.19
29745,55274,2024-08-29 00:00:00.000,2024-08-29 00:00:00.000,0,323.99
29745,61197,2024-11-29 00:00:00.000,2024-08-29 00:00:00.000,92,12629.26
29745,61198,2024-11-29 00:00:00.000,2024-11-29 00:00:00.000,0,323.99
29745,67202,2025-02-27 00:00:00.000,2024-11-29 00:00:00.000,90,249.54
29745,67296,2025-02-28 00:00:00.000,2025-02-27 00:00:00.000,1,24.29
29746,44778,2022-10-30 00:00:00.000,2022-07-31 00:00:00.000,91,42894.34
29746,45556,2023-01-28 00:00:00.000,2022-10-30 00:00:00.000,90,22822.78
29746,46363,2023-04-30 00:00:00.000,2023-01-28 00:00:00.000,92,33313.97
29746,47421,2023-07-31 00:00:00.000,2023-04-30 00:00:00.000,92,9146.65
29746,48361,2023-10-30 00:00:00.000,2023-07-31 00:00:00.000,91,11084.54
29746,49476,2024-01-28 00:00:00.000,2023-10-30 00:00:00.000,90,17725.09
29746,50704,2024-04-29 00:00:00.000,2024-01-28 00:00:00.000,92,12263.96
29747,44291,2022-08-30 00:00:00.000,2022-05-30 00:00:00.000,92,4509.90
29747,45050,2022-11-30 00:00:00.000,2022-08-30 00:00:00.000,92,4294.94
29747,45789,2023-02-28 00:00:00.000,2022-11-30 00:00:00.000,90,3064.71
29747,48756,2023-11-30 00:00:00.000,2023-02-28 00:00:00.000,275,647.99
29747,51097,2024-05-29 00:00:00.000,2023-11-30 00:00:00.000,181,2753.99
29747,55246,2024-08-29 00:00:00.000,2024-05-29 00:00:00.000,92,105.29
29747,61207,2024-11-29 00:00:00.000,2024-08-29 00:00:00.000,92,2186.75
29747,67310,2025-02-28 00:00:00.000,2024-11-29 00:00:00.000,91,242.99
29748,44757,2022-10-30 00:00:00.000,2022-07-31 00:00:00.000,91,37591.65
29748,45534,2023-01-28 00:00:00.000,2022-10-30 00:00:00.000,90,37592.06
29748,46342,2023-04-30 00:00:00.000,2023-01-28 00:00:00.000,92,14076.15
29749,44506,2022-09-30 00:00:00.000,2022-06-30 00:00:00.000,92,35651.03
29749,45288,2022-12-31 00:00:00.000,2022-09-30 00:00:00.000,92,29754.19
29749,46045,2023-03-30 00:00:00.000,2022-12-31 00:00:00.000,89,48909.53
29750,53558,2024-07-30 00:00:00.000,2023-07-31 00:00:00.000,365,1249.65
29750,58938,2024-10-29 00:00:00.000,2024-07-30 00:00:00.000,91,3482.85
29750,65264,2025-01-28 00:00:00.000,2024-10-29 00:00:00.000,91,6943.51
29750,71814,2025-04-30 00:00:00.000,2025-01-28 00:00:00.000,92,5573.90
29752,63221,2024-12-30 00:00:00.000,2024-09-29 00:00:00.000,92,41.99
29752,69499,2025-03-30 00:00:00.000,2024-12-30 00:00:00.000,90,2057.25
29753,48058,2023-09-30 00:00:00.000,2023-06-30 00:00:00.000,92,20.52
29753,49142,2023-12-31 00:00:00.000,2023-09-30 00:00:00.000,92,209.26
29753,50299,2024-03-29 00:00:00.000,2023-12-31 00:00:00.000,89,819.11
29753,51863,2024-06-29 00:00:00.000,2024-03-29 00:00:00.000,92,461.69
29753,57170,2024-09-29 00:00:00.000,2024-06-29 00:00:00.000,92,2897.38
29753,63273,2024-12-30 00:00:00.000,2024-09-29 00:00:00.000,92,83.99
29753,69529,2025-03-30 00:00:00.000,2024-12-30 00:00:00.000,90,1477.17
29755,44766,2022-10-30 00:00:00.000,2022-07-31 00:00:00.000,91,4102.79
29755,45546,2023-01-28 00:00:00.000,2022-10-30 00:00:00.000,90,12206.36
29755,46352,2023-04-30 00:00:00.000,2023-01-28 00:00:00.000,92,3847.18
29756,45340,2022-12-31 00:00:00.000,2022-09-30 00:00:00.000,92,2552.63
29756,46104,2023-03-30 00:00:00.000,2022-12-31 00:00:00.000,89,419.46
29756,47058,2023-06-30 00:00:00.000,2023-03-30 00:00:00.000,92,2180.42
29756,51868,2024-06-29 00:00:00.000,2023-06-30 00:00:00.000,365,202.33
29756,57175,2024-09-29 00:00:00.000,2024-06-29 00:00:00.000,92,1020.59
29757,44481,2022-09-30 00:00:00.000,2022-06-30 00:00:00.000,92,26367.40
29757,45311,2022-12-31 00:00:00.000,2022-09-30 00:00:00.000,92,18296.35
29757,46069,2023-03-30 00:00:00.000,2022-12-31 00:00:00.000,89,8232.23
29757,47002,2023-06-30 00:00:00.000,2023-03-30 00:00:00.000,92,1256.66
29757,48027,2023-09-30 00:00:00.000,2023-06-30 00:00:00.000,92,314.46
29757,49063,2023-12-31 00:00:00.000,2023-09-30 00:00:00.000,92,159.56
29757,50238,2024-03-29 00:00:00.000,2023-12-31 00:00:00.000,89,159.56
29757,51764,2024-06-29 00:00:00.000,2024-03-29 00:00:00.000,92,1630.53
29757,57077,2024-09-29 00:00:00.000,2024-06-29 00:00:00.000,92,900.20
29757,63275,2024-12-30 00:00:00.000,2024-09-29 00:00:00.000,92,41.99
29757,69453,2025-03-30 00:00:00.000,2024-12-30 00:00:00.000,90,808.73
29758,48358,2023-10-30 00:00:00.000,2023-07-31 00:00:00.000,91,68.38
29758,49474,2024-01-28 00:00:00.000,2023-10-30 00:00:00.000,90,2472.31
29758,65294,2025-01-28 00:00:00.000,2024-01-28 00:00:00.000,366,1376.99
29759,44307,2022-08-30 00:00:00.000,2022-05-30 00:00:00.000,92,7758.12
29759,45063,2022-11-30 00:00:00.000,2022-08-30 00:00:00.000,92,11121.19
29759,45803,2023-02-28 00:00:00.000,2022-11-30 00:00:00.000,90,9891.29
29760,65190,2025-01-28 00:00:00.000,2024-07-30 00:00:00.000,182,923.21
29760,71809,2025-04-30 00:00:00.000,2025-01-28 00:00:00.000,92,2821.57
29761,44300,2022-08-30 00:00:00.000,2022-05-30 00:00:00.000,92,7802.88
29761,45058,2022-11-30 00:00:00.000,2022-08-30 00:00:00.000,92,5488.84
29761,45800,2023-02-28 00:00:00.000,2022-11-30 00:00:00.000,90,9868.00
29761,46639,2023-05-30 00:00:00.000,2023-02-28 00:00:00.000,91,6386.65
29761,47690,2023-08-30 00:00:00.000,2023-05-30 00:00:00.000,92,2960.15
29761,48762,2023-11-30 00:00:00.000,2023-08-30 00:00:00.000,92,2818.76
29761,49839,2024-02-28 00:00:00.000,2023-11-30 00:00:00.000,90,7907.57
29761,51116,2024-05-29 00:00:00.000,2024-02-28 00:00:00.000,91,5300.90
29761,55266,2024-08-29 00:00:00.000,2024-05-29 00:00:00.000,92,3344.21
29761,61215,2024-11-29 00:00:00.000,2024-08-29 00:00:00.000,92,2842.59
29761,67288,2025-02-28 00:00:00.000,2024-11-29 00:00:00.000,91,4393.66
29762,58987,2024-10-29 00:00:00.000,2024-07-30 00:00:00.000,91,9710.00
29762,65165,2025-01-28 00:00:00.000,2024-10-29 00:00:00.000,91,4480.61
29762,71850,2025-04-30 00:00:00.000,2025-01-28 00:00:00.000,92,7912.01
29764,44508,2022-09-30 00:00:00.000,2022-06-30 00:00:00.000,92,4194.59
29764,45287,2022-12-31 00:00:00.000,2022-09-30 00:00:00.000,92,419.46
29764,46046,2023-03-30 00:00:00.000,2022-12-31 00:00:00.000,89,874.79
29764,46963,2023-06-30 00:00:00.000,2023-03-30 00:00:00.000,92,469.79
29764,51713,2024-06-29 00:00:00.000,2023-06-30 00:00:00.000,365,323.99
29764,63187,2024-12-30 00:00:00.000,2024-06-29 00:00:00.000,184,672.29
29764,69486,2025-03-30 00:00:00.000,2024-12-30 00:00:00.000,90,323.99
29765,48024,2023-09-30 00:00:00.000,2023-06-30 00:00:00.000,92,20.19
29765,63165,2024-12-30 00:00:00.000,2023-09-30 00:00:00.000,457,1530.80
29766,69483,2025-03-30 00:00:00.000,2023-12-31 00:00:00.000,455,1376.99
29769,44767,2022-10-30 00:00:00.000,2022-07-31 00:00:00.000,91,30609.72
29769,45547,2023-01-28 00:00:00.000,2022-10-30 00:00:00.000,90,40766.88
29769,46353,2023-04-30 00:00:00.000,2023-01-28 00:00:00.000,92,3894.24
29770,48350,2023-10-30 00:00:00.000,2023-07-31 00:00:00.000,91,35251.01
29770,49467,2024-01-28 00:00:00.000,2023-10-30 00:00:00.000,90,38254.44
29770,50698,2024-04-29 00:00:00.000,2024-01-28 00:00:00.000,92,26439.99
29770,53527,2024-07-30 00:00:00.000,2024-04-29 00:00:00.000,92,73920.74
29770,58972,2024-10-29 00:00:00.000,2024-07-30 00:00:00.000,91,80691.01
29770,65206,2025-01-28 00:00:00.000,2024-10-29 00:00:00.000,91,68748.42
29770,71841,2025-04-30 00:00:00.000,2025-01-28 00:00:00.000,92,83076.57
29771,47667,2023-08-30 00:00:00.000,2023-05-30 00:00:00.000,92,2024.55
29771,48765,2023-11-30 00:00:00.000,2023-08-30 00:00:00.000,92,1499.17
29771,49861,2024-02-28 00:00:00.000,2023-11-30 00:00:00.000,90,1328.90
29772,47658,2023-08-30 00:00:00.000,2023-05-30 00:00:00.000,92,99514.50
29772,48740,2023-11-30 00:00:00.000,2023-08-30 00:00:00.000,92,80857.13
29772,49821,2024-02-28 00:00:00.000,2023-11-30 00:00:00.000,90,78175.05
29772,51122,2024-05-29 00:00:00.000,2024-02-28 00:00:00.000,91,60843.83
29772,55233,2024-08-29 00:00:00.000,2024-05-29 00:00:00.000,92,61119.64
29772,61193,2024-11-29 00:00:00.000,2024-08-29 00:00:00.000,92,56181.10
29772,67292,2025-02-28 00:00:00.000,2024-11-29 00:00:00.000,91,52031.91
29773,44501,2022-09-30 00:00:00.000,2022-06-30 00:00:00.000,92,19669.41
29773,45283,2022-12-31 00:00:00.000,2022-09-30 00:00:00.000,92,28395.22
29773,46042,2023-03-30 00:00:00.000,2022-12-31 00:00:00.000,89,26119.06
29774,44566,2022-09-30 00:00:00.000,2022-06-30 00:00:00.000,92,38308.86
29774,45341,2022-12-31 00:00:00.000,2022-09-30 00:00:00.000,92,34738.74
29774,46103,2023-03-30 00:00:00.000,2022-12-31 00:00:00.000,89,65730.47
29775,48322,2023-10-30 00:00:00.000,2023-07-31 00:00:00.000,91,600.26
29775,49500,2024-01-28 00:00:00.000,2023-10-30 00:00:00.000,90,537.33
29775,50718,2024-04-29 00:00:00.000,2024-01-28 00:00:00.000,92,1416.93
29775,53487,2024-07-30 00:00:00.000,2024-04-29 00:00:00.000,92,1466.01
29775,58933,2024-10-29 00:00:00.000,2024-07-30 00:00:00.000,91,1279.29
29775,65225,2025-01-28 00:00:00.000,2024-10-29 00:00:00.000,91,672.29
29775,71861,2025-04-30 00:00:00.000,2025-01-28 00:00:00.000,92,1822.91
29776,55236,2024-08-29 00:00:00.000,2024-05-29 00:00:00.000,92,25645.24
29776,61175,2024-11-29 00:00:00.000,2024-08-29 00:00:00.000,92,25882.74
29776,67261,2025-02-28 00:00:00.000,2024-11-29 00:00:00.000,91,29064.39
29777,69427,2025-03-30 00:00:00.000,2024-06-29 00:00:00.000,274,356.90
29778,47669,2023-08-30 00:00:00.000,2023-05-30 00:00:00.000,92,9304.50
29778,48772,2023-11-30 00:00:00.000,2023-08-30 00:00:00.000,92,4228.15
29778,49862,2024-02-28 00:00:00.000,2023-11-30 00:00:00.000,90,4471.21
29778,51135,2024-05-29 00:00:00.000,2024-02-28 00:00:00.000,91,5068.13
29778,55288,2024-08-29 00:00:00.000,2024-05-29 00:00:00.000,92,5277.89
29778,61214,2024-11-29 00:00:00.000,2024-08-29 00:00:00.000,92,4706.06
29778,67308,2025-02-28 00:00:00.000,2024-11-29 00:00:00.000,91,3960.76
29779,57043,2024-09-29 00:00:00.000,2024-06-29 00:00:00.000,92,6917.44
29779,63153,2024-12-30 00:00:00.000,2024-09-29 00:00:00.000,92,11642.19
29779,69415,2025-03-30 00:00:00.000,2024-12-30 00:00:00.000,90,12307.13
29780,48030,2023-09-30 00:00:00.000,2023-06-30 00:00:00.000,92,3259.03
29780,49060,2023-12-31 00:00:00.000,2023-09-30 00:00:00.000,92,1411.81
29780,50239,2024-03-29 00:00:00.000,2023-12-31 00:00:00.000,89,1743.45
29780,51766,2024-06-29 00:00:00.000,2024-03-29 00:00:00.000,92,8126.44
29780,57079,2024-09-29 00:00:00.000,2024-06-29 00:00:00.000,92,10319.89
29780,63169,2024-12-30 00:00:00.000,2024-09-29 00:00:00.000,92,4298.96
29780,69455,2025-03-30 00:00:00.000,2024-12-30 00:00:00.000,90,2076.54
29781,48286,2023-10-30 00:00:00.000,2023-07-31 00:00:00.000,91,5637.53
29781,49445,2024-01-28 00:00:00.000,2023-10-30 00:00:00.000,90,2818.76
29781,50658,2024-04-29 00:00:00.000,2024-01-28 00:00:00.000,92,6107.32
29781,53598,2024-07-30 00:00:00.000,2024-04-29 00:00:00.000,92,3794.98
29781,59049,2024-10-29 00:00:00.000,2024-07-30 00:00:00.000,91,2227.39
29781,65293,2025-01-28 00:00:00.000,2024-10-29 00:00:00.000,91,3128.78
29781,71923,2025-04-30 00:00:00.000,2025-01-28 00:00:00.000,92,96.11
29782,47707,2023-08-30 00:00:00.000,2023-05-30 00:00:00.000,92,269.96
29782,49880,2024-02-28 00:00:00.000,2023-08-30 00:00:00.000,182,339.74
29783,47724,2023-08-30 00:00:00.000,2023-05-30 00:00:00.000,92,48434.27
29783,48791,2023-11-30 00:00:00.000,2023-08-30 00:00:00.000,92,28063.26
29783,49893,2024-02-28 00:00:00.000,2023-11-30 00:00:00.000,90,31787.52
29783,51151,2024-05-29 00:00:00.000,2024-02-28 00:00:00.000,91,64785.16
29783,55324,2024-08-29 00:00:00.000,2024-05-29 00:00:00.000,92,30922.35
29783,61210,2024-11-29 00:00:00.000,2024-08-29 00:00:00.000,92,14805.52
29783,67347,2025-02-28 00:00:00.000,2024-11-29 00:00:00.000,91,27769.02
29784,48041,2023-09-30 00:00:00.000,2023-06-30 00:00:00.000,92,10151.68
29784,49074,2023-12-31 00:00:00.000,2023-09-30 00:00:00.000,92,20078.26
29784,50249,2024-03-29 00:00:00.000,2023-12-31 00:00:00.000,89,14251.54
29784,51849,2024-06-29 00:00:00.000,2024-03-29 00:00:00.000,92,10805.37
29784,57139,2024-09-29 00:00:00.000,2024-06-29 00:00:00.000,92,5927.95
29784,63261,2024-12-30 00:00:00.000,2024-09-29 00:00:00.000,92,6708.78
29784,69539,2025-03-30 00:00:00.000,2024-12-30 00:00:00.000,90,7564.16
29785,46096,2023-03-30 00:00:00.000,2022-09-30 00:00:00.000,181,838.92
29785,48074,2023-09-30 00:00:00.000,2023-03-30 00:00:00.000,184,202.33
29785,69548,2025-03-30 00:00:00.000,2023-09-30 00:00:00.000,547,63.17
29786,48042,2023-09-30 00:00:00.000,2023-06-30 00:00:00.000,92,2143.84
29786,49078,2023-12-31 00:00:00.000,2023-09-30 00:00:00.000,92,24617.25
29786,50253,2024-03-29 00:00:00.000,2023-12-31 00:00:00.000,89,4017.17
29786,51774,2024-06-29 00:00:00.000,2024-03-29 00:00:00.000,92,47410.29
29786,57086,2024-09-29 00:00:00.000,2024-06-29 00:00:00.000,92,50012.26
29786,63179,2024-12-30 00:00:00.000,2024-09-29 00:00:00.000,92,38840.74
29786,69464,2025-03-30 00:00:00.000,2024-12-30 00:00:00.000,90,41672.71
29787,44561,2022-09-30 00:00:00.000,2022-06-30 00:00:00.000,92,42033.81
29787,45336,2022-12-31 00:00:00.000,2022-09-30 00:00:00.000,92,27311.63
29787,46098,2023-03-30 00:00:00.000,2022-12-31 00:00:00.000,89,51341.08
29787,47051,2023-06-30 00:00:00.000,2023-03-30 00:00:00.000,92,20.52
29787,48078,2023-09-30 00:00:00.000,2023-06-30 00:00:00.000,92,2458.92
29788,45566,2023-01-28 00:00:00.000,2022-10-30 00:00:00.000,90,874.79
29788,46375,2023-04-30 00:00:00.000,2023-01-28 00:00:00.000,92,356.90
29788,47437,2023-07-31 00:00:00.000,2023-04-30 00:00:00.000,92,214.24
29788,48376,2023-10-30 00:00:00.000,2023-07-31 00:00:00.000,91,1409.38
29788,49535,2024-01-28 00:00:00.000,2023-10-30 00:00:00.000,90,202.33
29788,50729,2024-04-29 00:00:00.000,2024-01-28 00:00:00.000,92,1466.01
29789,44526,2022-09-30 00:00:00.000,2022-06-30 00:00:00.000,92,16506.14
29789,45306,2022-12-31 00:00:00.000,2022-09-30 00:00:00.000,92,6112.41
29789,46064,2023-03-30 00:00:00.000,2022-12-31 00:00:00.000,89,22124.54
29789,46997,2023-06-30 00:00:00.000,2023-03-30 00:00:00.000,92,57381.43
29789,48023,2023-09-30 00:00:00.000,2023-06-30 00:00:00.000,92,31147.19
29789,49106,2023-12-31 00:00:00.000,2023-09-30 00:00:00.000,92,15161.91
29789,50232,2024-03-29 00:00:00.000,2023-12-31 00:00:00.000,89,26154.56
29789,51755,2024-06-29 00:00:00.000,2024-03-29 00:00:00.000,92,41563.51
29789,57070,2024-09-29 00:00:00.000,2024-06-29 00:00:00.000,92,18136.95
29789,63237,2024-12-30 00:00:00.000,2024-09-29 00:00:00.000,92,9477.92
29789,69448,2025-03-30 00:00:00.000,2024-12-30 00:00:00.000,90,18952.12
29791,44559,2022-09-30 00:00:00.000,2022-06-30 00:00:00.000,92,17451.42
29791,45335,2022-12-31 00:00:00.000,2022-09-30 00:00:00.000,92,14048.06
29791,46095,2023-03-30 00:00:00.000,2022-12-31 00:00:00.000,89,9550.93
29792,48071,2023-09-30 00:00:00.000,2023-06-30 00:00:00.000,92,34271.42
29792,49152,2023-12-31 00:00:00.000,2023-09-30 00:00:00.000,92,23097.02
29792,50282,2024-03-29 00:00:00.000,2023-12-31 00:00:00.000,89,33591.93
29792,51825,2024-06-29 00:00:00.000,2024-03-29 00:00:00.000,92,55934.06
29792,57128,2024-09-29 00:00:00.000,2024-06-29 00:00:00.000,92,40829.65
29792,63251,2024-12-30 00:00:00.000,2024-09-29 00:00:00.000,92,24667.06
29792,69501,2025-03-30 00:00:00.000,2024-12-30 00:00:00.000,90,35676.78
29793,48341,2023-10-30 00:00:00.000,2023-07-31 00:00:00.000,91,70011.40
29793,49481,2024-01-28 00:00:00.000,2023-10-30 00:00:00.000,90,36850.57
29793,50688,2024-04-29 00:00:00.000,2024-01-28 00:00:00.000,92,58120.43
29794,44535,2022-09-30 00:00:00.000,2022-06-30 00:00:00.000,92,23590.86
29794,45314,2022-12-31 00:00:00.000,2022-09-30 00:00:00.000,92,15022.52
29794,46074,2023-03-30 00:00:00.000,2022-12-31 00:00:00.000,89,18206.62
29795,47705,2023-08-30 00:00:00.000,2023-05-30 00:00:00.000,92,18715.32
29795,48763,2023-11-30 00:00:00.000,2023-08-30 00:00:00.000,92,4802.33
29795,49876,2024-02-28 00:00:00.000,2023-11-30 00:00:00.000,90,11804.21
29795,51168,2024-05-29 00:00:00.000,2024-02-28 00:00:00.000,91,23566.06
29795,55311,2024-08-29 00:00:00.000,2024-05-29 00:00:00.000,92,11548.01
29795,61258,2024-11-29 00:00:00.000,2024-08-29 00:00:00.000,92,10879.40
29795,67339,2025-02-28 00:00:00.000,2024-11-29 00:00:00.000,91,23801.04
29796,58920,2024-10-29 00:00:00.000,2024-07-30 00:00:00.000,91,84413.16
29796,65177,2025-01-28 00:00:00.000,2024-10-29 00:00:00.000,91,41023.29
29796,71797,2025-04-30 00:00:00.000,2025-01-28 00:00:00.000,92,65123.46
29797,47960,2023-09-30 00:00:00.000,2023-06-30 00:00:00.000,92,11547.36
29797,49039,2023-12-31 00:00:00.000,2023-09-30 00:00:00.000,92,5168.57
29797,50261,2024-03-29 00:00:00.000,2023-12-31 00:00:00.000,89,5482.70
29797,51781,2024-06-29 00:00:00.000,2024-03-29 00:00:00.000,92,6857.89
29797,57100,2024-09-29 00:00:00.000,2024-06-29 00:00:00.000,92,1117.33
29797,63120,2024-12-30 00:00:00.000,2024-09-29 00:00:00.000,92,209.97
29797,69389,2025-03-30 00:00:00.000,2024-12-30 00:00:00.000,90,5105.57
29798,48020,2023-09-30 00:00:00.000,2023-06-30 00:00:00.000,92,7573.98
29798,49088,2023-12-31 00:00:00.000,2023-09-30 00:00:00.000,92,5637.53
29798,50230,2024-03-29 00:00:00.000,2023-12-31 00:00:00.000,89,8074.48
29798,51746,2024-06-29 00:00:00.000,2024-03-29 00:00:00.000,92,5467.25
29798,57064,2024-09-29 00:00:00.000,2024-06-29 00:00:00.000,92,8436.52
29798,63228,2024-12-30 00:00:00.000,2024-09-29 00:00:00.000,92,8974.65
29798,69443,2025-03-30 00:00:00.000,2024-12-30 00:00:00.000,90,13580.44
29799,58977,2024-10-29 00:00:00.000,2024-07-30 00:00:00.000,91,10074.06
29799,65161,2025-01-28 00:00:00.000,2024-10-29 00:00:00.000,91,4386.40
29799,71848,2025-04-30 00:00:00.000,2025-01-28 00:00:00.000,92,12563.68
29800,51802,2024-06-29 00:00:00.000,2023-06-30 00:00:00.000,365,3385.78
29800,57110,2024-09-29 00:00:00.000,2024-06-29 00:00:00.000,92,5775.25
29800,63196,2024-12-30 00:00:00.000,2024-09-29 00:00:00.000,92,1668.58
29800,69487,2025-03-30 00:00:00.000,2024-12-30 00:00:00.000,90,5175.85
29801,58945,2024-10-29 00:00:00.000,2024-07-30 00:00:00.000,91,3333.67
29801,65194,2025-01-28 00:00:00.000,2024-10-29 00:00:00.000,91,12551.02
29801,71873,2025-04-30 00:00:00.000,2025-01-28 00:00:00.000,92,4480.61
29803,44746,2022-10-30 00:00:00.000,2022-07-31 00:00:00.000,91,14290.20
29803,45526,2023-01-28 00:00:00.000,2022-10-30 00:00:00.000,90,6101.38
29803,46332,2023-04-30 00:00:00.000,2023-01-28 00:00:00.000,92,5593.28
29803,47362,2023-07-31 00:00:00.000,2023-04-30 00:00:00.000,92,16422.54
29803,48304,2023-10-30 00:00:00.000,2023-07-31 00:00:00.000,91,12686.08
29803,49454,2024-01-28 00:00:00.000,2023-10-30 00:00:00.000,90,6192.88
29803,50667,2024-04-29 00:00:00.000,2024-01-28 00:00:00.000,92,11443.23
29803,53463,2024-07-30 00:00:00.000,2024-04-29 00:00:00.000,92,2901.91
29803,58913,2024-10-29 00:00:00.000,2024-07-30 00:00:00.000,91,8387.95
29803,65171,2025-01-28 00:00:00.000,2024-10-29 00:00:00.000,91,4718.90
29803,71786,2025-04-30 00:00:00.000,2025-01-28 00:00:00.000,92,3593.87
29804,59024,2024-10-29 00:00:00.000,2024-07-30 00:00:00.000,91,5047.61
29804,65288,2025-01-28 00:00:00.000,2024-10-29 00:00:00.000,91,6478.06
29804,71888,2025-04-30 00:00:00.000,2025-01-28 00:00:00.000,92,4346.08
29805,47692,2023-08-30 00:00:00.000,2023-05-30 00:00:00.000,92,3604.13
29805,48738,2023-11-30 00:00:00.000,2023-08-30 00:00:00.000,92,3288.56
29805,49838,2024-02-28 00:00:00.000,2023-11-30 00:00:00.000,90,6016.65
29805,51117,2024-05-29 00:00:00.000,2024-02-28 00:00:00.000,91,11631.43
29805,55265,2024-08-29 00:00:00.000,2024-05-29 00:00:00.000,92,6683.53
29805,61236,2024-11-29 00:00:00.000,2024-08-29 00:00:00.000,92,13721.79
29805,67290,2025-02-28 00:00:00.000,2024-11-29 00:00:00.000,91,9653.61
29806,58966,2024-10-29 00:00:00.000,2024-07-30 00:00:00.000,91,2321.26
29806,65203,2025-01-28 00:00:00.000,2024-10-29 00:00:00.000,91,3751.70
29806,71919,2025-04-30 00:00:00.000,2025-01-28 00:00:00.000,92,2321.26
29807,44542,2022-09-30 00:00:00.000,2022-06-30 00:00:00.000,92,16259.87
29807,45319,2022-12-31 00:00:00.000,2022-09-30 00:00:00.000,92,14234.96
29807,46079,2023-03-30 00:00:00.000,2022-12-31 00:00:00.000,89,6086.38
29808,45578,2023-01-28 00:00:00.000,2022-10-30 00:00:00.000,90,3882.76
29808,46388,2023-04-30 00:00:00.000,2023-01-28 00:00:00.000,92,2555.97
29809,48313,2023-10-30 00:00:00.000,2023-07-31 00:00:00.000,91,13285.85
29809,49489,2024-01-28 00:00:00.000,2023-10-30 00:00:00.000,90,11605.26
29809,50721,2024-04-29 00:00:00.000,2024-01-28 00:00:00.000,92,13976.02
29809,53552,2024-07-30 00:00:00.000,2024-04-29 00:00:00.000,92,7557.33
29809,58992,2024-10-29 00:00:00.000,2024-07-30 00:00:00.000,91,3768.12
29809,65180,2025-01-28 00:00:00.000,2024-10-29 00:00:00.000,91,8765.89
29809,71859,2025-04-30 00:00:00.000,2025-01-28 00:00:00.000,92,6653.26
29810,44792,2022-10-30 00:00:00.000,2022-07-31 00:00:00.000,91,34753.56
29810,45570,2023-01-28 00:00:00.000,2022-10-30 00:00:00.000,90,32429.90
29810,46379,2023-04-30 00:00:00.000,2023-01-28 00:00:00.000,92,2909.12
29810,47443,2023-07-31 00:00:00.000,2023-04-30 00:00:00.000,92,7619.59
29810,48381,2023-10-30 00:00:00.000,2023-07-31 00:00:00.000,91,3045.62
29810,49539,2024-01-28 00:00:00.000,2023-10-30 00:00:00.000,90,3792.95
29810,50750,2024-04-29 00:00:00.000,2024-01-28 00:00:00.000,92,2802.60
29810,53584,2024-07-30 00:00:00.000,2024-04-29 00:00:00.000,92,3864.70
29810,59019,2024-10-29 00:00:00.000,2024-07-30 00:00:00.000,91,2077.12
29810,65270,2025-01-28 00:00:00.000,2024-10-29 00:00:00.000,91,1586.96
29810,71932,2025-04-30 00:00:00.000,2025-01-28 00:00:00.000,92,618.51
29811,44297,2022-08-30 00:00:00.000,2022-05-30 00:00:00.000,92,10231.47
29811,45056,2022-11-30 00:00:00.000,2022-08-30 00:00:00.000,92,38655.49
29811,45796,2023-02-28 00:00:00.000,2022-11-30 00:00:00.000,90,59103.29
29811,46631,2023-05-30 00:00:00.000,2023-02-28 00:00:00.000,91,7370.84
29811,47684,2023-08-30 00:00:00.000,2023-05-30 00:00:00.000,92,1692.41
29811,48759,2023-11-30 00:00:00.000,2023-08-30 00:00:00.000,92,1275.05
29811,49868,2024-02-28 00:00:00.000,2023-11-30 00:00:00.000,90,1516.17
29811,51110,2024-05-29 00:00:00.000,2024-02-28 00:00:00.000,91,6887.64
29811,55260,2024-08-29 00:00:00.000,2024-05-29 00:00:00.000,92,8257.52
29811,61223,2024-11-29 00:00:00.000,2024-08-29 00:00:00.000,92,1544.97
29811,67283,2025-02-28 00:00:00.000,2024-11-29 00:00:00.000,91,592.75
29812,53609,2024-07-30 00:00:00.000,2024-07-30 00:00:00.000,0,3086.37
29812,59053,2024-10-29 00:00:00.000,2024-07-30 00:00:00.000,91,397.00
29812,59033,2024-10-29 00:00:00.000,2024-10-29 00:00:00.000,0,915.53
29812,65090,2025-01-27 00:00:00.000,2024-10-29 00:00:00.000,90,98.77
29812,65305,2025-01-28 00:00:00.000,2025-01-27 00:00:00.000,1,293.96
29812,71692,2025-04-29 00:00:00.000,2025-01-28 00:00:00.000,91,197.55
29812,71910,2025-04-30 00:00:00.000,2025-04-29 00:00:00.000,1,641.02
29813,44495,2022-09-30 00:00:00.000,2022-06-30 00:00:00.000,92,4076.39
29813,45276,2022-12-31 00:00:00.000,2022-09-30 00:00:00.000,92,6089.98
29813,46035,2023-03-30 00:00:00.000,2022-12-31 00:00:00.000,89,12240.56
29814,57190,2024-09-29 00:00:00.000,2024-06-29 00:00:00.000,92,7405.40
29814,63220,2024-12-30 00:00:00.000,2024-09-29 00:00:00.000,92,4642.52
29814,69565,2025-03-30 00:00:00.000,2024-12-30 00:00:00.000,90,3576.40
29815,48374,2023-10-30 00:00:00.000,2023-07-31 00:00:00.000,91,7921.75
29815,49534,2024-01-28 00:00:00.000,2023-10-30 00:00:00.000,90,7046.91
29815,50746,2024-04-29 00:00:00.000,2024-01-28 00:00:00.000,92,7654.39
29815,53607,2024-07-30 00:00:00.000,2024-04-29 00:00:00.000,92,15368.30
29815,59014,2024-10-29 00:00:00.000,2024-07-30 00:00:00.000,91,15380.65
29815,65307,2025-01-28 00:00:00.000,2024-10-29 00:00:00.000,91,6654.79
29815,71890,2025-04-30 00:00:00.000,2025-01-28 00:00:00.000,92,9003.91
29816,47997,2023-09-30 00:00:00.000,2023-06-30 00:00:00.000,92,4162.96
29816,49054,2023-12-31 00:00:00.000,2023-09-30 00:00:00.000,92,1320.63
29816,50216,2024-03-29 00:00:00.000,2023-12-31 00:00:00.000,89,1484.46
29816,51728,2024-06-29 00:00:00.000,2024-03-29 00:00:00.000,92,3107.02
29816,57044,2024-09-29 00:00:00.000,2024-06-29 00:00:00.000,92,3510.79
29816,63198,2024-12-30 00:00:00.000,2024-09-29 00:00:00.000,92,3089.94
29816,69488,2025-03-30 00:00:00.000,2024-12-30 00:00:00.000,90,764.32
29817,57088,2024-09-29 00:00:00.000,2024-06-29 00:00:00.000,92,29123.83
29817,63181,2024-12-30 00:00:00.000,2024-09-29 00:00:00.000,92,21969.69
29817,69465,2025-03-30 00:00:00.000,2024-12-30 00:00:00.000,90,31001.68
29818,44492,2022-09-30 00:00:00.000,2022-06-30 00:00:00.000,92,67458.96
29818,45274,2022-12-31 00:00:00.000,2022-09-30 00:00:00.000,92,66993.83
29818,46032,2023-03-30 00:00:00.000,2022-12-31 00:00:00.000,89,30998.07
29818,46944,2023-06-30 00:00:00.000,2023-03-30 00:00:00.000,92,77342.86
29818,47970,2023-09-30 00:00:00.000,2023-06-30 00:00:00.000,92,72224.64
29818,49095,2023-12-31 00:00:00.000,2023-09-30 00:00:00.000,92,66265.33
29818,50270,2024-03-29 00:00:00.000,2023-12-31 00:00:00.000,89,78041.56
29818,51783,2024-06-29 00:00:00.000,2024-03-29 00:00:00.000,92,107270.12
29818,57105,2024-09-29 00:00:00.000,2024-06-29 00:00:00.000,92,110050.84
29818,63131,2024-12-30 00:00:00.000,2024-09-29 00:00:00.000,92,86975.07
29818,69471,2025-03-30 00:00:00.000,2024-12-30 00:00:00.000,90,92941.22
29819,48091,2023-09-30 00:00:00.000,2023-06-30 00:00:00.000,92,1308.94
29819,49168,2023-12-31 00:00:00.000,2023-09-30 00:00:00.000,92,489.98
29819,50320,2024-03-29 00:00:00.000,2023-12-31 00:00:00.000,89,600.26
29819,51873,2024-06-29 00:00:00.000,2024-03-29 00:00:00.000,92,326.74
29820,55259,2024-08-29 00:00:00.000,2024-05-29 00:00:00.000,92,29503.14
29820,61219,2024-11-29 00:00:00.000,2024-08-29 00:00:00.000,92,23752.42
29820,67282,2025-02-28 00:00:00.000,2024-11-29 00:00:00.000,91,26440.57
29821,58915,2024-10-29 00:00:00.000,2024-07-30 00:00:00.000,91,27568.49
29821,65172,2025-01-28 00:00:00.000,2024-10-29 00:00:00.000,91,21439.45
29821,71795,2025-04-30 00:00:00.000,2025-01-28 00:00:00.000,92,31229.84
29822,48340,2023-10-30 00:00:00.000,2023-07-31 00:00:00.000,91,26615.21
29822,49513,2024-01-28 00:00:00.000,2023-10-30 00:00:00.000,90,25725.41
29822,50687,2024-04-29 00:00:00.000,2024-01-28 00:00:00.000,92,37150.23
29822,53510,2024-07-30 00:00:00.000,2024-04-29 00:00:00.000,92,44411.33
29822,58957,2024-10-29 00:00:00.000,2024-07-30 00:00:00.000,91,33327.27
29822,65235,2025-01-28 00:00:00.000,2024-10-29 00:00:00.000,91,26719.60
29822,71829,2025-04-30 00:00:00.000,2025-01-28 00:00:00.000,92,29761.12
29823,58948,2024-10-29 00:00:00.000,2024-07-30 00:00:00.000,91,25386.13
29823,65250,2025-01-28 00:00:00.000,2024-10-29 00:00:00.000,91,24912.35
29823,71822,2025-04-30 00:00:00.000,2025-01-28 00:00:00.000,92,23686.98
29824,44298,2022-08-30 00:00:00.000,2022-05-30 00:00:00.000,92,27666.45
29824,45057,2022-11-30 00:00:00.000,2022-08-30 00:00:00.000,92,22233.06
29824,45797,2023-02-28 00:00:00.000,2022-11-30 00:00:00.000,90,29308.04
29824,47686,2023-08-30 00:00:00.000,2023-02-28 00:00:00.000,183,65.60
29824,49867,2024-02-28 00:00:00.000,2023-08-30 00:00:00.000,182,183.94
29824,51114,2024-05-29 00:00:00.000,2024-02-28 00:00:00.000,91,672.29
29824,55262,2024-08-29 00:00:00.000,2024-05-29 00:00:00.000,92,373.08
29824,67285,2025-02-28 00:00:00.000,2024-08-29 00:00:00.000,183,429.06
29825,44305,2022-08-30 00:00:00.000,2022-05-30 00:00:00.000,92,18880.65
29825,45061,2022-11-30 00:00:00.000,2022-08-30 00:00:00.000,92,73261.15
29825,45779,2023-02-28 00:00:00.000,2022-11-30 00:00:00.000,90,18031.60
29825,46604,2023-05-30 00:00:00.000,2023-02-28 00:00:00.000,91,37141.13
29825,47693,2023-08-30 00:00:00.000,2023-05-30 00:00:00.000,92,33129.16
29825,48730,2023-11-30 00:00:00.000,2023-08-30 00:00:00.000,92,35984.45
29825,49822,2024-02-28 00:00:00.000,2023-11-30 00:00:00.000,90,32230.27
29825,51081,2024-05-29 00:00:00.000,2024-02-28 00:00:00.000,91,36701.50
29825,55234,2024-08-29 00:00:00.000,2024-05-29 00:00:00.000,92,48189.48
29825,61173,2024-11-29 00:00:00.000,2024-08-29 00:00:00.000,92,29140.80
29825,67260,2025-02-28 00:00:00.000,2024-11-29 00:00:00.000,91,39450.78
29826,48743,2023-11-30 00:00:00.000,2023-08-30 00:00:00.000,92,627.77
29826,49875,2024-02-28 00:00:00.000,2023-11-30 00:00:00.000,90,540.39
29826,51167,2024-05-29 00:00:00.000,2024-02-28 00:00:00.000,91,1037.15
29826,55271,2024-08-29 00:00:00.000,2024-05-29 00:00:00.000,92,1768.88
29826,61253,2024-11-29 00:00:00.000,2024-08-29 00:00:00.000,92,677.99
29826,67335,2025-02-28 00:00:00.000,2024-11-29 00:00:00.000,91,1912.31
29827,44296,2022-08-30 00:00:00.000,2022-05-30 00:00:00.000,92,32383.11
29827,45055,2022-11-30 00:00:00.000,2022-08-30 00:00:00.000,92,19742.78
29827,45795,2023-02-28 00:00:00.000,2022-11-30 00:00:00.000,90,35123.38
29827,46629,2023-05-30 00:00:00.000,2023-02-28 00:00:00.000,91,98996.58
29827,47683,2023-08-30 00:00:00.000,2023-05-30 00:00:00.000,92,82582.82
29827,48735,2023-11-30 00:00:00.000,2023-08-30 00:00:00.000,92,80098.00
29827,49837,2024-02-28 00:00:00.000,2023-11-30 00:00:00.000,90,89596.33
29827,51105,2024-05-29 00:00:00.000,2024-02-28 00:00:00.000,91,71513.45
29827,55257,2024-08-29 00:00:00.000,2024-05-29 00:00:00.000,92,67686.02
29827,61189,2024-11-29 00:00:00.000,2024-08-29 00:00:00.000,92,61946.28
29827,67280,2025-02-28 00:00:00.000,2024-11-29 00:00:00.000,91,66479.71
29828,47976,2023-09-30 00:00:00.000,2023-06-30 00:00:00.000,92,40041.88
29828,49084,2023-12-31 00:00:00.000,2023-09-30 00:00:00.000,92,24715.36
29828,50263,2024-03-29 00:00:00.000,2023-12-31 00:00:00.000,89,30252.33
29828,51790,2024-06-29 00:00:00.000,2024-03-29 00:00:00.000,92,15148.10
29828,57098,2024-09-29 00:00:00.000,2024-06-29 00:00:00.000,92,4667.65
29828,63137,2024-12-30 00:00:00.000,2024-09-29 00:00:00.000,92,880.81
29828,69476,2025-03-30 00:00:00.000,2024-12-30 00:00:00.000,90,3438.28
29829,55327,2024-08-29 00:00:00.000,2024-05-29 00:00:00.000,92,1430.44
29829,61245,2024-11-29 00:00:00.000,2024-08-29 00:00:00.000,92,445.41
29829,67345,2025-02-28 00:00:00.000,2024-11-29 00:00:00.000,91,509.31
29830,44539,2022-09-30 00:00:00.000,2022-06-30 00:00:00.000,92,1450.89
29830,46073,2023-03-30 00:00:00.000,2022-09-30 00:00:00.000,181,714.70
29830,48039,2023-09-30 00:00:00.000,2023-03-30 00:00:00.000,184,1720.80
29830,49071,2023-12-31 00:00:00.000,2023-09-30 00:00:00.000,92,418.51
29830,50251,2024-03-29 00:00:00.000,2023-12-31 00:00:00.000,89,540.39
29830,51847,2024-06-29 00:00:00.000,2024-03-29 00:00:00.000,92,9850.09
29830,57152,2024-09-29 00:00:00.000,2024-06-29 00:00:00.000,92,6126.34
29830,63269,2024-12-30 00:00:00.000,2024-09-29 00:00:00.000,92,5394.38
29830,69541,2025-03-30 00:00:00.000,2024-12-30 00:00:00.000,90,5723.40
29832,48287,2023-10-30 00:00:00.000,2023-07-31 00:00:00.000,91,198.04
29833,48343,2023-10-30 00:00:00.000,2023-07-31 00:00:00.000,91,790.93
29833,49443,2024-01-28 00:00:00.000,2023-10-30 00:00:00.000,90,67.54
29833,50691,2024-04-29 00:00:00.000,2024-01-28 00:00:00.000,92,183.94
29834,44783,2022-10-30 00:00:00.000,2022-07-31 00:00:00.000,91,29614.21
29834,45560,2023-01-28 00:00:00.000,2022-10-30 00:00:00.000,90,56967.13
29834,46370,2023-04-30 00:00:00.000,2023-01-28 00:00:00.000,92,22579.69
29834,47427,2023-07-31 00:00:00.000,2023-04-30 00:00:00.000,92,34385.22
29834,48370,2023-10-30 00:00:00.000,2023-07-31 00:00:00.000,91,36234.34
29834,49527,2024-01-28 00:00:00.000,2023-10-30 00:00:00.000,90,34916.43
29834,50743,2024-04-29 00:00:00.000,2024-01-28 00:00:00.000,92,31201.36
29834,53580,2024-07-30 00:00:00.000,2024-04-29 00:00:00.000,92,36380.34
29834,59029,2024-10-29 00:00:00.000,2024-07-30 00:00:00.000,91,19921.90
29834,65269,2025-01-28 00:00:00.000,2024-10-29 00:00:00.000,91,32967.12
29834,71896,2025-04-30 00:00:00.000,2025-01-28 00:00:00.000,92,40248.86
29835,48029,2023-09-30 00:00:00.000,2023-06-30 00:00:00.000,92,20.19
29835,50240,2024-03-29 00:00:00.000,2023-09-30 00:00:00.000,181,65.60
29835,51765,2024-06-29 00:00:00.000,2024-03-29 00:00:00.000,92,2753.99
29835,57163,2024-09-29 00:00:00.000,2024-06-29 00:00:00.000,92,149.87
29835,63265,2024-12-30 00:00:00.000,2024-09-29 00:00:00.000,92,461.69
29835,69458,2025-03-30 00:00:00.000,2024-12-30 00:00:00.000,90,461.69
29836,48076,2023-09-30 00:00:00.000,2023-06-30 00:00:00.000,92,64525.53
29836,49157,2023-12-31 00:00:00.000,2023-09-30 00:00:00.000,92,66688.44
29836,50312,2024-03-29 00:00:00.000,2023-12-31 00:00:00.000,89,68243.95
29837,51171,2024-05-29 00:00:00.000,2024-05-29 00:00:00.000,0,3792.43
29837,55320,2024-08-29 00:00:00.000,2024-05-29 00:00:00.000,92,1647.02
29837,55306,2024-08-29 00:00:00.000,2024-08-29 00:00:00.000,0,1022.13
29837,61252,2024-11-29 00:00:00.000,2024-08-29 00:00:00.000,92,372.59
29837,61262,2024-11-29 00:00:00.000,2024-11-29 00:00:00.000,0,563.75
29837,67203,2025-02-27 00:00:00.000,2024-11-29 00:00:00.000,90,2465.23
29837,67323,2025-02-28 00:00:00.000,2025-02-27 00:00:00.000,1,1806.55
29838,49545,2024-01-28 00:00:00.000,2023-07-31 00:00:00.000,181,418.82
29838,50755,2024-04-29 00:00:00.000,2024-01-28 00:00:00.000,92,671.41
29838,53564,2024-07-30 00:00:00.000,2024-04-29 00:00:00.000,92,2.75
29838,59007,2024-10-29 00:00:00.000,2024-07-30 00:00:00.000,91,1142.86
29838,65262,2025-01-28 00:00:00.000,2024-10-29 00:00:00.000,91,225.87
29838,71939,2025-04-30 00:00:00.000,2025-01-28 00:00:00.000,92,713.80
29839,58902,2024-10-29 00:00:00.000,2024-07-30 00:00:00.000,91,291.59
29839,65295,2025-01-28 00:00:00.000,2024-10-29 00:00:00.000,91,728.91
29839,71834,2025-04-30 00:00:00.000,2025-01-28 00:00:00.000,92,1734.03
29840,65169,2025-01-28 00:00:00.000,2024-07-30 00:00:00.000,182,12.14
29840,71789,2025-04-30 00:00:00.000,2025-01-28 00:00:00.000,92,105.29
29841,58993,2024-10-29 00:00:00.000,2024-07-30 00:00:00.000,91,27721.37
29841,65242,2025-01-28 00:00:00.000,2024-10-29 00:00:00.000,91,26093.03
29841,71866,2025-04-30 00:00:00.000,2025-01-28 00:00:00.000,92,32372.33
29842,45530,2023-01-28 00:00:00.000,2022-07-31 00:00:00.000,181,20.19
29842,47373,2023-07-31 00:00:00.000,2023-01-28 00:00:00.000,184,1674.69
29842,48312,2023-10-30 00:00:00.000,2023-07-31 00:00:00.000,91,1152.08
29842,49456,2024-01-28 00:00:00.000,2023-10-30 00:00:00.000,90,624.72
29842,50713,2024-04-29 00:00:00.000,2024-01-28 00:00:00.000,92,737.73
29842,53546,2024-07-30 00:00:00.000,2024-04-29 00:00:00.000,92,33869.95
29842,58995,2024-10-29 00:00:00.000,2024-07-30 00:00:00.000,91,35834.14
29842,65183,2025-01-28 00:00:00.000,2024-10-29 00:00:00.000,91,36396.10
29842,71857,2025-04-30 00:00:00.000,2025-01-28 00:00:00.000,92,28139.25
29843,58962,2024-10-29 00:00:00.000,2024-07-30 00:00:00.000,91,56579.80
29843,65199,2025-01-28 00:00:00.000,2024-10-29 00:00:00.000,91,52587.14
29843,71835,2025-04-30 00:00:00.000,2025-01-28 00:00:00.000,92,53858.67
29844,44293,2022-08-30 00:00:00.000,2022-05-30 00:00:00.000,92,23983.70
29844,45053,2022-11-30 00:00:00.000,2022-08-30 00:00:00.000,92,19315.00
29844,45793,2023-02-28 00:00:00.000,2022-11-30 00:00:00.000,90,26685.00
29844,46620,2023-05-30 00:00:00.000,2023-02-28 00:00:00.000,91,50019.53
29844,47675,2023-08-30 00:00:00.000,2023-05-30 00:00:00.000,92,47948.75
29844,48751,2023-11-30 00:00:00.000,2023-08-30 00:00:00.000,92,42079.49
29844,49864,2024-02-28 00:00:00.000,2023-11-30 00:00:00.000,90,45918.68
29844,51101,2024-05-29 00:00:00.000,2024-02-28 00:00:00.000,91,34969.35
29844,55248,2024-08-29 00:00:00.000,2024-05-29 00:00:00.000,92,39596.12
29844,61224,2024-11-29 00:00:00.000,2024-08-29 00:00:00.000,92,35379.50
29844,67271,2025-02-28 00:00:00.000,2024-11-29 00:00:00.000,91,32467.15
29845,51817,2024-06-29 00:00:00.000,2024-06-29 00:00:00.000,0,1822.91
29845,57182,2024-09-29 00:00:00.000,2024-06-29 00:00:00.000,92,15.00
29845,57177,2024-09-29 00:00:00.000,2024-09-29 00:00:00.000,0,1701.49
29845,63260,2024-12-30 00:00:00.000,2024-09-29 00:00:00.000,92,1804.65
29845,69556,2025-03-30 00:00:00.000,2024-12-30 00:00:00.000,90,1013.23
29846,44555,2022-09-30 00:00:00.000,2022-06-30 00:00:00.000,92,30095.16
29846,45331,2022-12-31 00:00:00.000,2022-09-30 00:00:00.000,92,20148.68
29846,46091,2023-03-30 00:00:00.000,2022-12-31 00:00:00.000,89,22130.12
29846,47046,2023-06-30 00:00:00.000,2023-03-30 00:00:00.000,92,3981.85
29846,48068,2023-09-30 00:00:00.000,2023-06-30 00:00:00.000,92,2526.57
29846,49154,2023-12-31 00:00:00.000,2023-09-30 00:00:00.000,92,577.78
29846,50307,2024-03-29 00:00:00.000,2023-12-31 00:00:00.000,89,3279.93
29846,51816,2024-06-29 00:00:00.000,2024-03-29 00:00:00.000,92,5195.85
29846,57158,2024-09-29 00:00:00.000,2024-06-29 00:00:00.000,92,1331.80
29846,63238,2024-12-30 00:00:00.000,2024-09-29 00:00:00.000,92,37.25
29846,69502,2025-03-30 00:00:00.000,2024-12-30 00:00:00.000,90,1815.15
29847,49462,2024-01-28 00:00:00.000,2023-07-31 00:00:00.000,181,648.91
29847,53515,2024-07-30 00:00:00.000,2024-01-28 00:00:00.000,184,26.72
29847,59046,2024-10-29 00:00:00.000,2024-07-30 00:00:00.000,91,559.23
29847,65289,2025-01-28 00:00:00.000,2024-10-29 00:00:00.000,91,74.51
29847,71774,2025-04-30 00:00:00.000,2025-01-28 00:00:00.000,92,713.80
29848,57116,2024-09-29 00:00:00.000,2024-06-29 00:00:00.000,92,202.33
29848,69492,2025-03-30 00:00:00.000,2024-09-29 00:00:00.000,182,607.00
29849,44302,2022-08-30 00:00:00.000,2022-05-30 00:00:00.000,92,2146.96
29849,46674,2023-05-30 00:00:00.000,2022-08-30 00:00:00.000,273,324.45
29849,47728,2023-08-30 00:00:00.000,2023-05-30 00:00:00.000,92,1308.94
29849,48794,2023-11-30 00:00:00.000,2023-08-30 00:00:00.000,92,469.79
29849,49872,2024-02-28 00:00:00.000,2023-11-30 00:00:00.000,90,600.26
29849,51175,2024-05-29 00:00:00.000,2024-02-28 00:00:00.000,91,21.58
29850,55296,2024-08-29 00:00:00.000,2024-05-29 00:00:00.000,92,2178.54
29850,61251,2024-11-29 00:00:00.000,2024-08-29 00:00:00.000,92,2159.35
29850,67326,2025-02-28 00:00:00.000,2024-11-29 00:00:00.000,91,865.54
29851,48032,2023-09-30 00:00:00.000,2023-06-30 00:00:00.000,92,2449.19
29851,51768,2024-06-29 00:00:00.000,2023-09-30 00:00:00.000,273,26.72
29851,57166,2024-09-29 00:00:00.000,2024-06-29 00:00:00.000,92,72.16
29851,69543,2025-03-30 00:00:00.000,2024-09-29 00:00:00.000,182,356.90
29852,49459,2024-01-28 00:00:00.000,2023-10-30 00:00:00.000,90,648.91
29853,44564,2022-09-30 00:00:00.000,2022-06-30 00:00:00.000,92,34537.26
29853,45339,2022-12-31 00:00:00.000,2022-09-30 00:00:00.000,92,27763.80
29853,46101,2023-03-30 00:00:00.000,2022-12-31 00:00:00.000,89,28097.08
29853,47056,2023-06-30 00:00:00.000,2023-03-30 00:00:00.000,92,54130.45
29853,48080,2023-09-30 00:00:00.000,2023-06-30 00:00:00.000,92,49789.16
29853,49160,2023-12-31 00:00:00.000,2023-09-30 00:00:00.000,92,50953.32
29853,50313,2024-03-29 00:00:00.000,2023-12-31 00:00:00.000,89,53097.09
29854,59025,2024-10-29 00:00:00.000,2024-07-30 00:00:00.000,91,1047.76
29854,65313,2025-01-28 00:00:00.000,2024-10-29 00:00:00.000,91,1466.13
29854,71931,2025-04-30 00:00:00.000,2025-01-28 00:00:00.000,92,2224.97
29855,46946,2023-06-30 00:00:00.000,2022-06-30 00:00:00.000,365,196.33
29855,49098,2023-12-31 00:00:00.000,2023-06-30 00:00:00.000,184,1242.85
29856,48348,2023-10-30 00:00:00.000,2023-07-31 00:00:00.000,91,4556.42
29856,49466,2024-01-28 00:00:00.000,2023-10-30 00:00:00.000,90,8629.01
29856,50697,2024-04-29 00:00:00.000,2024-01-28 00:00:00.000,92,7866.77
29856,53523,2024-07-30 00:00:00.000,2024-04-29 00:00:00.000,92,3095.99
29856,58969,2024-10-29 00:00:00.000,2024-07-30 00:00:00.000,91,9700.30
29856,65208,2025-01-28 00:00:00.000,2024-10-29 00:00:00.000,91,4256.96
29856,71840,2025-04-30 00:00:00.000,2025-01-28 00:00:00.000,92,1082.62
29857,48086,2023-09-30 00:00:00.000,2023-06-30 00:00:00.000,92,67.54
29857,51870,2024-06-29 00:00:00.000,2023-09-30 00:00:00.000,273,404.66
29857,57115,2024-09-29 00:00:00.000,2024-06-29 00:00:00.000,92,323.99
29857,69497,2025-03-30 00:00:00.000,2024-09-29 00:00:00.000,182,21.58
29858,46609,2023-05-30 00:00:00.000,2022-11-30 00:00:00.000,181,2371.30
29858,49863,2024-02-28 00:00:00.000,2023-05-30 00:00:00.000,274,107.99
29859,46340,2023-04-30 00:00:00.000,2023-01-28 00:00:00.000,92,3887.95
29861,44530,2022-09-30 00:00:00.000,2022-06-30 00:00:00.000,92,104958.81
29861,45308,2022-12-31 00:00:00.000,2022-09-30 00:00:00.000,92,85994.89
29861,46067,2023-03-30 00:00:00.000,2022-12-31 00:00:00.000,89,101833.42
29863,57159,2024-09-29 00:00:00.000,2024-06-29 00:00:00.000,92,5872.61
29863,63267,2024-12-30 00:00:00.000,2024-09-29 00:00:00.000,92,1337.60
29863,69537,2025-03-30 00:00:00.000,2024-12-30 00:00:00.000,90,1493.17
29864,48355,2023-10-30 00:00:00.000,2023-07-31 00:00:00.000,91,70.33
29864,50700,2024-04-29 00:00:00.000,2023-10-30 00:00:00.000,182,181.70
29864,53600,2024-07-30 00:00:00.000,2024-04-29 00:00:00.000,92,3944.95
29864,59037,2024-10-29 00:00:00.000,2024-07-30 00:00:00.000,91,692.65
29864,65284,2025-01-28 00:00:00.000,2024-10-29 00:00:00.000,91,179.03
29864,71921,2025-04-30 00:00:00.000,2025-01-28 00:00:00.000,92,551.45
29865,44500,2022-09-30 00:00:00.000,2022-06-30 00:00:00.000,92,4710.94
29865,45286,2022-12-31 00:00:00.000,2022-09-30 00:00:00.000,92,3846.88
29865,46041,2023-03-30 00:00:00.000,2022-12-31 00:00:00.000,89,3471.82
29865,46960,2023-06-30 00:00:00.000,2023-03-30 00:00:00.000,92,10036.04
29865,47984,2023-09-30 00:00:00.000,2023-06-30 00:00:00.000,92,5887.31
29865,49109,2023-12-31 00:00:00.000,2023-09-30 00:00:00.000,92,6577.12
29865,50205,2024-03-29 00:00:00.000,2023-12-31 00:00:00.000,89,5255.31
29865,51706,2024-06-29 00:00:00.000,2024-03-29 00:00:00.000,92,7728.26
29865,57029,2024-09-29 00:00:00.000,2024-06-29 00:00:00.000,92,5558.42
29865,63146,2024-12-30 00:00:00.000,2024-09-29 00:00:00.000,92,4528.73
29865,69409,2025-03-30 00:00:00.000,2024-12-30 00:00:00.000,90,6979.66
29866,44545,2022-09-30 00:00:00.000,2022-06-30 00:00:00.000,92,9855.78
29866,45322,2022-12-31 00:00:00.000,2022-09-30 00:00:00.000,92,13637.94
29866,46083,2023-03-30 00:00:00.000,2022-12-31 00:00:00.000,89,12363.64
29866,47029,2023-06-30 00:00:00.000,2023-03-30 00:00:00.000,92,53.99
29866,57169,2024-09-29 00:00:00.000,2023-06-30 00:00:00.000,457,323.99
29867,47671,2023-08-30 00:00:00.000,2023-05-30 00:00:00.000,92,40.37
29867,49829,2024-02-28 00:00:00.000,2023-08-30 00:00:00.000,182,1691.33
29867,51136,2024-05-29 00:00:00.000,2024-02-28 00:00:00.000,91,647.99
29867,55286,2024-08-29 00:00:00.000,2024-05-29 00:00:00.000,92,3650.60
29867,61213,2024-11-29 00:00:00.000,2024-08-29 00:00:00.000,92,7565.16
29867,67309,2025-02-28 00:00:00.000,2024-11-29 00:00:00.000,91,3638.36
29868,57178,2024-09-29 00:00:00.000,2024-06-29 00:00:00.000,92,3990.18
29868,63255,2024-12-30 00:00:00.000,2024-09-29 00:00:00.000,92,1544.97
29868,69557,2025-03-30 00:00:00.000,2024-12-30 00:00:00.000,90,2490.18
29869,48009,2023-09-30 00:00:00.000,2023-06-30 00:00:00.000,92,7980.92
29869,49134,2023-12-31 00:00:00.000,2023-09-30 00:00:00.000,92,5031.81
29869,50224,2024-03-29 00:00:00.000,2023-12-31 00:00:00.000,89,4003.22
29869,51742,2024-06-29 00:00:00.000,2024-03-29 00:00:00.000,92,3547.02
29869,57056,2024-09-29 00:00:00.000,2024-06-29 00:00:00.000,92,2305.39
29869,63161,2024-12-30 00:00:00.000,2024-09-29 00:00:00.000,92,209.97
29869,69436,2025-03-30 00:00:00.000,2024-12-30 00:00:00.000,90,2181.24
29871,55315,2024-08-29 00:00:00.000,2024-05-29 00:00:00.000,92,3589.79
29871,61255,2024-11-29 00:00:00.000,2024-08-29 00:00:00.000,92,8610.03
29871,67336,2025-02-28 00:00:00.000,2024-11-29 00:00:00.000,91,3589.79
29872,44793,2022-10-30 00:00:00.000,2022-07-31 00:00:00.000,91,2133.17
29872,45569,2023-01-28 00:00:00.000,2022-10-30 00:00:00.000,90,2133.17
29872,46378,2023-04-30 00:00:00.000,2023-01-28 00:00:00.000,92,1677.84
29872,49537,2024-01-28 00:00:00.000,2023-04-30 00:00:00.000,273,469.79
29872,59009,2024-10-29 00:00:00.000,2024-01-28 00:00:00.000,275,37.25
29873,48390,2023-10-30 00:00:00.000,2023-07-31 00:00:00.000,91,4296.21
29873,49548,2024-01-28 00:00:00.000,2023-10-30 00:00:00.000,90,6577.12
29873,50758,2024-04-29 00:00:00.000,2024-01-28 00:00:00.000,92,4515.98
29873,53623,2024-07-30 00:00:00.000,2024-04-29 00:00:00.000,92,7798.81
29873,59065,2024-10-29 00:00:00.000,2024-07-30 00:00:00.000,91,1644.94
29873,65322,2025-01-28 00:00:00.000,2024-10-29 00:00:00.000,91,6047.92
29873,71941,2025-04-30 00:00:00.000,2025-01-28 00:00:00.000,92,3200.59
29874,55270,2024-08-29 00:00:00.000,2024-05-29 00:00:00.000,92,6806.38
29874,61194,2024-11-29 00:00:00.000,2024-08-29 00:00:00.000,92,3040.66
29874,67293,2025-02-28 00:00:00.000,2024-11-29 00:00:00.000,91,4348.07
29875,47704,2023-08-30 00:00:00.000,2023-05-30 00:00:00.000,92,648.91
29875,49854,2024-02-28 00:00:00.000,2023-08-30 00:00:00.000,182,669.09
29875,55317,2024-08-29 00:00:00.000,2024-02-28 00:00:00.000,183,468.66
29875,61246,2024-11-29 00:00:00.000,2024-08-29 00:00:00.000,92,1409.38
29875,67338,2025-02-28 00:00:00.000,2024-11-29 00:00:00.000,91,2402.44
29876,48072,2023-09-30 00:00:00.000,2023-06-30 00:00:00.000,92,3920.31
29876,49153,2023-12-31 00:00:00.000,2023-09-30 00:00:00.000,92,2527.30
29876,50308,2024-03-29 00:00:00.000,2023-12-31 00:00:00.000,89,2618.48
29877,59016,2024-10-29 00:00:00.000,2024-07-30 00:00:00.000,91,17744.27
29877,65261,2025-01-28 00:00:00.000,2024-10-29 00:00:00.000,91,20177.23
29877,71897,2025-04-30 00:00:00.000,2025-01-28 00:00:00.000,92,10585.05
29878,59020,2024-10-29 00:00:00.000,2024-07-30 00:00:00.000,91,8835.84
29878,65267,2025-01-28 00:00:00.000,2024-10-29 00:00:00.000,91,11093.20
29878,71900,2025-04-30 00:00:00.000,2025-01-28 00:00:00.000,92,6072.97
29879,47709,2023-08-30 00:00:00.000,2023-05-30 00:00:00.000,92,5360.16
29879,48779,2023-11-30 00:00:00.000,2023-08-30 00:00:00.000,92,2631.87
29879,49871,2024-02-28 00:00:00.000,2023-11-30 00:00:00.000,90,5292.90
29879,51156,2024-05-29 00:00:00.000,2024-02-28 00:00:00.000,91,3809.39
29879,55308,2024-08-29 00:00:00.000,2024-05-29 00:00:00.000,92,1628.96
29879,61250,2024-11-29 00:00:00.000,2024-08-29 00:00:00.000,92,2921.96
29879,67319,2025-02-28 00:00:00.000,2024-11-29 00:00:00.000,91,3173.93
29880,44549,2022-09-30 00:00:00.000,2022-06-30 00:00:00.000,92,49036.52
29880,45327,2022-12-31 00:00:00.000,2022-09-30 00:00:00.000,92,12176.36
29880,46088,2023-03-30 00:00:00.000,2022-12-31 00:00:00.000,89,22497.23
29880,47040,2023-06-30 00:00:00.000,2023-03-30 00:00:00.000,92,22381.50
29880,48062,2023-09-30 00:00:00.000,2023-06-30 00:00:00.000,92,14288.71
29880,49145,2023-12-31 00:00:00.000,2023-09-30 00:00:00.000,92,5054.60
29880,50302,2024-03-29 00:00:00.000,2023-12-31 00:00:00.000,89,11710.01
29880,51864,2024-06-29 00:00:00.000,2024-03-29 00:00:00.000,92,3855.08
29880,57149,2024-09-29 00:00:00.000,2024-06-29 00:00:00.000,92,10780.34
29880,63235,2024-12-30 00:00:00.000,2024-09-29 00:00:00.000,92,3425.89
29880,69510,2025-03-30 00:00:00.000,2024-12-30 00:00:00.000,90,3874.06
29881,58939,2024-10-29 00:00:00.000,2024-07-30 00:00:00.000,91,890.82
29881,65231,2025-01-28 00:00:00.000,2024-10-29 00:00:00.000,91,445.41
29881,71817,2025-04-30 00:00:00.000,2025-01-28 00:00:00.000,92,518.30
29882,48357,2023-10-30 00:00:00.000,2023-07-31 00:00:00.000,91,246.46
29882,49470,2024-01-28 00:00:00.000,2023-10-30 00:00:00.000,90,546.99
29882,50701,2024-04-29 00:00:00.000,2024-01-28 00:00:00.000,92,777.29
29883,44780,2022-10-30 00:00:00.000,2022-07-31 00:00:00.000,91,25632.00
29883,45557,2023-01-28 00:00:00.000,2022-10-30 00:00:00.000,90,32554.93
29883,46367,2023-04-30 00:00:00.000,2023-01-28 00:00:00.000,92,24278.02
29883,47426,2023-07-31 00:00:00.000,2023-04-30 00:00:00.000,92,1308.94
29885,44570,2022-09-30 00:00:00.000,2022-06-30 00:00:00.000,92,58494.79
29885,45344,2022-12-31 00:00:00.000,2022-09-30 00:00:00.000,92,58114.58
29885,46105,2023-03-30 00:00:00.000,2022-12-31 00:00:00.000,89,56396.54
29885,47066,2023-06-30 00:00:00.000,2023-03-30 00:00:00.000,92,57363.26
29885,48087,2023-09-30 00:00:00.000,2023-06-30 00:00:00.000,92,47836.89
29885,49167,2023-12-31 00:00:00.000,2023-09-30 00:00:00.000,92,43394.41
29885,50321,2024-03-29 00:00:00.000,2023-12-31 00:00:00.000,89,44161.71
29887,58952,2024-10-29 00:00:00.000,2024-07-30 00:00:00.000,91,4335.26
29887,65260,2025-01-28 00:00:00.000,2024-10-29 00:00:00.000,91,130.47
29887,71823,2025-04-30 00:00:00.000,2025-01-28 00:00:00.000,92,2071.92
29888,44488,2022-09-30 00:00:00.000,2022-06-30 00:00:00.000,92,32857.41
29888,45270,2022-12-31 00:00:00.000,2022-09-30 00:00:00.000,92,28770.61
29888,46028,2023-03-30 00:00:00.000,2022-12-31 00:00:00.000,89,26270.60
29888,46933,2023-06-30 00:00:00.000,2023-03-30 00:00:00.000,92,47753.77
29888,47965,2023-09-30 00:00:00.000,2023-06-30 00:00:00.000,92,49578.76
29888,49091,2023-12-31 00:00:00.000,2023-09-30 00:00:00.000,92,43681.83
29888,50191,2024-03-29 00:00:00.000,2023-12-31 00:00:00.000,89,40518.05
29888,51693,2024-06-29 00:00:00.000,2024-03-29 00:00:00.000,92,33973.89
29888,57017,2024-09-29 00:00:00.000,2024-06-29 00:00:00.000,92,27729.58
29888,63124,2024-12-30 00:00:00.000,2024-09-29 00:00:00.000,92,32382.31
29888,69394,2025-03-30 00:00:00.000,2024-12-30 00:00:00.000,90,23316.25
29889,44299,2022-08-30 00:00:00.000,2022-05-30 00:00:00.000,92,31624.75
29889,45060,2022-11-30 00:00:00.000,2022-08-30 00:00:00.000,92,23946.49
29889,45798,2023-02-28 00:00:00.000,2022-11-30 00:00:00.000,90,29494.05
29889,46638,2023-05-30 00:00:00.000,2023-02-28 00:00:00.000,91,61709.28
29889,47687,2023-08-30 00:00:00.000,2023-05-30 00:00:00.000,92,47238.65
29889,48775,2023-11-30 00:00:00.000,2023-08-30 00:00:00.000,92,39579.48
29889,49841,2024-02-28 00:00:00.000,2023-11-30 00:00:00.000,90,43579.46
29890,45049,2022-11-30 00:00:00.000,2022-05-30 00:00:00.000,184,1379.52
29890,45790,2023-02-28 00:00:00.000,2022-11-30 00:00:00.000,90,2882.71
29890,46619,2023-05-30 00:00:00.000,2023-02-28 00:00:00.000,91,71.99
29890,47672,2023-08-30 00:00:00.000,2023-05-30 00:00:00.000,92,70.64
29890,48732,2023-11-30 00:00:00.000,2023-08-30 00:00:00.000,92,414.44
29890,49866,2024-02-28 00:00:00.000,2023-11-30 00:00:00.000,90,123.28
29890,61187,2024-11-29 00:00:00.000,2024-02-28 00:00:00.000,275,65.99
29891,48333,2023-10-30 00:00:00.000,2023-07-31 00:00:00.000,91,33557.65
29891,49512,2024-01-28 00:00:00.000,2023-10-30 00:00:00.000,90,19309.84
29891,50682,2024-04-29 00:00:00.000,2024-01-28 00:00:00.000,92,38777.88
29891,53499,2024-07-30 00:00:00.000,2024-04-29 00:00:00.000,92,28195.90
29891,58944,2024-10-29 00:00:00.000,2024-07-30 00:00:00.000,91,35616.83
29891,65195,2025-01-28 00:00:00.000,2024-10-29 00:00:00.000,91,29588.11
29891,71819,2025-04-30 00:00:00.000,2025-01-28 00:00:00.000,92,30435.59
29892,44496,2022-09-30 00:00:00.000,2022-06-30 00:00:00.000,92,29797.16
29892,45278,2022-12-31 00:00:00.000,2022-09-30 00:00:00.000,92,29200.52
29892,46034,2023-03-30 00:00:00.000,2022-12-31 00:00:00.000,89,29936.38
29892,46945,2023-06-30 00:00:00.000,2023-03-30 00:00:00.000,92,379.47
29892,47974,2023-09-30 00:00:00.000,2023-06-30 00:00:00.000,92,642.65
29892,49047,2023-12-31 00:00:00.000,2023-09-30 00:00:00.000,92,489.98
29892,50268,2024-03-29 00:00:00.000,2023-12-31 00:00:00.000,89,527.47
29892,57096,2024-09-29 00:00:00.000,2024-03-29 00:00:00.000,184,713.80
29894,55305,2024-08-29 00:00:00.000,2024-05-29 00:00:00.000,92,26517.84
29894,61249,2024-11-29 00:00:00.000,2024-08-29 00:00:00.000,92,26203.84
29894,67333,2025-02-28 00:00:00.000,2024-11-29 00:00:00.000,91,30029.45
29895,47973,2023-09-30 00:00:00.000,2023-06-30 00:00:00.000,92,47151.27
29895,49094,2023-12-31 00:00:00.000,2023-09-30 00:00:00.000,92,44603.96
29895,50265,2024-03-29 00:00:00.000,2023-12-31 00:00:00.000,89,45840.93
29895,51793,2024-06-29 00:00:00.000,2024-03-29 00:00:00.000,92,31666.10
29895,57093,2024-09-29 00:00:00.000,2024-06-29 00:00:00.000,92,38991.89
29895,63132,2024-12-30 00:00:00.000,2024-09-29 00:00:00.000,92,33904.48
29895,69478,2025-03-30 00:00:00.000,2024-12-30 00:00:00.000,90,23913.45
29896,48051,2023-09-30 00:00:00.000,2023-06-30 00:00:00.000,92,42754.99
29896,49124,2023-12-31 00:00:00.000,2023-09-30 00:00:00.000,92,38994.12
29896,50293,2024-03-29 00:00:00.000,2023-12-31 00:00:00.000,89,22957.58
29896,51853,2024-06-29 00:00:00.000,2024-03-29 00:00:00.000,92,35496.36
29896,57162,2024-09-29 00:00:00.000,2024-06-29 00:00:00.000,92,26225.94
29896,63281,2024-12-30 00:00:00.000,2024-09-29 00:00:00.000,92,36065.92
29896,69533,2025-03-30 00:00:00.000,2024-12-30 00:00:00.000,90,50095.62
29897,44760,2022-10-30 00:00:00.000,2022-07-31 00:00:00.000,91,5202.64
29897,45541,2023-01-28 00:00:00.000,2022-10-30 00:00:00.000,90,69.21
29897,46347,2023-04-30 00:00:00.000,2023-01-28 00:00:00.000,92,1144.50
29897,47386,2023-07-31 00:00:00.000,2023-04-30 00:00:00.000,92,3613.64
29897,48327,2023-10-30 00:00:00.000,2023-07-31 00:00:00.000,91,3463.58
29897,49506,2024-01-28 00:00:00.000,2023-10-30 00:00:00.000,90,823.07
29897,50725,2024-04-29 00:00:00.000,2024-01-28 00:00:00.000,92,4392.00
29897,53490,2024-07-30 00:00:00.000,2024-04-29 00:00:00.000,92,3483.37
29897,58935,2024-10-29 00:00:00.000,2024-07-30 00:00:00.000,91,1414.75
29897,65239,2025-01-28 00:00:00.000,2024-10-29 00:00:00.000,91,109.25
29897,71811,2025-04-30 00:00:00.000,2025-01-28 00:00:00.000,92,2567.05
29898,44285,2022-08-30 00:00:00.000,2022-05-30 00:00:00.000,92,57739.74
29898,45042,2022-11-30 00:00:00.000,2022-08-30 00:00:00.000,92,40648.38
29898,45783,2023-02-28 00:00:00.000,2022-11-30 00:00:00.000,90,26016.97
29899,57055,2024-09-29 00:00:00.000,2024-06-29 00:00:00.000,92,33674.78
29899,63210,2024-12-30 00:00:00.000,2024-09-29 00:00:00.000,92,33632.93
29899,69429,2025-03-30 00:00:00.000,2024-12-30 00:00:00.000,90,32625.98
29900,50660,2024-04-29 00:00:00.000,2023-10-30 00:00:00.000,182,22.79
29901,44551,2022-09-30 00:00:00.000,2022-06-30 00:00:00.000,92,41097.60
29901,45328,2022-12-31 00:00:00.000,2022-09-30 00:00:00.000,92,63241.95
29901,46089,2023-03-30 00:00:00.000,2022-12-31 00:00:00.000,89,73568.30
29901,47039,2023-06-30 00:00:00.000,2023-03-30 00:00:00.000,92,32885.37
29901,48066,2023-09-30 00:00:00.000,2023-06-30 00:00:00.000,92,39124.52
29901,49146,2023-12-31 00:00:00.000,2023-09-30 00:00:00.000,92,26581.48
29901,50301,2024-03-29 00:00:00.000,2023-12-31 00:00:00.000,89,42528.46
29901,51833,2024-06-29 00:00:00.000,2024-03-29 00:00:00.000,92,30516.51
29901,57138,2024-09-29 00:00:00.000,2024-06-29 00:00:00.000,92,25527.65
29901,63212,2024-12-30 00:00:00.000,2024-09-29 00:00:00.000,92,23960.98
29901,69505,2025-03-30 00:00:00.000,2024-12-30 00:00:00.000,90,6140.42
29902,48316,2023-10-30 00:00:00.000,2023-07-31 00:00:00.000,91,324.45
29902,53549,2024-07-30 00:00:00.000,2023-10-30 00:00:00.000,274,858.90
29902,58923,2024-10-29 00:00:00.000,2024-07-30 00:00:00.000,91,37.25
29902,65223,2025-01-28 00:00:00.000,2024-10-29 00:00:00.000,91,24.29
29903,48326,2023-10-30 00:00:00.000,2023-07-31 00:00:00.000,91,1684.26
29903,50715,2024-04-29 00:00:00.000,2023-10-30 00:00:00.000,182,2817.86
29903,53547,2024-07-30 00:00:00.000,2024-04-29 00:00:00.000,92,4321.22
29903,58999,2024-10-29 00:00:00.000,2024-07-30 00:00:00.000,91,1142.86
29903,65230,2025-01-28 00:00:00.000,2024-10-29 00:00:00.000,91,74.51
29903,71862,2025-04-30 00:00:00.000,2025-01-28 00:00:00.000,92,1190.62
29904,48031,2023-09-30 00:00:00.000,2023-06-30 00:00:00.000,92,36513.56
29904,49061,2023-12-31 00:00:00.000,2023-09-30 00:00:00.000,92,38285.49
29904,50236,2024-03-29 00:00:00.000,2023-12-31 00:00:00.000,89,26839.09
29904,51763,2024-06-29 00:00:00.000,2024-03-29 00:00:00.000,92,40093.41
29904,57080,2024-09-29 00:00:00.000,2024-06-29 00:00:00.000,92,46675.77
29904,63170,2024-12-30 00:00:00.000,2024-09-29 00:00:00.000,92,32317.23
29904,69456,2025-03-30 00:00:00.000,2024-12-30 00:00:00.000,90,42715.20
29905,46075,2023-03-30 00:00:00.000,2022-06-30 00:00:00.000,273,838.92
29906,44550,2022-09-30 00:00:00.000,2022-06-30 00:00:00.000,92,28672.97
29906,45326,2022-12-31 00:00:00.000,2022-09-30 00:00:00.000,92,22730.79
29906,46087,2023-03-30 00:00:00.000,2022-12-31 00:00:00.000,89,24144.99
29907,57026,2024-09-29 00:00:00.000,2024-06-29 00:00:00.000,92,30381.57
29907,63148,2024-12-30 00:00:00.000,2024-09-29 00:00:00.000,92,22161.83
29907,69406,2025-03-30 00:00:00.000,2024-12-30 00:00:00.000,90,33171.11
29908,57014,2024-09-29 00:00:00.000,2024-06-29 00:00:00.000,92,48.59
29908,69392,2025-03-30 00:00:00.000,2024-09-29 00:00:00.000,182,387.92
29909,47680,2023-08-30 00:00:00.000,2023-05-30 00:00:00.000,92,29157.55
29909,48755,2023-11-30 00:00:00.000,2023-08-30 00:00:00.000,92,24987.59
29909,49833,2024-02-28 00:00:00.000,2023-11-30 00:00:00.000,90,39666.11
29909,51104,2024-05-29 00:00:00.000,2024-02-28 00:00:00.000,91,28963.59
29909,55252,2024-08-29 00:00:00.000,2024-05-29 00:00:00.000,92,37814.84
29909,61216,2024-11-29 00:00:00.000,2024-08-29 00:00:00.000,92,28344.64
29909,67276,2025-02-28 00:00:00.000,2024-11-29 00:00:00.000,91,27830.13
29910,48053,2023-09-30 00:00:00.000,2023-06-30 00:00:00.000,92,38319.88
29910,49138,2023-12-31 00:00:00.000,2023-09-30 00:00:00.000,92,33688.85
29910,50295,2024-03-29 00:00:00.000,2023-12-31 00:00:00.000,89,25261.84
29910,51832,2024-06-29 00:00:00.000,2024-03-29 00:00:00.000,92,44160.60
29910,57120,2024-09-29 00:00:00.000,2024-06-29 00:00:00.000,92,28637.52
29910,63266,2024-12-30 00:00:00.000,2024-09-29 00:00:00.000,92,39392.35
29910,69520,2025-03-30 00:00:00.000,2024-12-30 00:00:00.000,90,49565.60
29911,57097,2024-09-29 00:00:00.000,2024-06-29 00:00:00.000,92,35695.74
29911,63136,2024-12-30 00:00:00.000,2024-09-29 00:00:00.000,92,37100.58
29911,69479,2025-03-30 00:00:00.000,2024-12-30 00:00:00.000,90,25573.87
29912,44309,2022-08-30 00:00:00.000,2022-05-30 00:00:00.000,92,27612.42
29912,45065,2022-11-30 00:00:00.000,2022-08-30 00:00:00.000,92,24025.05
29912,45805,2023-02-28 00:00:00.000,2022-11-30 00:00:00.000,90,24604.66
29913,48089,2023-09-30 00:00:00.000,2023-06-30 00:00:00.000,92,60818.35
29913,49166,2023-12-31 00:00:00.000,2023-09-30 00:00:00.000,92,55911.96
29913,50322,2024-03-29 00:00:00.000,2023-12-31 00:00:00.000,89,71611.00
29913,51822,2024-06-29 00:00:00.000,2024-03-29 00:00:00.000,92,128873.22
29913,57186,2024-09-29 00:00:00.000,2024-06-29 00:00:00.000,92,112044.81
29913,63291,2024-12-30 00:00:00.000,2024-09-29 00:00:00.000,92,104325.11
29913,69561,2025-03-30 00:00:00.000,2024-12-30 00:00:00.000,90,82062.45
29914,44751,2022-10-30 00:00:00.000,2022-07-31 00:00:00.000,91,477.88
29914,46337,2023-04-30 00:00:00.000,2022-10-30 00:00:00.000,182,955.20
29915,46381,2023-04-30 00:00:00.000,2022-10-30 00:00:00.000,182,1429.41
29915,47442,2023-07-31 00:00:00.000,2023-04-30 00:00:00.000,92,245.25
29915,48383,2023-10-30 00:00:00.000,2023-07-31 00:00:00.000,91,2940.86
29915,49543,2024-01-28 00:00:00.000,2023-10-30 00:00:00.000,90,209.26
29915,53576,2024-07-30 00:00:00.000,2024-01-28 00:00:00.000,184,44050.21
29915,59021,2024-10-29 00:00:00.000,2024-07-30 00:00:00.000,91,44961.02
29915,65263,2025-01-28 00:00:00.000,2024-10-29 00:00:00.000,91,42553.42
29915,71880,2025-04-30 00:00:00.000,2025-01-28 00:00:00.000,92,31788.32
29916,59012,2024-10-29 00:00:00.000,2024-07-30 00:00:00.000,91,52723.98
29916,65257,2025-01-28 00:00:00.000,2024-10-29 00:00:00.000,91,63645.66
29916,71894,2025-04-30 00:00:00.000,2025-01-28 00:00:00.000,92,70205.79
29917,59044,2024-10-29 00:00:00.000,2024-07-30 00:00:00.000,91,63244.42
29917,65201,2025-01-28 00:00:00.000,2024-10-29 00:00:00.000,91,53500.22
29917,71918,2025-04-30 00:00:00.000,2025-01-28 00:00:00.000,92,57048.89
29918,57188,2024-09-29 00:00:00.000,2024-06-29 00:00:00.000,92,28343.34
29918,63290,2024-12-30 00:00:00.000,2024-09-29 00:00:00.000,92,26673.85
29918,69560,2025-03-30 00:00:00.000,2024-12-30 00:00:00.000,90,31044.90
29919,48016,2023-09-30 00:00:00.000,2023-06-30 00:00:00.000,92,44297.94
29919,49104,2023-12-31 00:00:00.000,2023-09-30 00:00:00.000,92,44669.75
29919,50272,2024-03-29 00:00:00.000,2023-12-31 00:00:00.000,89,44893.21
29919,51745,2024-06-29 00:00:00.000,2024-03-29 00:00:00.000,92,73437.93
29919,57062,2024-09-29 00:00:00.000,2024-06-29 00:00:00.000,92,62739.67
29919,63213,2024-12-30 00:00:00.000,2024-09-29 00:00:00.000,92,60119.02
29919,69441,2025-03-30 00:00:00.000,2024-12-30 00:00:00.000,90,68203.41
29920,47711,2023-08-30 00:00:00.000,2023-05-30 00:00:00.000,92,51.05
29920,48784,2023-11-30 00:00:00.000,2023-08-30 00:00:00.000,92,197.98
29920,49882,2024-02-28 00:00:00.000,2023-11-30 00:00:00.000,90,57.68
29920,51159,2024-05-29 00:00:00.000,2024-02-28 00:00:00.000,91,484.63
29920,55319,2024-08-29 00:00:00.000,2024-05-29 00:00:00.000,92,475.29
29920,61261,2024-11-29 00:00:00.000,2024-08-29 00:00:00.000,92,38.10
29920,67330,2025-02-28 00:00:00.000,2024-11-29 00:00:00.000,91,702.23
29921,44771,2022-10-30 00:00:00.000,2022-07-31 00:00:00.000,91,69681.69
29921,45549,2023-01-28 00:00:00.000,2022-10-30 00:00:00.000,90,50762.76
29921,46356,2023-04-30 00:00:00.000,2023-01-28 00:00:00.000,92,58977.13
29922,58959,2024-10-29 00:00:00.000,2024-07-30 00:00:00.000,91,28762.35
29922,65224,2025-01-28 00:00:00.000,2024-10-29 00:00:00.000,91,26146.50
29922,71832,2025-04-30 00:00:00.000,2025-01-28 00:00:00.000,92,28950.68
29923,57150,2024-09-29 00:00:00.000,2024-06-29 00:00:00.000,92,122285.72
29923,63284,2024-12-30 00:00:00.000,2024-09-29 00:00:00.000,92,108184.10
29923,69531,2025-03-30 00:00:00.000,2024-12-30 00:00:00.000,90,112312.55
29924,48065,2023-09-30 00:00:00.000,2023-06-30 00:00:00.000,92,79066.79
29924,49147,2023-12-31 00:00:00.000,2023-09-30 00:00:00.000,92,82168.79
29924,50304,2024-03-29 00:00:00.000,2023-12-31 00:00:00.000,89,93032.51
29924,51828,2024-06-29 00:00:00.000,2024-03-29 00:00:00.000,92,66047.33
29924,57121,2024-09-29 00:00:00.000,2024-06-29 00:00:00.000,92,51377.03
29924,63257,2024-12-30 00:00:00.000,2024-09-29 00:00:00.000,92,54368.51
29924,69503,2025-03-30 00:00:00.000,2024-12-30 00:00:00.000,90,61593.42
29925,44523,2022-09-30 00:00:00.000,2022-06-30 00:00:00.000,92,74394.42
29925,45303,2022-12-31 00:00:00.000,2022-09-30 00:00:00.000,92,20405.67
29925,46060,2023-03-30 00:00:00.000,2022-12-31 00:00:00.000,89,45487.71
29925,46990,2023-06-30 00:00:00.000,2023-03-30 00:00:00.000,92,924.40
29925,48014,2023-09-30 00:00:00.000,2023-06-30 00:00:00.000,92,209.26
29925,49059,2023-12-31 00:00:00.000,2023-09-30 00:00:00.000,92,263.25
29926,57183,2024-09-29 00:00:00.000,2024-06-29 00:00:00.000,92,1466.01
29926,63231,2024-12-30 00:00:00.000,2024-09-29 00:00:00.000,92,1466.01
29927,48298,2023-10-30 00:00:00.000,2023-07-31 00:00:00.000,91,183.94
29927,49452,2024-01-28 00:00:00.000,2023-10-30 00:00:00.000,90,1308.94
29927,50665,2024-04-29 00:00:00.000,2024-01-28 00:00:00.000,92,214.63
29927,53461,2024-07-30 00:00:00.000,2024-04-29 00:00:00.000,92,1466.01
29927,58912,2024-10-29 00:00:00.000,2024-07-30 00:00:00.000,91,323.99
29927,71855,2025-04-30 00:00:00.000,2024-10-29 00:00:00.000,183,323.99
29928,57019,2024-09-29 00:00:00.000,2024-06-29 00:00:00.000,92,24430.38
29928,63128,2024-12-30 00:00:00.000,2024-09-29 00:00:00.000,92,19361.63
29928,69397,2025-03-30 00:00:00.000,2024-12-30 00:00:00.000,90,26194.97
29929,48373,2023-10-30 00:00:00.000,2023-07-31 00:00:00.000,91,38235.73
29929,49532,2024-01-28 00:00:00.000,2023-10-30 00:00:00.000,90,40310.02
29929,50745,2024-04-29 00:00:00.000,2024-01-28 00:00:00.000,92,33977.51
29929,53606,2024-07-30 00:00:00.000,2024-04-29 00:00:00.000,92,46694.24
29929,59023,2024-10-29 00:00:00.000,2024-07-30 00:00:00.000,91,34696.26
29929,65303,2025-01-28 00:00:00.000,2024-10-29 00:00:00.000,91,58249.40
29929,71902,2025-04-30 00:00:00.000,2025-01-28 00:00:00.000,92,59894.21
29930,46081,2023-03-30 00:00:00.000,2022-09-30 00:00:00.000,181,838.92
29930,47022,2023-06-30 00:00:00.000,2023-03-30 00:00:00.000,92,469.79
29930,48044,2023-09-30 00:00:00.000,2023-06-30 00:00:00.000,92,217.33
29930,50255,2024-03-29 00:00:00.000,2023-09-30 00:00:00.000,181,45.00
29931,59066,2024-10-29 00:00:00.000,2024-07-30 00:00:00.000,91,24889.16
29931,65268,2025-01-28 00:00:00.000,2024-10-29 00:00:00.000,91,29320.65
29931,71943,2025-04-30 00:00:00.000,2025-01-28 00:00:00.000,92,35632.99
29932,59008,2024-10-29 00:00:00.000,2024-07-30 00:00:00.000,91,53598.63
29932,65282,2025-01-28 00:00:00.000,2024-10-29 00:00:00.000,91,52183.13
29932,71898,2025-04-30 00:00:00.000,2025-01-28 00:00:00.000,92,53248.69
29933,65186,2025-01-28 00:00:00.000,2024-07-30 00:00:00.000,182,119.98
29933,71865,2025-04-30 00:00:00.000,2025-01-28 00:00:00.000,92,214.75
29935,47991,2023-09-30 00:00:00.000,2023-06-30 00:00:00.000,92,35291.20
29935,49114,2023-12-31 00:00:00.000,2023-09-30 00:00:00.000,92,33016.17
29935,50210,2024-03-29 00:00:00.000,2023-12-31 00:00:00.000,89,36879.26
29935,51715,2024-06-29 00:00:00.000,2024-03-29 00:00:00.000,92,37540.98
29935,57036,2024-09-29 00:00:00.000,2024-06-29 00:00:00.000,92,37891.88
29935,63202,2024-12-30 00:00:00.000,2024-09-29 00:00:00.000,92,21306.44
29935,69413,2025-03-30 00:00:00.000,2024-12-30 00:00:00.000,90,25757.06
29936,57167,2024-09-29 00:00:00.000,2024-06-29 00:00:00.000,92,728.91
29936,63278,2024-12-30 00:00:00.000,2024-09-29 00:00:00.000,92,1619.73
29936,69530,2025-03-30 00:00:00.000,2024-12-30 00:00:00.000,90,445.41
29937,47700,2023-08-30 00:00:00.000,2023-05-30 00:00:00.000,92,35142.76
29937,48745,2023-11-30 00:00:00.000,2023-08-30 00:00:00.000,92,8874.41
29937,49851,2024-02-28 00:00:00.000,2023-11-30 00:00:00.000,90,37216.72
29938,44776,2022-10-30 00:00:00.000,2022-07-31 00:00:00.000,91,47370.77
29938,45554,2023-01-28 00:00:00.000,2022-10-30 00:00:00.000,90,25517.42
29938,46362,2023-04-30 00:00:00.000,2023-01-28 00:00:00.000,92,13319.41
29938,47417,2023-07-31 00:00:00.000,2023-04-30 00:00:00.000,92,49342.29
29938,48356,2023-10-30 00:00:00.000,2023-07-31 00:00:00.000,91,27258.36
29938,49472,2024-01-28 00:00:00.000,2023-10-30 00:00:00.000,90,14819.64
29938,50702,2024-04-29 00:00:00.000,2024-01-28 00:00:00.000,92,34930.47
29938,53531,2024-07-30 00:00:00.000,2024-04-29 00:00:00.000,92,38783.56
29938,58975,2024-10-29 00:00:00.000,2024-07-30 00:00:00.000,91,33623.78
29938,65209,2025-01-28 00:00:00.000,2024-10-29 00:00:00.000,91,12552.20
29938,71845,2025-04-30 00:00:00.000,2025-01-28 00:00:00.000,92,34118.54
29939,59042,2024-10-29 00:00:00.000,2024-07-30 00:00:00.000,91,3684.86
29939,65290,2025-01-28 00:00:00.000,2024-10-29 00:00:00.000,91,1028.47
29939,71916,2025-04-30 00:00:00.000,2025-01-28 00:00:00.000,92,1411.24
29940,57143,2024-09-29 00:00:00.000,2024-06-29 00:00:00.000,92,93397.74
29940,63282,2024-12-30 00:00:00.000,2024-09-29 00:00:00.000,92,66375.65
29940,69535,2025-03-30 00:00:00.000,2024-12-30 00:00:00.000,90,108982.75
29941,55268,2024-08-29 00:00:00.000,2024-05-29 00:00:00.000,92,39829.96
29941,61229,2024-11-29 00:00:00.000,2024-08-29 00:00:00.000,92,24336.00
29941,67289,2025-02-28 00:00:00.000,2024-11-29 00:00:00.000,91,35809.85
29942,57045,2024-09-29 00:00:00.000,2024-06-29 00:00:00.000,92,49178.53
29942,63156,2024-12-30 00:00:00.000,2024-09-29 00:00:00.000,92,24025.39
29942,69421,2025-03-30 00:00:00.000,2024-12-30 00:00:00.000,90,26125.85
29943,65227,2025-01-28 00:00:00.000,2024-07-30 00:00:00.000,182,602.35
29943,71810,2025-04-30 00:00:00.000,2025-01-28 00:00:00.000,92,802.40
29944,44753,2022-10-30 00:00:00.000,2022-07-31 00:00:00.000,91,2292.51
29944,46336,2023-04-30 00:00:00.000,2022-10-30 00:00:00.000,182,419.46
29945,44507,2022-09-30 00:00:00.000,2022-06-30 00:00:00.000,92,39244.31
29945,45289,2022-12-31 00:00:00.000,2022-09-30 00:00:00.000,92,39750.12
29945,46047,2023-03-30 00:00:00.000,2022-12-31 00:00:00.000,89,46396.76
29945,46962,2023-06-30 00:00:00.000,2023-03-30 00:00:00.000,92,2485.70
29945,49110,2023-12-31 00:00:00.000,2023-06-30 00:00:00.000,184,141.62
29945,50273,2024-03-29 00:00:00.000,2023-12-31 00:00:00.000,89,744.27
29945,51799,2024-06-29 00:00:00.000,2024-03-29 00:00:00.000,92,700.88
29945,57108,2024-09-29 00:00:00.000,2024-06-29 00:00:00.000,92,338.99
29945,63189,2024-12-30 00:00:00.000,2024-09-29 00:00:00.000,92,1702.88
29945,69485,2025-03-30 00:00:00.000,2024-12-30 00:00:00.000,90,3309.02
29946,44498,2022-09-30 00:00:00.000,2022-06-30 00:00:00.000,92,15432.46
29946,45280,2022-12-31 00:00:00.000,2022-09-30 00:00:00.000,92,12755.88
29946,46038,2023-03-30 00:00:00.000,2022-12-31 00:00:00.000,89,21702.08
29946,46951,2023-06-30 00:00:00.000,2023-03-30 00:00:00.000,92,27892.41
29946,47978,2023-09-30 00:00:00.000,2023-06-30 00:00:00.000,92,23268.74
29946,49103,2023-12-31 00:00:00.000,2023-09-30 00:00:00.000,92,17494.41
29946,50199,2024-03-29 00:00:00.000,2023-12-31 00:00:00.000,89,23863.04
29947,48077,2023-09-30 00:00:00.000,2023-06-30 00:00:00.000,92,39668.06
29947,49158,2023-12-31 00:00:00.000,2023-09-30 00:00:00.000,92,17782.32
29947,50311,2024-03-29 00:00:00.000,2023-12-31 00:00:00.000,89,25721.23
29947,51810,2024-06-29 00:00:00.000,2024-03-29 00:00:00.000,92,45822.42
29947,57125,2024-09-29 00:00:00.000,2024-06-29 00:00:00.000,92,18230.46
29947,63219,2024-12-30 00:00:00.000,2024-09-29 00:00:00.000,92,9878.13
29947,69526,2025-03-30 00:00:00.000,2024-12-30 00:00:00.000,90,17765.04
29948,65266,2025-01-28 00:00:00.000,2024-07-30 00:00:00.000,182,31.58
29948,71911,2025-04-30 00:00:00.000,2025-01-28 00:00:00.000,92,5496.02
29949,47985,2023-09-30 00:00:00.000,2023-06-30 00:00:00.000,92,20.52
29949,49107,2023-12-31 00:00:00.000,2023-09-30 00:00:00.000,92,74.84
29949,50207,2024-03-29 00:00:00.000,2023-12-31 00:00:00.000,89,736.15
29949,51707,2024-06-29 00:00:00.000,2024-03-29 00:00:00.000,92,790.73
29949,57025,2024-09-29 00:00:00.000,2024-06-29 00:00:00.000,92,338.99
29949,63143,2024-12-30 00:00:00.000,2024-09-29 00:00:00.000,92,90.59
29949,69407,2025-03-30 00:00:00.000,2024-12-30 00:00:00.000,90,529.49
29950,44745,2022-10-30 00:00:00.000,2022-07-31 00:00:00.000,91,26171.93
29950,45524,2023-01-28 00:00:00.000,2022-10-30 00:00:00.000,90,36045.92
29950,46330,2023-04-30 00:00:00.000,2023-01-28 00:00:00.000,92,13129.47
29950,47359,2023-07-31 00:00:00.000,2023-04-30 00:00:00.000,92,50212.85
29950,48299,2023-10-30 00:00:00.000,2023-07-31 00:00:00.000,91,37649.16
29950,49484,2024-01-28 00:00:00.000,2023-10-30 00:00:00.000,90,20587.48
29950,50716,2024-04-29 00:00:00.000,2024-01-28 00:00:00.000,92,31643.60
29950,53536,2024-07-30 00:00:00.000,2024-04-29 00:00:00.000,92,43253.74
29950,58981,2024-10-29 00:00:00.000,2024-07-30 00:00:00.000,91,38380.99
29950,65164,2025-01-28 00:00:00.000,2024-10-29 00:00:00.000,91,24795.18
29950,71851,2025-04-30 00:00:00.000,2025-01-28 00:00:00.000,92,38145.99
29951,48319,2023-10-30 00:00:00.000,2023-07-31 00:00:00.000,91,4971.41
29951,49505,2024-01-28 00:00:00.000,2023-10-30 00:00:00.000,90,22.79
29951,53478,2024-07-30 00:00:00.000,2024-01-28 00:00:00.000,184,39923.98
29951,58926,2024-10-29 00:00:00.000,2024-07-30 00:00:00.000,91,25086.47
29951,65213,2025-01-28 00:00:00.000,2024-10-29 00:00:00.000,91,11999.13
29951,71799,2025-04-30 00:00:00.000,2025-01-28 00:00:00.000,92,17147.42
29952,50194,2024-03-29 00:00:00.000,2023-06-30 00:00:00.000,273,1409.38
29952,51787,2024-06-29 00:00:00.000,2024-03-29 00:00:00.000,92,858.90
29952,63126,2024-12-30 00:00:00.000,2024-06-29 00:00:00.000,184,2041.19
29952,69470,2025-03-30 00:00:00.000,2024-12-30 00:00:00.000,90,3061.78
29953,48001,2023-09-30 00:00:00.000,2023-06-30 00:00:00.000,92,36396.93
29953,49092,2023-12-31 00:00:00.000,2023-09-30 00:00:00.000,92,20053.99
29953,50218,2024-03-29 00:00:00.000,2023-12-31 00:00:00.000,89,34098.60
29954,48363,2023-10-30 00:00:00.000,2023-07-31 00:00:00.000,91,51034.70
29954,49523,2024-01-28 00:00:00.000,2023-10-30 00:00:00.000,90,22612.41
29954,50738,2024-04-29 00:00:00.000,2024-01-28 00:00:00.000,92,43678.96
29955,44487,2022-09-30 00:00:00.000,2022-06-30 00:00:00.000,92,41868.91
29955,45266,2022-12-31 00:00:00.000,2022-09-30 00:00:00.000,92,24509.83
29955,46026,2023-03-30 00:00:00.000,2022-12-31 00:00:00.000,89,27802.97
29955,46931,2023-06-30 00:00:00.000,2023-03-30 00:00:00.000,92,48300.36
29955,47962,2023-09-30 00:00:00.000,2023-06-30 00:00:00.000,92,38499.61
29955,49040,2023-12-31 00:00:00.000,2023-09-30 00:00:00.000,92,17259.86
29955,50189,2024-03-29 00:00:00.000,2023-12-31 00:00:00.000,89,30041.97
29955,51691,2024-06-29 00:00:00.000,2024-03-29 00:00:00.000,92,32164.55
29955,57015,2024-09-29 00:00:00.000,2024-06-29 00:00:00.000,92,33608.06
29955,63123,2024-12-30 00:00:00.000,2024-09-29 00:00:00.000,92,14478.16
29955,69393,2025-03-30 00:00:00.000,2024-12-30 00:00:00.000,90,32184.03
29956,48380,2023-10-30 00:00:00.000,2023-07-31 00:00:00.000,91,33099.43
29956,49540,2024-01-28 00:00:00.000,2023-10-30 00:00:00.000,90,17254.00
29956,50749,2024-04-29 00:00:00.000,2024-01-28 00:00:00.000,92,25585.06
29956,53614,2024-07-30 00:00:00.000,2024-04-29 00:00:00.000,92,61251.46
29956,59027,2024-10-29 00:00:00.000,2024-07-30 00:00:00.000,91,39723.71
29956,65315,2025-01-28 00:00:00.000,2024-10-29 00:00:00.000,91,23774.14
29956,71881,2025-04-30 00:00:00.000,2025-01-28 00:00:00.000,92,36550.83
29957,48295,2023-10-30 00:00:00.000,2023-07-31 00:00:00.000,91,79000.36
29957,49490,2024-01-28 00:00:00.000,2023-10-30 00:00:00.000,90,44295.83
29957,50663,2024-04-29 00:00:00.000,2024-01-28 00:00:00.000,92,87340.10
29957,53460,2024-07-30 00:00:00.000,2024-04-29 00:00:00.000,92,104273.02
29957,58909,2024-10-29 00:00:00.000,2024-07-30 00:00:00.000,91,73605.96
29957,65160,2025-01-28 00:00:00.000,2024-10-29 00:00:00.000,91,52766.57
29957,71783,2025-04-30 00:00:00.000,2025-01-28 00:00:00.000,92,65683.37
29958,44304,2022-08-30 00:00:00.000,2022-05-30 00:00:00.000,92,37499.55
29958,45077,2022-11-30 00:00:00.000,2022-08-30 00:00:00.000,92,18869.46
29958,45801,2023-02-28 00:00:00.000,2022-11-30 00:00:00.000,90,53423.57
29958,46637,2023-05-30 00:00:00.000,2023-02-28 00:00:00.000,91,209.26
29958,49873,2024-02-28 00:00:00.000,2023-05-30 00:00:00.000,274,1269.83
29958,51115,2024-05-29 00:00:00.000,2024-02-28 00:00:00.000,91,2783.99
29958,55267,2024-08-29 00:00:00.000,2024-05-29 00:00:00.000,92,109.79
29958,67313,2025-02-28 00:00:00.000,2024-08-29 00:00:00.000,183,809.76
29959,48324,2023-10-30 00:00:00.000,2023-07-31 00:00:00.000,91,2451.14
29959,49458,2024-01-28 00:00:00.000,2023-10-30 00:00:00.000,90,198.04
29959,50710,2024-04-29 00:00:00.000,2024-01-28 00:00:00.000,92,784.20
29959,53488,2024-07-30 00:00:00.000,2024-04-29 00:00:00.000,92,70.64
29959,59002,2024-10-29 00:00:00.000,2024-07-30 00:00:00.000,91,404.66
29959,65192,2025-01-28 00:00:00.000,2024-10-29 00:00:00.000,91,358.27
29959,71868,2025-04-30 00:00:00.000,2025-01-28 00:00:00.000,92,1418.13
29960,59004,2024-10-29 00:00:00.000,2024-07-30 00:00:00.000,91,1391.99
29960,65318,2025-01-28 00:00:00.000,2024-10-29 00:00:00.000,91,1391.99
29960,71934,2025-04-30 00:00:00.000,2025-01-28 00:00:00.000,92,219.58
29961,44502,2022-09-30 00:00:00.000,2022-06-30 00:00:00.000,92,17871.45
29961,45285,2022-12-31 00:00:00.000,2022-09-30 00:00:00.000,92,14919.30
29961,46043,2023-03-30 00:00:00.000,2022-12-31 00:00:00.000,89,19030.73
29961,46961,2023-06-30 00:00:00.000,2023-03-30 00:00:00.000,92,324.45
29961,47983,2023-09-30 00:00:00.000,2023-06-30 00:00:00.000,92,469.79
29961,49050,2023-12-31 00:00:00.000,2023-09-30 00:00:00.000,92,251.48
29961,50264,2024-03-29 00:00:00.000,2023-12-31 00:00:00.000,89,3926.81
29961,63147,2024-12-30 00:00:00.000,2024-03-29 00:00:00.000,276,48.59
29961,69402,2025-03-30 00:00:00.000,2024-12-30 00:00:00.000,90,356.90
29962,48367,2023-10-30 00:00:00.000,2023-07-31 00:00:00.000,91,2489.45
29962,49529,2024-01-28 00:00:00.000,2023-10-30 00:00:00.000,90,417.97
29962,50742,2024-04-29 00:00:00.000,2024-01-28 00:00:00.000,92,573.99
29962,53591,2024-07-30 00:00:00.000,2024-04-29 00:00:00.000,92,1020.59
29962,59051,2024-10-29 00:00:00.000,2024-07-30 00:00:00.000,91,404.66
29962,65301,2025-01-28 00:00:00.000,2024-10-29 00:00:00.000,91,10.79
29962,71912,2025-04-30 00:00:00.000,2025-01-28 00:00:00.000,92,2995.19
29963,44562,2022-09-30 00:00:00.000,2022-06-30 00:00:00.000,92,19237.28
29963,45337,2022-12-31 00:00:00.000,2022-09-30 00:00:00.000,92,17669.03
29963,46099,2023-03-30 00:00:00.000,2022-12-31 00:00:00.000,89,14404.37
29963,47053,2023-06-30 00:00:00.000,2023-03-30 00:00:00.000,92,26628.09
29963,48075,2023-09-30 00:00:00.000,2023-06-30 00:00:00.000,92,18768.97
29963,49159,2023-12-31 00:00:00.000,2023-09-30 00:00:00.000,92,10830.02
29963,50315,2024-03-29 00:00:00.000,2023-12-31 00:00:00.000,89,18868.84
29963,51831,2024-06-29 00:00:00.000,2024-03-29 00:00:00.000,92,20403.59
29963,57126,2024-09-29 00:00:00.000,2024-06-29 00:00:00.000,92,25592.36
29963,63246,2024-12-30 00:00:00.000,2024-09-29 00:00:00.000,92,10771.54
29963,69513,2025-03-30 00:00:00.000,2024-12-30 00:00:00.000,90,20699.38
29964,58956,2024-10-29 00:00:00.000,2024-07-30 00:00:00.000,91,50668.99
29964,65243,2025-01-28 00:00:00.000,2024-10-29 00:00:00.000,91,17152.50
29964,71828,2025-04-30 00:00:00.000,2025-01-28 00:00:00.000,92,39348.25
29965,65274,2025-01-28 00:00:00.000,2024-07-30 00:00:00.000,182,200.05
29965,71905,2025-04-30 00:00:00.000,2025-01-28 00:00:00.000,92,4291.33
29966,44797,2022-10-30 00:00:00.000,2022-07-31 00:00:00.000,91,59944.55
29966,45575,2023-01-28 00:00:00.000,2022-10-30 00:00:00.000,90,29325.84
29966,46385,2023-04-30 00:00:00.000,2023-01-28 00:00:00.000,92,46301.00
29966,47450,2023-07-31 00:00:00.000,2023-04-30 00:00:00.000,92,65150.75
29966,48392,2023-10-30 00:00:00.000,2023-07-31 00:00:00.000,91,50378.93
29966,49518,2024-01-28 00:00:00.000,2023-10-30 00:00:00.000,90,31319.64
29966,50727,2024-04-29 00:00:00.000,2024-01-28 00:00:00.000,92,45716.92
29966,53570,2024-07-30 00:00:00.000,2024-04-29 00:00:00.000,92,63707.61
29966,59074,2024-10-29 00:00:00.000,2024-07-30 00:00:00.000,91,36682.56
29966,65236,2025-01-28 00:00:00.000,2024-10-29 00:00:00.000,91,19176.83
29966,71949,2025-04-30 00:00:00.000,2025-01-28 00:00:00.000,92,34123.67
29967,44742,2022-10-30 00:00:00.000,2022-07-31 00:00:00.000,91,40149.64
29967,45520,2023-01-28 00:00:00.000,2022-10-30 00:00:00.000,90,31628.63
29967,46325,2023-04-30 00:00:00.000,2023-01-28 00:00:00.000,92,48748.81
29968,44553,2022-09-30 00:00:00.000,2022-06-30 00:00:00.000,92,6074.98
29968,45330,2022-12-31 00:00:00.000,2022-09-30 00:00:00.000,92,69.08
29968,47044,2023-06-30 00:00:00.000,2022-12-31 00:00:00.000,181,180.11
29968,48067,2023-09-30 00:00:00.000,2023-06-30 00:00:00.000,92,35.99
29968,49148,2023-12-31 00:00:00.000,2023-09-30 00:00:00.000,92,736.15
29968,50303,2024-03-29 00:00:00.000,2023-12-31 00:00:00.000,89,74.84
29968,51824,2024-06-29 00:00:00.000,2024-03-29 00:00:00.000,92,53024.00
29968,57118,2024-09-29 00:00:00.000,2024-06-29 00:00:00.000,92,30219.69
29968,63245,2024-12-30 00:00:00.000,2024-09-29 00:00:00.000,92,25106.75
29968,69518,2025-03-30 00:00:00.000,2024-12-30 00:00:00.000,90,33579.44
29969,44747,2022-10-30 00:00:00.000,2022-07-31 00:00:00.000,91,10393.24
29969,45525,2023-01-28 00:00:00.000,2022-10-30 00:00:00.000,90,7274.31
29969,46331,2023-04-30 00:00:00.000,2023-01-28 00:00:00.000,92,5664.52
29969,47361,2023-07-31 00:00:00.000,2023-04-30 00:00:00.000,92,231.17
29969,48301,2023-10-30 00:00:00.000,2023-07-31 00:00:00.000,91,44.99
29970,55244,2024-08-29 00:00:00.000,2024-05-29 00:00:00.000,92,5371.43
29970,61208,2024-11-29 00:00:00.000,2024-08-29 00:00:00.000,92,9311.56
29970,67306,2025-02-28 00:00:00.000,2024-11-29 00:00:00.000,91,6450.68
29971,48300,2023-10-30 00:00:00.000,2023-07-31 00:00:00.000,91,40.37
29971,50666,2024-04-29 00:00:00.000,2023-10-30 00:00:00.000,182,94.37
29971,58985,2024-10-29 00:00:00.000,2024-04-29 00:00:00.000,183,3067.07
29971,65217,2025-01-28 00:00:00.000,2024-10-29 00:00:00.000,91,1466.01
29971,71788,2025-04-30 00:00:00.000,2025-01-28 00:00:00.000,92,1365.58
29972,58934,2024-10-29 00:00:00.000,2024-07-30 00:00:00.000,91,11375.32
29972,65247,2025-01-28 00:00:00.000,2024-10-29 00:00:00.000,91,22856.98
29972,71813,2025-04-30 00:00:00.000,2025-01-28 00:00:00.000,92,9641.71
29973,45051,2022-11-30 00:00:00.000,2022-08-30 00:00:00.000,92,3007.96
29973,45791,2023-02-28 00:00:00.000,2022-11-30 00:00:00.000,90,3391.55
29973,46621,2023-05-30 00:00:00.000,2023-02-28 00:00:00.000,91,5687.32
29973,47674,2023-08-30 00:00:00.000,2023-05-30 00:00:00.000,92,7719.32
29973,48773,2023-11-30 00:00:00.000,2023-08-30 00:00:00.000,92,4228.15
29973,49859,2024-02-28 00:00:00.000,2023-11-30 00:00:00.000,90,2886.30
29974,44287,2022-08-30 00:00:00.000,2022-05-30 00:00:00.000,92,16292.05
29974,45045,2022-11-30 00:00:00.000,2022-08-30 00:00:00.000,92,14261.36
29974,45785,2023-02-28 00:00:00.000,2022-11-30 00:00:00.000,90,40766.11
29974,61206,2024-11-29 00:00:00.000,2023-02-28 00:00:00.000,640,41.99
29975,48314,2023-10-30 00:00:00.000,2023-07-31 00:00:00.000,91,4707.86
29975,49486,2024-01-28 00:00:00.000,2023-10-30 00:00:00.000,90,4228.15
29975,50707,2024-04-29 00:00:00.000,2024-01-28 00:00:00.000,92,3720.92
29975,53550,2024-07-30 00:00:00.000,2024-04-29 00:00:00.000,92,10687.85
29975,58988,2024-10-29 00:00:00.000,2024-07-30 00:00:00.000,91,4878.75
29975,65181,2025-01-28 00:00:00.000,2024-10-29 00:00:00.000,91,2810.60
29975,71863,2025-04-30 00:00:00.000,2025-01-28 00:00:00.000,92,2777.14
29976,48391,2023-10-30 00:00:00.000,2023-07-31 00:00:00.000,91,3756.76
29976,49487,2024-01-28 00:00:00.000,2023-10-30 00:00:00.000,90,1366.22
29976,50757,2024-04-29 00:00:00.000,2024-01-28 00:00:00.000,92,1320.63
29977,57050,2024-09-29 00:00:00.000,2024-06-29 00:00:00.000,92,4550.92
29977,63229,2024-12-30 00:00:00.000,2024-09-29 00:00:00.000,92,1544.97
29977,69431,2025-03-30 00:00:00.000,2024-12-30 00:00:00.000,90,4298.96
29978,69555,2025-03-30 00:00:00.000,2024-12-30 00:00:00.000,90,119.98
29979,57119,2024-09-29 00:00:00.000,2024-06-29 00:00:00.000,92,7317.65
29979,63272,2024-12-30 00:00:00.000,2024-09-29 00:00:00.000,92,9473.47
29979,69506,2025-03-30 00:00:00.000,2024-12-30 00:00:00.000,90,7099.61
29980,48388,2023-10-30 00:00:00.000,2023-07-31 00:00:00.000,91,182.35
29980,49546,2024-01-28 00:00:00.000,2023-10-30 00:00:00.000,90,113.97
29980,50730,2024-04-29 00:00:00.000,2024-01-28 00:00:00.000,92,205.15
29981,47719,2023-08-30 00:00:00.000,2023-05-30 00:00:00.000,92,9845.15
29981,48789,2023-11-30 00:00:00.000,2023-08-30 00:00:00.000,92,9865.67
29981,49889,2024-02-28 00:00:00.000,2023-11-30 00:00:00.000,90,7149.18
29981,51145,2024-05-29 00:00:00.000,2024-02-28 00:00:00.000,91,14614.32
29981,55295,2024-08-29 00:00:00.000,2024-05-29 00:00:00.000,92,9377.47
29981,61266,2024-11-29 00:00:00.000,2024-08-29 00:00:00.000,92,13015.36
29981,67315,2025-02-28 00:00:00.000,2024-11-29 00:00:00.000,91,7264.30
29982,45559,2023-01-28 00:00:00.000,2022-10-30 00:00:00.000,90,1258.38
29982,46366,2023-04-30 00:00:00.000,2023-01-28 00:00:00.000,92,6094.36
29982,47425,2023-07-31 00:00:00.000,2023-04-30 00:00:00.000,92,3934.06
29982,48366,2023-10-30 00:00:00.000,2023-07-31 00:00:00.000,91,1981.26
29982,49525,2024-01-28 00:00:00.000,2023-10-30 00:00:00.000,90,1409.38
29982,50737,2024-04-29 00:00:00.000,2024-01-28 00:00:00.000,92,2451.05
29982,53586,2024-07-30 00:00:00.000,2024-04-29 00:00:00.000,92,2760.44
29982,59026,2024-10-29 00:00:00.000,2024-07-30 00:00:00.000,91,2771.33
29982,65285,2025-01-28 00:00:00.000,2024-10-29 00:00:00.000,91,6139.75
29982,71920,2025-04-30 00:00:00.000,2025-01-28 00:00:00.000,92,2527.13
29983,48008,2023-09-30 00:00:00.000,2023-06-30 00:00:00.000,92,654.82
29983,49089,2023-12-31 00:00:00.000,2023-09-30 00:00:00.000,92,1389.02
29983,50223,2024-03-29 00:00:00.000,2023-12-31 00:00:00.000,89,1590.04
29983,51740,2024-06-29 00:00:00.000,2024-03-29 00:00:00.000,92,3495.65
29983,57057,2024-09-29 00:00:00.000,2024-06-29 00:00:00.000,92,5359.59
29983,63207,2024-12-30 00:00:00.000,2024-09-29 00:00:00.000,92,293.96
29983,69432,2025-03-30 00:00:00.000,2024-12-30 00:00:00.000,90,649.14
29984,57028,2024-09-29 00:00:00.000,2024-06-29 00:00:00.000,92,7909.99
29984,63188,2024-12-30 00:00:00.000,2024-09-29 00:00:00.000,92,3047.95
29984,69404,2025-03-30 00:00:00.000,2024-12-30 00:00:00.000,90,5454.29
29985,48088,2023-09-30 00:00:00.000,2023-06-30 00:00:00.000,92,11173.69
29985,49164,2023-12-31 00:00:00.000,2023-09-30 00:00:00.000,92,7490.72
29985,50275,2024-03-29 00:00:00.000,2023-12-31 00:00:00.000,89,5128.17
29985,51819,2024-06-29 00:00:00.000,2024-03-29 00:00:00.000,92,7107.95
29985,57184,2024-09-29 00:00:00.000,2024-06-29 00:00:00.000,92,7472.89
29985,63242,2024-12-30 00:00:00.000,2024-09-29 00:00:00.000,92,1964.91
29985,69498,2025-03-30 00:00:00.000,2024-12-30 00:00:00.000,90,1544.97
29986,47969,2023-09-30 00:00:00.000,2023-06-30 00:00:00.000,92,8724.17
29986,49097,2023-12-31 00:00:00.000,2023-09-30 00:00:00.000,92,4999.61
29986,50193,2024-03-29 00:00:00.000,2023-12-31 00:00:00.000,89,6320.25
29986,51696,2024-06-29 00:00:00.000,2024-03-29 00:00:00.000,92,2006.05
29986,57094,2024-09-29 00:00:00.000,2024-06-29 00:00:00.000,92,4592.92
29986,63129,2024-12-30 00:00:00.000,2024-09-29 00:00:00.000,92,1502.98
29986,69477,2025-03-30 00:00:00.000,2024-12-30 00:00:00.000,90,335.95
29987,55276,2024-08-29 00:00:00.000,2024-05-29 00:00:00.000,92,74321.38
29987,61200,2024-11-29 00:00:00.000,2024-08-29 00:00:00.000,92,70731.37
29987,67298,2025-02-28 00:00:00.000,2024-11-29 00:00:00.000,91,101438.09
29988,44497,2022-09-30 00:00:00.000,2022-06-30 00:00:00.000,92,1195.82
29988,45279,2022-12-31 00:00:00.000,2022-09-30 00:00:00.000,92,1022.86
29988,46037,2023-03-30 00:00:00.000,2022-12-31 00:00:00.000,89,1017.50
29988,46949,2023-06-30 00:00:00.000,2023-03-30 00:00:00.000,92,4810.03
29988,47977,2023-09-30 00:00:00.000,2023-06-30 00:00:00.000,92,8206.49
29988,49102,2023-12-31 00:00:00.000,2023-09-30 00:00:00.000,92,607.00
29988,50197,2024-03-29 00:00:00.000,2023-12-31 00:00:00.000,89,3218.14
29989,50318,2024-03-29 00:00:00.000,2023-09-30 00:00:00.000,181,202.33
29989,57181,2024-09-29 00:00:00.000,2024-03-29 00:00:00.000,184,356.90
29989,69494,2025-03-30 00:00:00.000,2024-09-29 00:00:00.000,182,31.58
29990,48081,2023-09-30 00:00:00.000,2023-06-30 00:00:00.000,92,1466.01
29990,49162,2023-12-31 00:00:00.000,2023-09-30 00:00:00.000,92,939.59
29990,50317,2024-03-29 00:00:00.000,2023-12-31 00:00:00.000,89,954.59
29990,63253,2024-12-30 00:00:00.000,2024-03-29 00:00:00.000,276,323.99
29990,69551,2025-03-30 00:00:00.000,2024-12-30 00:00:00.000,90,672.29
29991,49051,2023-12-31 00:00:00.000,2023-09-30 00:00:00.000,92,1242.85
29991,50267,2024-03-29 00:00:00.000,2023-12-31 00:00:00.000,89,1229.46
29991,51797,2024-06-29 00:00:00.000,2024-03-29 00:00:00.000,92,31.58
29991,57031,2024-09-29 00:00:00.000,2024-06-29 00:00:00.000,92,1001.98
29991,63142,2024-12-30 00:00:00.000,2024-09-29 00:00:00.000,92,37.15
29991,69484,2025-03-30 00:00:00.000,2024-12-30 00:00:00.000,90,1964.67
29992,44317,2022-08-30 00:00:00.000,2022-05-30 00:00:00.000,92,33919.07
29992,45074,2022-11-30 00:00:00.000,2022-08-30 00:00:00.000,92,24030.57
29992,45813,2023-02-28 00:00:00.000,2022-11-30 00:00:00.000,90,32245.75
29992,46668,2023-05-30 00:00:00.000,2023-02-28 00:00:00.000,91,59238.96
29992,47720,2023-08-30 00:00:00.000,2023-05-30 00:00:00.000,92,43386.80
29992,48769,2023-11-30 00:00:00.000,2023-08-30 00:00:00.000,92,24016.51
29992,49890,2024-02-28 00:00:00.000,2023-11-30 00:00:00.000,90,42653.94
29992,51154,2024-05-29 00:00:00.000,2024-02-28 00:00:00.000,91,54253.04
29992,55322,2024-08-29 00:00:00.000,2024-05-29 00:00:00.000,92,27947.59
29992,61243,2024-11-29 00:00:00.000,2024-08-29 00:00:00.000,92,14608.22
29992,67325,2025-02-28 00:00:00.000,2024-11-29 00:00:00.000,91,34239.51
29993,48061,2023-09-30 00:00:00.000,2023-06-30 00:00:00.000,92,939.59
29993,49144,2023-12-31 00:00:00.000,2023-09-30 00:00:00.000,92,324.45
29993,50286,2024-03-29 00:00:00.000,2023-12-31 00:00:00.000,89,324.45
29994,44283,2022-08-30 00:00:00.000,2022-05-30 00:00:00.000,92,43749.27
29994,45039,2022-11-30 00:00:00.000,2022-08-30 00:00:00.000,92,27722.16
29994,45781,2023-02-28 00:00:00.000,2022-11-30 00:00:00.000,90,45943.76
29994,46607,2023-05-30 00:00:00.000,2023-02-28 00:00:00.000,91,120182.19
29994,47663,2023-08-30 00:00:00.000,2023-05-30 00:00:00.000,92,73798.96
29994,48764,2023-11-30 00:00:00.000,2023-08-30 00:00:00.000,92,41665.76
29994,49856,2024-02-28 00:00:00.000,2023-11-30 00:00:00.000,90,86085.80
29994,51132,2024-05-29 00:00:00.000,2024-02-28 00:00:00.000,91,97972.20
29994,55280,2024-08-29 00:00:00.000,2024-05-29 00:00:00.000,92,68404.63
29994,61179,2024-11-29 00:00:00.000,2024-08-29 00:00:00.000,92,39248.36
29994,67304,2025-02-28 00:00:00.000,2024-11-29 00:00:00.000,91,57193.11
29995,57012,2024-09-29 00:00:00.000,2024-06-29 00:00:00.000,92,79548.76
29995,63171,2024-12-30 00:00:00.000,2024-09-29 00:00:00.000,92,73016.60
29995,69454,2025-03-30 00:00:00.000,2024-12-30 00:00:00.000,90,83967.92
29996,48017,2023-09-30 00:00:00.000,2023-06-30 00:00:00.000,92,36304.54
29996,49113,2023-12-31 00:00:00.000,2023-09-30 00:00:00.000,92,25124.61
29996,50280,2024-03-29 00:00:00.000,2023-12-31 00:00:00.000,89,33630.37
29996,51748,2024-06-29 00:00:00.000,2024-03-29 00:00:00.000,92,53853.95
29996,57065,2024-09-29 00:00:00.000,2024-06-29 00:00:00.000,92,34038.23
29996,63200,2024-12-30 00:00:00.000,2024-09-29 00:00:00.000,92,24019.38
29996,69442,2025-03-30 00:00:00.000,2024-12-30 00:00:00.000,90,30980.09
29997,47986,2023-09-30 00:00:00.000,2023-06-30 00:00:00.000,92,87654.24
29997,49053,2023-12-31 00:00:00.000,2023-09-30 00:00:00.000,92,48743.27
29997,50206,2024-03-29 00:00:00.000,2023-12-31 00:00:00.000,89,59836.48
29997,51711,2024-06-29 00:00:00.000,2024-03-29 00:00:00.000,92,101609.29
29997,57030,2024-09-29 00:00:00.000,2024-06-29 00:00:00.000,92,63339.26
29997,63149,2024-12-30 00:00:00.000,2024-09-29 00:00:00.000,92,50489.29
29997,69408,2025-03-30 00:00:00.000,2024-12-30 00:00:00.000,90,49522.78
29998,48311,2023-10-30 00:00:00.000,2023-07-31 00:00:00.000,91,78756.80
29998,49498,2024-01-28 00:00:00.000,2023-10-30 00:00:00.000,90,57027.77
29998,50672,2024-04-29 00:00:00.000,2024-01-28 00:00:00.000,92,78942.28
29999,47729,2023-08-30 00:00:00.000,2023-05-30 00:00:00.000,92,324.45
29999,48792,2023-11-30 00:00:00.000,2023-08-30 00:00:00.000,92,469.79
29999,49842,2024-02-28 00:00:00.000,2023-11-30 00:00:00.000,90,324.45
29999,51118,2024-05-29 00:00:00.000,2024-02-28 00:00:00.000,91,26.72
30000,47696,2023-08-30 00:00:00.000,2023-05-30 00:00:00.000,92,60516.81
30000,48744,2023-11-30 00:00:00.000,2023-08-30 00:00:00.000,92,18986.08
30000,49848,2024-02-28 00:00:00.000,2023-11-30 00:00:00.000,90,59222.56
30000,51124,2024-05-29 00:00:00.000,2024-02-28 00:00:00.000,91,77253.42
30000,55275,2024-08-29 00:00:00.000,2024-05-29 00:00:00.000,92,64654.28
30000,61196,2024-11-29 00:00:00.000,2024-08-29 00:00:00.000,92,28038.64
30000,67295,2025-02-28 00:00:00.000,2024-11-29 00:00:00.000,91,62810.44
30001,61176,2024-11-29 00:00:00.000,2024-08-29 00:00:00.000,92,1466.01
30002,57117,2024-09-29 00:00:00.000,2024-06-29 00:00:00.000,92,202.33
30002,63274,2024-12-30 00:00:00.000,2024-09-29 00:00:00.000,92,356.90
30002,69523,2025-03-30 00:00:00.000,2024-12-30 00:00:00.000,90,356.90
30003,45519,2023-01-28 00:00:00.000,2022-07-31 00:00:00.000,181,4064.99
30003,49448,2024-01-28 00:00:00.000,2023-01-28 00:00:00.000,365,1275.05
30003,50659,2024-04-29 00:00:00.000,2024-01-28 00:00:00.000,92,1297.84
30004,44541,2022-09-30 00:00:00.000,2022-06-30 00:00:00.000,92,50827.14
30004,45320,2022-12-31 00:00:00.000,2022-09-30 00:00:00.000,92,10192.77
30004,46080,2023-03-30 00:00:00.000,2022-12-31 00:00:00.000,89,14248.80
30004,49081,2023-12-31 00:00:00.000,2023-03-30 00:00:00.000,276,1229.46
30004,57090,2024-09-29 00:00:00.000,2023-12-31 00:00:00.000,273,41.99
30004,63276,2024-12-30 00:00:00.000,2024-09-29 00:00:00.000,92,41.99
30005,57185,2024-09-29 00:00:00.000,2024-06-29 00:00:00.000,92,28913.67
30005,63218,2024-12-30 00:00:00.000,2024-09-29 00:00:00.000,92,17193.55
30005,69563,2025-03-30 00:00:00.000,2024-12-30 00:00:00.000,90,30610.63
30006,58936,2024-10-29 00:00:00.000,2024-07-30 00:00:00.000,91,445.41
30006,71870,2025-04-30 00:00:00.000,2024-10-29 00:00:00.000,183,1436.43
30007,48323,2023-10-30 00:00:00.000,2023-07-31 00:00:00.000,91,3298.93
30007,49517,2024-01-28 00:00:00.000,2023-10-30 00:00:00.000,90,2818.76
30007,50677,2024-04-29 00:00:00.000,2024-01-28 00:00:00.000,92,1910.30
30007,53545,2024-07-30 00:00:00.000,2024-04-29 00:00:00.000,92,3650.48
30007,59003,2024-10-29 00:00:00.000,2024-07-30 00:00:00.000,91,3788.30
30007,65216,2025-01-28 00:00:00.000,2024-10-29 00:00:00.000,91,5108.36
30007,71871,2025-04-30 00:00:00.000,2025-01-28 00:00:00.000,92,1709.32
30008,53587,2024-07-30 00:00:00.000,2024-04-29 00:00:00.000,92,2224.34
30008,59015,2024-10-29 00:00:00.000,2024-07-30 00:00:00.000,91,1502.98
30008,65309,2025-01-28 00:00:00.000,2024-10-29 00:00:00.000,91,4298.96
30008,71930,2025-04-30 00:00:00.000,2025-01-28 00:00:00.000,92,3047.95
30009,48034,2023-09-30 00:00:00.000,2023-06-30 00:00:00.000,92,15617.75
30009,49068,2023-12-31 00:00:00.000,2023-09-30 00:00:00.000,92,11275.06
30009,50243,2024-03-29 00:00:00.000,2023-12-31 00:00:00.000,89,20139.24
30009,51770,2024-06-29 00:00:00.000,2024-03-29 00:00:00.000,92,17235.81
30009,57164,2024-09-29 00:00:00.000,2024-06-29 00:00:00.000,92,15310.32
30009,63175,2024-12-30 00:00:00.000,2024-09-29 00:00:00.000,92,17628.69
30009,69462,2025-03-30 00:00:00.000,2024-12-30 00:00:00.000,90,11012.33
30010,46063,2023-03-30 00:00:00.000,2022-09-30 00:00:00.000,181,874.79
30011,45275,2022-12-31 00:00:00.000,2022-09-30 00:00:00.000,92,7166.68
30011,46033,2023-03-30 00:00:00.000,2022-12-31 00:00:00.000,89,4716.13
30011,46943,2023-06-30 00:00:00.000,2023-03-30 00:00:00.000,92,8920.64
30011,47971,2023-09-30 00:00:00.000,2023-06-30 00:00:00.000,92,5637.53
30011,49122,2023-12-31 00:00:00.000,2023-09-30 00:00:00.000,92,12684.44
30011,50260,2024-03-29 00:00:00.000,2023-12-31 00:00:00.000,89,7651.78
30011,51780,2024-06-29 00:00:00.000,2024-03-29 00:00:00.000,92,10595.43
30011,57104,2024-09-29 00:00:00.000,2024-06-29 00:00:00.000,92,5741.67
30011,63130,2024-12-30 00:00:00.000,2024-09-29 00:00:00.000,92,3869.15
30011,69474,2025-03-30 00:00:00.000,2024-12-30 00:00:00.000,90,9900.42
30012,45324,2022-12-31 00:00:00.000,2022-09-30 00:00:00.000,92,838.92
30012,46085,2023-03-30 00:00:00.000,2022-12-31 00:00:00.000,89,3882.76
30012,47035,2023-06-30 00:00:00.000,2023-03-30 00:00:00.000,92,2647.03
30012,48055,2023-09-30 00:00:00.000,2023-06-30 00:00:00.000,92,2014.25
30012,49141,2023-12-31 00:00:00.000,2023-09-30 00:00:00.000,92,939.59
30012,50300,2024-03-29 00:00:00.000,2023-12-31 00:00:00.000,89,604.87
30013,45551,2023-01-28 00:00:00.000,2022-10-30 00:00:00.000,90,7274.31
30013,46361,2023-04-30 00:00:00.000,2023-01-28 00:00:00.000,92,5529.90
30014,57087,2024-09-29 00:00:00.000,2024-06-29 00:00:00.000,92,19598.03
30014,63182,2024-12-30 00:00:00.000,2024-09-29 00:00:00.000,92,21200.02
30014,69467,2025-03-30 00:00:00.000,2024-12-30 00:00:00.000,90,11951.69
30015,57187,2024-09-29 00:00:00.000,2024-06-29 00:00:00.000,92,18787.88
30015,63244,2024-12-30 00:00:00.000,2024-09-29 00:00:00.000,92,9691.35
30015,69564,2025-03-30 00:00:00.000,2024-12-30 00:00:00.000,90,16317.59
30017,48015,2023-09-30 00:00:00.000,2023-06-30 00:00:00.000,92,3025.74
30017,49121,2023-12-31 00:00:00.000,2023-09-30 00:00:00.000,92,1320.63
30017,50279,2024-03-29 00:00:00.000,2023-12-31 00:00:00.000,89,453.18
30018,47695,2023-08-30 00:00:00.000,2023-05-30 00:00:00.000,92,113.97
30018,48742,2023-11-30 00:00:00.000,2023-08-30 00:00:00.000,92,45.59
30018,49847,2024-02-28 00:00:00.000,2023-11-30 00:00:00.000,90,281.92
30018,51164,2024-05-29 00:00:00.000,2024-02-28 00:00:00.000,91,700.39
30018,55273,2024-08-29 00:00:00.000,2024-05-29 00:00:00.000,92,251.96
30018,61256,2024-11-29 00:00:00.000,2024-08-29 00:00:00.000,92,167.98
30018,67337,2025-02-28 00:00:00.000,2024-11-29 00:00:00.000,91,293.96
30019,48399,2023-10-30 00:00:00.000,2023-07-31 00:00:00.000,91,2595.68
30019,49461,2024-01-28 00:00:00.000,2023-10-30 00:00:00.000,90,182.35
30019,50686,2024-04-29 00:00:00.000,2024-01-28 00:00:00.000,92,1502.99
30019,53511,2024-07-30 00:00:00.000,2024-04-29 00:00:00.000,92,552.95
30019,58960,2024-10-29 00:00:00.000,2024-07-30 00:00:00.000,91,5801.93
30019,65254,2025-01-28 00:00:00.000,2024-10-29 00:00:00.000,91,125.98
30019,71831,2025-04-30 00:00:00.000,2025-01-28 00:00:00.000,92,1712.95
30020,58968,2024-10-29 00:00:00.000,2024-07-30 00:00:00.000,91,13938.87
30020,65286,2025-01-28 00:00:00.000,2024-10-29 00:00:00.000,91,17099.33
30020,71838,2025-04-30 00:00:00.000,2025-01-28 00:00:00.000,92,11463.68
30021,57073,2024-09-29 00:00:00.000,2024-06-29 00:00:00.000,92,5969.91
30021,63236,2024-12-30 00:00:00.000,2024-09-29 00:00:00.000,92,2837.98
30021,69446,2025-03-30 00:00:00.000,2024-12-30 00:00:00.000,90,1712.95
30022,45325,2022-12-31 00:00:00.000,2022-09-30 00:00:00.000,92,2588.51
30022,46084,2023-03-30 00:00:00.000,2022-12-31 00:00:00.000,89,1713.71
30022,47032,2023-06-30 00:00:00.000,2023-03-30 00:00:00.000,92,5061.82
30022,48054,2023-09-30 00:00:00.000,2023-06-30 00:00:00.000,92,2818.76
30022,49137,2023-12-31 00:00:00.000,2023-09-30 00:00:00.000,92,2348.97
30022,50296,2024-03-29 00:00:00.000,2023-12-31 00:00:00.000,89,2818.76
30022,51844,2024-06-29 00:00:00.000,2024-03-29 00:00:00.000,92,5069.83
30022,57142,2024-09-29 00:00:00.000,2024-06-29 00:00:00.000,92,905.88
30022,63271,2024-12-30 00:00:00.000,2024-09-29 00:00:00.000,92,3115.72
30022,69514,2025-03-30 00:00:00.000,2024-12-30 00:00:00.000,90,3708.54
30023,48003,2023-09-30 00:00:00.000,2023-06-30 00:00:00.000,92,242.25
30023,50219,2024-03-29 00:00:00.000,2023-09-30 00:00:00.000,181,448.75
30023,51731,2024-06-29 00:00:00.000,2024-03-29 00:00:00.000,92,2342.54
30023,57052,2024-09-29 00:00:00.000,2024-06-29 00:00:00.000,92,417.77
30023,63205,2024-12-30 00:00:00.000,2024-09-29 00:00:00.000,92,162.85
30023,69424,2025-03-30 00:00:00.000,2024-12-30 00:00:00.000,90,739.89
30024,57111,2024-09-29 00:00:00.000,2024-06-29 00:00:00.000,92,4424.94
30024,63159,2024-12-30 00:00:00.000,2024-09-29 00:00:00.000,92,2963.96
30024,69423,2025-03-30 00:00:00.000,2024-12-30 00:00:00.000,90,293.96
30025,71917,2025-04-30 00:00:00.000,2024-07-30 00:00:00.000,274,37.76
30026,48006,2023-09-30 00:00:00.000,2023-06-30 00:00:00.000,92,14563.61
30026,49126,2023-12-31 00:00:00.000,2023-09-30 00:00:00.000,92,10805.26
30026,50220,2024-03-29 00:00:00.000,2023-12-31 00:00:00.000,89,12417.26
30026,51737,2024-06-29 00:00:00.000,2024-03-29 00:00:00.000,92,6556.47
30026,57053,2024-09-29 00:00:00.000,2024-06-29 00:00:00.000,92,7519.39
30026,63195,2024-12-30 00:00:00.000,2024-09-29 00:00:00.000,92,10184.30
30026,69430,2025-03-30 00:00:00.000,2024-12-30 00:00:00.000,90,11747.53
30027,58937,2024-10-29 00:00:00.000,2024-07-30 00:00:00.000,91,4557.38
30027,65244,2025-01-28 00:00:00.000,2024-10-29 00:00:00.000,91,11376.70
30027,71816,2025-04-30 00:00:00.000,2025-01-28 00:00:00.000,92,2847.41
30028,47972,2023-09-30 00:00:00.000,2023-06-30 00:00:00.000,92,3048.53
30028,49046,2023-12-31 00:00:00.000,2023-09-30 00:00:00.000,92,2595.68
30028,50269,2024-03-29 00:00:00.000,2023-12-31 00:00:00.000,89,1731.40
30029,48337,2023-10-30 00:00:00.000,2023-07-31 00:00:00.000,91,12649.89
30029,49482,2024-01-28 00:00:00.000,2023-10-30 00:00:00.000,90,5009.01
30029,50684,2024-04-29 00:00:00.000,2024-01-28 00:00:00.000,92,7813.83
30029,53503,2024-07-30 00:00:00.000,2024-04-29 00:00:00.000,92,4216.11
30029,58949,2024-10-29 00:00:00.000,2024-07-30 00:00:00.000,91,7388.90
30029,65198,2025-01-28 00:00:00.000,2024-10-29 00:00:00.000,91,209.97
30029,71825,2025-04-30 00:00:00.000,2025-01-28 00:00:00.000,92,3755.89
30030,48084,2023-09-30 00:00:00.000,2023-06-30 00:00:00.000,92,3923.96
30030,49165,2023-12-31 00:00:00.000,2023-09-30 00:00:00.000,92,6107.32
30030,50281,2024-03-29 00:00:00.000,2023-12-31 00:00:00.000,89,4507.68
30030,51820,2024-06-29 00:00:00.000,2024-03-29 00:00:00.000,92,4213.10
30030,57179,2024-09-29 00:00:00.000,2024-06-29 00:00:00.000,92,8935.04
30030,63254,2024-12-30 00:00:00.000,2024-09-29 00:00:00.000,92,11546.63
30030,69554,2025-03-30 00:00:00.000,2024-12-30 00:00:00.000,90,7133.78
30031,58901,2024-10-29 00:00:00.000,2024-07-30 00:00:00.000,91,1462.84
30031,65296,2025-01-28 00:00:00.000,2024-10-29 00:00:00.000,91,5398.81
30031,71775,2025-04-30 00:00:00.000,2025-01-28 00:00:00.000,92,1751.72
30032,50247,2024-03-29 00:00:00.000,2023-12-31 00:00:00.000,89,1229.46
30033,58991,2024-10-29 00:00:00.000,2024-07-30 00:00:00.000,91,1920.49
30033,65179,2025-01-28 00:00:00.000,2024-10-29 00:00:00.000,91,445.41
30033,71856,2025-04-30 00:00:00.000,2025-01-28 00:00:00.000,92,500.30
30034,59050,2024-10-29 00:00:00.000,2024-07-30 00:00:00.000,91,5475.53
30034,65211,2025-01-28 00:00:00.000,2024-10-29 00:00:00.000,91,5005.75
30034,71925,2025-04-30 00:00:00.000,2025-01-28 00:00:00.000,92,5416.94
30035,57174,2024-09-29 00:00:00.000,2024-06-29 00:00:00.000,92,5721.77
30035,63243,2024-12-30 00:00:00.000,2024-09-29 00:00:00.000,92,5020.24
30035,69549,2025-03-30 00:00:00.000,2024-12-30 00:00:00.000,90,6450.68
30036,57033,2024-09-29 00:00:00.000,2024-06-29 00:00:00.000,92,12.14
30036,63150,2024-12-30 00:00:00.000,2024-09-29 00:00:00.000,92,445.41
30037,48297,2023-10-30 00:00:00.000,2023-07-31 00:00:00.000,91,7971.97
30037,49451,2024-01-28 00:00:00.000,2023-10-30 00:00:00.000,90,2595.68
30037,50708,2024-04-29 00:00:00.000,2024-01-28 00:00:00.000,92,5311.54
30037,53542,2024-07-30 00:00:00.000,2024-04-29 00:00:00.000,92,5942.01
30037,58978,2024-10-29 00:00:00.000,2024-07-30 00:00:00.000,91,7449.34
30037,65162,2025-01-28 00:00:00.000,2024-10-29 00:00:00.000,91,4634.91
30037,71853,2025-04-30 00:00:00.000,2025-01-28 00:00:00.000,92,3539.87
30038,59072,2024-10-29 00:00:00.000,2024-07-30 00:00:00.000,91,445.41
30038,65323,2025-01-28 00:00:00.000,2024-10-29 00:00:00.000,91,445.41
30038,71944,2025-04-30 00:00:00.000,2025-01-28 00:00:00.000,92,1174.32
30039,47659,2023-08-30 00:00:00.000,2023-05-30 00:00:00.000,92,5033.64
30039,48731,2023-11-30 00:00:00.000,2023-08-30 00:00:00.000,92,7046.91
30039,49823,2024-02-28 00:00:00.000,2023-11-30 00:00:00.000,90,4226.46
30039,51085,2024-05-29 00:00:00.000,2024-02-28 00:00:00.000,91,5824.42
30039,55238,2024-08-29 00:00:00.000,2024-05-29 00:00:00.000,92,7137.04
30039,61174,2024-11-29 00:00:00.000,2024-08-29 00:00:00.000,92,6899.30
30039,67262,2025-02-28 00:00:00.000,2024-11-29 00:00:00.000,91,7501.72
30040,50254,2024-03-29 00:00:00.000,2023-12-31 00:00:00.000,89,469.79
30041,47691,2023-08-30 00:00:00.000,2023-05-30 00:00:00.000,92,40.37
30042,44512,2022-09-30 00:00:00.000,2022-06-30 00:00:00.000,92,1677.84
30042,45293,2022-12-31 00:00:00.000,2022-09-30 00:00:00.000,92,1677.84
30042,46050,2023-03-30 00:00:00.000,2022-12-31 00:00:00.000,89,2325.54
30042,46975,2023-06-30 00:00:00.000,2023-03-30 00:00:00.000,92,149.03
30042,48000,2023-09-30 00:00:00.000,2023-06-30 00:00:00.000,92,780.82
30042,49087,2023-12-31 00:00:00.000,2023-09-30 00:00:00.000,92,324.45
30042,50271,2024-03-29 00:00:00.000,2023-12-31 00:00:00.000,89,600.26
30042,51727,2024-06-29 00:00:00.000,2024-03-29 00:00:00.000,92,858.90
30042,57047,2024-09-29 00:00:00.000,2024-06-29 00:00:00.000,92,48.59
30042,63154,2024-12-30 00:00:00.000,2024-09-29 00:00:00.000,92,1466.01
30043,48317,2023-10-30 00:00:00.000,2023-07-31 00:00:00.000,91,35416.99
30043,49488,2024-01-28 00:00:00.000,2023-10-30 00:00:00.000,90,31541.57
30043,50673,2024-04-29 00:00:00.000,2024-01-28 00:00:00.000,92,41158.85
30043,53475,2024-07-30 00:00:00.000,2024-04-29 00:00:00.000,92,39566.38
30043,58927,2024-10-29 00:00:00.000,2024-07-30 00:00:00.000,91,43977.90
30043,65226,2025-01-28 00:00:00.000,2024-10-29 00:00:00.000,91,20452.18
30043,71801,2025-04-30 00:00:00.000,2025-01-28 00:00:00.000,92,35805.74
30044,48028,2023-09-30 00:00:00.000,2023-06-30 00:00:00.000,92,32755.93
30044,49062,2023-12-31 00:00:00.000,2023-09-30 00:00:00.000,92,25710.62
30044,50237,2024-03-29 00:00:00.000,2023-12-31 00:00:00.000,89,30197.67
30045,47992,2023-09-30 00:00:00.000,2023-06-30 00:00:00.000,92,43496.38
30045,49101,2023-12-31 00:00:00.000,2023-09-30 00:00:00.000,92,25503.15
30045,50209,2024-03-29 00:00:00.000,2023-12-31 00:00:00.000,89,30242.85
30046,48396,2023-10-30 00:00:00.000,2023-07-31 00:00:00.000,91,31548.65
30046,49515,2024-01-28 00:00:00.000,2023-10-30 00:00:00.000,90,29669.60
30046,50720,2024-04-29 00:00:00.000,2024-01-28 00:00:00.000,92,27105.93
30046,53621,2024-07-30 00:00:00.000,2024-04-29 00:00:00.000,92,106929.55
30046,59068,2024-10-29 00:00:00.000,2024-07-30 00:00:00.000,91,68640.14
30046,65232,2025-01-28 00:00:00.000,2024-10-29 00:00:00.000,91,39215.43
30046,71952,2025-04-30 00:00:00.000,2025-01-28 00:00:00.000,92,67059.64
30047,49082,2023-12-31 00:00:00.000,2023-09-30 00:00:00.000,92,672.25
30047,50257,2024-03-29 00:00:00.000,2023-12-31 00:00:00.000,89,324.45
30047,51848,2024-06-29 00:00:00.000,2024-03-29 00:00:00.000,92,5986.69
30047,57153,2024-09-29 00:00:00.000,2024-06-29 00:00:00.000,92,6236.76
30047,63277,2024-12-30 00:00:00.000,2024-09-29 00:00:00.000,92,7678.92
30047,69546,2025-03-30 00:00:00.000,2024-12-30 00:00:00.000,90,8020.76
30048,47708,2023-08-30 00:00:00.000,2023-05-30 00:00:00.000,92,66707.63
30048,48778,2023-11-30 00:00:00.000,2023-08-30 00:00:00.000,92,54444.91
30048,49879,2024-02-28 00:00:00.000,2023-11-30 00:00:00.000,90,78405.75
30048,51160,2024-05-29 00:00:00.000,2024-02-28 00:00:00.000,91,98630.27
30048,55297,2024-08-29 00:00:00.000,2024-05-29 00:00:00.000,92,77394.56
30048,61248,2024-11-29 00:00:00.000,2024-08-29 00:00:00.000,92,51324.19
30048,67316,2025-02-28 00:00:00.000,2024-11-29 00:00:00.000,91,82935.68
30049,48332,2023-10-30 00:00:00.000,2023-07-31 00:00:00.000,91,42866.54
30049,49504,2024-01-28 00:00:00.000,2023-10-30 00:00:00.000,90,19662.66
30049,50681,2024-04-29 00:00:00.000,2024-01-28 00:00:00.000,92,37815.83
30049,53497,2024-07-30 00:00:00.000,2024-04-29 00:00:00.000,92,90020.61
30049,58943,2024-10-29 00:00:00.000,2024-07-30 00:00:00.000,91,59860.28
30049,65253,2025-01-28 00:00:00.000,2024-10-29 00:00:00.000,91,32970.89
30049,71820,2025-04-30 00:00:00.000,2025-01-28 00:00:00.000,92,51603.23
30050,48389,2023-10-30 00:00:00.000,2023-07-31 00:00:00.000,91,72958.71
30050,49521,2024-01-28 00:00:00.000,2023-10-30 00:00:00.000,90,33205.25
30050,50728,2024-04-29 00:00:00.000,2024-01-28 00:00:00.000,92,44597.18
30050,53573,2024-07-30 00:00:00.000,2024-04-29 00:00:00.000,92,115310.48
30050,59064,2024-10-29 00:00:00.000,2024-07-30 00:00:00.000,91,71884.61
30050,65319,2025-01-28 00:00:00.000,2024-10-29 00:00:00.000,91,40350.00
30050,71936,2025-04-30 00:00:00.000,2025-01-28 00:00:00.000,92,79589.62
30051,55291,2024-08-29 00:00:00.000,2024-05-29 00:00:00.000,92,37117.65
30051,61267,2024-11-29 00:00:00.000,2024-08-29 00:00:00.000,92,26693.72
30051,67321,2025-02-28 00:00:00.000,2024-11-29 00:00:00.000,91,50354.86
30052,44286,2022-08-30 00:00:00.000,2022-05-30 00:00:00.000,92,5538.51
30052,45044,2022-11-30 00:00:00.000,2022-08-30 00:00:00.000,92,5056.75
30052,45784,2023-02-28 00:00:00.000,2022-11-30 00:00:00.000,90,3762.24
30053,59022,2024-10-29 00:00:00.000,2024-07-30 00:00:00.000,91,1830.52
30053,71891,2025-04-30 00:00:00.000,2024-10-29 00:00:00.000,183,1932.43
30054,57091,2024-09-29 00:00:00.000,2024-06-29 00:00:00.000,92,6032.86
30054,63125,2024-12-30 00:00:00.000,2024-09-29 00:00:00.000,92,8511.91
30054,69473,2025-03-30 00:00:00.000,2024-12-30 00:00:00.000,90,1755.09
30055,47996,2023-09-30 00:00:00.000,2023-06-30 00:00:00.000,92,40134.66
30055,49093,2023-12-31 00:00:00.000,2023-09-30 00:00:00.000,92,22243.33
30055,50213,2024-03-29 00:00:00.000,2023-12-31 00:00:00.000,89,26985.26
30055,51720,2024-06-29 00:00:00.000,2024-03-29 00:00:00.000,92,51742.39
30055,57037,2024-09-29 00:00:00.000,2024-06-29 00:00:00.000,92,40438.77
30055,63194,2024-12-30 00:00:00.000,2024-09-29 00:00:00.000,92,29585.16
30055,69418,2025-03-30 00:00:00.000,2024-12-30 00:00:00.000,90,23892.77
30056,44505,2022-09-30 00:00:00.000,2022-06-30 00:00:00.000,92,34978.06
30056,45290,2022-12-31 00:00:00.000,2022-09-30 00:00:00.000,92,33469.90
30056,46048,2023-03-30 00:00:00.000,2022-12-31 00:00:00.000,89,33952.19
30057,47717,2023-08-30 00:00:00.000,2023-05-30 00:00:00.000,92,1409.38
30057,49886,2024-02-28 00:00:00.000,2023-08-30 00:00:00.000,182,2932.02
30057,61233,2024-11-29 00:00:00.000,2024-02-28 00:00:00.000,275,24.29
30057,67341,2025-02-28 00:00:00.000,2024-11-29 00:00:00.000,91,356.90
30058,46023,2023-03-30 00:00:00.000,2022-09-30 00:00:00.000,181,6074.98
30058,46929,2023-06-30 00:00:00.000,2023-03-30 00:00:00.000,92,24.29
30058,47961,2023-09-30 00:00:00.000,2023-06-30 00:00:00.000,92,647.99
30058,51779,2024-06-29 00:00:00.000,2023-09-30 00:00:00.000,273,63.90
30058,57092,2024-09-29 00:00:00.000,2024-06-29 00:00:00.000,92,32.39
30058,63119,2024-12-30 00:00:00.000,2024-09-29 00:00:00.000,92,218.45
30058,69390,2025-03-30 00:00:00.000,2024-12-30 00:00:00.000,90,26.72
30059,57075,2024-09-29 00:00:00.000,2024-06-29 00:00:00.000,92,50982.80
30059,63225,2024-12-30 00:00:00.000,2024-09-29 00:00:00.000,92,22806.31
30059,69449,2025-03-30 00:00:00.000,2024-12-30 00:00:00.000,90,32640.53
30060,48021,2023-09-30 00:00:00.000,2023-06-30 00:00:00.000,92,35564.80
30060,49117,2023-12-31 00:00:00.000,2023-09-30 00:00:00.000,92,24520.05
30060,50228,2024-03-29 00:00:00.000,2023-12-31 00:00:00.000,89,28292.15
30060,51747,2024-06-29 00:00:00.000,2024-03-29 00:00:00.000,92,1886.44
30060,57063,2024-09-29 00:00:00.000,2024-06-29 00:00:00.000,92,477.58
30060,63232,2024-12-30 00:00:00.000,2024-09-29 00:00:00.000,92,78.59
30060,69440,2025-03-30 00:00:00.000,2024-12-30 00:00:00.000,90,577.47
30061,57173,2024-09-29 00:00:00.000,2024-06-29 00:00:00.000,92,3588.68
30061,63258,2024-12-30 00:00:00.000,2024-09-29 00:00:00.000,92,1875.85
30061,69512,2025-03-30 00:00:00.000,2024-12-30 00:00:00.000,90,1336.23
30062,63248,2024-12-30 00:00:00.000,2024-06-29 00:00:00.000,184,37.25
30062,69496,2025-03-30 00:00:00.000,2024-12-30 00:00:00.000,90,356.90
30063,57131,2024-09-29 00:00:00.000,2024-06-29 00:00:00.000,92,30407.59
30063,63240,2024-12-30 00:00:00.000,2024-09-29 00:00:00.000,92,25411.36
30063,69509,2025-03-30 00:00:00.000,2024-12-30 00:00:00.000,90,29149.09
30064,47349,2023-07-31 00:00:00.000,2023-04-30 00:00:00.000,92,1561.64
30064,48289,2023-10-30 00:00:00.000,2023-07-31 00:00:00.000,91,635.81
30064,58904,2024-10-29 00:00:00.000,2023-10-30 00:00:00.000,365,785.96
30064,65212,2025-01-28 00:00:00.000,2024-10-29 00:00:00.000,91,111.76
30064,71777,2025-04-30 00:00:00.000,2025-01-28 00:00:00.000,92,930.28
30065,47664,2023-08-30 00:00:00.000,2023-05-30 00:00:00.000,92,41365.46
30065,48753,2023-11-30 00:00:00.000,2023-08-30 00:00:00.000,92,30333.79
30065,49825,2024-02-28 00:00:00.000,2023-11-30 00:00:00.000,90,33587.77
30065,51088,2024-05-29 00:00:00.000,2024-02-28 00:00:00.000,91,36907.49
30065,55239,2024-08-29 00:00:00.000,2024-05-29 00:00:00.000,92,39770.43
30065,61181,2024-11-29 00:00:00.000,2024-08-29 00:00:00.000,92,30500.11
30065,67263,2025-02-28 00:00:00.000,2024-11-29 00:00:00.000,91,39790.20
30066,58967,2024-10-29 00:00:00.000,2024-07-30 00:00:00.000,91,105.29
30066,65297,2025-01-28 00:00:00.000,2024-10-29 00:00:00.000,91,728.91
30066,71922,2025-04-30 00:00:00.000,2025-01-28 00:00:00.000,92,728.91
30067,44294,2022-08-30 00:00:00.000,2022-05-30 00:00:00.000,92,62068.87
30067,45052,2022-11-30 00:00:00.000,2022-08-30 00:00:00.000,92,28409.92
30067,45792,2023-02-28 00:00:00.000,2022-11-30 00:00:00.000,90,31578.82
30067,46622,2023-05-30 00:00:00.000,2023-02-28 00:00:00.000,91,42262.66
30067,47673,2023-08-30 00:00:00.000,2023-05-30 00:00:00.000,92,30842.67
30067,48768,2023-11-30 00:00:00.000,2023-08-30 00:00:00.000,92,32159.52
30067,49860,2024-02-28 00:00:00.000,2023-11-30 00:00:00.000,90,37997.66
30067,51100,2024-05-29 00:00:00.000,2024-02-28 00:00:00.000,91,35151.16
30067,55287,2024-08-29 00:00:00.000,2024-05-29 00:00:00.000,92,40611.41
30067,61222,2024-11-29 00:00:00.000,2024-08-29 00:00:00.000,92,21286.54
30067,67272,2025-02-28 00:00:00.000,2024-11-29 00:00:00.000,91,24002.47
30068,44769,2022-10-30 00:00:00.000,2022-07-31 00:00:00.000,91,183.94
30068,46354,2023-04-30 00:00:00.000,2022-10-30 00:00:00.000,182,419.46
30068,65298,2025-01-28 00:00:00.000,2023-04-30 00:00:00.000,639,37.25
30069,59054,2024-10-29 00:00:00.000,2024-07-30 00:00:00.000,91,1558.24
30069,65304,2025-01-28 00:00:00.000,2024-10-29 00:00:00.000,91,1430.44
30069,71928,2025-04-30 00:00:00.000,2025-01-28 00:00:00.000,92,845.34
30070,55299,2024-08-29 00:00:00.000,2024-05-29 00:00:00.000,92,54459.50
30070,61244,2024-11-29 00:00:00.000,2024-08-29 00:00:00.000,92,54955.90
30070,67322,2025-02-28 00:00:00.000,2024-11-29 00:00:00.000,91,63235.64
30071,59010,2024-10-29 00:00:00.000,2024-07-30 00:00:00.000,91,40967.22
30071,65312,2025-01-28 00:00:00.000,2024-10-29 00:00:00.000,91,48285.09
30071,71886,2025-04-30 00:00:00.000,2025-01-28 00:00:00.000,92,28843.66
30072,65151,2025-01-28 00:00:00.000,2024-07-30 00:00:00.000,182,76.20
30072,71776,2025-04-30 00:00:00.000,2025-01-28 00:00:00.000,92,63.90
30073,57058,2024-09-29 00:00:00.000,2024-06-29 00:00:00.000,92,21595.37
30073,63217,2024-12-30 00:00:00.000,2024-09-29 00:00:00.000,92,28142.44
30073,69435,2025-03-30 00:00:00.000,2024-12-30 00:00:00.000,90,26319.79
30074,44504,2022-09-30 00:00:00.000,2022-06-30 00:00:00.000,92,19985.78
30074,45284,2022-12-31 00:00:00.000,2022-09-30 00:00:00.000,92,30015.78
30074,46044,2023-03-30 00:00:00.000,2022-12-31 00:00:00.000,89,29597.97
30074,46959,2023-06-30 00:00:00.000,2023-03-30 00:00:00.000,92,90172.67
30074,47988,2023-09-30 00:00:00.000,2023-06-30 00:00:00.000,92,95370.53
30074,49052,2023-12-31 00:00:00.000,2023-09-30 00:00:00.000,92,88446.80
30074,50204,2024-03-29 00:00:00.000,2023-12-31 00:00:00.000,89,97597.12
30075,47681,2023-08-30 00:00:00.000,2023-05-30 00:00:00.000,92,28874.45
30075,48734,2023-11-30 00:00:00.000,2023-08-30 00:00:00.000,92,22956.32
30075,49836,2024-02-28 00:00:00.000,2023-11-30 00:00:00.000,90,45571.04
30075,51108,2024-05-29 00:00:00.000,2024-02-28 00:00:00.000,91,24474.48
30075,55253,2024-08-29 00:00:00.000,2024-05-29 00:00:00.000,92,35733.17
30075,61230,2024-11-29 00:00:00.000,2024-08-29 00:00:00.000,92,26545.62
30075,67277,2025-02-28 00:00:00.000,2024-11-29 00:00:00.000,91,29524.05
30076,44517,2022-09-30 00:00:00.000,2022-06-30 00:00:00.000,92,24901.84
30076,45298,2022-12-31 00:00:00.000,2022-09-30 00:00:00.000,92,15825.97
30076,46055,2023-03-30 00:00:00.000,2022-12-31 00:00:00.000,89,30885.09
30076,46980,2023-06-30 00:00:00.000,2023-03-30 00:00:00.000,92,50312.41
30076,48004,2023-09-30 00:00:00.000,2023-06-30 00:00:00.000,92,44025.59
30076,49116,2023-12-31 00:00:00.000,2023-09-30 00:00:00.000,92,41513.14
30076,50221,2024-03-29 00:00:00.000,2023-12-31 00:00:00.000,89,44987.88
30076,51730,2024-06-29 00:00:00.000,2024-03-29 00:00:00.000,92,4464.56
30076,57049,2024-09-29 00:00:00.000,2024-06-29 00:00:00.000,92,785.96
30076,63160,2024-12-30 00:00:00.000,2024-09-29 00:00:00.000,92,134.44
30076,69425,2025-03-30 00:00:00.000,2024-12-30 00:00:00.000,90,930.28
30079,65089,2025-01-27 00:00:00.000,2024-10-29 00:00:00.000,90,1466.01
30079,65204,2025-01-28 00:00:00.000,2025-01-27 00:00:00.000,1,10.79
30080,59060,2024-10-29 00:00:00.000,2024-07-30 00:00:00.000,91,923.39
30080,65316,2025-01-28 00:00:00.000,2024-10-29 00:00:00.000,91,209.97
30082,59028,2024-10-29 00:00:00.000,2024-07-30 00:00:00.000,91,34591.99
30082,65280,2025-01-28 00:00:00.000,2024-10-29 00:00:00.000,91,28722.16
30082,71892,2025-04-30 00:00:00.000,2025-01-28 00:00:00.000,92,29496.17
30083,48339,2023-10-30 00:00:00.000,2023-07-31 00:00:00.000,91,49713.23
30083,49496,2024-01-28 00:00:00.000,2023-10-30 00:00:00.000,90,43758.10
30083,50689,2024-04-29 00:00:00.000,2024-01-28 00:00:00.000,92,46260.73
30084,44310,2022-08-30 00:00:00.000,2022-05-30 00:00:00.000,92,183.94
30084,45066,2022-11-30 00:00:00.000,2022-08-30 00:00:00.000,92,419.46
30084,45806,2023-02-28 00:00:00.000,2022-11-30 00:00:00.000,90,2923.32
30084,51162,2024-05-29 00:00:00.000,2023-02-28 00:00:00.000,456,356.90
30084,55304,2024-08-29 00:00:00.000,2024-05-29 00:00:00.000,92,672.29
30084,61259,2024-11-29 00:00:00.000,2024-08-29 00:00:00.000,92,323.99
30084,67340,2025-02-28 00:00:00.000,2024-11-29 00:00:00.000,91,672.29
30085,47968,2023-09-30 00:00:00.000,2023-06-30 00:00:00.000,92,273.09
30085,49044,2023-12-31 00:00:00.000,2023-09-30 00:00:00.000,92,404.87
30085,50196,2024-03-29 00:00:00.000,2023-12-31 00:00:00.000,89,598.07
30085,51796,2024-06-29 00:00:00.000,2024-03-29 00:00:00.000,92,20.39
30085,57106,2024-09-29 00:00:00.000,2024-06-29 00:00:00.000,92,1866.86
30085,63190,2024-12-30 00:00:00.000,2024-09-29 00:00:00.000,92,218.45
30085,69472,2025-03-30 00:00:00.000,2024-12-30 00:00:00.000,90,963.22
30086,57156,2024-09-29 00:00:00.000,2024-06-29 00:00:00.000,92,2159.35
30086,63172,2024-12-30 00:00:00.000,2024-09-29 00:00:00.000,92,890.82
30086,69457,2025-03-30 00:00:00.000,2024-12-30 00:00:00.000,90,890.82
30087,58925,2024-10-29 00:00:00.000,2024-07-30 00:00:00.000,91,24805.84
30087,65218,2025-01-28 00:00:00.000,2024-10-29 00:00:00.000,91,24598.30
30087,71800,2025-04-30 00:00:00.000,2025-01-28 00:00:00.000,92,27995.85
30088,44798,2022-10-30 00:00:00.000,2022-07-31 00:00:00.000,91,33438.77
30088,45576,2023-01-28 00:00:00.000,2022-10-30 00:00:00.000,90,8219.94
30088,46384,2023-04-30 00:00:00.000,2023-01-28 00:00:00.000,92,12497.28
30089,58942,2024-10-29 00:00:00.000,2024-07-30 00:00:00.000,91,2632.24
30089,65193,2025-01-28 00:00:00.000,2024-10-29 00:00:00.000,91,1466.01
30089,71815,2025-04-30 00:00:00.000,2025-01-28 00:00:00.000,92,926.92
30090,44755,2022-10-30 00:00:00.000,2022-07-31 00:00:00.000,91,28416.40
30090,45536,2023-01-28 00:00:00.000,2022-10-30 00:00:00.000,90,21442.98
30090,46343,2023-04-30 00:00:00.000,2023-01-28 00:00:00.000,92,29522.69
30091,44522,2022-09-30 00:00:00.000,2022-06-30 00:00:00.000,92,26149.25
30091,45302,2022-12-31 00:00:00.000,2022-09-30 00:00:00.000,92,22217.50
30091,46059,2023-03-30 00:00:00.000,2022-12-31 00:00:00.000,89,29446.74
30091,50278,2024-03-29 00:00:00.000,2023-03-30 00:00:00.000,365,324.45
30091,51743,2024-06-29 00:00:00.000,2024-03-29 00:00:00.000,92,2698.18
30091,57114,2024-09-29 00:00:00.000,2024-06-29 00:00:00.000,92,202.33
30091,69438,2025-03-30 00:00:00.000,2024-09-29 00:00:00.000,182,72.16
30092,59067,2024-10-29 00:00:00.000,2024-07-30 00:00:00.000,91,27288.85
30092,65241,2025-01-28 00:00:00.000,2024-10-29 00:00:00.000,91,29173.28
30092,71945,2025-04-30 00:00:00.000,2025-01-28 00:00:00.000,92,29703.31
30093,57024,2024-09-29 00:00:00.000,2024-06-29 00:00:00.000,92,27089.36
30093,63140,2024-12-30 00:00:00.000,2024-09-29 00:00:00.000,92,18455.45
30093,69399,2025-03-30 00:00:00.000,2024-12-30 00:00:00.000,90,28796.00
30094,47994,2023-09-30 00:00:00.000,2023-06-30 00:00:00.000,92,47221.42
30094,49086,2023-12-31 00:00:00.000,2023-09-30 00:00:00.000,92,42594.45
30094,50214,2024-03-29 00:00:00.000,2023-12-31 00:00:00.000,89,50702.12
30094,51722,2024-06-29 00:00:00.000,2024-03-29 00:00:00.000,92,38335.39
30094,57042,2024-09-29 00:00:00.000,2024-06-29 00:00:00.000,92,39988.78
30094,63155,2024-12-30 00:00:00.000,2024-09-29 00:00:00.000,92,35670.74
30094,69417,2025-03-30 00:00:00.000,2024-12-30 00:00:00.000,90,33513.37
30095,44557,2022-09-30 00:00:00.000,2022-06-30 00:00:00.000,92,28122.99
30095,45332,2022-12-31 00:00:00.000,2022-09-30 00:00:00.000,92,27877.43
30095,46093,2023-03-30 00:00:00.000,2022-12-31 00:00:00.000,89,26009.32
30095,47048,2023-06-30 00:00:00.000,2023-03-30 00:00:00.000,92,469.79
30095,48070,2023-09-30 00:00:00.000,2023-06-30 00:00:00.000,92,183.94
30095,49155,2023-12-31 00:00:00.000,2023-09-30 00:00:00.000,92,1308.94
30095,50309,2024-03-29 00:00:00.000,2023-12-31 00:00:00.000,89,198.04
30095,51836,2024-06-29 00:00:00.000,2024-03-29 00:00:00.000,92,37414.85
30095,57134,2024-09-29 00:00:00.000,2024-06-29 00:00:00.000,92,32632.90
30095,63262,2024-12-30 00:00:00.000,2024-09-29 00:00:00.000,92,27709.22
30095,69515,2025-03-30 00:00:00.000,2024-12-30 00:00:00.000,90,35131.28
30096,46640,2023-05-30 00:00:00.000,2022-08-30 00:00:00.000,273,33293.85
30096,47730,2023-08-30 00:00:00.000,2023-05-30 00:00:00.000,92,26305.46
30096,48739,2023-11-30 00:00:00.000,2023-08-30 00:00:00.000,92,20553.59
30096,49894,2024-02-28 00:00:00.000,2023-11-30 00:00:00.000,90,40267.24
30096,51141,2024-05-29 00:00:00.000,2024-02-28 00:00:00.000,91,4009.60
30096,55330,2024-08-29 00:00:00.000,2024-05-29 00:00:00.000,92,3430.62
30096,61192,2024-11-29 00:00:00.000,2024-08-29 00:00:00.000,92,2783.99
30096,67291,2025-02-28 00:00:00.000,2024-11-29 00:00:00.000,91,1074.26
30097,58922,2024-10-29 00:00:00.000,2024-07-30 00:00:00.000,91,27159.49
30097,65182,2025-01-28 00:00:00.000,2024-10-29 00:00:00.000,91,22227.90
30097,71854,2025-04-30 00:00:00.000,2025-01-28 00:00:00.000,92,27950.20
30098,48736,2023-11-30 00:00:00.000,2023-05-30 00:00:00.000,184,33.77
30100,44521,2022-09-30 00:00:00.000,2022-06-30 00:00:00.000,92,26112.21
30100,45299,2022-12-31 00:00:00.000,2022-09-30 00:00:00.000,92,20432.44
30100,46058,2023-03-30 00:00:00.000,2022-12-31 00:00:00.000,89,30181.71
30101,57068,2024-09-29 00:00:00.000,2024-06-29 00:00:00.000,92,33186.85
30101,63209,2024-12-30 00:00:00.000,2024-09-29 00:00:00.000,92,23994.92
30101,69447,2025-03-30 00:00:00.000,2024-12-30 00:00:00.000,90,33518.75
30102,49471,2024-01-28 00:00:00.000,2023-10-30 00:00:00.000,90,2525.45
30102,59048,2024-10-29 00:00:00.000,2024-01-28 00:00:00.000,275,338.99
30102,71846,2025-04-30 00:00:00.000,2024-10-29 00:00:00.000,183,1884.39
30103,48005,2023-09-30 00:00:00.000,2023-06-30 00:00:00.000,92,87994.69
30103,49118,2023-12-31 00:00:00.000,2023-09-30 00:00:00.000,92,53917.64
30103,50222,2024-03-29 00:00:00.000,2023-12-31 00:00:00.000,89,93455.66
30103,51734,2024-06-29 00:00:00.000,2024-03-29 00:00:00.000,92,84756.24
30103,57051,2024-09-29 00:00:00.000,2024-06-29 00:00:00.000,92,75145.30
30103,63223,2024-12-30 00:00:00.000,2024-09-29 00:00:00.000,92,39913.85
30103,69426,2025-03-30 00:00:00.000,2024-12-30 00:00:00.000,90,61171.59
30104,47723,2023-08-30 00:00:00.000,2023-05-30 00:00:00.000,92,1308.94
30104,48790,2023-11-30 00:00:00.000,2023-08-30 00:00:00.000,92,1899.36
30104,49892,2024-02-28 00:00:00.000,2023-11-30 00:00:00.000,90,968.43
30105,48310,2023-10-30 00:00:00.000,2023-07-31 00:00:00.000,91,24679.66
30105,49494,2024-01-28 00:00:00.000,2023-10-30 00:00:00.000,90,18993.10
30105,50671,2024-04-29 00:00:00.000,2024-01-28 00:00:00.000,92,22994.91
30105,53469,2024-07-30 00:00:00.000,2024-04-29 00:00:00.000,92,21393.56
30105,58916,2024-10-29 00:00:00.000,2024-07-30 00:00:00.000,91,19078.47
30105,65175,2025-01-28 00:00:00.000,2024-10-29 00:00:00.000,91,19600.14
30105,71791,2025-04-30 00:00:00.000,2025-01-28 00:00:00.000,92,19965.44
30106,44768,2022-10-30 00:00:00.000,2022-07-31 00:00:00.000,91,21596.21
30106,45516,2023-01-28 00:00:00.000,2022-10-30 00:00:00.000,90,19162.24
30106,46355,2023-04-30 00:00:00.000,2023-01-28 00:00:00.000,92,22996.49
30106,47404,2023-07-31 00:00:00.000,2023-04-30 00:00:00.000,92,4868.66
30106,48345,2023-10-30 00:00:00.000,2023-07-31 00:00:00.000,91,4049.65
30106,49444,2024-01-28 00:00:00.000,2023-10-30 00:00:00.000,90,6509.25
30106,50736,2024-04-29 00:00:00.000,2024-01-28 00:00:00.000,92,5835.66
30107,44514,2022-09-30 00:00:00.000,2022-06-30 00:00:00.000,92,42563.67
30107,45294,2022-12-31 00:00:00.000,2022-09-30 00:00:00.000,92,34284.31
30107,46051,2023-03-30 00:00:00.000,2022-12-31 00:00:00.000,89,33074.33
30107,46972,2023-06-30 00:00:00.000,2023-03-30 00:00:00.000,92,38189.06
30107,47999,2023-09-30 00:00:00.000,2023-06-30 00:00:00.000,92,34148.35
30107,49105,2023-12-31 00:00:00.000,2023-09-30 00:00:00.000,92,25187.52
30107,50217,2024-03-29 00:00:00.000,2023-12-31 00:00:00.000,89,32359.88
30107,51721,2024-06-29 00:00:00.000,2024-03-29 00:00:00.000,92,97526.08
30107,57046,2024-09-29 00:00:00.000,2024-06-29 00:00:00.000,92,73114.15
30107,63157,2024-12-30 00:00:00.000,2024-09-29 00:00:00.000,92,48522.81
30107,69422,2025-03-30 00:00:00.000,2024-12-30 00:00:00.000,90,68925.43
30108,47967,2023-09-30 00:00:00.000,2023-06-30 00:00:00.000,92,38408.15
30108,49085,2023-12-31 00:00:00.000,2023-09-30 00:00:00.000,92,23124.23
30108,50195,2024-03-29 00:00:00.000,2023-12-31 00:00:00.000,89,29654.26
30109,47716,2023-08-30 00:00:00.000,2023-05-30 00:00:00.000,92,48997.22
30109,48786,2023-11-30 00:00:00.000,2023-08-30 00:00:00.000,92,22843.30
30109,49870,2024-02-28 00:00:00.000,2023-11-30 00:00:00.000,90,56816.94
30109,51140,2024-05-29 00:00:00.000,2024-02-28 00:00:00.000,91,57950.20
30109,55294,2024-08-29 00:00:00.000,2024-05-29 00:00:00.000,92,34117.39
30109,61240,2024-11-29 00:00:00.000,2024-08-29 00:00:00.000,92,13804.84
30109,67327,2025-02-28 00:00:00.000,2024-11-29 00:00:00.000,91,31154.47
30110,48315,2023-10-30 00:00:00.000,2023-07-31 00:00:00.000,91,250.83
30110,49457,2024-01-28 00:00:00.000,2023-10-30 00:00:00.000,90,67.55
30110,50719,2024-04-29 00:00:00.000,2024-01-28 00:00:00.000,92,425.86
30111,44528,2022-09-30 00:00:00.000,2022-06-30 00:00:00.000,92,108783.59
30111,45307,2022-12-31 00:00:00.000,2022-09-30 00:00:00.000,92,28547.10
30111,46066,2023-03-30 00:00:00.000,2022-12-31 00:00:00.000,89,100378.91
30112,48057,2023-09-30 00:00:00.000,2023-06-30 00:00:00.000,92,86679.61
30112,49136,2023-12-31 00:00:00.000,2023-09-30 00:00:00.000,92,70164.52
30112,50297,2024-03-29 00:00:00.000,2023-12-31 00:00:00.000,89,103362.34
30112,51838,2024-06-29 00:00:00.000,2024-03-29 00:00:00.000,92,39403.72
30112,57160,2024-09-29 00:00:00.000,2024-06-29 00:00:00.000,92,28744.96
30112,63249,2024-12-30 00:00:00.000,2024-09-29 00:00:00.000,92,23564.97
30112,69525,2025-03-30 00:00:00.000,2024-12-30 00:00:00.000,90,32445.53
30113,48293,2023-10-30 00:00:00.000,2023-07-31 00:00:00.000,91,36265.71
30113,49450,2024-01-28 00:00:00.000,2023-10-30 00:00:00.000,90,32730.22
30113,50662,2024-04-29 00:00:00.000,2024-01-28 00:00:00.000,92,33974.77
30113,53455,2024-07-30 00:00:00.000,2024-04-29 00:00:00.000,92,31612.07
30113,58905,2024-10-29 00:00:00.000,2024-07-30 00:00:00.000,91,43152.29
30113,65154,2025-01-28 00:00:00.000,2024-10-29 00:00:00.000,91,26709.59
30113,71780,2025-04-30 00:00:00.000,2025-01-28 00:00:00.000,92,29923.01
30114,47679,2023-08-30 00:00:00.000,2023-05-30 00:00:00.000,92,348.71
30114,48733,2023-11-30 00:00:00.000,2023-08-30 00:00:00.000,92,878.36
30114,49830,2024-02-28 00:00:00.000,2023-11-30 00:00:00.000,90,458.77
30114,51103,2024-05-29 00:00:00.000,2024-02-28 00:00:00.000,91,2935.76
30114,55250,2024-08-29 00:00:00.000,2024-05-29 00:00:00.000,92,4002.89
30114,61231,2024-11-29 00:00:00.000,2024-08-29 00:00:00.000,92,181.18
30114,67275,2025-02-28 00:00:00.000,2024-11-29 00:00:00.000,91,569.17
30115,47964,2023-09-30 00:00:00.000,2023-06-30 00:00:00.000,92,2618.89
30115,49042,2023-12-31 00:00:00.000,2023-09-30 00:00:00.000,92,1839.29
30115,50190,2024-03-29 00:00:00.000,2023-12-31 00:00:00.000,89,767.77
30115,51692,2024-06-29 00:00:00.000,2024-03-29 00:00:00.000,92,672.29
30115,57095,2024-09-29 00:00:00.000,2024-06-29 00:00:00.000,92,1466.01
30115,63122,2024-12-30 00:00:00.000,2024-09-29 00:00:00.000,92,192.25
30115,69469,2025-03-30 00:00:00.000,2024-12-30 00:00:00.000,90,672.29
30116,55256,2024-08-29 00:00:00.000,2024-05-29 00:00:00.000,92,45633.21
30116,61188,2024-11-29 00:00:00.000,2024-08-29 00:00:00.000,92,49123.69
30116,67279,2025-02-28 00:00:00.000,2024-11-29 00:00:00.000,91,42195.89
30117,44509,2022-09-30 00:00:00.000,2022-06-30 00:00:00.000,92,43615.42
30117,45291,2022-12-31 00:00:00.000,2022-09-30 00:00:00.000,92,54553.84
30117,46049,2023-03-30 00:00:00.000,2022-12-31 00:00:00.000,89,55740.72
30117,46964,2023-06-30 00:00:00.000,2023-03-30 00:00:00.000,92,86402.25
30117,47990,2023-09-30 00:00:00.000,2023-06-30 00:00:00.000,92,100216.53
30117,49099,2023-12-31 00:00:00.000,2023-09-30 00:00:00.000,92,78580.12
30117,50208,2024-03-29 00:00:00.000,2023-12-31 00:00:00.000,89,94673.14
30117,51714,2024-06-29 00:00:00.000,2024-03-29 00:00:00.000,92,78790.81
30117,57034,2024-09-29 00:00:00.000,2024-06-29 00:00:00.000,92,76571.59
30117,63201,2024-12-30 00:00:00.000,2024-09-29 00:00:00.000,92,73270.51
30117,69412,2025-03-30 00:00:00.000,2024-12-30 00:00:00.000,90,61144.60
30118,48318,2023-10-30 00:00:00.000,2023-07-31 00:00:00.000,91,31261.90
30118,49499,2024-01-28 00:00:00.000,2023-10-30 00:00:00.000,90,32712.38
30118,50675,2024-04-29 00:00:00.000,2024-01-28 00:00:00.000,92,38382.51
30118,53480,2024-07-30 00:00:00.000,2024-04-29 00:00:00.000,92,44021.70
30118,58928,2024-10-29 00:00:00.000,2024-07-30 00:00:00.000,91,35758.36
30118,65221,2025-01-28 00:00:00.000,2024-10-29 00:00:00.000,91,24253.36
30118,71803,2025-04-30 00:00:00.000,2025-01-28 00:00:00.000,92,32700.61
