14346,Individual,59,3,3583.26,5,5,5,555
14345,Individual,43,3,3639.92,5,5,5,555
16033,Individual,33,3,3743.39,5,5,5,555
16053,Individual,37,3,3752.38,5,5,5,555
16054,Individual,42,3,3759.36,5,5,5,555
16045,Individual,42,3,3802.37,5,5,5,555
20716,Individual,50,3,3911.29,5,5,5,555
16046,Individual,60,3,3963.14,5,5,5,555
17767,Individual,45,3,4101.76,5,5,5,555
17780,Individual,51,3,4112.77,5,5,5,555
17766,Individual,66,3,4119.75,5,5,5,555
17834,Individual,51,3,4158.72,5,5,5,555
17778,Individual,52,3,4175.76,5,5,5,555
17651,Individual,65,3,4180.23,5,5,5,555
17779,Individual,41,3,4250.21,5,5,5,555
19453,Individual,46,3,4267.90,5,5,5,555
19364,Individual,59,3,4312.91,5,5,5,555
19340,Individual,52,3,4313.89,5,5,5,555
19420,Individual,54,3,4314.88,5,5,5,555
19365,Individual,39,3,4321.89,5,5,5,555
19438,Individual,58,3,4337.90,5,5,5,555
19476,Individual,51,3,4346.42,5,5,5,555
19439,Individual,58,3,4349.89,5,5,5,555
19454,Individual,34,3,4363.90,5,5,5,555
20051,Individual,32,3,4464.27,5,5,5,555
19311,Individual,62,3,4640.26,5,5,5,555
11946,Individual,38,3,4697.31,5,5,5,555
11943,Individual,47,3,4734.29,5,5,5,555
12011,Individual,45,3,4735.81,5,5,5,555
11947,Individual,33,3,4747.30,5,5,5,555
11944,Individual,40,3,4776.27,5,5,5,555
11942,Individual,41,3,4792.29,5,5,5,555
11364,Individual,34,3,4921.82,5,5,5,555
11359,Individual,56,3,4960.07,5,5,5,555
11929,Individual,43,3,4965.78,5,5,5,555
11372,Individual,46,3,4965.81,5,5,5,555
11050,Individual,71,3,5007.30,5,5,5,555
11365,Individual,38,3,5024.79,5,5,5,555
11360,Individual,38,3,5025.80,5,5,5,555
11930,Individual,44,3,5035.81,5,5,5,555
11363,Individual,42,3,5035.81,5,5,5,555
13769,Individual,68,3,5085.53,5,5,5,555
11368,Individual,59,3,5106.24,5,5,5,555
12808,Individual,33,3,5111.44,5,5,5,555
14673,Individual,62,3,5117.75,5,5,5,555
14048,Individual,52,3,5123.74,5,5,5,555
13975,Individual,42,3,5138.72,5,5,5,555
15134,Individual,61,3,5151.71,5,5,5,555
15660,Individual,35,3,5169.07,5,5,5,555
14055,Individual,32,3,5177.40,5,5,5,555
15129,Individual,57,3,5177.73,5,5,5,555
13968,Individual,38,3,5181.70,5,5,5,555
15127,Individual,56,3,5182.73,5,5,5,555
13973,Individual,51,3,5185.68,5,5,5,555
12745,Individual,36,3,5199.72,5,5,5,555
15122,Individual,46,3,5193.72,5,5,5,555
15121,Individual,47,3,5202.73,5,5,5,555
15653,Individual,72,3,5204.06,5,5,5,555
15661,Individual,57,3,5208.04,5,5,5,555
15130,Individual,54,3,5215.40,5,5,5,555
13974,Individual,59,3,5237.73,5,5,5,555
15133,Individual,35,3,5237.73,5,5,5,555
14012,Individual,54,3,5249.92,5,5,5,555
15657,Individual,63,3,5251.34,5,5,5,555
15662,Individual,49,3,5253.07,5,5,5,555
14049,Individual,40,3,5290.68,5,5,5,555
14716,Individual,51,3,5300.26,5,5,5,555
14714,Individual,33,3,5386.28,5,5,5,555
14719,Individual,37,3,5512.26,5,5,5,555
13110,Individual,55,3,5583.94,5,5,5,555
13553,Individual,72,3,5603.24,5,5,5,555
13957,Individual,39,3,5645.24,5,5,5,555
14263,Individual,49,3,5647.93,5,5,5,555
13134,Individual,52,3,5648.92,5,5,5,555
13107,Individual,69,3,5650.90,5,5,5,555
14262,Individual,53,3,5652.54,5,5,5,555
13118,Individual,37,3,5669.90,5,5,5,555
13109,Individual,51,3,5682.90,5,5,5,555
18019,Individual,63,3,5706.38,5,5,5,555
13111,Individual,54,3,5707.20,5,5,5,555
13112,Individual,48,3,5717.89,5,5,5,555
13108,Individual,46,3,5718.66,5,5,5,555
13967,Individual,32,3,5721.91,5,5,5,555
17986,Individual,69,3,5790.86,5,5,5,555
18005,Individual,71,3,5804.87,5,5,5,555
16566,Individual,62,3,5806.35,5,5,5,555
12133,Individual,59,4,5830.68,5,5,5,555
12123,Individual,70,4,5837.84,5,5,5,555
14774,Individual,53,3,6434.74,5,5,5,555
14713,Individual,56,3,6461.71,5,5,5,555
13607,Individual,51,3,6465.03,5,5,5,555
14162,Individual,41,3,6473.70,5,5,5,555
11001,Individual,50,3,6383.88,5,5,5,555
14164,Individual,55,3,6484.71,5,5,5,555
13556,Individual,72,3,6497.21,5,5,5,555
11048,Individual,35,3,6498.24,5,5,5,555
14163,Individual,56,3,6567.02,5,5,5,555
15923,Individual,48,3,6592.78,5,5,5,555
14171,Individual,48,3,6615.70,5,5,5,555
11047,Individual,71,3,6582.33,5,5,5,555
15058,Individual,56,3,6639.58,5,5,5,555
15051,Individual,60,3,6650.60,5,5,5,555
15453,Individual,46,3,6650.60,5,5,5,555
11261,Individual,37,3,6650.60,5,5,5,555
15078,Individual,35,3,6675.60,5,5,5,555
11257,Individual,46,3,6677.38,5,5,5,555
15062,Individual,40,3,6684.59,5,5,5,555
11252,Individual,42,3,6685.56,5,5,5,555
11224,Individual,57,3,6685.59,5,5,5,555
15048,Individual,59,3,6690.58,5,5,5,555
14843,Individual,64,3,6690.58,5,5,5,555
14984,Individual,32,3,6699.57,5,5,5,555
11090,Individual,69,3,6704.08,5,5,5,555
14991,Individual,51,3,6706.57,5,5,5,555
14950,Individual,43,3,6709.59,5,5,5,555
15047,Individual,41,3,6669.57,5,5,5,555
15077,Individual,41,3,6673.53,5,5,5,555
14847,Individual,71,3,6725.57,5,5,5,555
15440,Individual,35,3,6736.56,5,5,5,555
13131,Individual,67,3,6737.15,5,5,5,555
15056,Individual,59,3,6749.05,5,5,5,555
11263,Individual,50,3,6754.06,5,5,5,555
13618,Individual,62,3,6763.15,5,5,5,555
13648,Individual,38,3,6765.44,5,5,5,555
13650,Individual,32,3,6768.14,5,5,5,555
11259,Individual,40,3,6770.60,5,5,5,555
13971,Individual,36,3,6772.13,5,5,5,555
13637,Individual,38,3,6777.13,5,5,5,555
13647,Individual,39,3,6793.15,5,5,5,555
15059,Individual,40,3,6793.54,5,5,5,555
11612,Individual,72,3,6795.12,5,5,5,555
14949,Individual,56,3,6795.60,5,5,5,555
13130,Individual,71,3,6797.15,5,5,5,555
13643,Individual,58,3,6799.45,5,5,5,555
13633,Individual,49,3,6803.14,5,5,5,555
12214,Individual,43,3,6803.92,5,5,5,555
14045,Individual,35,3,6804.13,5,5,5,555
13964,Individual,43,3,6806.45,5,5,5,555
13114,Individual,67,3,6807.45,5,5,5,555
13619,Individual,68,3,6808.10,5,5,5,555
14039,Individual,55,3,6808.13,5,5,5,555
13651,Individual,40,3,6812.12,5,5,5,555
13649,Individual,45,3,6812.13,5,5,5,555
13090,Individual,72,3,6812.42,5,5,5,555
14033,Individual,45,3,6809.96,5,5,5,555
13126,Individual,67,3,6815.08,5,5,5,555
13645,Individual,44,3,6817.12,5,5,5,555
13631,Individual,39,3,6817.12,5,5,5,555
14038,Individual,43,3,6819.12,5,5,5,555
13129,Individual,71,3,6823.15,5,5,5,555
13630,Individual,58,3,6824.73,5,5,5,555
12263,Individual,33,3,6829.38,5,5,5,555
13119,Individual,66,3,6829.45,5,5,5,555
13636,Individual,61,3,6831.76,5,5,5,555
14020,Individual,50,3,6831.76,5,5,5,555
13638,Individual,52,3,6832.12,5,5,5,555
13632,Individual,43,3,6838.46,5,5,5,555
13958,Individual,57,3,6838.64,5,5,5,555
13160,Individual,70,3,6839.46,5,5,5,555
13966,Individual,34,3,6842.12,5,5,5,555
13103,Individual,67,3,6842.60,5,5,5,555
13970,Individual,50,3,6843.14,5,5,5,555
13646,Individual,55,3,6843.60,5,5,5,555
13953,Individual,41,3,6840.75,5,5,5,555
13959,Individual,50,3,6858.42,5,5,5,555
14032,Individual,42,3,6859.43,5,5,5,555
13139,Individual,69,3,6854.45,5,5,5,555
13644,Individual,37,3,6864.46,5,5,5,555
18158,Individual,57,3,6869.61,5,5,5,555
13122,Individual,63,3,6871.43,5,5,5,555
13960,Individual,37,3,6871.74,5,5,5,555
14941,Individual,64,3,6865.57,5,5,5,555
11609,Individual,67,3,6872.11,5,5,5,555
13965,Individual,40,3,6872.39,5,5,5,555
13955,Individual,45,3,6888.44,5,5,5,555
13629,Individual,71,3,6889.11,5,5,5,555
12215,Individual,39,3,6890.73,5,5,5,555
13104,Individual,65,3,6894.44,5,5,5,555
12239,Individual,43,3,6901.42,5,5,5,555
18136,Individual,69,3,6904.60,5,5,5,555
14030,Individual,50,3,6905.47,5,5,5,555
12222,Individual,53,3,6909.10,5,5,5,555
18168,Individual,42,3,6907.55,5,5,5,555
17218,Individual,68,3,6907.56,5,5,5,555
18160,Individual,47,3,6914.59,5,5,5,555
17093,Individual,62,3,6917.59,5,5,5,555
16286,Individual,58,3,6920.61,5,5,5,555
18147,Individual,41,3,6930.59,5,5,5,555
17103,Individual,65,3,6935.08,5,5,5,555
19032,Individual,47,3,6938.58,5,5,5,555
18126,Individual,68,3,6945.58,5,5,5,555
16262,Individual,47,3,6949.57,5,5,5,555
12216,Individual,43,3,6955.41,5,5,5,555
14031,Individual,50,3,6964.42,5,5,5,555
18141,Individual,44,3,6972.86,5,5,5,555
15687,Individual,34,3,6973.87,5,5,5,555
17207,Individual,68,3,6979.56,5,5,5,555
18127,Individual,71,3,6982.07,5,5,5,555
17811,Individual,57,3,6989.58,5,5,5,555
17825,Individual,47,3,7015.55,5,5,5,555
11549,Individual,48,3,7023.77,5,5,5,555
18177,Individual,51,3,7043.56,5,5,5,555
13784,Individual,37,3,7138.10,5,5,5,555
13777,Individual,33,3,7147.07,5,5,5,555
13765,Individual,32,3,7152.09,5,5,5,555
13693,Individual,55,3,7171.58,5,5,5,555
18173,Individual,55,3,7189.35,5,5,5,555
13606,Individual,33,4,7195.58,5,5,5,555
18166,Individual,49,3,7200.37,5,5,5,555
13794,Individual,48,3,7212.06,5,5,5,555
13792,Individual,38,3,7216.08,5,5,5,555
19031,Individual,49,3,7226.38,5,5,5,555
15095,Individual,51,3,7255.66,5,5,5,555
13580,Individual,33,4,7285.57,5,5,5,555
13579,Individual,72,4,7295.04,5,5,5,555
12657,Individual,37,4,7384.10,5,5,5,555
13255,Individual,58,4,7393.06,5,5,5,555
13256,Individual,35,4,7494.88,5,5,5,555
13259,Individual,72,4,7853.49,5,5,5,555
12330,Individual,36,4,7933.41,5,5,5,555
12314,Individual,32,4,7997.92,5,5,5,555
12298,Individual,49,4,8053.41,5,5,5,555
12291,Individual,70,4,8067.90,5,5,5,555
12302,Individual,34,4,8091.89,5,5,5,555
11912,Individual,68,3,8095.32,5,5,5,555
11991,Individual,41,3,8128.02,5,5,5,555
11992,Individual,49,3,8123.03,5,5,5,555
11993,Individual,37,3,8131.32,5,5,5,555
11920,Individual,49,3,8156.32,5,5,5,555
11919,Individual,39,3,8171.52,5,5,5,555
11918,Individual,65,3,8204.99,5,5,5,555
11995,Individual,50,3,8249.01,5,5,5,555
12128,Individual,56,4,8681.11,5,5,5,555
13258,Individual,46,4,8886.53,5,5,5,555
13257,Individual,54,4,8941.28,5,5,5,555
11432,Individual,35,6,9330.20,5,5,5,555
12129,Individual,35,4,8557.41,5,5,5,555
11429,Individual,36,6,10468.38,5,5,5,555
11425,Individual,39,6,10528.63,5,5,5,555
11237,Individual,65,4,10566.38,5,5,5,555
11246,Individual,40,4,10575.33,5,5,5,555
11245,Individual,49,4,10580.35,5,5,5,555
11242,Individual,56,7,11068.01,5,5,5,555
11420,Individual,61,7,11200.77,5,5,5,555
11417,Individual,45,7,11248.46,5,5,5,555
12321,Individual,69,5,13215.65,5,5,5,555
12308,Individual,71,5,13269.27,5,5,5,555
12301,Individual,70,5,13295.38,5,5,5,555
20930,Individual,66,3,2363.79,5,5,4,554
21037,Individual,56,3,2438.28,5,5,4,554
17949,Individual,62,3,2606.25,5,5,4,554
11215,Individual,45,17,1155.52,5,5,4,554
11287,Individual,1,27,1167.07,5,5,4,554
11091,Individual,21,28,1189.33,5,5,4,554
11223,Individual,23,27,1205.38,5,5,4,554
11176,Individual,2,28,1320.01,5,5,4,554
11331,Individual,5,27,1329.31,5,5,4,554
11277,Individual,13,27,1434.99,5,5,4,554
11200,Individual,9,27,1463.38,5,5,4,554
11300,Individual,29,27,1500.52,5,5,4,554
11185,Individual,3,27,1616.31,5,5,4,554
11500,Individual,19,16,654.27,5,5,3,553
11507,Individual,9,16,653.06,5,5,3,553
11253,Individual,57,16,696.61,5,5,3,553
11631,Individual,35,16,707.50,5,5,3,553
11506,Individual,7,16,748.60,5,5,3,553
11519,Individual,18,16,757.27,5,5,3,553
11211,Individual,22,17,793.55,5,5,3,553
11203,Individual,49,17,801.77,5,5,3,553
11520,Individual,10,16,822.97,5,5,3,553
11212,Individual,12,17,827.19,5,5,3,553
11505,Individual,36,16,846.77,5,5,3,553
11501,Individual,7,16,872.25,5,5,3,553
11019,Individual,17,17,882.70,5,5,3,553
11078,Individual,1,17,913.27,5,5,3,553
11142,Individual,16,17,980.77,5,5,3,553
11276,Individual,7,27,988.32,5,5,3,553
11632,Individual,26,16,1002.09,5,5,3,553
11566,Individual,22,25,1006.83,5,5,3,553
11502,Individual,2,16,1026.29,5,5,3,553
11711,Individual,3,27,1103.78,5,5,3,553
11262,Individual,7,27,1126.82,5,5,3,553
11330,Individual,7,27,1136.35,5,5,3,553
17338,Individual,22,3,92.16,5,5,3,553
14684,Individual,24,3,93.54,5,5,3,553
12369,Individual,46,3,94.23,5,5,3,553
11458,Individual,11,3,96.89,5,5,3,553
19220,Individual,16,3,97.62,5,5,3,553
13623,Individual,42,3,99.20,5,5,3,553
16506,Individual,6,3,102.04,5,5,3,553
11102,Individual,51,3,102.91,5,5,3,553
16071,Individual,25,3,103.55,5,5,3,553
12055,Individual,13,4,104.19,5,5,3,553
11071,Individual,59,3,110.23,5,5,3,553
14582,Individual,66,3,111.79,5,5,3,553
11115,Individual,27,3,113.71,5,5,3,553
13668,Individual,53,3,114.21,5,5,3,553
12357,Individual,18,3,117.94,5,5,3,553
11965,Individual,59,3,118.74,5,5,3,553
16331,Individual,8,3,118.78,5,5,3,553
13624,Individual,21,3,118.96,5,5,3,553
14765,Individual,20,3,119.86,5,5,3,553
14371,Individual,25,3,119.86,5,5,3,553
14724,Individual,18,3,120.41,5,5,3,553
14274,Individual,31,3,121.56,5,5,3,553
17360,Individual,45,3,122.18,5,5,3,553
13860,Individual,10,4,122.84,5,5,3,553
11114,Individual,34,3,122.89,5,5,3,553
11118,Individual,3,3,123.80,5,5,3,553
13267,Individual,23,4,124.93,5,5,3,553
13008,Individual,43,3,125.51,5,5,3,553
11148,Individual,57,3,126.24,5,5,3,553
14056,Individual,11,3,128.46,5,5,3,553
13669,Individual,11,3,129.71,5,5,3,553
13350,Individual,1,3,132.45,5,5,3,553
16370,Individual,2,3,132.50,5,5,3,553
16497,Individual,50,4,132.71,5,5,3,553
13466,Individual,44,3,133.45,5,5,3,553
19642,Individual,65,3,133.54,5,5,3,553
11752,Individual,54,3,137.87,5,5,3,553
13125,Individual,40,3,138.54,5,5,3,553
15815,Individual,35,3,141.83,5,5,3,553
13617,Individual,9,3,141.91,5,5,3,553
15511,Individual,9,3,143.54,5,5,3,553
13071,Individual,29,4,143.95,5,5,3,553
15866,Individual,71,3,145.82,5,5,3,553
15760,Individual,11,4,146.52,5,5,3,553
14446,Individual,68,3,146.75,5,5,3,553
18322,Individual,40,3,148.89,5,5,3,553
11123,Individual,4,3,149.84,5,5,3,553
16876,Individual,55,3,151.84,5,5,3,553
17371,Individual,50,3,151.92,5,5,3,553
15856,Individual,22,3,153.21,5,5,3,553
14244,Individual,40,3,154.96,5,5,3,553
15162,Individual,70,3,154.96,5,5,3,553
15340,Individual,57,3,156.04,5,5,3,553
14632,Individual,22,3,156.55,5,5,3,553
16106,Individual,16,3,157.51,5,5,3,553
12489,Individual,20,4,157.92,5,5,3,553
16479,Individual,68,3,158.51,5,5,3,553
16772,Individual,20,3,158.53,5,5,3,553
12196,Individual,16,4,159.93,5,5,3,553
13944,Individual,23,4,160.12,5,5,3,553
13708,Individual,19,4,160.53,5,5,3,553
14567,Individual,54,3,161.28,5,5,3,553
14504,Individual,7,3,162.24,5,5,3,553
16133,Individual,25,3,164.82,5,5,3,553
11131,Individual,6,5,165.91,5,5,3,553
15868,Individual,1,3,166.51,5,5,3,553
14760,Individual,48,3,167.26,5,5,3,553
15377,Individual,8,3,167.90,5,5,3,553
13009,Individual,39,3,168.67,5,5,3,553
13701,Individual,11,4,169.52,5,5,3,553
13423,Individual,2,3,172.89,5,5,3,553
12077,Individual,11,4,174.68,5,5,3,553
13491,Individual,16,3,176.41,5,5,3,553
14574,Individual,64,3,177.60,5,5,3,553
13670,Individual,58,3,178.45,5,5,3,553
16721,Individual,7,3,180.71,5,5,3,553
12136,Individual,6,4,181.71,5,5,3,553
15826,Individual,8,4,184.71,5,5,3,553
19217,Individual,62,3,185.02,5,5,3,553
13239,Individual,39,4,185.70,5,5,3,553
12351,Individual,2,3,185.94,5,5,3,553
12679,Individual,62,3,187.98,5,5,3,553
13707,Individual,6,4,189.04,5,5,3,553
14906,Individual,15,3,189.53,5,5,3,553
13179,Individual,47,4,190.17,5,5,3,553
15197,Individual,12,3,191.81,5,5,3,553
11723,Individual,26,5,192.53,5,5,3,553
14282,Individual,20,5,195.22,5,5,3,553
14626,Individual,37,3,197.04,5,5,3,553
19646,Individual,40,3,197.04,5,5,3,553
11845,Individual,51,4,197.20,5,5,3,553
12690,Individual,8,3,197.55,5,5,3,553
13760,Individual,26,4,197.81,5,5,3,553
15761,Individual,3,4,196.40,5,5,3,553
12203,Individual,24,4,200.19,5,5,3,553
15251,Individual,1,4,200.20,5,5,3,553
12158,Individual,48,4,202.20,5,5,3,553
12959,Individual,31,4,203.92,5,5,3,553
18749,Individual,1,3,204.81,5,5,3,553
13120,Individual,34,3,205.39,5,5,3,553
13159,Individual,45,3,208.18,5,5,3,553
15974,Individual,70,3,208.41,5,5,3,553
11724,Individual,46,5,210.09,5,5,3,553
15157,Individual,62,3,213.94,5,5,3,553
12371,Individual,65,3,214.04,5,5,3,553
13627,Individual,70,3,214.25,5,5,3,553
14265,Individual,24,5,215.22,5,5,3,553
11802,Individual,59,5,215.29,5,5,3,553
13635,Individual,34,3,215.74,5,5,3,553
12361,Individual,72,3,217.46,5,5,3,553
14079,Individual,3,4,223.62,5,5,3,553
12431,Individual,21,4,224.53,5,5,3,553
13751,Individual,33,3,224.91,5,5,3,553
14313,Individual,69,3,222.44,5,5,3,553
18320,Individual,30,3,223.19,5,5,3,553
14100,Individual,54,3,226.26,5,5,3,553
13155,Individual,34,3,226.95,5,5,3,553
12682,Individual,65,3,227.96,5,5,3,553
12795,Individual,27,4,228.52,5,5,3,553
13762,Individual,24,4,229.00,5,5,3,553
13116,Individual,71,3,230.25,5,5,3,553
13096,Individual,21,4,230.68,5,5,3,553
12696,Individual,13,3,231.96,5,5,3,553
11820,Individual,54,5,232.71,5,5,3,553
14096,Individual,9,5,233.69,5,5,3,553
13634,Individual,36,3,234.93,5,5,3,553
11659,Individual,23,5,235.01,5,5,3,553
15872,Individual,45,3,235.54,5,5,3,553
12532,Individual,36,4,235.72,5,5,3,553
11094,Individual,18,3,235.89,5,5,3,553
11581,Individual,68,5,237.19,5,5,3,553
14586,Individual,40,3,233.94,5,5,3,553
12939,Individual,2,4,237.91,5,5,3,553
12097,Individual,10,4,238.20,5,5,3,553
11833,Individual,62,5,240.01,5,5,3,553
11824,Individual,20,5,240.01,5,5,3,553
13141,Individual,65,3,240.24,5,5,3,553
15847,Individual,9,3,240.44,5,5,3,553
14341,Individual,7,4,244.12,5,5,3,553
11868,Individual,43,5,247.01,5,5,3,553
12691,Individual,47,3,247.46,5,5,3,553
16948,Individual,24,3,248.01,5,5,3,553
15536,Individual,31,3,249.53,5,5,3,553
19640,Individual,4,3,252.32,5,5,3,553
11698,Individual,15,5,255.94,5,5,3,553
12056,Individual,26,4,253.90,5,5,3,553
11510,Individual,34,5,258.15,5,5,3,553
12159,Individual,14,4,258.89,5,5,3,553
12916,Individual,53,4,261.22,5,5,3,553
11823,Individual,6,5,262.42,5,5,3,553
11869,Individual,13,5,269.08,5,5,3,553
11784,Individual,43,5,272.69,5,5,3,553
12352,Individual,71,3,274.24,5,5,3,553
11760,Individual,71,3,274.92,5,5,3,553
15494,Individual,68,3,275.44,5,5,3,553
14054,Individual,5,3,280.76,5,5,3,553
19647,Individual,44,3,282.04,5,5,3,553
13758,Individual,43,4,284.13,5,5,3,553
11861,Individual,38,5,286.30,5,5,3,553
13941,Individual,41,4,286.82,5,5,3,553
13175,Individual,2,4,286.88,5,5,3,553
11661,Individual,46,5,287.70,5,5,3,553
12430,Individual,19,4,288.90,5,5,3,553
11875,Individual,2,5,292.70,5,5,3,553
12444,Individual,4,4,293.40,5,5,3,553
13002,Individual,70,3,294.94,5,5,3,553
15748,Individual,65,3,296.91,5,5,3,553
11677,Individual,60,5,298.21,5,5,3,553
18759,Individual,1,3,302.03,5,5,3,553
11652,Individual,42,5,310.93,5,5,3,553
12692,Individual,26,3,315.26,5,5,3,553
14725,Individual,51,3,318.83,5,5,3,553
17442,Individual,39,3,319.88,5,5,3,553
12945,Individual,4,4,321.39,5,5,3,553
13140,Individual,9,3,325.21,5,5,3,553
13095,Individual,38,4,328.89,5,5,3,553
11738,Individual,33,5,331.68,5,5,3,553
12606,Individual,4,3,333.30,5,5,3,553
12895,Individual,58,4,336.65,5,5,3,553
12530,Individual,52,4,337.90,5,5,3,553
11642,Individual,5,5,481.87,5,5,3,553
11827,Individual,51,5,512.47,5,5,3,553
12054,Individual,43,5,402.53,5,5,3,553
11640,Individual,31,5,409.12,5,5,3,553
12892,Individual,61,4,419.47,5,5,3,553
11740,Individual,11,5,384.09,5,5,3,553
13005,Individual,6,3,386.96,5,5,3,553
14904,Individual,59,3,468.12,5,5,3,553
11498,Individual,20,16,561.53,5,5,3,553
11530,Individual,30,16,573.80,5,5,3,553
11619,Individual,58,16,634.84,5,5,3,553
12038,Individual,3,3,91.75,5,5,2,552
13124,Individual,27,3,91.92,5,5,2,552
12008,Individual,9,3,80.25,5,5,2,552
19223,Individual,29,3,84.64,5,5,2,552
18317,Individual,10,3,84.74,5,5,2,552
11921,Individual,67,3,63.24,5,5,2,552
16667,Individual,8,4,65.99,5,5,2,552
13289,Individual,14,3,66.25,5,5,2,552
12345,Individual,17,3,68.70,5,5,2,552
13201,Individual,54,3,73.16,5,5,2,552
12034,Individual,9,3,74.54,5,5,2,552
16800,Individual,24,3,75.84,5,5,2,552
11913,Individual,34,3,41.26,5,5,2,552
11149,Individual,61,3,41.26,5,5,2,552
11749,Individual,29,3,47.92,5,5,2,552
11463,Individual,47,3,47.92,5,5,2,552
11966,Individual,42,3,55.76,5,5,2,552
11467,Individual,27,3,55.87,5,5,2,552
11079,Individual,28,3,57.95,5,5,2,552
11758,Individual,66,3,58.05,5,5,2,552
11757,Individual,63,3,58.05,5,5,2,552
11911,Individual,39,3,62.46,5,5,2,552
11902,Individual,31,3,63.04,5,5,2,552
12666,Individual,31,3,34.56,5,5,1,551
16686,Individual,36,2,4157.73,5,4,5,545
22713,Individual,35,2,4148.19,5,4,5,545
16684,Individual,59,2,4158.24,5,4,5,545
24468,Individual,69,2,4144.34,5,4,5,545
22943,Individual,44,2,4144.34,5,4,5,545
22030,Individual,63,2,4144.34,5,4,5,545
24586,Individual,33,2,4144.34,5,4,5,545
21727,Individual,64,2,4132.24,5,4,5,545
22732,Individual,55,2,4133.24,5,4,5,545
22058,Individual,59,2,4118.26,5,4,5,545
21813,Individual,36,2,4118.26,5,4,5,545
16483,Individual,69,2,4118.26,5,4,5,545
22008,Individual,51,2,4141.23,5,4,5,545
21921,Individual,46,2,4142.75,5,4,5,545
24597,Individual,49,2,4009.50,5,4,5,545
24381,Individual,64,2,3970.52,5,4,5,545
22942,Individual,58,2,3971.53,5,4,5,545
22939,Individual,48,2,3961.03,5,4,5,545
24364,Individual,64,2,3965.52,5,4,5,545
21996,Individual,70,2,3946.52,5,4,5,545
22935,Individual,57,2,3951.52,5,4,5,545
22926,Individual,43,2,3936.54,5,4,5,545
22987,Individual,55,2,3942.03,5,4,5,545
24475,Individual,38,2,3945.53,5,4,5,545
22936,Individual,47,2,3946.52,5,4,5,545
24590,Individual,37,2,3911.53,5,4,5,545
22927,Individual,42,2,3913.82,5,4,5,545
22031,Individual,70,2,3896.53,5,4,5,545
24592,Individual,53,2,3896.53,5,4,5,545
22933,Individual,56,2,3917.54,5,4,5,545
22959,Individual,35,2,3917.54,5,4,5,545
16026,Individual,41,2,3804.08,5,4,5,545
16031,Individual,56,2,3750.09,5,4,5,545
16028,Individual,45,2,3807.40,5,4,5,545
16029,Individual,54,2,3807.40,5,4,5,545
15648,Individual,67,2,3807.40,5,4,5,545
16027,Individual,55,2,3826.40,5,4,5,545
16025,Individual,54,2,3831.89,5,4,5,545
24474,Individual,60,2,3882.55,5,4,5,545
24482,Individual,45,2,3882.55,5,4,5,545
24601,Individual,41,2,3882.55,5,4,5,545
24602,Individual,41,2,3882.55,5,4,5,545
24587,Individual,46,2,3882.55,5,4,5,545
26299,Individual,48,2,3396.89,5,4,5,545
20713,Individual,64,2,3421.93,5,4,5,545
19912,Individual,65,2,3427.39,5,4,5,545
19940,Individual,34,2,3440.43,5,4,5,545
26298,Individual,53,2,3340.26,5,4,5,545
14813,Individual,46,2,3341.81,5,4,5,545
26296,Individual,36,2,3355.24,5,4,5,545
26302,Individual,45,2,3357.41,5,4,5,545
19918,Individual,32,2,3360.41,5,4,5,545
26283,Individual,43,2,3371.25,5,4,5,545
26276,Individual,72,2,3361.92,5,4,5,545
26305,Individual,44,2,3272.94,5,4,5,545
20931,Individual,52,2,3273.17,5,4,5,545
16461,Individual,67,2,3287.32,5,4,5,545
16531,Individual,50,2,3291.80,5,4,5,545
26290,Individual,46,2,3295.26,5,4,5,545
26280,Individual,41,2,3298.94,5,4,5,545
26300,Individual,56,2,3298.94,5,4,5,545
26295,Individual,57,2,3298.94,5,4,5,545
26252,Individual,70,2,3300.22,5,4,5,545
26121,Individual,68,2,3300.25,5,4,5,545
26297,Individual,39,2,3286.92,5,4,5,545
26286,Individual,43,2,3308.17,5,4,5,545
26285,Individual,52,2,3309.24,5,4,5,545
26277,Individual,60,2,3321.26,5,4,5,545
26303,Individual,32,2,3321.26,5,4,5,545
26120,Individual,62,2,3335.24,5,4,5,545
26281,Individual,45,2,3335.24,5,4,5,545
18336,Individual,41,2,6145.07,5,4,5,545
28194,Individual,40,2,6114.81,5,4,5,545
28259,Individual,38,2,6118.61,5,4,5,545
18338,Individual,48,2,6124.58,5,4,5,545
28038,Individual,69,2,5985.31,5,4,5,545
28196,Individual,42,2,5985.31,5,4,5,545
23114,Individual,50,2,5996.32,5,4,5,545
28296,Individual,48,2,5997.33,5,4,5,545
28264,Individual,49,2,5997.33,5,4,5,545
28268,Individual,46,2,5997.33,5,4,5,545
28285,Individual,42,2,5997.33,5,4,5,545
27667,Individual,62,2,5997.33,5,4,5,545
23113,Individual,57,2,5997.33,5,4,5,545
28191,Individual,58,2,5997.33,5,4,5,545
28190,Individual,56,2,5997.33,5,4,5,545
28070,Individual,51,2,5997.33,5,4,5,545
28156,Individual,53,2,5997.33,5,4,5,545
28158,Individual,36,2,5997.33,5,4,5,545
28076,Individual,36,2,5997.33,5,4,5,545
27646,Individual,70,2,5997.33,5,4,5,545
28066,Individual,66,2,5997.33,5,4,5,545
22881,Individual,72,2,5997.33,5,4,5,545
28067,Individual,72,2,5997.33,5,4,5,545
27606,Individual,71,2,5997.33,5,4,5,545
28240,Individual,38,2,5998.61,5,4,5,545
27918,Individual,64,2,5998.61,5,4,5,545
16495,Individual,55,2,6002.23,5,4,5,545
27636,Individual,64,2,6011.31,5,4,5,545
28078,Individual,44,2,6011.31,5,4,5,545
28131,Individual,51,2,6011.31,5,4,5,545
12843,Individual,56,2,6018.26,5,4,5,545
18337,Individual,57,2,6021.62,5,4,5,545
13511,Individual,44,2,6012.23,5,4,5,545
28193,Individual,39,2,6016.33,5,4,5,545
28224,Individual,46,2,6016.33,5,4,5,545
28250,Individual,57,2,6016.33,5,4,5,545
23074,Individual,54,2,6021.82,5,4,5,545
23057,Individual,38,2,6021.82,5,4,5,545
28099,Individual,34,2,6021.82,5,4,5,545
28068,Individual,64,2,6021.82,5,4,5,545
27651,Individual,71,2,6021.82,5,4,5,545
28152,Individual,40,2,6025.32,5,4,5,545
28244,Individual,47,2,6026.31,5,4,5,545
18335,Individual,70,2,6035.60,5,4,5,545
28288,Individual,33,2,6039.30,5,4,5,545
28031,Individual,71,2,6047.32,5,4,5,545
27645,Individual,71,2,6051.31,5,4,5,545
28255,Individual,46,2,6051.31,5,4,5,545
15614,Individual,51,2,6059.18,5,4,5,545
28243,Individual,38,2,6060.83,5,4,5,545
16351,Individual,57,2,5873.26,5,4,5,545
16659,Individual,51,2,5873.26,5,4,5,545
16658,Individual,46,2,5873.26,5,4,5,545
12866,Individual,46,2,5883.25,5,4,5,545
15083,Individual,61,2,5888.24,5,4,5,545
12849,Individual,38,2,5888.24,5,4,5,545
16620,Individual,57,2,5895.24,5,4,5,545
15089,Individual,48,2,5895.24,5,4,5,545
15088,Individual,33,2,5896.19,5,4,5,545
16607,Individual,53,2,5897.53,5,4,5,545
12834,Individual,58,2,5898.26,5,4,5,545
16660,Individual,48,2,5898.26,5,4,5,545
15669,Individual,45,2,5898.26,5,4,5,545
16349,Individual,42,2,5898.26,5,4,5,545
16612,Individual,33,2,5898.26,5,4,5,545
20034,Individual,68,2,5769.96,5,4,5,545
19855,Individual,69,2,5709.96,5,4,5,545
16631,Individual,38,2,5900.55,5,4,5,545
15081,Individual,40,2,5900.55,5,4,5,545
16637,Individual,51,2,5900.55,5,4,5,545
16657,Individual,54,2,5900.55,5,4,5,545
13666,Individual,55,2,5900.55,5,4,5,545
16350,Individual,37,2,5903.19,5,4,5,545
12423,Individual,72,2,5908.25,5,4,5,545
13548,Individual,33,2,5908.25,5,4,5,545
13538,Individual,56,2,5908.25,5,4,5,545
16661,Individual,51,2,5908.25,5,4,5,545
13545,Individual,48,2,5908.25,5,4,5,545
16639,Individual,41,2,5908.25,5,4,5,545
15619,Individual,42,2,5908.25,5,4,5,545
13767,Individual,47,2,5910.22,5,4,5,545
13537,Individual,38,2,5910.22,5,4,5,545
15668,Individual,38,2,5913.24,5,4,5,545
12830,Individual,33,2,5915.54,5,4,5,545
16616,Individual,55,2,5915.54,5,4,5,545
16348,Individual,37,2,5918.24,5,4,5,545
13513,Individual,56,2,5918.24,5,4,5,545
13546,Individual,48,2,5918.24,5,4,5,545
15087,Individual,33,2,5917.24,5,4,5,545
16347,Individual,38,2,5918.50,5,4,5,545
13552,Individual,44,2,5922.53,5,4,5,545
13504,Individual,42,2,5923.23,5,4,5,545
13543,Individual,36,2,5923.23,5,4,5,545
16636,Individual,50,2,5932.74,5,4,5,545
12841,Individual,42,2,5933.25,5,4,5,545
16656,Individual,42,2,5930.23,5,4,5,545
13564,Individual,56,2,5932.22,5,4,5,545
16629,Individual,50,2,5933.26,5,4,5,545
12762,Individual,33,2,5933.26,5,4,5,545
13567,Individual,38,2,5935.55,5,4,5,545
16624,Individual,37,2,5938.25,5,4,5,545
13542,Individual,57,2,5943.24,5,4,5,545
15046,Individual,43,2,5943.25,5,4,5,545
13572,Individual,51,2,5945.23,5,4,5,545
13515,Individual,33,2,5948.24,5,4,5,545
13570,Individual,32,2,5948.23,5,4,5,545
12804,Individual,67,2,5948.23,5,4,5,545
16352,Individual,59,2,5948.49,5,4,5,545
28247,Individual,45,2,5962.34,5,4,5,545
28155,Individual,56,2,5962.34,5,4,5,545
28062,Individual,63,2,5962.34,5,4,5,545
28083,Individual,35,2,5962.34,5,4,5,545
28273,Individual,38,2,5962.34,5,4,5,545
15620,Individual,53,2,5959.72,5,4,5,545
16496,Individual,35,2,5960.23,5,4,5,545
16494,Individual,44,2,5961.20,5,4,5,545
22976,Individual,65,2,5971.33,5,4,5,545
22889,Individual,65,2,5971.33,5,4,5,545
28030,Individual,70,2,5971.33,5,4,5,545
27621,Individual,70,2,5971.33,5,4,5,545
28154,Individual,53,2,5971.33,5,4,5,545
28297,Individual,54,2,5971.33,5,4,5,545
28071,Individual,50,2,5971.33,5,4,5,545
13536,Individual,39,2,5973.24,5,4,5,545
16623,Individual,52,2,5973.24,5,4,5,545
13514,Individual,57,2,5973.24,5,4,5,545
16630,Individual,55,2,5973.24,5,4,5,545
16638,Individual,46,2,5974.23,5,4,5,545
28234,Individual,39,2,5976.32,5,4,5,545
28257,Individual,55,2,5976.32,5,4,5,545
27617,Individual,63,2,5976.32,5,4,5,545
28246,Individual,37,2,5976.32,5,4,5,545
15621,Individual,36,2,5977.74,5,4,5,545
28159,Individual,36,2,5978.61,5,4,5,545
16551,Individual,65,2,5032.76,5,4,5,545
22201,Individual,51,2,5012.27,5,4,5,545
16940,Individual,34,2,5006.70,5,4,5,545
15846,Individual,45,2,4943.32,5,4,5,545
21974,Individual,70,2,4925.17,5,4,5,545
22195,Individual,57,2,4909.67,5,4,5,545
22207,Individual,33,2,4921.69,5,4,5,545
15889,Individual,52,2,4848.03,5,4,5,545
28665,Individual,66,2,4852.60,5,4,5,545
13728,Individual,34,2,4879.80,5,4,5,545
13729,Individual,60,2,4883.82,5,4,5,545
22857,Individual,54,2,4886.70,5,4,5,545
16572,Individual,44,2,4886.70,5,4,5,545
15905,Individual,56,2,4899.02,5,4,5,545
21950,Individual,64,2,4900.68,5,4,5,545
22930,Individual,33,2,4900.68,5,4,5,545
21955,Individual,68,2,4900.68,5,4,5,545
15566,Individual,53,2,4912.47,5,4,5,545
21957,Individual,62,2,4919.30,5,4,5,545
24309,Individual,55,2,4793.12,5,4,5,545
15916,Individual,55,2,4793.27,5,4,5,545
19048,Individual,72,2,4765.63,5,4,5,545
13565,Individual,39,2,4775.63,5,4,5,545
18331,Individual,72,2,4752.75,5,4,5,545
18332,Individual,68,2,4752.75,5,4,5,545
18465,Individual,42,2,4752.75,5,4,5,545
18766,Individual,43,2,4752.75,5,4,5,545
18462,Individual,48,2,4752.75,5,4,5,545
22904,Individual,37,2,4759.99,5,4,5,545
19073,Individual,63,2,4760.32,5,4,5,545
15906,Individual,34,2,4761.03,5,4,5,545
21969,Individual,63,2,4759.47,5,4,5,545
15876,Individual,59,2,4789.02,5,4,5,545
13401,Individual,69,2,4798.34,5,4,5,545
15850,Individual,49,2,4813.04,5,4,5,545
13246,Individual,68,2,4813.31,5,4,5,545
16000,Individual,55,2,4813.95,5,4,5,545
24332,Individual,55,2,4816.09,5,4,5,545
13380,Individual,72,2,4820.31,5,4,5,545
28666,Individual,43,2,4822.11,5,4,5,545
18457,Individual,53,2,4826.23,5,4,5,545
24342,Individual,49,2,4828.11,5,4,5,545
13713,Individual,40,2,4828.31,5,4,5,545
24310,Individual,33,2,4829.39,5,4,5,545
18461,Individual,53,2,4748.24,5,4,5,545
15997,Individual,41,2,4746.34,5,4,5,545
22197,Individual,56,2,4740.98,5,4,5,545
18458,Individual,47,2,4733.75,5,4,5,545
18463,Individual,58,2,4726.04,5,4,5,545
18464,Individual,43,2,4698.76,5,4,5,545
16559,Individual,37,2,4705.48,5,4,5,545
17926,Individual,68,2,4715.70,5,4,5,545
15567,Individual,53,2,4720.27,5,4,5,545
21968,Individual,68,2,4722.88,5,4,5,545
22929,Individual,57,2,4673.88,5,4,5,545
15917,Individual,36,2,4679.06,5,4,5,545
22913,Individual,55,2,4684.39,5,4,5,545
22199,Individual,51,2,4693.88,5,4,5,545
16540,Individual,68,2,4696.49,5,4,5,545
21958,Individual,68,2,4696.49,5,4,5,545
22198,Individual,60,2,4661.50,5,4,5,545
22908,Individual,54,2,4661.50,5,4,5,545
22860,Individual,35,2,4663.79,5,4,5,545
22202,Individual,32,2,4671.74,5,4,5,545
22921,Individual,36,2,4647.88,5,4,5,545
22850,Individual,42,2,4657.51,5,4,5,545
26093,Individual,70,2,4657.81,5,4,5,545
21994,Individual,69,2,4659.90,5,4,5,545
21949,Individual,65,2,4659.90,5,4,5,545
21966,Individual,64,2,4659.90,5,4,5,545
22854,Individual,42,2,4659.90,5,4,5,545
22200,Individual,45,2,4659.90,5,4,5,545
22912,Individual,35,2,4659.90,5,4,5,545
22196,Individual,56,2,4632.86,5,4,5,545
22851,Individual,58,2,4632.86,5,4,5,545
22194,Individual,64,2,4633.90,5,4,5,545
16560,Individual,36,2,4633.90,5,4,5,545
22845,Individual,34,2,4633.90,5,4,5,545
16548,Individual,70,2,4624.91,5,4,5,545
22906,Individual,60,2,4624.91,5,4,5,545
22203,Individual,56,2,4624.91,5,4,5,545
22905,Individual,35,2,4624.91,5,4,5,545
13997,Individual,35,2,4586.35,5,4,5,545
26005,Individual,62,2,4623.83,5,4,5,545
13734,Individual,56,2,4522.50,5,4,5,545
13161,Individual,70,2,4523.53,5,4,5,545
13725,Individual,40,2,4532.52,5,4,5,545
27542,Individual,62,2,4532.97,5,4,5,545
16287,Individual,60,2,4538.84,5,4,5,545
13357,Individual,67,2,4543.83,5,4,5,545
16308,Individual,37,2,4551.52,5,4,5,545
13733,Individual,55,2,4553.52,5,4,5,545
13462,Individual,55,2,4558.01,5,4,5,545
13226,Individual,65,2,4564.49,5,4,5,545
13730,Individual,45,2,4571.02,5,4,5,545
13384,Individual,70,2,4573.52,5,4,5,545
27569,Individual,62,2,4464.48,5,4,5,545
14827,Individual,49,2,4467.74,5,4,5,545
28885,Individual,59,2,4470.89,5,4,5,545
21311,Individual,34,2,4472.58,5,4,5,545
13724,Individual,52,2,4476.55,5,4,5,545
13362,Individual,67,2,4476.55,5,4,5,545
12863,Individual,61,2,4478.35,5,4,5,545
13702,Individual,56,2,4478.84,5,4,5,545
13736,Individual,41,2,4478.84,5,4,5,545
17332,Individual,48,2,4480.73,5,4,5,545
27571,Individual,71,2,4484.48,5,4,5,545
15789,Individual,69,2,4486.07,5,4,5,545
16155,Individual,72,2,4489.57,5,4,5,545
27572,Individual,70,2,4490.48,5,4,5,545
13726,Individual,47,2,4500.82,5,4,5,545
13482,Individual,53,2,4500.82,5,4,5,545
13225,Individual,62,2,4503.84,5,4,5,545
13712,Individual,43,2,4503.84,5,4,5,545
13269,Individual,65,2,4507.52,5,4,5,545
16250,Individual,32,2,4511.54,5,4,5,545
13735,Individual,32,2,4516.53,5,4,5,545
19058,Individual,72,2,4524.48,5,4,5,545
21266,Individual,32,2,4525.07,5,4,5,545
13700,Individual,34,2,4525.82,5,4,5,545
12829,Individual,64,2,4406.06,5,4,5,545
20708,Individual,53,2,4406.40,5,4,5,545
20665,Individual,48,2,4408.56,5,4,5,545
15752,Individual,66,2,4408.69,5,4,5,545
16159,Individual,37,2,4411.65,5,4,5,545
15754,Individual,72,2,4416.38,5,4,5,545
14838,Individual,36,2,4414.72,5,4,5,545
12825,Individual,69,2,4419.06,5,4,5,545
15808,Individual,72,2,4424.08,5,4,5,545
15734,Individual,62,2,4426.41,5,4,5,545
21272,Individual,32,2,4435.38,5,4,5,545
15802,Individual,71,2,4444.07,5,4,5,545
15723,Individual,64,2,4444.07,5,4,5,545
15751,Individual,66,2,4446.40,5,4,5,545
12846,Individual,72,2,4460.38,5,4,5,545
27539,Individual,66,2,4468.16,5,4,5,545
15724,Individual,68,2,4359.07,5,4,5,545
17504,Individual,56,2,4362.74,5,4,5,545
15757,Individual,62,2,4366.41,5,4,5,545
12867,Individual,41,2,4366.41,5,4,5,545
12813,Individual,67,2,4367.02,5,4,5,545
24671,Individual,49,2,4354.60,5,4,5,545
14819,Individual,69,2,4355.71,5,4,5,545
15793,Individual,62,2,4369.09,5,4,5,545
24759,Individual,58,2,4369.59,5,4,5,545
17510,Individual,42,2,4369.74,5,4,5,545
21138,Individual,56,2,4371.38,5,4,5,545
15801,Individual,63,2,4381.38,5,4,5,545
16180,Individual,56,2,4386.37,5,4,5,545
17328,Individual,54,2,4387.74,5,4,5,545
17320,Individual,65,2,4391.74,5,4,5,545
21348,Individual,49,2,4392.02,5,4,5,545
14823,Individual,63,2,4392.74,5,4,5,545
12858,Individual,71,2,4393.70,5,4,5,545
15729,Individual,66,2,4393.70,5,4,5,545
15726,Individual,72,2,4393.36,5,4,5,545
14822,Individual,67,2,4397.75,5,4,5,545
14834,Individual,51,2,4397.75,5,4,5,545
15800,Individual,63,2,4399.08,5,4,5,545
20483,Individual,36,2,4400.06,5,4,5,545
16169,Individual,61,2,4404.08,5,4,5,545
16176,Individual,56,2,4404.08,5,4,5,545
17334,Individual,53,2,4347.76,5,4,5,545
24757,Individual,32,2,4343.59,5,4,5,545
24480,Individual,41,2,4175.61,5,4,5,545
22937,Individual,42,2,4179.33,5,4,5,545
24481,Individual,44,2,4179.33,5,4,5,545
24596,Individual,47,2,4168.83,5,4,5,545
22907,Individual,67,2,4169.33,5,4,5,545
22041,Individual,38,2,4167.23,5,4,5,545
24378,Individual,66,2,4173.32,5,4,5,545
22938,Individual,49,2,4173.32,5,4,5,545
22934,Individual,49,2,4173.32,5,4,5,545
16685,Individual,50,2,4183.23,5,4,5,545
22748,Individual,33,2,4188.24,5,4,5,545
22988,Individual,54,2,4194.33,5,4,5,545
16493,Individual,40,2,4197.25,5,4,5,545
22958,Individual,38,2,4208.31,5,4,5,545
24598,Individual,51,2,4228.31,5,4,5,545
20807,Individual,32,2,3249.31,5,4,4,544
16945,Individual,41,2,3262.83,5,4,4,544
17966,Individual,64,2,3262.83,5,4,4,544
26304,Individual,41,2,3263.95,5,4,4,544
28750,Individual,37,2,3213.57,5,4,4,544
16820,Individual,51,2,3217.79,5,4,4,544
28756,Individual,57,2,3218.56,5,4,4,544
20680,Individual,34,2,3219.58,5,4,4,544
21284,Individual,36,2,3223.58,5,4,4,544
21148,Individual,53,2,3223.58,5,4,4,544
20670,Individual,44,2,3228.57,5,4,4,544
28751,Individual,39,2,3240.88,5,4,4,544
16938,Individual,36,2,3110.05,5,4,4,544
21516,Individual,49,2,3102.25,5,4,4,544
20592,Individual,45,2,3113.22,5,4,4,544
20569,Individual,47,2,3114.06,5,4,4,544
19930,Individual,65,2,3115.27,5,4,4,544
21509,Individual,38,2,3117.96,5,4,4,544
11167,Individual,62,2,3126.33,5,4,4,544
20548,Individual,69,2,3131.95,5,4,4,544
19945,Individual,70,2,3137.97,5,4,4,544
20561,Individual,41,2,3139.09,5,4,4,544
20584,Individual,65,2,3140.27,5,4,4,544
20576,Individual,57,2,3147.96,5,4,4,544
21508,Individual,48,2,3152.95,5,4,4,544
20172,Individual,65,2,3150.40,5,4,4,544
20866,Individual,45,2,3157.97,5,4,4,544
20468,Individual,72,2,3169.59,5,4,4,544
20669,Individual,56,2,3169.59,5,4,4,544
21517,Individual,59,2,3172.97,5,4,4,544
11264,Individual,60,2,3182.27,5,4,4,544
11089,Individual,72,2,3188.28,5,4,4,544
28740,Individual,61,2,3191.91,5,4,4,544
16836,Individual,42,2,3193.79,5,4,4,544
20736,Individual,39,2,3194.58,5,4,4,544
21305,Individual,41,2,3204.58,5,4,4,544
28713,Individual,47,2,3204.58,5,4,4,544
26681,Individual,54,2,2813.77,5,4,4,544
15213,Individual,67,2,2818.59,5,4,4,544
19294,Individual,51,2,2820.39,5,4,4,544
16290,Individual,60,2,2822.01,5,4,4,544
15268,Individual,48,2,2840.91,5,4,4,544
15267,Individual,35,2,2853.58,5,4,4,544
26647,Individual,55,2,2889.94,5,4,4,544
26634,Individual,72,2,2896.72,5,4,4,544
15582,Individual,51,2,2907.56,5,4,4,544
15580,Individual,47,2,2910.90,5,4,4,544
15575,Individual,52,2,2910.90,5,4,4,544
15211,Individual,71,2,2910.90,5,4,4,544
14818,Individual,58,2,2973.98,5,4,4,544
16305,Individual,46,2,2983.34,5,4,4,544
26646,Individual,48,2,2972.77,5,4,4,544
18026,Individual,58,2,2988.32,5,4,4,544
16554,Individual,45,2,2990.52,5,4,4,544
16278,Individual,54,2,2992.33,5,4,4,544
20562,Individual,38,2,2994.09,5,4,4,544
17979,Individual,38,2,3001.02,5,4,4,544
14798,Individual,69,2,3001.04,5,4,4,544
18028,Individual,60,2,3001.04,5,4,4,544
16530,Individual,59,2,3001.04,5,4,4,544
18620,Individual,45,2,3001.04,5,4,4,544
16573,Individual,43,2,3001.04,5,4,4,544
16550,Individual,46,2,3001.04,5,4,4,544
17978,Individual,51,2,3018.01,5,4,4,544
16271,Individual,45,2,3014.31,5,4,4,544
17097,Individual,55,2,3021.02,5,4,4,544
20558,Individual,48,2,3019.09,5,4,4,544
16541,Individual,50,2,3028.02,5,4,4,544
16561,Individual,39,2,3030.03,5,4,4,544
19942,Individual,41,2,3034.07,5,4,4,544
20552,Individual,57,2,3034.07,5,4,4,544
16546,Individual,47,2,3036.53,5,4,4,544
16267,Individual,68,2,3037.33,5,4,4,544
20564,Individual,55,2,3059.08,5,4,4,544
14796,Individual,65,2,3071.01,5,4,4,544
16946,Individual,36,2,3071.03,5,4,4,544
20567,Individual,59,2,3074.08,5,4,4,544
11084,Individual,69,2,3078.61,5,4,4,544
19941,Individual,54,2,3078.06,5,4,4,544
20577,Individual,56,2,3080.27,5,4,4,544
20575,Individual,45,2,3095.04,5,4,4,544
12586,Individual,67,2,2636.41,5,4,4,544
13035,Individual,59,2,2638.06,5,4,4,544
19297,Individual,36,2,2542.96,5,4,4,544
19296,Individual,37,2,2547.95,5,4,4,544
19276,Individual,34,2,2547.95,5,4,4,544
19319,Individual,38,2,2562.46,5,4,4,544
14730,Individual,33,2,2588.07,5,4,4,544
13020,Individual,44,2,2589.09,5,4,4,544
13518,Individual,47,2,2638.36,5,4,4,544
13022,Individual,51,2,2644.02,5,4,4,544
13156,Individual,33,2,2663.69,5,4,4,544
13024,Individual,59,2,2665.06,5,4,4,544
13021,Individual,54,2,2668.38,5,4,4,544
13036,Individual,56,2,2677.07,5,4,4,544
19316,Individual,61,2,2701.43,5,4,4,544
19274,Individual,71,2,2701.43,5,4,4,544
19254,Individual,66,2,2701.43,5,4,4,544
13025,Individual,35,2,2690.40,5,4,4,544
19314,Individual,39,2,2730.41,5,4,4,544
16052,Individual,35,2,2731.54,5,4,4,544
19188,Individual,70,2,2732.70,5,4,4,544
19321,Individual,59,2,2736.42,5,4,4,544
15651,Individual,65,2,2746.55,5,4,4,544
16051,Individual,51,2,2746.55,5,4,4,544
19283,Individual,68,2,2764.41,5,4,4,544
16259,Individual,52,2,2756.54,5,4,4,544
16288,Individual,50,2,2768.53,5,4,4,544
15664,Individual,68,2,2770.52,5,4,4,544
16289,Individual,34,2,2778.52,5,4,4,544
16269,Individual,49,2,2778.82,5,4,4,544
16268,Individual,45,2,2778.82,5,4,4,544
16270,Individual,58,2,2771.52,5,4,4,544
15663,Individual,65,2,2771.54,5,4,4,544
26645,Individual,52,2,2800.44,5,4,4,544
16273,Individual,60,2,2803.52,5,4,4,544
26644,Individual,43,2,2805.43,5,4,4,544
26676,Individual,33,2,2805.43,5,4,4,544
14732,Individual,56,2,2450.08,5,4,4,544
19329,Individual,61,2,2459.07,5,4,4,544
19387,Individual,41,2,2464.06,5,4,4,544
19357,Individual,53,2,2478.57,5,4,4,544
19295,Individual,53,2,2483.98,5,4,4,544
19174,Individual,69,2,2483.98,5,4,4,544
19309,Individual,44,2,2518.97,5,4,4,544
19292,Individual,43,2,2518.97,5,4,4,544
19287,Individual,35,2,2508.97,5,4,4,544
19282,Individual,47,2,2520.91,5,4,4,544
19293,Individual,56,2,2533.97,5,4,4,544
19313,Individual,39,2,2533.46,5,4,4,544
19315,Individual,58,2,2537.97,5,4,4,544
19318,Individual,48,2,2537.97,5,4,4,544
19280,Individual,48,2,2537.97,5,4,4,544
14731,Individual,52,2,2435.08,5,4,4,544
19415,Individual,36,2,2435.08,5,4,4,544
19353,Individual,46,2,2400.09,5,4,4,544
26560,Individual,59,2,1396.44,5,4,4,544
27473,Individual,32,2,1398.46,5,4,4,544
26918,Individual,51,2,1399.94,5,4,4,544
26547,Individual,57,2,1407.96,5,4,4,544
27483,Individual,45,2,1382.46,5,4,4,544
27489,Individual,36,2,1383.45,5,4,4,544
27471,Individual,34,2,1386.48,5,4,4,544
26922,Individual,57,2,1322.98,5,4,4,544
27487,Individual,45,2,1322.98,5,4,4,544
27484,Individual,49,2,1322.98,5,4,4,544
26548,Individual,41,2,1322.98,5,4,4,544
26923,Individual,44,2,1322.98,5,4,4,544
27488,Individual,45,2,1322.98,5,4,4,544
26916,Individual,32,2,1322.98,5,4,4,544
27469,Individual,36,2,1331.97,5,4,4,544
27490,Individual,45,2,1331.97,5,4,4,544
26920,Individual,42,2,1336.96,5,4,4,544
26921,Individual,51,2,1336.96,5,4,4,544
26561,Individual,45,2,1336.96,5,4,4,544
26917,Individual,38,2,1339.25,5,4,4,544
27492,Individual,59,2,1344.91,5,4,4,544
27472,Individual,60,2,1345.95,5,4,4,544
26919,Individual,47,2,1350.75,5,4,4,544
26924,Individual,39,2,1350.75,5,4,4,544
27493,Individual,49,2,1353.46,5,4,4,544
27485,Individual,61,2,1354.71,5,4,4,544
26549,Individual,55,2,1361.45,5,4,4,544
27486,Individual,53,2,1371.95,5,4,4,544
27470,Individual,45,2,1371.95,5,4,4,544
25710,Individual,62,2,1239.09,5,4,4,544
25936,Individual,64,2,1248.08,5,4,4,544
25919,Individual,62,2,1248.08,5,4,4,544
25708,Individual,64,2,1253.07,5,4,4,544
25941,Individual,65,2,1255.36,5,4,4,544
25935,Individual,62,2,1256.03,5,4,4,544
25712,Individual,62,2,1262.06,5,4,4,544
25705,Individual,64,2,1274.08,5,4,4,544
25715,Individual,64,2,1274.08,5,4,4,544
25711,Individual,63,2,1274.08,5,4,4,544
25940,Individual,68,2,1277.56,5,4,4,544
25709,Individual,69,2,1308.06,5,4,4,544
25714,Individual,63,2,1308.06,5,4,4,544
15523,Individual,34,2,1631.46,5,4,4,544
15467,Individual,33,2,1631.46,5,4,4,544
15537,Individual,39,2,1631.46,5,4,4,544
15428,Individual,51,2,1631.46,5,4,4,544
15422,Individual,53,2,1633.94,5,4,4,544
15489,Individual,57,2,1685.45,5,4,4,544
19442,Individual,64,2,1602.47,5,4,4,544
19290,Individual,63,2,1605.40,5,4,4,544
19452,Individual,40,2,1611.46,5,4,4,544
15520,Individual,44,2,1611.96,5,4,4,544
15410,Individual,63,2,1619.90,5,4,4,544
19305,Individual,48,2,1622.40,5,4,4,544
15503,Individual,52,2,1622.45,5,4,4,544
15341,Individual,63,2,1622.47,5,4,4,544
15433,Individual,59,2,1622.47,5,4,4,544
15471,Individual,58,2,1622.47,5,4,4,544
15527,Individual,43,2,1622.47,5,4,4,544
15531,Individual,41,2,1622.47,5,4,4,544
15497,Individual,36,2,1622.47,5,4,4,544
15337,Individual,66,2,1622.47,5,4,4,544
21065,Individual,48,2,1549.11,5,4,4,544
19308,Individual,47,2,1549.42,5,4,4,544
15473,Individual,60,2,1552.48,5,4,4,544
15506,Individual,55,2,1552.48,5,4,4,544
19446,Individual,48,2,1560.43,5,4,4,544
15525,Individual,51,2,1560.43,5,4,4,544
15472,Individual,44,2,1560.43,5,4,4,544
15343,Individual,65,2,1552.48,5,4,4,544
19322,Individual,51,2,1565.43,5,4,4,544
21055,Individual,52,2,1566.78,5,4,4,544
15409,Individual,70,2,1567.46,5,4,4,544
15288,Individual,63,2,1574.46,5,4,4,544
15427,Individual,48,2,1574.46,5,4,4,544
19337,Individual,45,2,1575.42,5,4,4,544
14023,Individual,40,2,1575.42,5,4,4,544
19302,Individual,51,2,1577.39,5,4,4,544
14025,Individual,55,2,1586.38,5,4,4,544
19447,Individual,58,2,1587.46,5,4,4,544
15475,Individual,33,2,1587.46,5,4,4,544
15502,Individual,33,2,1587.47,5,4,4,544
15547,Individual,35,2,1587.47,5,4,4,544
15529,Individual,60,2,1587.47,5,4,4,544
15432,Individual,56,2,1587.47,5,4,4,544
15466,Individual,54,2,1587.47,5,4,4,544
14026,Individual,51,2,1589.70,5,4,4,544
15532,Individual,43,2,1589.75,5,4,4,544
19474,Individual,53,2,1589.75,5,4,4,544
19301,Individual,44,2,1590.42,5,4,4,544
19260,Individual,72,2,1592.71,5,4,4,544
15538,Individual,41,2,1595.41,5,4,4,544
15528,Individual,60,2,1676.46,5,4,4,544
15474,Individual,48,2,1676.46,5,4,4,544
14888,Individual,54,2,1898.07,5,4,4,544
26585,Individual,42,2,1903.48,5,4,4,544
26587,Individual,40,2,1920.42,5,4,4,544
26445,Individual,65,2,1938.47,5,4,4,544
21006,Individual,71,2,1938.47,5,4,4,544
26160,Individual,70,2,1938.47,5,4,4,544
26754,Individual,70,2,1938.47,5,4,4,544
26761,Individual,69,2,1938.47,5,4,4,544
26652,Individual,44,2,1938.47,5,4,4,544
26588,Individual,49,2,1938.47,5,4,4,544
26569,Individual,48,2,1938.47,5,4,4,544
26571,Individual,54,2,1938.47,5,4,4,544
26653,Individual,59,2,1938.47,5,4,4,544
26447,Individual,34,2,1938.47,5,4,4,544
26437,Individual,62,2,1953.47,5,4,4,544
26591,Individual,59,2,1957.47,5,4,4,544
26567,Individual,59,2,1957.47,5,4,4,544
26651,Individual,58,2,1957.47,5,4,4,544
26570,Individual,47,2,1957.47,5,4,4,544
26568,Individual,36,2,1957.47,5,4,4,544
26440,Individual,70,2,1957.47,5,4,4,544
26435,Individual,66,2,1957.47,5,4,4,544
26589,Individual,56,2,1966.46,5,4,4,544
26204,Individual,71,2,1967.45,5,4,4,544
26375,Individual,71,2,1971.45,5,4,4,544
26422,Individual,70,2,1980.96,5,4,4,544
26150,Individual,62,2,1992.46,5,4,4,544
17760,Individual,43,2,92.25,5,4,3,543
17881,Individual,11,2,92.25,5,4,3,543
12087,Individual,14,2,92.27,5,4,3,543
11848,Individual,54,2,92.27,5,4,3,543
17068,Individual,21,2,92.97,5,4,3,543
11308,Individual,14,2,94.26,5,4,3,543
17322,Individual,17,2,94.47,5,4,3,543
18289,Individual,14,2,94.47,5,4,3,543
18195,Individual,63,2,94.47,5,4,3,543
12068,Individual,64,2,93.98,5,4,3,543
11692,Individual,11,2,93.98,5,4,3,543
11680,Individual,10,2,93.98,5,4,3,543
11684,Individual,48,2,93.98,5,4,3,543
12334,Individual,11,2,94.21,5,4,3,543
17292,Individual,42,2,94.22,5,4,3,543
16387,Individual,41,2,94.96,5,4,3,543
16933,Individual,45,2,94.96,5,4,3,543
13040,Individual,12,2,94.97,5,4,3,543
11819,Individual,13,2,96.27,5,4,3,543
11716,Individual,16,2,96.27,5,4,3,543
17686,Individual,4,2,104.23,5,4,3,543
14034,Individual,51,2,104.24,5,4,3,543
14552,Individual,69,2,103.97,5,4,3,543
12043,Individual,47,2,103.97,5,4,3,543
11194,Individual,52,2,105.75,5,4,3,543
11067,Individual,17,2,105.75,5,4,3,543
16189,Individual,52,2,105.94,5,4,3,543
12044,Individual,59,2,105.95,5,4,3,543
12943,Individual,13,2,105.95,5,4,3,543
14992,Individual,24,2,106.26,5,4,3,543
14692,Individual,18,2,106.26,5,4,3,543
16622,Individual,5,2,106.56,5,4,3,543
12139,Individual,40,2,102.93,5,4,3,543
12643,Individual,3,2,102.96,5,4,3,543
15034,Individual,66,2,103.45,5,4,3,543
17076,Individual,34,2,103.46,5,4,3,543
15694,Individual,8,2,107.37,5,4,3,543
11980,Individual,62,2,108.46,5,4,3,543
12963,Individual,33,2,108.46,5,4,3,543
15103,Individual,56,2,107.85,5,4,3,543
16178,Individual,71,2,108.85,5,4,3,543
19200,Individual,31,2,109.24,5,4,3,543
19581,Individual,15,2,109.46,5,4,3,543
11884,Individual,31,2,109.97,5,4,3,543
15154,Individual,28,2,109.97,5,4,3,543
11735,Individual,38,2,109.97,5,4,3,543
11173,Individual,36,2,102.49,5,4,3,543
16640,Individual,2,2,102.57,5,4,3,543
16167,Individual,42,2,102.57,5,4,3,543
20212,Individual,45,2,100.74,5,4,3,543
16633,Individual,24,2,101.57,5,4,3,543
16608,Individual,68,2,101.57,5,4,3,543
11842,Individual,56,2,98.97,5,4,3,543
17327,Individual,69,2,99.94,5,4,3,543
19104,Individual,9,2,99.94,5,4,3,543
17282,Individual,11,2,100.25,5,4,3,543
15758,Individual,5,2,98.96,5,4,3,543
17503,Individual,34,2,98.96,5,4,3,543
15804,Individual,46,2,98.96,5,4,3,543
19961,Individual,52,2,97.97,5,4,3,543
11710,Individual,48,2,97.98,5,4,3,543
17509,Individual,50,2,98.72,5,4,3,543
19796,Individual,17,2,98.94,5,4,3,543
16188,Individual,22,2,96.95,5,4,3,543
16321,Individual,29,2,97.25,5,4,3,543
15102,Individual,65,2,97.35,5,4,3,543
17316,Individual,62,2,97.45,5,4,3,543
13586,Individual,42,2,97.96,5,4,3,543
17250,Individual,28,2,97.96,5,4,3,543
18466,Individual,20,2,97.96,5,4,3,543
18326,Individual,20,2,97.96,5,4,3,543
17381,Individual,9,2,347.93,5,4,3,543
15353,Individual,57,2,325.83,5,4,3,543
13830,Individual,20,2,284.56,5,4,3,543
14529,Individual,38,2,254.06,5,4,3,543
11849,Individual,18,2,257.97,5,4,3,543
11682,Individual,51,2,252.98,5,4,3,543
16646,Individual,37,2,250.91,5,4,3,543
15230,Individual,15,2,242.95,5,4,3,543
18926,Individual,3,2,244.23,5,4,3,543
16488,Individual,22,2,232.42,5,4,3,543
11870,Individual,12,2,242.27,5,4,3,543
14675,Individual,24,2,237.97,5,4,3,543
18713,Individual,37,2,237.26,5,4,3,543
17305,Individual,4,2,231.96,5,4,3,543
13092,Individual,66,2,231.96,5,4,3,543
16698,Individual,19,2,230.16,5,4,3,543
17496,Individual,16,2,229.45,5,4,3,543
11803,Individual,67,2,229.95,5,4,3,543
11726,Individual,53,2,223.44,5,4,3,543
13184,Individual,57,2,220.46,5,4,3,543
17680,Individual,14,2,222.19,5,4,3,543
18642,Individual,24,2,216.40,5,4,3,543
16902,Individual,20,2,211.97,5,4,3,543
12161,Individual,65,2,206.94,5,4,3,543
11222,Individual,62,2,207.96,5,4,3,543
11254,Individual,46,2,203.92,5,4,3,543
11065,Individual,19,2,202.57,5,4,3,543
11137,Individual,9,2,202.57,5,4,3,543
19709,Individual,36,2,197.25,5,4,3,543
18524,Individual,58,2,195.95,5,4,3,543
16380,Individual,58,2,195.95,5,4,3,543
14547,Individual,37,2,192.95,5,4,3,543
11713,Individual,69,2,191.95,5,4,3,543
11717,Individual,32,2,192.47,5,4,3,543
16481,Individual,39,2,194.91,5,4,3,543
11733,Individual,22,2,194.98,5,4,3,543
13014,Individual,19,2,194.98,5,4,3,543
16847,Individual,68,2,189.94,5,4,3,543
17855,Individual,44,2,189.96,5,4,3,543
20223,Individual,32,2,187.38,5,4,3,543
16628,Individual,38,2,187.58,5,4,3,543
16170,Individual,1,2,188.87,5,4,3,543
18812,Individual,29,2,185.94,5,4,3,543
12652,Individual,67,2,182.94,5,4,3,543
14934,Individual,70,2,178.45,5,4,3,543
13604,Individual,10,2,177.92,5,4,3,543
11657,Individual,1,2,178.96,5,4,3,543
17867,Individual,27,2,176.93,5,4,3,543
16849,Individual,24,2,176.95,5,4,3,543
17237,Individual,26,2,173.93,5,4,3,543
19580,Individual,54,2,173.93,5,4,3,543
14069,Individual,36,2,173.94,5,4,3,543
12088,Individual,4,2,170.94,5,4,3,543
16325,Individual,68,2,171.27,5,4,3,543
16181,Individual,38,2,170.06,5,4,3,543
11736,Individual,56,2,166.45,5,4,3,543
15598,Individual,60,2,167.93,5,4,3,543
15787,Individual,48,2,167.93,5,4,3,543
14678,Individual,18,2,167.95,5,4,3,543
17585,Individual,56,2,164.46,5,4,3,543
13182,Individual,54,2,165.95,5,4,3,543
14787,Individual,61,2,163.45,5,4,3,543
17619,Individual,69,2,163.92,5,4,3,543
14680,Individual,1,2,163.95,5,4,3,543
12176,Individual,15,2,162.28,5,4,3,543
11214,Individual,71,2,162.28,5,4,3,543
18279,Individual,49,2,162.02,5,4,3,543
16635,Individual,8,2,161.29,5,4,3,543
18077,Individual,20,2,160.44,5,4,3,543
14533,Individual,30,2,160.55,5,4,3,543
12410,Individual,13,2,159.99,5,4,3,543
12192,Individual,38,2,159.99,5,4,3,543
12117,Individual,42,2,159.99,5,4,3,543
17808,Individual,45,2,159.94,5,4,3,543
11729,Individual,18,2,159.96,5,4,3,543
14974,Individual,39,2,158.95,5,4,3,543
14970,Individual,63,2,158.96,5,4,3,543
17500,Individual,31,2,156.96,5,4,3,543
11170,Individual,31,2,157.23,5,4,3,543
14784,Individual,55,2,156.25,5,4,3,543
13026,Individual,54,2,155.94,5,4,3,543
16837,Individual,43,2,155.47,5,4,3,543
13072,Individual,22,2,155.00,5,4,3,543
12175,Individual,70,2,155.00,5,4,3,543
14546,Individual,28,2,152.97,5,4,3,543
17450,Individual,10,2,153.91,5,4,3,543
19623,Individual,53,2,153.93,5,4,3,543
11086,Individual,39,2,153.45,5,4,3,543
11645,Individual,26,2,153.46,5,4,3,543
15132,Individual,62,2,151.94,5,4,3,543
17579,Individual,51,2,151.43,5,4,3,543
18968,Individual,64,2,151.43,5,4,3,543
18355,Individual,39,2,150.95,5,4,3,543
16855,Individual,43,2,150.95,5,4,3,543
16599,Individual,41,2,149.46,5,4,3,543
18356,Individual,31,2,149.91,5,4,3,543
12288,Individual,20,2,147.96,5,4,3,543
11881,Individual,43,2,148.40,5,4,3,543
16332,Individual,37,2,147.23,5,4,3,543
18944,Individual,41,2,146.94,5,4,3,543
17283,Individual,2,2,147.44,5,4,3,543
16480,Individual,17,2,144.94,5,4,3,543
14175,Individual,16,2,145.23,5,4,3,543
18674,Individual,3,2,145.96,5,4,3,543
11679,Individual,61,2,145.96,5,4,3,543
11715,Individual,30,2,143.97,5,4,3,543
12803,Individual,14,2,144.18,5,4,3,543
13172,Individual,21,2,144.27,5,4,3,543
18262,Individual,37,2,142.45,5,4,3,543
17321,Individual,18,2,142.46,5,4,3,543
16342,Individual,30,2,143.39,5,4,3,543
13838,Individual,36,2,140.55,5,4,3,543
16730,Individual,8,2,140.94,5,4,3,543
18286,Individual,56,2,141.55,5,4,3,543
15142,Individual,63,2,138.46,5,4,3,543
15444,Individual,29,2,138.95,5,4,3,543
13963,Individual,16,2,139.45,5,4,3,543
14196,Individual,21,2,137.94,5,4,3,543
13533,Individual,52,2,137.94,5,4,3,543
14126,Individual,62,2,135.55,5,4,3,543
13798,Individual,24,2,136.36,5,4,3,543
13961,Individual,13,2,136.94,5,4,3,543
20082,Individual,21,2,137.54,5,4,3,543
11681,Individual,65,2,137.96,5,4,3,543
14319,Individual,55,2,138.45,5,4,3,543
14682,Individual,54,2,138.45,5,4,3,543
14013,Individual,48,2,138.45,5,4,3,543
11235,Individual,24,2,138.45,5,4,3,543
15727,Individual,55,2,134.46,5,4,3,543
11781,Individual,51,2,134.46,5,4,3,543
11730,Individual,21,2,134.46,5,4,3,543
11971,Individual,65,2,134.46,5,4,3,543
17193,Individual,34,2,134.96,5,4,3,543
18155,Individual,22,2,135.43,5,4,3,543
14143,Individual,12,2,133.55,5,4,3,543
17814,Individual,67,2,133.93,5,4,3,543
11856,Individual,29,2,133.96,5,4,3,543
12048,Individual,64,2,133.96,5,4,3,543
12145,Individual,29,2,132.92,5,4,3,543
12325,Individual,34,2,132.95,5,4,3,543
16492,Individual,7,2,130.94,5,4,3,543
17493,Individual,48,2,130.96,5,4,3,543
11650,Individual,43,2,128.97,5,4,3,543
14344,Individual,38,2,126.95,5,4,3,543
15805,Individual,43,2,127.47,5,4,3,543
18283,Individual,29,2,128.94,5,4,3,543
11172,Individual,18,2,128.94,5,4,3,543
11085,Individual,21,2,128.96,5,4,3,543
11668,Individual,25,2,128.97,5,4,3,543
17491,Individual,28,2,126.94,5,4,3,543
18263,Individual,56,2,126.94,5,4,3,543
11179,Individual,20,2,125.44,5,4,3,543
16848,Individual,10,2,125.45,5,4,3,543
18280,Individual,38,2,126.56,5,4,3,543
11786,Individual,6,2,126.96,5,4,3,543
17126,Individual,22,2,126.96,5,4,3,543
11639,Individual,21,2,127.26,5,4,3,543
12821,Individual,48,2,124.94,5,4,3,543
11857,Individual,55,2,124.97,5,4,3,543
11844,Individual,18,2,124.97,5,4,3,543
18685,Individual,46,2,124.46,5,4,3,543
11051,Individual,28,2,123.95,5,4,3,543
18715,Individual,55,2,123.96,5,4,3,543
17059,Individual,52,2,123.96,5,4,3,543
17072,Individual,65,2,123.96,5,4,3,543
17708,Individual,10,2,122.96,5,4,3,543
12304,Individual,32,2,123.45,5,4,3,543
11023,Individual,15,2,122.24,5,4,3,543
19098,Individual,48,2,122.24,5,4,3,543
12064,Individual,62,2,122.42,5,4,3,543
18271,Individual,36,2,119.95,5,4,3,543
11791,Individual,59,2,119.98,5,4,3,543
19583,Individual,15,2,119.45,5,4,3,543
11981,Individual,1,2,119.76,5,4,3,543
11369,Individual,33,2,118.96,5,4,3,543
14557,Individual,6,2,117.96,5,4,3,543
19587,Individual,25,2,114.95,5,4,3,543
14057,Individual,9,2,114.96,5,4,3,543
14227,Individual,48,2,114.96,5,4,3,543
11361,Individual,66,2,114.96,5,4,3,543
16649,Individual,37,2,115.94,5,4,3,543
12311,Individual,39,2,116.43,5,4,3,543
14986,Individual,13,2,116.91,5,4,3,543
15794,Individual,33,2,113.97,5,4,3,543
12740,Individual,29,2,113.95,5,4,3,543
20745,Individual,5,2,113.95,5,4,3,543
11013,Individual,8,2,113.96,5,4,3,543
17296,Individual,25,2,113.96,5,4,3,543
11236,Individual,23,2,113.96,5,4,3,543
17067,Individual,39,2,113.96,5,4,3,543
16300,Individual,40,2,111.95,5,4,3,543
11685,Individual,47,2,110.92,5,4,3,543
19569,Individual,72,2,112.24,5,4,3,543
19624,Individual,13,2,112.75,5,4,3,543
20087,Individual,25,2,112.76,5,4,3,543
14545,Individual,15,2,112.96,5,4,3,543
17657,Individual,26,2,113.24,5,4,3,543
16486,Individual,28,2,113.24,5,4,3,543
19026,Individual,70,2,113.24,5,4,3,543
11974,Individual,55,2,113.45,5,4,3,543
11676,Individual,51,2,91.28,5,4,2,542
11667,Individual,41,2,91.28,5,4,2,542
15231,Individual,14,2,90.75,5,4,2,542
11957,Individual,21,2,91.25,5,4,2,542
16710,Individual,33,2,91.26,5,4,2,542
19578,Individual,54,2,91.26,5,4,2,542
17234,Individual,53,2,91.26,5,4,2,542
19585,Individual,1,2,89.46,5,4,2,542
11985,Individual,24,2,89.98,5,4,2,542
13962,Individual,9,2,90.21,5,4,2,542
14669,Individual,60,2,90.25,5,4,2,542
17323,Individual,45,2,84.96,5,4,2,542
11851,Individual,55,2,84.99,5,4,2,542
12070,Individual,34,2,84.99,5,4,2,542
13612,Individual,34,2,83.95,5,4,2,542
13665,Individual,15,2,83.95,5,4,2,542
17058,Individual,50,2,83.98,5,4,2,542
17253,Individual,8,2,83.98,5,4,2,542
16038,Individual,50,2,84.25,5,4,2,542
14222,Individual,46,2,82.26,5,4,2,542
18156,Individual,35,2,82.26,5,4,2,542
12148,Individual,30,2,82.93,5,4,2,542
12149,Individual,21,2,82.93,5,4,2,542
11878,Individual,48,2,82.93,5,4,2,542
12955,Individual,16,2,83.97,5,4,2,542
12961,Individual,12,2,83.97,5,4,2,542
15919,Individual,36,2,83.97,5,4,2,542
12973,Individual,36,2,83.97,5,4,2,542
12098,Individual,49,2,83.97,5,4,2,542
16182,Individual,41,2,83.97,5,4,2,542
11119,Individual,67,2,85.22,5,4,2,542
18711,Individual,19,2,86.21,5,4,2,542
13534,Individual,58,2,86.24,5,4,2,542
12864,Individual,46,2,86.24,5,4,2,542
12776,Individual,8,2,86.26,5,4,2,542
11367,Individual,65,2,86.26,5,4,2,542
17239,Individual,8,2,86.27,5,4,2,542
17057,Individual,20,2,86.27,5,4,2,542
18720,Individual,36,2,86.27,5,4,2,542
18727,Individual,38,2,86.27,5,4,2,542
15186,Individual,24,2,86.76,5,4,2,542
12550,Individual,51,2,86.75,5,4,2,542
11801,Individual,29,2,87.28,5,4,2,542
12062,Individual,16,2,87.28,5,4,2,542
14679,Individual,14,2,87.96,5,4,2,542
11166,Individual,54,2,87.96,5,4,2,542
15607,Individual,21,2,88.46,5,4,2,542
18719,Individual,20,2,88.97,5,4,2,542
18330,Individual,24,2,88.97,5,4,2,542
13023,Individual,30,2,88.96,5,4,2,542
12366,Individual,63,2,88.96,5,4,2,542
22014,Individual,21,2,80.20,5,4,2,542
19525,Individual,26,2,80.21,5,4,2,542
17757,Individual,70,2,79.97,5,4,2,542
16190,Individual,57,2,79.25,5,4,2,542
19100,Individual,34,2,79.26,5,4,2,542
12319,Individual,57,2,79.47,5,4,2,542
15599,Individual,31,2,81.24,5,4,2,542
11182,Individual,24,2,81.26,5,4,2,542
14677,Individual,34,2,81.26,5,4,2,542
11229,Individual,4,2,81.26,5,4,2,542
11188,Individual,8,2,81.26,5,4,2,542
15125,Individual,56,2,81.26,5,4,2,542
15123,Individual,67,2,81.26,5,4,2,542
17706,Individual,30,2,77.91,5,4,2,542
12596,Individual,19,2,77.96,5,4,2,542
19086,Individual,6,2,78.26,5,4,2,542
18745,Individual,51,2,78.26,5,4,2,542
17314,Individual,47,2,78.96,5,4,2,542
15263,Individual,3,2,78.96,5,4,2,542
17311,Individual,11,2,78.96,5,4,2,542
12336,Individual,44,2,78.98,5,4,2,542
11138,Individual,29,2,78.97,5,4,2,542
16611,Individual,62,2,75.53,5,4,2,542
16618,Individual,59,2,76.15,5,4,2,542
15690,Individual,17,2,76.57,5,4,2,542
19870,Individual,53,2,77.25,5,4,2,542
13969,Individual,49,2,77.27,5,4,2,542
11228,Individual,12,2,77.27,5,4,2,542
11636,Individual,11,2,77.27,5,4,2,542
11656,Individual,17,2,77.27,5,4,2,542
11633,Individual,15,2,77.27,5,4,2,542
18172,Individual,4,2,77.27,5,4,2,542
14321,Individual,4,2,77.27,5,4,2,542
11794,Individual,1,2,77.27,5,4,2,542
11310,Individual,36,2,77.27,5,4,2,542
12587,Individual,35,2,77.27,5,4,2,542
13972,Individual,35,2,77.27,5,4,2,542
11371,Individual,32,2,74.98,5,4,2,542
14228,Individual,21,2,74.98,5,4,2,542
17301,Individual,62,2,74.98,5,4,2,542
11795,Individual,65,2,74.98,5,4,2,542
12551,Individual,12,2,75.47,5,4,2,542
20222,Individual,42,2,74.45,5,4,2,542
16030,Individual,9,2,73.54,5,4,2,542
15240,Individual,49,2,73.96,5,4,2,542
11859,Individual,59,2,72.28,5,4,2,542
15224,Individual,65,2,71.92,5,4,2,542
20096,Individual,41,2,71.46,5,4,2,542
12519,Individual,17,2,71.48,5,4,2,542
16179,Individual,69,2,72.16,5,4,2,542
11874,Individual,11,2,72.21,5,4,2,542
11940,Individual,35,2,69.99,5,4,2,542
14086,Individual,9,2,70.15,5,4,2,542
15720,Individual,65,2,70.22,5,4,2,542
15615,Individual,32,2,70.24,5,4,2,542
16175,Individual,3,2,70.25,5,4,2,542
15807,Individual,47,2,70.57,5,4,2,542
16919,Individual,38,2,70.95,5,4,2,542
14988,Individual,29,2,71.27,5,4,2,542
19411,Individual,21,2,69.97,5,4,2,542
12836,Individual,64,2,68.46,5,4,2,542
15119,Individual,48,2,68.87,5,4,2,542
15212,Individual,39,2,68.96,5,4,2,542
16605,Individual,37,2,66.26,5,4,2,542
15594,Individual,12,2,66.26,5,4,2,542
18267,Individual,58,2,64.98,5,4,2,542
11972,Individual,38,2,65.25,5,4,2,542
19150,Individual,22,2,65.95,5,4,2,542
13149,Individual,62,2,64.97,5,4,2,542
15803,Individual,71,2,66.26,5,4,2,542
16443,Individual,6,2,66.95,5,4,2,542
12611,Individual,56,2,67.46,5,4,2,542
12326,Individual,60,2,63.98,5,4,2,542
12730,Individual,38,2,64.90,5,4,2,542
12601,Individual,15,2,64.90,5,4,2,542
15141,Individual,36,2,63.97,5,4,2,542
15602,Individual,45,2,63.97,5,4,2,542
15718,Individual,41,2,63.97,5,4,2,542
20084,Individual,61,2,63.15,5,4,2,542
15584,Individual,34,2,62.27,5,4,2,542
17304,Individual,31,2,62.27,5,4,2,542
11503,Individual,52,2,61.78,5,4,2,542
16043,Individual,54,2,61.96,5,4,2,542
15634,Individual,58,2,61.96,5,4,2,542
16264,Individual,66,2,61.96,5,4,2,542
14019,Individual,25,2,61.58,5,4,2,542
19617,Individual,38,2,61.75,5,4,2,542
19582,Individual,5,2,61.75,5,4,2,542
19573,Individual,11,2,57.76,5,4,2,542
18604,Individual,43,2,59.25,5,4,2,542
19603,Individual,21,2,59.46,5,4,2,542
19597,Individual,30,2,59.46,5,4,2,542
15796,Individual,26,2,59.98,5,4,2,542
13157,Individual,23,2,59.98,5,4,2,542
14999,Individual,23,2,57.51,5,4,2,542
15449,Individual,33,2,49.56,5,4,2,542
11220,Individual,47,2,50.23,5,4,2,542
11655,Individual,58,2,50.23,5,4,2,542
12040,Individual,23,2,51.27,5,4,2,542
12205,Individual,30,2,51.27,5,4,2,542
18178,Individual,1,2,51.46,5,4,2,542
16035,Individual,5,2,51.46,5,4,2,542
11927,Individual,1,2,51.94,5,4,2,542
12592,Individual,53,2,51.96,5,4,2,542
18535,Individual,4,2,51.97,5,4,2,542
16571,Individual,46,2,52.92,5,4,2,542
15448,Individual,27,2,52.93,5,4,2,542
11230,Individual,51,2,54.22,5,4,2,542
19000,Individual,13,2,54.26,5,4,2,542
16930,Individual,27,2,54.42,5,4,2,542
11314,Individual,57,2,47.53,5,4,2,542
16460,Individual,67,2,47.26,5,4,2,542
11928,Individual,47,2,47.94,5,4,2,542
19953,Individual,23,2,48.45,5,4,2,542
11143,Individual,41,2,48.56,5,4,2,542
12602,Individual,34,2,45.26,5,4,2,542
13412,Individual,40,2,45.26,5,4,2,542
11190,Individual,13,2,46.27,5,4,2,542
12093,Individual,7,2,46.28,5,4,2,542
17375,Individual,26,2,46.47,5,4,2,542
12871,Individual,8,2,48.96,5,4,2,542
12893,Individual,46,2,48.98,5,4,2,542
15217,Individual,64,2,41.26,5,4,2,542
11186,Individual,22,2,41.28,5,4,2,542
14859,Individual,17,2,40.26,5,4,2,542
15020,Individual,71,2,40.26,5,4,2,542
15791,Individual,58,2,42.26,5,4,2,542
11315,Individual,43,2,42.28,5,4,2,542
11644,Individual,24,2,42.28,5,4,2,542
11309,Individual,24,2,42.28,5,4,2,542
11294,Individual,26,2,42.28,5,4,2,542
11877,Individual,32,2,42.95,5,4,2,542
11938,Individual,20,2,42.95,5,4,2,542
11923,Individual,20,2,42.95,5,4,2,542
12157,Individual,61,2,42.95,5,4,2,542
21703,Individual,25,2,43.96,5,4,2,542
12957,Individual,33,2,43.99,5,4,2,542
15052,Individual,64,2,44.57,5,4,2,542
11313,Individual,64,2,44.57,5,4,2,542
11532,Individual,33,2,44.57,5,4,2,542
16926,Individual,40,2,44.95,5,4,2,542
16542,Individual,34,2,44.97,5,4,2,542
16574,Individual,64,2,44.97,5,4,2,542
20756,Individual,67,2,34.56,5,4,1,541
17642,Individual,47,2,32.95,5,4,1,541
16187,Individual,67,2,34.92,5,4,1,541
17839,Individual,42,2,34.97,5,4,1,541
19807,Individual,67,2,35.47,5,4,1,541
15437,Individual,13,2,37.27,5,4,1,541
15464,Individual,46,2,37.27,5,4,1,541
11209,Individual,7,2,37.29,5,4,1,541
11533,Individual,19,2,37.29,5,4,1,541
16346,Individual,37,2,37.55,5,4,1,541
15713,Individual,62,2,37.59,5,4,1,541
14853,Individual,58,2,37.97,5,4,1,541
12594,Individual,44,2,37.98,5,4,1,541
16927,Individual,1,2,38.92,5,4,1,541
15605,Individual,67,2,39.97,5,4,1,541
15021,Individual,69,2,38.98,5,4,1,541
17319,Individual,43,2,38.98,5,4,1,541
18730,Individual,25,2,39.25,5,4,1,541
19952,Individual,51,2,39.46,5,4,1,541
21238,Individual,11,2,39.55,5,4,1,541
17880,Individual,35,2,39.55,5,4,1,541
11218,Individual,25,2,39.58,5,4,1,541
11219,Individual,5,2,39.58,5,4,1,541
16402,Individual,1,2,9.98,5,4,1,541
16467,Individual,14,2,12.27,5,4,1,541
12646,Individual,29,2,13.98,5,4,1,541
18742,Individual,18,2,24.27,5,4,1,541
19091,Individual,28,2,24.27,5,4,1,541
18734,Individual,67,2,24.27,5,4,1,541
18304,Individual,28,2,26.56,5,4,1,541
16191,Individual,31,2,26.97,5,4,1,541
16251,Individual,42,2,26.97,5,4,1,541
18744,Individual,37,2,32.22,5,4,1,541
18789,Individual,39,1,2294.99,5,1,4,514
18436,Individual,47,1,2294.99,5,1,4,514
21833,Individual,51,1,2294.99,5,1,4,514
25770,Individual,36,1,2294.99,5,1,4,514
21527,Individual,34,1,2294.99,5,1,4,514
13852,Individual,62,1,2294.99,5,1,4,514
18592,Individual,61,1,2294.99,5,1,4,514
18840,Individual,61,1,2294.99,5,1,4,514
18393,Individual,58,1,2294.99,5,1,4,514
18537,Individual,54,1,2294.99,5,1,4,514
18610,Individual,34,1,2297.28,5,1,4,514
18394,Individual,44,1,2297.28,5,1,4,514
22824,Individual,46,1,2304.98,5,1,4,514
18386,Individual,50,1,2309.97,5,1,4,514
22797,Individual,40,1,2309.97,5,1,4,514
23621,Individual,43,1,2309.97,5,1,4,514
25777,Individual,55,1,2309.97,5,1,4,514
17362,Individual,66,1,2309.97,5,1,4,514
18442,Individual,45,1,2312.26,5,1,4,514
18894,Individual,46,1,2316.97,5,1,4,514
17524,Individual,69,1,2316.97,5,1,4,514
18526,Individual,36,1,2317.92,5,1,4,514
18403,Individual,34,1,2318.96,5,1,4,514
18582,Individual,43,1,2318.96,5,1,4,514
18481,Individual,56,1,2318.96,5,1,4,514
24841,Individual,43,1,2319.26,5,1,4,514
18818,Individual,40,1,2319.26,5,1,4,514
18412,Individual,40,1,2319.99,5,1,4,514
18614,Individual,40,1,2319.99,5,1,4,514
21537,Individual,51,1,2319.99,5,1,4,514
18643,Individual,49,1,2319.99,5,1,4,514
18538,Individual,37,1,2319.99,5,1,4,514
11512,Individual,32,1,2319.99,5,1,4,514
18351,Individual,67,1,2319.99,5,1,4,514
16989,Individual,64,1,2319.99,5,1,4,514
18527,Individual,61,1,2319.99,5,1,4,514
17268,Individual,72,1,2319.99,5,1,4,514
13398,Individual,69,1,2322.28,5,1,4,514
18882,Individual,64,1,2322.28,5,1,4,514
18418,Individual,32,1,2322.28,5,1,4,514
18586,Individual,34,1,2322.28,5,1,4,514
21828,Individual,49,1,2322.28,5,1,4,514
17508,Individual,68,1,2324.92,5,1,4,514
17264,Individual,69,1,2325.96,5,1,4,514
16968,Individual,72,1,2325.96,5,1,4,514
18594,Individual,44,1,2325.96,5,1,4,514
18922,Individual,62,1,2326.96,5,1,4,514
21542,Individual,52,1,2329.98,5,1,4,514
25786,Individual,43,1,2329.98,5,1,4,514
18497,Individual,50,1,2329.98,5,1,4,514
13853,Individual,47,1,2329.98,5,1,4,514
18876,Individual,45,1,2329.98,5,1,4,514
18827,Individual,33,1,2329.98,5,1,4,514
13987,Individual,36,1,2329.99,5,1,4,514
18480,Individual,42,1,2329.99,5,1,4,514
17401,Individual,64,1,2329.99,5,1,4,514
13370,Individual,72,1,2329.99,5,1,4,514
17002,Individual,72,1,2331.95,5,1,4,514
18864,Individual,55,1,2331.95,5,1,4,514
18428,Individual,52,1,2332.28,5,1,4,514
17017,Individual,62,1,2332.28,5,1,4,514
26406,Individual,43,1,2334.46,5,1,4,514
18427,Individual,49,1,2334.46,5,1,4,514
27951,Individual,46,1,2334.97,5,1,4,514
18615,Individual,47,1,2334.97,5,1,4,514
18951,Individual,63,1,2334.97,5,1,4,514
17592,Individual,67,1,2334.97,5,1,4,514
18399,Individual,57,1,2334.97,5,1,4,514
22836,Individual,52,1,2334.98,5,1,4,514
18804,Individual,44,1,1810.46,5,1,4,514
18858,Individual,41,1,1810.46,5,1,4,514
22637,Individual,55,1,1714.97,5,1,4,514
18608,Individual,65,1,1714.97,5,1,4,514
27305,Individual,45,1,1714.97,5,1,4,514
18362,Individual,60,1,1725.21,5,1,4,514
19131,Individual,48,1,1725.48,5,1,4,514
18914,Individual,48,1,1725.98,5,1,4,514
22635,Individual,50,1,1728.27,5,1,4,514
19109,Individual,45,1,1728.27,5,1,4,514
26829,Individual,36,1,1728.27,5,1,4,514
19156,Individual,52,1,1728.27,5,1,4,514
26867,Individual,57,1,1728.27,5,1,4,514
18790,Individual,72,1,1728.27,5,1,4,514
18616,Individual,64,1,1729.97,5,1,4,514
19002,Individual,50,1,1729.97,5,1,4,514
19120,Individual,48,1,1729.97,5,1,4,514
26958,Individual,37,1,1732.26,5,1,4,514
22526,Individual,71,1,1732.26,5,1,4,514
19157,Individual,34,1,1700.99,5,1,4,514
18866,Individual,48,1,1700.99,5,1,4,514
19133,Individual,49,1,1700.99,5,1,4,514
22636,Individual,37,1,1700.99,5,1,4,514
18363,Individual,40,1,1700.99,5,1,4,514
22566,Individual,64,1,1700.99,5,1,4,514
18639,Individual,64,1,1700.99,5,1,4,514
19108,Individual,52,1,1700.99,5,1,4,514
22618,Individual,54,1,1700.99,5,1,4,514
17858,Individual,71,1,1700.99,5,1,4,514
18679,Individual,70,1,1700.99,5,1,4,514
18869,Individual,60,1,1735.98,5,1,4,514
18089,Individual,61,1,1735.98,5,1,4,514
18655,Individual,62,1,1735.98,5,1,4,514
22616,Individual,62,1,1735.98,5,1,4,514
19125,Individual,59,1,1735.98,5,1,4,514
18051,Individual,58,1,1735.98,5,1,4,514
18525,Individual,54,1,1735.98,5,1,4,514
18856,Individual,37,1,1735.98,5,1,4,514
18857,Individual,40,1,1735.98,5,1,4,514
18324,Individual,42,1,1735.98,5,1,4,514
21291,Individual,41,1,1735.98,5,1,4,514
21297,Individual,44,1,1735.98,5,1,4,514
22600,Individual,44,1,1735.98,5,1,4,514
19158,Individual,48,1,1735.98,5,1,4,514
19137,Individual,48,1,1735.98,5,1,4,514
22604,Individual,48,1,1735.98,5,1,4,514
18103,Individual,50,1,1735.98,5,1,4,514
19114,Individual,36,1,1735.98,5,1,4,514
25660,Individual,72,1,1735.98,5,1,4,514
22586,Individual,64,1,1739.46,5,1,4,514
26363,Individual,72,1,1744.97,5,1,4,514
26983,Individual,33,1,1744.97,5,1,4,514
22608,Individual,43,1,1744.97,5,1,4,514
18979,Individual,51,1,1749.96,5,1,4,514
17861,Individual,67,1,1749.96,5,1,4,514
17655,Individual,66,1,1750.98,5,1,4,514
26354,Individual,66,1,1750.98,5,1,4,514
18607,Individual,64,1,1750.98,5,1,4,514
18563,Individual,65,1,1750.98,5,1,4,514
18118,Individual,61,1,1750.98,5,1,4,514
18976,Individual,60,1,1750.98,5,1,4,514
18803,Individual,54,1,1750.98,5,1,4,514
18980,Individual,54,1,1750.98,5,1,4,514
18867,Individual,57,1,1750.98,5,1,4,514
18091,Individual,55,1,1750.98,5,1,4,514
22605,Individual,48,1,1750.98,5,1,4,514
19148,Individual,46,1,1750.98,5,1,4,514
19016,Individual,46,1,1750.98,5,1,4,514
19117,Individual,42,1,1750.98,5,1,4,514
18854,Individual,41,1,1754.98,5,1,4,514
18368,Individual,41,1,1754.98,5,1,4,514
18999,Individual,48,1,1754.98,5,1,4,514
19124,Individual,36,1,1754.98,5,1,4,514
22602,Individual,53,1,1754.98,5,1,4,514
18955,Individual,61,1,1754.98,5,1,4,514
18868,Individual,61,1,1759.97,5,1,4,514
26957,Individual,49,1,1759.97,5,1,4,514
18372,Individual,48,1,1760.47,5,1,4,514
18638,Individual,68,1,1760.47,5,1,4,514
19008,Individual,56,1,1760.47,5,1,4,514
21293,Individual,43,1,1763.97,5,1,4,514
19003,Individual,38,1,1764.96,5,1,4,514
19119,Individual,46,1,1764.96,5,1,4,514
19146,Individual,35,1,1764.96,5,1,4,514
19004,Individual,33,1,1764.96,5,1,4,514
19112,Individual,33,1,1764.96,5,1,4,514
26984,Individual,53,1,1764.96,5,1,4,514
22611,Individual,66,1,1775.47,5,1,4,514
18792,Individual,66,1,1775.47,5,1,4,514
27319,Individual,35,1,1775.47,5,1,4,514
22634,Individual,37,1,1775.47,5,1,4,514
26404,Individual,38,1,1775.47,5,1,4,514
18865,Individual,48,1,1779.47,5,1,4,514
18982,Individual,58,1,1783.96,5,1,4,514
18998,Individual,54,1,1784.96,5,1,4,514
18806,Individual,60,1,1785.97,5,1,4,514
18565,Individual,68,1,1789.45,5,1,4,514
18092,Individual,58,1,1789.45,5,1,4,514
17865,Individual,62,1,1789.97,5,1,4,514
18802,Individual,64,1,1793.47,5,1,4,514
28102,Individual,33,1,1299.83,5,1,4,514
25649,Individual,64,1,1264.84,5,1,4,514
27180,Individual,61,1,1268.84,5,1,4,514
25700,Individual,46,1,1268.84,5,1,4,514
19205,Individual,46,1,1249.84,5,1,4,514
28091,Individual,65,1,1249.84,5,1,4,514
25493,Individual,48,1,1243.44,5,1,4,514
21930,Individual,48,1,1233.96,5,1,4,514
25693,Individual,47,1,1236.78,5,1,4,514
27161,Individual,62,1,1236.78,5,1,4,514
25694,Individual,59,1,1223.84,5,1,4,514
23799,Individual,48,1,1228.83,5,1,4,514
27169,Individual,57,1,1214.85,5,1,4,514
28103,Individual,48,1,1214.85,5,1,4,514
22152,Individual,53,1,1205.47,5,1,4,514
21685,Individual,64,1,1205.47,5,1,4,514
21723,Individual,68,1,1205.47,5,1,4,514
27590,Individual,37,1,1189.46,5,1,4,514
28702,Individual,72,1,1193.45,5,1,4,514
27694,Individual,42,1,1184.46,5,1,4,514
22137,Individual,55,1,1184.46,5,1,4,514
21920,Individual,66,1,1184.46,5,1,4,514
22245,Individual,52,1,1188.46,5,1,4,514
25585,Individual,34,1,1188.46,5,1,4,514
21436,Individual,34,1,1193.95,5,1,4,514
21926,Individual,52,1,1198.97,5,1,4,514
21746,Individual,69,1,1174.48,5,1,4,514
25448,Individual,71,1,1174.48,5,1,4,514
27696,Individual,53,1,1183.47,5,1,4,514
21929,Individual,55,1,1183.47,5,1,4,514
27589,Individual,59,1,1183.47,5,1,4,514
21434,Individual,34,1,1183.47,5,1,4,514
27687,Individual,38,1,1183.47,5,1,4,514
22188,Individual,40,1,1179.97,5,1,4,514
22220,Individual,34,1,1179.97,5,1,4,514
22236,Individual,33,1,1179.97,5,1,4,514
27698,Individual,52,1,1179.97,5,1,4,514
25582,Individual,54,1,1164.47,5,1,4,514
20955,Individual,57,1,1164.47,5,1,4,514
21932,Individual,43,1,1158.46,5,1,4,514
27713,Individual,52,1,1158.96,5,1,4,514
21695,Individual,63,1,1169.46,5,1,4,514
25572,Individual,65,1,1169.46,5,1,4,514
25603,Individual,43,1,1169.46,5,1,4,514
25584,Individual,48,1,1169.46,5,1,4,514
28741,Individual,45,1,1169.46,5,1,4,514
21435,Individual,42,1,1170.48,5,1,4,514
21643,Individual,65,1,1170.48,5,1,4,514
22246,Individual,58,1,1170.48,5,1,4,514
22243,Individual,56,1,1170.48,5,1,4,514
21928,Individual,52,1,1170.48,5,1,4,514
21941,Individual,59,1,1174.48,5,1,4,514
28564,Individual,62,1,1174.48,5,1,4,514
22111,Individual,59,1,1174.48,5,1,4,514
21429,Individual,42,1,1174.48,5,1,4,514
25604,Individual,43,1,1174.48,5,1,4,514
22391,Individual,44,1,1174.48,5,1,4,514
22186,Individual,37,1,1174.48,5,1,4,514
25502,Individual,45,1,1174.48,5,1,4,514
21910,Individual,46,1,1174.48,5,1,4,514
25636,Individual,50,1,1174.48,5,1,4,514
25599,Individual,49,1,1174.48,5,1,4,514
22253,Individual,32,1,1174.48,5,1,4,514
22318,Individual,34,1,1174.48,5,1,4,514
27712,Individual,34,1,1174.48,5,1,4,514
21100,Individual,49,1,1178.45,5,1,4,514
21532,Individual,37,1,2399.95,5,1,4,514
17563,Individual,71,1,2397.91,5,1,4,514
18782,Individual,42,1,2397.91,5,1,4,514
13918,Individual,44,1,2397.95,5,1,4,514
23667,Individual,38,1,2398.05,5,1,4,514
23612,Individual,48,1,2395.96,5,1,4,514
18413,Individual,36,1,2395.96,5,1,4,514
18515,Individual,45,1,2396.94,5,1,4,514
18611,Individual,55,1,2391.94,5,1,4,514
18860,Individual,54,1,2394.97,5,1,4,514
18824,Individual,61,1,2394.97,5,1,4,514
18435,Individual,53,1,2376.96,5,1,4,514
17141,Individual,62,1,2376.96,5,1,4,514
17594,Individual,63,1,2376.96,5,1,4,514
17453,Individual,65,1,2376.96,5,1,4,514
17536,Individual,66,1,2376.96,5,1,4,514
18838,Individual,43,1,2376.96,5,1,4,514
18518,Individual,38,1,2379.95,5,1,4,514
18441,Individual,48,1,2380.47,5,1,4,514
16912,Individual,64,1,2380.47,5,1,4,514
18478,Individual,53,1,2380.47,5,1,4,514
17135,Individual,70,1,2379.47,5,1,4,514
18566,Individual,45,1,2379.48,5,1,4,514
18528,Individual,55,1,2381.94,5,1,4,514
27871,Individual,37,1,2384.07,5,1,4,514
25463,Individual,34,1,2384.07,5,1,4,514
17446,Individual,62,1,2384.96,5,1,4,514
18514,Individual,53,1,2389.96,5,1,4,514
18561,Individual,33,1,2389.96,5,1,4,514
18878,Individual,59,1,2390.95,5,1,4,514
29392,Individual,52,1,2393.06,5,1,4,514
27872,Individual,43,1,2393.06,5,1,4,514
25084,Individual,48,1,2393.06,5,1,4,514
27324,Individual,51,1,2364.97,5,1,4,514
22803,Individual,40,1,2364.98,5,1,4,514
18519,Individual,53,1,2362.27,5,1,4,514
18426,Individual,35,1,2362.27,5,1,4,514
18781,Individual,34,1,2362.27,5,1,4,514
18783,Individual,34,1,2362.27,5,1,4,514
18560,Individual,55,1,2366.96,5,1,4,514
18849,Individual,57,1,2366.96,5,1,4,514
13878,Individual,45,1,2366.96,5,1,4,514
18406,Individual,36,1,2354.99,5,1,4,514
17417,Individual,67,1,2354.99,5,1,4,514
18539,Individual,34,1,2356.95,5,1,4,514
18817,Individual,36,1,2357.28,5,1,4,514
16983,Individual,67,1,2357.28,5,1,4,514
18381,Individual,51,1,2359.46,5,1,4,514
18508,Individual,47,1,2359.96,5,1,4,514
18881,Individual,37,1,2359.98,5,1,4,514
22800,Individual,52,1,2359.98,5,1,4,514
18437,Individual,57,1,2359.98,5,1,4,514
21835,Individual,51,1,2360.95,5,1,4,514
16914,Individual,62,1,2361.95,5,1,4,514
21538,Individual,40,1,2369.96,5,1,4,514
21506,Individual,42,1,2369.96,5,1,4,514
18416,Individual,56,1,2369.96,5,1,4,514
18376,Individual,44,1,2369.97,5,1,4,514
17420,Individual,68,1,2370.22,5,1,4,514
17475,Individual,67,1,2370.96,5,1,4,514
17427,Individual,66,1,2371.96,5,1,4,514
23603,Individual,42,1,2372.95,5,1,4,514
16915,Individual,62,1,2374.98,5,1,4,514
18395,Individual,54,1,2374.98,5,1,4,514
18850,Individual,55,1,2376.45,5,1,4,514
17005,Individual,69,1,2376.45,5,1,4,514
17421,Individual,68,1,2376.96,5,1,4,514
18832,Individual,48,1,2334.98,5,1,4,514
18388,Individual,41,1,2337.27,5,1,4,514
17591,Individual,63,1,2337.27,5,1,4,514
13706,Individual,62,1,2337.27,5,1,4,514
22816,Individual,47,1,2340.94,5,1,4,514
18513,Individual,55,1,2341.97,5,1,4,514
18460,Individual,55,1,2341.97,5,1,4,514
18429,Individual,51,1,2341.97,5,1,4,514
18613,Individual,44,1,2341.97,5,1,4,514
17553,Individual,68,1,2342.92,5,1,4,514
18819,Individual,55,1,2344.96,5,1,4,514
23605,Individual,61,1,2344.96,5,1,4,514
18375,Individual,40,1,2344.96,5,1,4,514
18532,Individual,44,1,2345.22,5,1,4,514
18432,Individual,53,1,2350.96,5,1,4,514
18785,Individual,62,1,2350.96,5,1,4,514
18398,Individual,50,1,2350.96,5,1,4,514
18512,Individual,54,1,2349.98,5,1,4,514
18578,Individual,50,1,2351.96,5,1,4,514
18581,Individual,48,1,2351.96,5,1,4,514
18479,Individual,42,1,2351.96,5,1,4,514
18547,Individual,36,1,2351.96,5,1,4,514
17612,Individual,66,1,2351.96,5,1,4,514
18422,Individual,52,1,2351.96,5,1,4,514
18788,Individual,69,1,2351.96,5,1,4,514
19710,Individual,71,1,2351.96,5,1,4,514
17364,Individual,72,1,2351.96,5,1,4,514
18862,Individual,56,1,2354.47,5,1,4,514
18829,Individual,57,1,2354.98,5,1,4,514
26388,Individual,52,1,2354.98,5,1,4,514
20553,Individual,66,1,2354.98,5,1,4,514
21505,Individual,60,1,2354.98,5,1,4,514
21827,Individual,41,1,2354.98,5,1,4,514
22810,Individual,38,1,2354.98,5,1,4,514
13916,Individual,46,1,2354.98,5,1,4,514
24997,Individual,41,1,2438.06,5,1,4,514
25008,Individual,41,1,2438.06,5,1,4,514
25038,Individual,33,1,2438.06,5,1,4,514
26823,Individual,47,1,2419.06,5,1,4,514
25077,Individual,46,1,2419.06,5,1,4,514
25014,Individual,50,1,2419.06,5,1,4,514
25042,Individual,39,1,2419.06,5,1,4,514
25063,Individual,55,1,2419.06,5,1,4,514
29366,Individual,70,1,2419.06,5,1,4,514
25320,Individual,69,1,2419.06,5,1,4,514
29367,Individual,69,1,2419.06,5,1,4,514
18831,Individual,34,1,2419.46,5,1,4,514
25457,Individual,50,1,2420.34,5,1,4,514
25319,Individual,69,1,2420.34,5,1,4,514
25040,Individual,58,1,2420.34,5,1,4,514
29369,Individual,47,1,2422.54,5,1,4,514
22817,Individual,47,1,2400.93,5,1,4,514
18540,Individual,35,1,2401.45,5,1,4,514
17013,Individual,72,1,2401.45,5,1,4,514
17006,Individual,68,1,2404.46,5,1,4,514
18516,Individual,34,1,2404.91,5,1,4,514
24560,Individual,40,1,2404.97,5,1,4,514
18533,Individual,37,1,2405.47,5,1,4,514
18400,Individual,32,1,2409.95,5,1,4,514
18808,Individual,43,1,2411.94,5,1,4,514
20573,Individual,71,1,2414.99,5,1,4,514
18231,Individual,63,1,2414.99,5,1,4,514
18420,Individual,53,1,2414.99,5,1,4,514
18905,Individual,40,1,2416.43,5,1,4,514
18863,Individual,40,1,2414.97,5,1,4,514
25458,Individual,39,1,2413.06,5,1,4,514
25000,Individual,47,1,2418.05,5,1,4,514
20649,Individual,43,1,2487.89,5,1,4,514
18848,Individual,47,1,2496.27,5,1,4,514
25805,Individual,65,1,2501.31,5,1,4,514
26206,Individual,37,1,2478.34,5,1,4,514
24091,Individual,65,1,2478.34,5,1,4,514
18511,Individual,45,1,2465.93,5,1,4,514
20659,Individual,35,1,2466.32,5,1,4,514
18415,Individual,37,1,2454.98,5,1,4,514
16783,Individual,68,1,2457.33,5,1,4,514
20648,Individual,62,1,2457.33,5,1,4,514
20658,Individual,55,1,2457.33,5,1,4,514
25076,Individual,41,1,2469.05,5,1,4,514
25072,Individual,42,1,2469.05,5,1,4,514
25484,Individual,55,1,2469.05,5,1,4,514
25078,Individual,57,1,2473.04,5,1,4,514
25073,Individual,37,1,2473.05,5,1,4,514
25464,Individual,41,1,2453.04,5,1,4,514
25047,Individual,59,1,2448.04,5,1,4,514
18378,Individual,59,1,2439.99,5,1,4,514
26822,Individual,66,1,2442.03,5,1,4,514
16789,Individual,41,1,2443.35,5,1,4,514
26207,Individual,37,1,2443.35,5,1,4,514
26205,Individual,61,1,2451.30,5,1,4,514
16790,Individual,35,1,2564.92,5,1,4,514
25598,Individual,56,1,1151.76,5,1,3,513
25446,Individual,67,1,1151.76,5,1,3,513
21793,Individual,64,1,1155.48,5,1,3,513
21749,Individual,66,1,1155.48,5,1,3,513
20894,Individual,66,1,1155.48,5,1,3,513
21427,Individual,62,1,1155.48,5,1,3,513
27702,Individual,54,1,1155.48,5,1,3,513
21437,Individual,37,1,1136.76,5,1,3,513
20936,Individual,34,1,1134.47,5,1,3,513
22248,Individual,59,1,1134.47,5,1,3,513
21937,Individual,55,1,1134.47,5,1,3,513
25511,Individual,68,1,1134.47,5,1,3,513
21660,Individual,69,1,1134.47,5,1,3,513
27946,Individual,71,1,1143.46,5,1,3,513
21644,Individual,68,1,1145.48,5,1,3,513
27587,Individual,66,1,1145.48,5,1,3,513
28568,Individual,67,1,1145.48,5,1,3,513
21927,Individual,36,1,1145.48,5,1,3,513
22061,Individual,34,1,1145.48,5,1,3,513
20934,Individual,46,1,1145.48,5,1,3,513
25480,Individual,72,1,1120.49,5,1,3,513
21052,Individual,57,1,1120.49,5,1,3,513
20895,Individual,59,1,1120.49,5,1,3,513
27697,Individual,53,1,1120.49,5,1,3,513
21923,Individual,54,1,1120.49,5,1,3,513
21919,Individual,66,1,1120.49,5,1,3,513
21788,Individual,64,1,1120.49,5,1,3,513
21641,Individual,63,1,1120.49,5,1,3,513
27695,Individual,60,1,1120.49,5,1,3,513
21924,Individual,34,1,1120.49,5,1,3,513
22140,Individual,35,1,1120.49,5,1,3,513
22062,Individual,40,1,1120.49,5,1,3,513
20926,Individual,43,1,1120.49,5,1,3,513
20901,Individual,51,1,1120.49,5,1,3,513
20966,Individual,51,1,1120.49,5,1,3,513
21931,Individual,48,1,1120.49,5,1,3,513
18954,Individual,69,1,893.47,5,1,3,513
18956,Individual,39,1,848.47,5,1,3,513
15334,Individual,33,1,848.47,5,1,3,513
22619,Individual,48,1,819.48,5,1,3,513
15530,Individual,44,1,846.46,5,1,3,513
25489,Individual,34,1,1147.77,5,1,3,513
21411,Individual,63,1,1147.77,5,1,3,513
27715,Individual,53,1,1147.77,5,1,3,513
22229,Individual,56,1,1147.77,5,1,3,513
22241,Individual,49,1,1149.47,5,1,3,513
21428,Individual,68,1,1155.48,5,1,3,513
21785,Individual,68,1,1155.48,5,1,3,513
21596,Individual,69,1,1155.48,5,1,3,513
27714,Individual,48,1,1155.48,5,1,3,513
25501,Individual,48,1,1155.48,5,1,3,513
27743,Individual,51,1,1155.48,5,1,3,513
28752,Individual,47,1,1155.48,5,1,3,513
25578,Individual,47,1,1155.48,5,1,3,513
22221,Individual,46,1,1155.48,5,1,3,513
22036,Individual,44,1,1155.48,5,1,3,513
20905,Individual,41,1,1155.48,5,1,3,513
22235,Individual,41,1,1155.48,5,1,3,513
27699,Individual,41,1,1155.48,5,1,3,513
27723,Individual,40,1,1155.48,5,1,3,513
27701,Individual,40,1,1155.48,5,1,3,513
25577,Individual,34,1,1155.48,5,1,3,513
21672,Individual,34,1,1155.48,5,1,3,513
22218,Individual,36,1,1155.48,5,1,3,513
22238,Individual,33,1,1155.48,5,1,3,513
22617,Individual,44,1,806.76,5,1,3,513
22523,Individual,41,1,806.76,5,1,3,513
29381,Individual,37,1,811.32,5,1,3,513
27895,Individual,45,1,811.32,5,1,3,513
15323,Individual,70,1,804.47,5,1,3,513
27846,Individual,57,1,791.32,5,1,3,513
28368,Individual,32,1,791.32,5,1,3,513
28726,Individual,66,1,778.62,5,1,3,513
25365,Individual,56,1,780.82,5,1,3,513
27899,Individual,51,1,777.34,5,1,3,513
27881,Individual,44,1,777.34,5,1,3,513
27773,Individual,70,1,777.34,5,1,3,513
27854,Individual,58,1,750.30,5,1,3,513
25856,Individual,44,1,750.30,5,1,3,513
27898,Individual,47,1,751.34,5,1,3,513
27784,Individual,70,1,751.34,5,1,3,513
29375,Individual,35,1,756.33,5,1,3,513
29374,Individual,58,1,742.35,5,1,3,513
23833,Individual,63,1,722.77,5,1,3,513
23958,Individual,71,1,663.44,5,1,3,513
25525,Individual,65,1,663.44,5,1,3,513
23841,Individual,68,1,659.44,5,1,3,513
23871,Individual,50,1,673.97,5,1,3,513
16210,Individual,44,1,645.94,5,1,3,513
23233,Individual,34,1,639.95,5,1,3,513
29216,Individual,2,1,92.48,5,1,3,513
19457,Individual,47,1,92.48,5,1,3,513
14460,Individual,56,1,96.46,5,1,3,513
15076,Individual,42,1,96.46,5,1,3,513
12899,Individual,43,1,96.46,5,1,3,513
14252,Individual,40,1,96.46,5,1,3,513
24823,Individual,11,1,95.57,5,1,3,513
18985,Individual,68,1,94.48,5,1,3,513
28932,Individual,48,1,93.97,5,1,3,513
21362,Individual,10,1,93.97,5,1,3,513
15835,Individual,54,1,93.97,5,1,3,513
23702,Individual,7,1,93.49,5,1,3,513
27635,Individual,45,1,93.46,5,1,3,513
20532,Individual,51,1,93.46,5,1,3,513
27562,Individual,5,1,94.48,5,1,3,513
19980,Individual,13,1,94.48,5,1,3,513
28346,Individual,11,1,94.48,5,1,3,513
19635,Individual,64,1,94.48,5,1,3,513
19858,Individual,57,1,94.48,5,1,3,513
20313,Individual,58,1,94.48,5,1,3,513
23686,Individual,62,1,94.46,5,1,3,513
22757,Individual,13,1,94.46,5,1,3,513
23000,Individual,16,1,94.46,5,1,3,513
21735,Individual,33,1,94.46,5,1,3,513
22222,Individual,41,1,94.46,5,1,3,513
23091,Individual,66,1,97.96,5,1,3,513
24438,Individual,13,1,96.07,5,1,3,513
24408,Individual,63,1,96.07,5,1,3,513
15190,Individual,55,1,98.96,5,1,3,513
23971,Individual,53,1,98.96,5,1,3,513
16368,Individual,28,1,98.96,5,1,3,513
16922,Individual,7,1,98.96,5,1,3,513
15160,Individual,1,1,98.96,5,1,3,513
21395,Individual,24,1,98.97,5,1,3,513
21675,Individual,14,1,99.96,5,1,3,513
21296,Individual,13,1,99.96,5,1,3,513
25330,Individual,31,1,100.09,5,1,3,513
25200,Individual,35,1,100.09,5,1,3,513
24287,Individual,45,1,100.09,5,1,3,513
24657,Individual,63,1,100.09,5,1,3,513
28406,Individual,5,1,100.09,5,1,3,513
13390,Individual,30,1,99.94,5,1,3,513
22483,Individual,56,1,110.46,5,1,3,513
21080,Individual,19,1,110.46,5,1,3,513
26781,Individual,15,1,110.46,5,1,3,513
26907,Individual,67,1,108.46,5,1,3,513
23020,Individual,25,1,106.93,5,1,3,513
14361,Individual,23,1,106.96,5,1,3,513
13833,Individual,72,1,106.96,5,1,3,513
29100,Individual,61,1,102.96,5,1,3,513
23552,Individual,65,1,103.48,5,1,3,513
14621,Individual,40,1,103.48,5,1,3,513
18507,Individual,26,1,103.48,5,1,3,513
14551,Individual,40,1,111.96,5,1,3,513
25812,Individual,60,1,113.97,5,1,3,513
21792,Individual,60,1,114.46,5,1,3,513
16233,Individual,15,1,114.46,5,1,3,513
15383,Individual,10,1,114.46,5,1,3,513
18732,Individual,2,1,114.46,5,1,3,513
19377,Individual,9,1,115.92,5,1,3,513
13389,Individual,60,1,115.95,5,1,3,513
25346,Individual,18,1,114.96,5,1,3,513
15670,Individual,43,1,114.96,5,1,3,513
15650,Individual,46,1,114.96,5,1,3,513
21524,Individual,1,1,114.96,5,1,3,513
19385,Individual,59,1,116.95,5,1,3,513
26396,Individual,13,1,118.96,5,1,3,513
19486,Individual,13,1,118.96,5,1,3,513
25237,Individual,12,1,118.46,5,1,3,513
27480,Individual,6,1,118.96,5,1,3,513
22305,Individual,24,1,119.96,5,1,3,513
28616,Individual,57,1,120.00,5,1,3,513
28581,Individual,58,1,119.98,5,1,3,513
19893,Individual,1,1,119.98,5,1,3,513
19226,Individual,6,1,119.98,5,1,3,513
20144,Individual,31,1,120.46,5,1,3,513
13338,Individual,3,1,121.94,5,1,3,513
24964,Individual,12,1,121.57,5,1,3,513
21991,Individual,7,1,121.45,5,1,3,513
28466,Individual,21,1,119.98,5,1,3,513
15113,Individual,10,1,119.98,5,1,3,513
18891,Individual,29,1,119.98,5,1,3,513
18834,Individual,32,1,119.98,5,1,3,513
19840,Individual,32,1,119.98,5,1,3,513
19850,Individual,37,1,119.98,5,1,3,513
19234,Individual,49,1,119.98,5,1,3,513
19668,Individual,42,1,119.98,5,1,3,513
19236,Individual,41,1,119.98,5,1,3,513
16296,Individual,58,1,122.95,5,1,3,513
26282,Individual,41,1,123.95,5,1,3,513
21967,Individual,60,1,123.96,5,1,3,513
18503,Individual,4,1,123.98,5,1,3,513
26374,Individual,9,1,123.98,5,1,3,513
20404,Individual,18,1,124.99,5,1,3,513
14564,Individual,41,1,124.99,5,1,3,513
26427,Individual,70,1,123.98,5,1,3,513
19848,Individual,40,1,123.98,5,1,3,513
20762,Individual,45,1,123.98,5,1,3,513
26755,Individual,46,1,123.98,5,1,3,513
18965,Individual,10,1,123.98,5,1,3,513
27349,Individual,19,1,123.98,5,1,3,513
19885,Individual,31,1,123.98,5,1,3,513
22149,Individual,30,1,123.98,5,1,3,513
27516,Individual,27,1,123.98,5,1,3,513
26772,Individual,28,1,123.98,5,1,3,513
18941,Individual,35,1,123.98,5,1,3,513
24542,Individual,57,1,123.99,5,1,3,513
15574,Individual,22,1,127.28,5,1,3,513
17801,Individual,67,1,125.93,5,1,3,513
20737,Individual,8,1,128.97,5,1,3,513
27377,Individual,26,1,128.97,5,1,3,513
29072,Individual,36,1,128.97,5,1,3,513
26166,Individual,36,1,128.97,5,1,3,513
20276,Individual,24,1,128.97,5,1,3,513
18813,Individual,9,1,128.97,5,1,3,513
18920,Individual,11,1,128.97,5,1,3,513
19895,Individual,15,1,128.97,5,1,3,513
14690,Individual,40,1,128.97,5,1,3,513
20367,Individual,60,1,128.97,5,1,3,513
18993,Individual,52,1,128.97,5,1,3,513
18977,Individual,54,1,128.97,5,1,3,513
28634,Individual,6,1,126.95,5,1,3,513
26528,Individual,31,1,128.47,5,1,3,513
18774,Individual,3,1,132.97,5,1,3,513
18846,Individual,26,1,132.97,5,1,3,513
21740,Individual,15,1,131.44,5,1,3,513
21066,Individual,12,1,131.44,5,1,3,513
18887,Individual,33,1,133.49,5,1,3,513
20275,Individual,16,1,133.49,5,1,3,513
28357,Individual,42,1,133.49,5,1,3,513
18805,Individual,2,1,133.49,5,1,3,513
20201,Individual,1,1,133.49,5,1,3,513
13671,Individual,1,1,135.23,5,1,3,513
26613,Individual,10,1,138.96,5,1,3,513
14514,Individual,3,1,141.98,5,1,3,513
13323,Individual,47,1,141.98,5,1,3,513
22005,Individual,33,1,135.46,5,1,3,513
25551,Individual,46,1,143.78,5,1,3,513
20056,Individual,69,1,144.45,5,1,3,513
24631,Individual,71,1,146.06,5,1,3,513
20134,Individual,3,1,148.98,5,1,3,513
16576,Individual,23,1,149.46,5,1,3,513
19667,Individual,71,1,150.95,5,1,3,513
16303,Individual,3,1,149.98,5,1,3,513
24428,Individual,71,1,152.60,5,1,3,513
25189,Individual,28,1,152.60,5,1,3,513
14206,Individual,20,1,156.59,5,1,3,513
27733,Individual,48,1,157.29,5,1,3,513
22370,Individual,34,1,160.23,5,1,3,513
20953,Individual,72,1,162.99,5,1,3,513
22699,Individual,67,1,162.99,5,1,3,513
15738,Individual,44,1,166.28,5,1,3,513
28617,Individual,43,1,178.98,5,1,3,513
21777,Individual,66,1,180.98,5,1,3,513
21992,Individual,32,1,184.26,5,1,3,513
14575,Individual,6,1,185.97,5,1,3,513
24406,Individual,40,1,195.59,5,1,3,513
28024,Individual,12,1,194.72,5,1,3,513
23838,Individual,70,1,539.99,5,1,3,513
23480,Individual,70,1,539.99,5,1,3,513
23499,Individual,70,1,539.99,5,1,3,513
23840,Individual,68,1,539.99,5,1,3,513
27861,Individual,40,1,539.99,5,1,3,513
20013,Individual,37,1,539.99,5,1,3,513
23885,Individual,38,1,539.99,5,1,3,513
20753,Individual,39,1,539.99,5,1,3,513
25597,Individual,43,1,539.99,5,1,3,513
25596,Individual,43,1,539.99,5,1,3,513
25589,Individual,41,1,539.99,5,1,3,513
24291,Individual,51,1,539.99,5,1,3,513
28692,Individual,50,1,539.99,5,1,3,513
16128,Individual,47,1,539.99,5,1,3,513
24224,Individual,47,1,539.99,5,1,3,513
21386,Individual,34,1,539.99,5,1,3,513
24037,Individual,33,1,539.99,5,1,3,513
25587,Individual,36,1,539.99,5,1,3,513
20011,Individual,37,1,539.99,5,1,3,513
24387,Individual,35,1,539.99,5,1,3,513
27973,Individual,66,1,539.99,5,1,3,513
28120,Individual,54,1,539.99,5,1,3,513
23895,Individual,53,1,539.99,5,1,3,513
25575,Individual,57,1,539.99,5,1,3,513
23508,Individual,70,1,561.48,5,1,3,513
27984,Individual,62,1,561.48,5,1,3,513
20091,Individual,69,1,562.96,5,1,3,513
25309,Individual,65,1,562.96,5,1,3,513
23886,Individual,56,1,562.96,5,1,3,513
24029,Individual,59,1,562.96,5,1,3,513
24385,Individual,38,1,562.96,5,1,3,513
28511,Individual,39,1,562.96,5,1,3,513
24032,Individual,38,1,563.77,5,1,3,513
28527,Individual,39,1,563.77,5,1,3,513
28284,Individual,41,1,563.77,5,1,3,513
27817,Individual,43,1,563.77,5,1,3,513
24234,Individual,49,1,563.77,5,1,3,513
24231,Individual,35,1,563.77,5,1,3,513
28516,Individual,59,1,563.77,5,1,3,513
23844,Individual,66,1,563.77,5,1,3,513
20012,Individual,52,1,554.97,5,1,3,513
24326,Individual,43,1,556.26,5,1,3,513
23872,Individual,41,1,556.26,5,1,3,513
28477,Individual,56,1,548.98,5,1,3,513
28135,Individual,58,1,548.98,5,1,3,513
23887,Individual,57,1,548.98,5,1,3,513
23881,Individual,59,1,548.98,5,1,3,513
24331,Individual,59,1,548.98,5,1,3,513
28132,Individual,55,1,548.98,5,1,3,513
24321,Individual,54,1,548.98,5,1,3,513
20744,Individual,54,1,548.98,5,1,3,513
24873,Individual,63,1,548.98,5,1,3,513
22684,Individual,63,1,548.98,5,1,3,513
20090,Individual,62,1,548.98,5,1,3,513
23709,Individual,62,1,548.98,5,1,3,513
23493,Individual,68,1,548.98,5,1,3,513
25468,Individual,71,1,548.98,5,1,3,513
28069,Individual,63,1,553.97,5,1,3,513
24233,Individual,60,1,553.97,5,1,3,513
25552,Individual,54,1,553.97,5,1,3,513
24221,Individual,55,1,553.97,5,1,3,513
23880,Individual,56,1,553.97,5,1,3,513
27987,Individual,56,1,553.97,5,1,3,513
24327,Individual,35,1,548.98,5,1,3,513
25591,Individual,35,1,548.98,5,1,3,513
29344,Individual,34,1,548.98,5,1,3,513
23896,Individual,45,1,548.98,5,1,3,513
24336,Individual,42,1,548.98,5,1,3,513
27862,Individual,39,1,548.98,5,1,3,513
25595,Individual,39,1,553.97,5,1,3,513
24338,Individual,37,1,553.97,5,1,3,513
29343,Individual,41,1,553.97,5,1,3,513
24232,Individual,42,1,553.97,5,1,3,513
27986,Individual,51,1,553.97,5,1,3,513
20076,Individual,69,1,553.97,5,1,3,513
16215,Individual,38,1,617.91,5,1,3,513
22680,Individual,72,1,620.95,5,1,3,513
24056,Individual,59,1,628.97,5,1,3,513
23873,Individual,53,1,628.97,5,1,3,513
20078,Individual,69,1,628.97,5,1,3,513
16230,Individual,42,1,618.98,5,1,3,513
19995,Individual,69,1,618.98,5,1,3,513
23855,Individual,70,1,624.46,5,1,3,513
23870,Individual,39,1,624.95,5,1,3,513
24311,Individual,45,1,624.97,5,1,3,513
29001,Individual,56,1,624.97,5,1,3,513
20749,Individual,61,1,624.97,5,1,3,513
21054,Individual,47,1,625.47,5,1,3,513
29041,Individual,35,1,628.45,5,1,3,513
27818,Individual,33,1,607.96,5,1,3,513
24295,Individual,51,1,608.96,5,1,3,513
24400,Individual,45,1,608.96,5,1,3,513
24238,Individual,41,1,608.96,5,1,3,513
21385,Individual,42,1,608.96,5,1,3,513
24308,Individual,34,1,612.95,5,1,3,513
16124,Individual,72,1,614.45,5,1,3,513
16121,Individual,67,1,614.47,5,1,3,513
16216,Individual,55,1,614.47,5,1,3,513
27860,Individual,39,1,615.47,5,1,3,513
24356,Individual,38,1,615.47,5,1,3,513
24333,Individual,58,1,616.95,5,1,3,513
25583,Individual,47,1,583.97,5,1,3,513
25590,Individual,48,1,583.97,5,1,3,513
28387,Individual,72,1,583.97,5,1,3,513
25601,Individual,59,1,583.97,5,1,3,513
23589,Individual,72,1,588.96,5,1,3,513
16125,Individual,57,1,588.96,5,1,3,513
24239,Individual,58,1,588.96,5,1,3,513
24388,Individual,53,1,588.96,5,1,3,513
23878,Individual,53,1,588.96,5,1,3,513
23932,Individual,63,1,588.96,5,1,3,513
28530,Individual,61,1,588.96,5,1,3,513
25571,Individual,43,1,588.96,5,1,3,513
28118,Individual,38,1,588.96,5,1,3,513
20004,Individual,50,1,589.96,5,1,3,513
20002,Individual,51,1,589.96,5,1,3,513
19897,Individual,71,1,596.96,5,1,3,513
24028,Individual,37,1,597.95,5,1,3,513
23836,Individual,70,1,599.47,5,1,3,513
27969,Individual,65,1,599.47,5,1,3,513
24323,Individual,55,1,600.46,5,1,3,513
28428,Individual,70,1,603.49,5,1,3,513
24337,Individual,44,1,600.46,5,1,3,513
24324,Individual,40,1,600.46,5,1,3,513
24329,Individual,40,1,603.49,5,1,3,513
23882,Individual,49,1,603.49,5,1,3,513
24254,Individual,34,1,603.49,5,1,3,513
23884,Individual,32,1,603.49,5,1,3,513
29311,Individual,67,1,603.96,5,1,3,513
27810,Individual,46,1,578.46,5,1,3,513
28503,Individual,49,1,578.46,5,1,3,513
28517,Individual,32,1,578.46,5,1,3,513
25303,Individual,70,1,574.98,5,1,3,513
17656,Individual,70,1,578.46,5,1,3,513
20003,Individual,45,1,579.97,5,1,3,513
16211,Individual,58,1,586.97,5,1,3,513
19992,Individual,68,1,586.97,5,1,3,513
16229,Individual,53,1,572.26,5,1,3,513
24296,Individual,59,1,574.98,5,1,3,513
24335,Individual,56,1,574.98,5,1,3,513
28438,Individual,56,1,574.98,5,1,3,513
24330,Individual,56,1,574.98,5,1,3,513
24057,Individual,53,1,574.98,5,1,3,513
28134,Individual,52,1,574.98,5,1,3,513
28195,Individual,55,1,574.98,5,1,3,513
28133,Individual,60,1,574.98,5,1,3,513
23908,Individual,63,1,574.98,5,1,3,513
28160,Individual,64,1,574.98,5,1,3,513
25451,Individual,64,1,574.98,5,1,3,513
28508,Individual,49,1,574.98,5,1,3,513
24334,Individual,48,1,574.98,5,1,3,513
28119,Individual,50,1,574.98,5,1,3,513
28693,Individual,46,1,574.98,5,1,3,513
20751,Individual,47,1,574.98,5,1,3,513
29027,Individual,45,1,574.98,5,1,3,513
28525,Individual,37,1,574.98,5,1,3,513
24402,Individual,42,1,574.98,5,1,3,513
24328,Individual,43,1,574.98,5,1,3,513
25610,Individual,35,1,574.98,5,1,3,513
29345,Individual,33,1,574.98,5,1,3,513
22016,Individual,35,1,574.98,5,1,3,513
23883,Individual,36,1,575.71,5,1,3,513
24286,Individual,42,1,575.71,5,1,3,513
29314,Individual,70,1,564.48,5,1,3,513
16136,Individual,63,1,564.99,5,1,3,513
20015,Individual,45,1,564.99,5,1,3,513
22013,Individual,46,1,565.47,5,1,3,513
28515,Individual,41,1,565.47,5,1,3,513
27863,Individual,42,1,565.47,5,1,3,513
23587,Individual,63,1,565.47,5,1,3,513
28474,Individual,54,1,565.47,5,1,3,513
23707,Individual,71,1,565.47,5,1,3,513
24010,Individual,72,1,565.47,5,1,3,513
20033,Individual,51,1,567.27,5,1,3,513
24325,Individual,52,1,567.76,5,1,3,513
28437,Individual,60,1,567.76,5,1,3,513
29346,Individual,61,1,567.76,5,1,3,513
16228,Individual,49,1,569.97,5,1,3,513
28189,Individual,39,1,567.76,5,1,3,513
24038,Individual,48,1,570.47,5,1,3,513
21038,Individual,57,1,573.98,5,1,3,513
25165,Individual,44,1,91.58,5,1,2,512
22981,Individual,48,1,91.95,5,1,2,512
22920,Individual,64,1,91.95,5,1,2,512
13151,Individual,56,1,91.95,5,1,2,512
16099,Individual,61,1,89.97,5,1,2,512
23494,Individual,43,1,89.97,5,1,2,512
23485,Individual,30,1,89.97,5,1,2,512
15306,Individual,27,1,89.97,5,1,2,512
15672,Individual,36,1,89.97,5,1,2,512
14482,Individual,24,1,89.97,5,1,2,512
21497,Individual,52,1,89.46,5,1,2,512
25904,Individual,58,1,89.46,5,1,2,512
28636,Individual,34,1,78.97,5,1,2,512
19915,Individual,12,1,78.97,5,1,2,512
15111,Individual,13,1,78.98,5,1,2,512
22063,Individual,14,1,78.98,5,1,2,512
18952,Individual,16,1,78.98,5,1,2,512
19009,Individual,17,1,78.98,5,1,2,512
19711,Individual,20,1,78.98,5,1,2,512
20017,Individual,35,1,78.98,5,1,2,512
18945,Individual,32,1,78.98,5,1,2,512
19230,Individual,39,1,78.98,5,1,2,512
19664,Individual,38,1,78.98,5,1,2,512
26147,Individual,38,1,78.98,5,1,2,512
26441,Individual,38,1,78.98,5,1,2,512
19239,Individual,40,1,78.98,5,1,2,512
20364,Individual,39,1,78.98,5,1,2,512
19835,Individual,43,1,78.98,5,1,2,512
19887,Individual,42,1,78.98,5,1,2,512
18833,Individual,51,1,78.98,5,1,2,512
20356,Individual,45,1,78.98,5,1,2,512
27519,Individual,60,1,78.98,5,1,2,512
19731,Individual,56,1,78.98,5,1,2,512
20169,Individual,4,1,78.96,5,1,2,512
20137,Individual,54,1,78.96,5,1,2,512
23877,Individual,61,1,78.96,5,1,2,512
19356,Individual,33,1,78.96,5,1,2,512
29421,Individual,58,1,78.48,5,1,2,512
20697,Individual,49,1,77.92,5,1,2,512
21142,Individual,38,1,77.92,5,1,2,512
12792,Individual,23,1,76.97,5,1,2,512
21464,Individual,69,1,76.97,5,1,2,512
13929,Individual,2,1,76.97,5,1,2,512
12875,Individual,48,1,80.94,5,1,2,512
13727,Individual,50,1,80.96,5,1,2,512
20021,Individual,41,1,80.96,5,1,2,512
15010,Individual,37,1,80.96,5,1,2,512
14258,Individual,5,1,80.96,5,1,2,512
18472,Individual,25,1,79.47,5,1,2,512
24279,Individual,17,1,79.47,5,1,2,512
26446,Individual,5,1,78.98,5,1,2,512
18797,Individual,8,1,78.98,5,1,2,512
25877,Individual,5,1,79.97,5,1,2,512
20601,Individual,1,1,80.47,5,1,2,512
26832,Individual,1,1,80.47,5,1,2,512
28075,Individual,67,1,88.42,5,1,2,512
25807,Individual,31,1,88.98,5,1,2,512
26775,Individual,37,1,88.98,5,1,2,512
26793,Individual,72,1,88.97,5,1,2,512
24215,Individual,45,1,88.97,5,1,2,512
29133,Individual,35,1,88.97,5,1,2,512
26783,Individual,26,1,88.97,5,1,2,512
12527,Individual,43,1,86.96,5,1,2,512
14178,Individual,66,1,86.58,5,1,2,512
24517,Individual,31,1,86.58,5,1,2,512
16117,Individual,69,1,86.45,5,1,2,512
15479,Individual,70,1,85.95,5,1,2,512
14114,Individual,1,1,85.48,5,1,2,512
13919,Individual,25,1,85.48,5,1,2,512
12529,Individual,10,1,85.48,5,1,2,512
15074,Individual,10,1,85.48,5,1,2,512
19059,Individual,15,1,85.48,5,1,2,512
14368,Individual,15,1,85.48,5,1,2,512
21975,Individual,32,1,85.48,5,1,2,512
13928,Individual,49,1,85.48,5,1,2,512
22978,Individual,29,1,81.46,5,1,2,512
14247,Individual,19,1,81.46,5,1,2,512
21308,Individual,51,1,81.46,5,1,2,512
14333,Individual,63,1,81.46,5,1,2,512
14479,Individual,48,1,81.96,5,1,2,512
12751,Individual,51,1,83.97,5,1,2,512
29418,Individual,38,1,83.97,5,1,2,512
19304,Individual,15,1,83.97,5,1,2,512
27538,Individual,9,1,83.97,5,1,2,512
27735,Individual,5,1,84.96,5,1,2,512
27657,Individual,62,1,84.96,5,1,2,512
27747,Individual,59,1,84.96,5,1,2,512
20938,Individual,21,1,84.97,5,1,2,512
13753,Individual,1,1,84.92,5,1,2,512
28917,Individual,28,1,84.47,5,1,2,512
14816,Individual,51,1,63.97,5,1,2,512
20725,Individual,45,1,63.97,5,1,2,512
16258,Individual,41,1,63.97,5,1,2,512
28863,Individual,24,1,63.97,5,1,2,512
29215,Individual,20,1,63.97,5,1,2,512
18035,Individual,34,1,63.97,5,1,2,512
29018,Individual,71,1,63.97,5,1,2,512
16312,Individual,68,1,63.97,5,1,2,512
19430,Individual,68,1,63.97,5,1,2,512
19176,Individual,63,1,63.97,5,1,2,512
15272,Individual,66,1,64.47,5,1,2,512
18550,Individual,54,1,64.47,5,1,2,512
18911,Individual,68,1,64.47,5,1,2,512
18101,Individual,72,1,64.47,5,1,2,512
20063,Individual,51,1,64.97,5,1,2,512
26119,Individual,45,1,64.97,5,1,2,512
26092,Individual,45,1,64.97,5,1,2,512
26122,Individual,41,1,64.97,5,1,2,512
24747,Individual,16,1,64.97,5,1,2,512
19063,Individual,11,1,64.97,5,1,2,512
26197,Individual,19,1,64.97,5,1,2,512
21714,Individual,27,1,64.97,5,1,2,512
25838,Individual,30,1,64.97,5,1,2,512
25934,Individual,30,1,64.97,5,1,2,512
24926,Individual,36,1,64.97,5,1,2,512
18048,Individual,72,1,64.97,5,1,2,512
26067,Individual,72,1,64.97,5,1,2,512
16941,Individual,53,1,64.97,5,1,2,512
17854,Individual,57,1,64.97,5,1,2,512
18622,Individual,66,1,64.97,5,1,2,512
20531,Individual,67,1,64.97,5,1,2,512
14962,Individual,6,1,63.97,5,1,2,512
18003,Individual,5,1,63.97,5,1,2,512
14407,Individual,26,1,64.47,5,1,2,512
23513,Individual,32,1,64.47,5,1,2,512
16918,Individual,13,1,64.47,5,1,2,512
20813,Individual,16,1,64.47,5,1,2,512
14500,Individual,14,1,64.47,5,1,2,512
21759,Individual,44,1,64.47,5,1,2,512
27595,Individual,42,1,64.47,5,1,2,512
16073,Individual,48,1,64.47,5,1,2,512
27728,Individual,67,1,67.49,5,1,2,512
12403,Individual,70,1,67.27,5,1,2,512
26194,Individual,54,1,66.94,5,1,2,512
22706,Individual,13,1,66.97,5,1,2,512
16795,Individual,66,1,67.93,5,1,2,512
20314,Individual,68,1,67.93,5,1,2,512
27972,Individual,67,1,67.93,5,1,2,512
20551,Individual,4,1,64.97,5,1,2,512
14408,Individual,54,1,65.96,5,1,2,512
27328,Individual,8,1,68.97,5,1,2,512
23931,Individual,7,1,68.97,5,1,2,512
27383,Individual,6,1,68.97,5,1,2,512
26553,Individual,46,1,68.97,5,1,2,512
21493,Individual,47,1,68.97,5,1,2,512
26251,Individual,48,1,68.97,5,1,2,512
27070,Individual,40,1,68.97,5,1,2,512
29240,Individual,40,1,68.97,5,1,2,512
13775,Individual,41,1,68.97,5,1,2,512
26580,Individual,26,1,68.97,5,1,2,512
21696,Individual,31,1,68.97,5,1,2,512
29441,Individual,35,1,68.97,5,1,2,512
20688,Individual,12,1,68.97,5,1,2,512
26415,Individual,10,1,68.97,5,1,2,512
22703,Individual,22,1,68.97,5,1,2,512
27315,Individual,23,1,68.97,5,1,2,512
26597,Individual,20,1,68.97,5,1,2,512
20309,Individual,25,1,68.49,5,1,2,512
21837,Individual,25,1,68.49,5,1,2,512
18359,Individual,18,1,68.49,5,1,2,512
25101,Individual,27,1,68.49,5,1,2,512
27042,Individual,49,1,68.49,5,1,2,512
18341,Individual,17,1,67.93,5,1,2,512
26810,Individual,14,1,67.93,5,1,2,512
25090,Individual,50,1,67.93,5,1,2,512
19761,Individual,48,1,67.93,5,1,2,512
24714,Individual,9,1,67.97,5,1,2,512
17273,Individual,50,1,67.97,5,1,2,512
11349,Individual,16,1,67.97,5,1,2,512
16954,Individual,17,1,67.97,5,1,2,512
26883,Individual,65,1,68.97,5,1,2,512
26716,Individual,62,1,68.97,5,1,2,512
28558,Individual,60,1,68.97,5,1,2,512
22011,Individual,61,1,68.97,5,1,2,512
21262,Individual,54,1,68.97,5,1,2,512
27381,Individual,72,1,68.97,5,1,2,512
23674,Individual,38,1,69.97,5,1,2,512
23889,Individual,38,1,69.97,5,1,2,512
21591,Individual,38,1,69.97,5,1,2,512
23093,Individual,23,1,69.97,5,1,2,512
23590,Individual,24,1,69.97,5,1,2,512
22057,Individual,18,1,69.97,5,1,2,512
23285,Individual,12,1,69.97,5,1,2,512
23468,Individual,36,1,69.97,5,1,2,512
20248,Individual,34,1,69.97,5,1,2,512
28759,Individual,33,1,69.97,5,1,2,512
20904,Individual,29,1,69.97,5,1,2,512
17638,Individual,53,1,69.97,5,1,2,512
23388,Individual,54,1,69.97,5,1,2,512
21738,Individual,56,1,69.97,5,1,2,512
23477,Individual,61,1,69.97,5,1,2,512
21249,Individual,64,1,69.97,5,1,2,512
25302,Individual,52,1,69.46,5,1,2,512
25790,Individual,24,1,69.46,5,1,2,512
26819,Individual,45,1,69.46,5,1,2,512
24672,Individual,2,1,71.58,5,1,2,512
24635,Individual,4,1,71.58,5,1,2,512
25187,Individual,8,1,71.58,5,1,2,512
12818,Individual,63,1,71.58,5,1,2,512
24943,Individual,64,1,71.58,5,1,2,512
12851,Individual,64,1,71.58,5,1,2,512
22855,Individual,62,1,70.96,5,1,2,512
24237,Individual,45,1,71.58,5,1,2,512
24515,Individual,40,1,71.58,5,1,2,512
28385,Individual,40,1,71.58,5,1,2,512
24409,Individual,39,1,71.58,5,1,2,512
14179,Individual,15,1,71.58,5,1,2,512
25067,Individual,37,1,71.58,5,1,2,512
24727,Individual,32,1,71.58,5,1,2,512
18843,Individual,70,1,69.99,5,1,2,512
18939,Individual,7,1,69.99,5,1,2,512
18870,Individual,8,1,69.99,5,1,2,512
28025,Individual,8,1,69.99,5,1,2,512
20298,Individual,3,1,69.99,5,1,2,512
20365,Individual,3,1,69.99,5,1,2,512
19138,Individual,60,1,69.99,5,1,2,512
20747,Individual,56,1,69.99,5,1,2,512
28034,Individual,56,1,69.99,5,1,2,512
18937,Individual,59,1,69.99,5,1,2,512
18991,Individual,59,1,69.99,5,1,2,512
19237,Individual,59,1,69.99,5,1,2,512
26426,Individual,55,1,69.99,5,1,2,512
19878,Individual,52,1,69.99,5,1,2,512
28457,Individual,29,1,69.99,5,1,2,512
20757,Individual,28,1,69.99,5,1,2,512
15110,Individual,33,1,69.99,5,1,2,512
28771,Individual,34,1,69.99,5,1,2,512
18996,Individual,33,1,69.99,5,1,2,512
20322,Individual,35,1,69.99,5,1,2,512
18969,Individual,16,1,69.99,5,1,2,512
15682,Individual,18,1,69.99,5,1,2,512
26659,Individual,18,1,69.99,5,1,2,512
20126,Individual,20,1,69.99,5,1,2,512
19863,Individual,22,1,69.99,5,1,2,512
18791,Individual,39,1,69.99,5,1,2,512
19132,Individual,40,1,69.99,5,1,2,512
19154,Individual,39,1,69.99,5,1,2,512
19006,Individual,41,1,69.99,5,1,2,512
19832,Individual,43,1,69.99,5,1,2,512
20336,Individual,45,1,69.99,5,1,2,512
26146,Individual,48,1,69.99,5,1,2,512
28464,Individual,47,1,69.99,5,1,2,512
20285,Individual,47,1,69.99,5,1,2,512
28046,Individual,47,1,69.99,5,1,2,512
27731,Individual,48,1,69.99,5,1,2,512
18851,Individual,48,1,69.99,5,1,2,512
12890,Individual,24,1,71.97,5,1,2,512
13469,Individual,13,1,71.97,5,1,2,512
13306,Individual,44,1,71.97,5,1,2,512
15049,Individual,64,1,71.97,5,1,2,512
13335,Individual,60,1,71.97,5,1,2,512
13375,Individual,57,1,71.97,5,1,2,512
13295,Individual,6,1,71.97,5,1,2,512
25167,Individual,70,1,71.58,5,1,2,512
22807,Individual,17,1,71.94,5,1,2,512
22161,Individual,40,1,71.94,5,1,2,512
17210,Individual,17,1,71.95,5,1,2,512
13321,Individual,30,1,71.95,5,1,2,512
20330,Individual,29,1,71.95,5,1,2,512
14168,Individual,4,1,71.95,5,1,2,512
11133,Individual,30,1,71.96,5,1,2,512
21163,Individual,1,1,72.93,5,1,2,512
20772,Individual,12,1,72.93,5,1,2,512
20510,Individual,18,1,72.93,5,1,2,512
19937,Individual,25,1,72.96,5,1,2,512
16257,Individual,14,1,72.96,5,1,2,512
29339,Individual,37,1,73.96,5,1,2,512
22341,Individual,2,1,73.96,5,1,2,512
20471,Individual,58,1,73.97,5,1,2,512
21757,Individual,6,1,74.46,5,1,2,512
21154,Individual,55,1,74.46,5,1,2,512
20778,Individual,33,1,74.46,5,1,2,512
20433,Individual,52,1,74.46,5,1,2,512
27686,Individual,1,1,74.98,5,1,2,512
27685,Individual,47,1,74.98,5,1,2,512
29036,Individual,29,1,74.98,5,1,2,512
12434,Individual,70,1,74.98,5,1,2,512
12415,Individual,68,1,74.98,5,1,2,512
16285,Individual,13,1,76.94,5,1,2,512
22771,Individual,21,1,76.96,5,1,2,512
18451,Individual,69,1,75.47,5,1,2,512
25792,Individual,51,1,75.48,5,1,2,512
13054,Individual,48,1,75.97,5,1,2,512
13465,Individual,69,1,75.97,5,1,2,512
18138,Individual,54,1,75.97,5,1,2,512
12822,Individual,64,1,75.97,5,1,2,512
24260,Individual,53,1,44.97,5,1,2,512
12660,Individual,60,1,44.98,5,1,2,512
22007,Individual,50,1,44.98,5,1,2,512
13578,Individual,14,1,44.98,5,1,2,512
13601,Individual,26,1,44.98,5,1,2,512
21717,Individual,1,1,44.98,5,1,2,512
12824,Individual,50,1,44.54,5,1,2,512
23955,Individual,42,1,44.22,5,1,2,512
11441,Individual,21,1,43.98,5,1,2,512
12375,Individual,18,1,43.98,5,1,2,512
12313,Individual,14,1,43.98,5,1,2,512
28784,Individual,39,1,43.98,5,1,2,512
27318,Individual,25,1,42.97,5,1,2,512
27330,Individual,33,1,42.97,5,1,2,512
28435,Individual,9,1,42.97,5,1,2,512
23599,Individual,44,1,42.93,5,1,2,512
23291,Individual,7,1,42.93,5,1,2,512
19265,Individual,65,1,42.28,5,1,2,512
16583,Individual,21,1,42.28,5,1,2,512
19650,Individual,45,1,42.28,5,1,2,512
19267,Individual,45,1,42.28,5,1,2,512
27010,Individual,17,1,41.93,5,1,2,512
14898,Individual,58,1,41.95,5,1,2,512
22852,Individual,70,1,39.99,5,1,2,512
19268,Individual,14,1,39.99,5,1,2,512
21185,Individual,29,1,39.99,5,1,2,512
26009,Individual,32,1,40.22,5,1,2,512
23150,Individual,54,1,49.22,5,1,2,512
13028,Individual,38,1,48.98,5,1,2,512
19072,Individual,1,1,48.97,5,1,2,512
17817,Individual,69,1,49.48,5,1,2,512
19908,Individual,36,1,49.48,5,1,2,512
16462,Individual,19,1,49.48,5,1,2,512
25932,Individual,8,1,49.48,5,1,2,512
26008,Individual,9,1,49.48,5,1,2,512
17851,Individual,3,1,49.48,5,1,2,512
22356,Individual,3,1,49.97,5,1,2,512
26564,Individual,1,1,49.97,5,1,2,512
28960,Individual,23,1,49.97,5,1,2,512
22357,Individual,15,1,49.97,5,1,2,512
20490,Individual,30,1,49.97,5,1,2,512
22051,Individual,38,1,49.97,5,1,2,512
21462,Individual,42,1,49.97,5,1,2,512
20469,Individual,43,1,49.97,5,1,2,512
13593,Individual,45,1,49.97,5,1,2,512
29193,Individual,50,1,49.97,5,1,2,512
21774,Individual,48,1,49.97,5,1,2,512
21503,Individual,70,1,49.97,5,1,2,512
29284,Individual,49,1,49.99,5,1,2,512
12477,Individual,51,1,49.99,5,1,2,512
29322,Individual,41,1,49.99,5,1,2,512
12322,Individual,38,1,49.99,5,1,2,512
12482,Individual,35,1,49.99,5,1,2,512
11585,Individual,19,1,49.99,5,1,2,512
21705,Individual,55,1,49.97,5,1,2,512
25543,Individual,66,1,49.97,5,1,2,512
21933,Individual,67,1,49.97,5,1,2,512
12470,Individual,67,1,49.99,5,1,2,512
12257,Individual,55,1,49.99,5,1,2,512
19823,Individual,57,1,46.47,5,1,2,512
13441,Individual,61,1,46.47,5,1,2,512
14177,Individual,52,1,46.83,5,1,2,512
25154,Individual,37,1,45.58,5,1,2,512
25149,Individual,60,1,45.58,5,1,2,512
20202,Individual,52,1,45.95,5,1,2,512
13755,Individual,57,1,45.95,5,1,2,512
13033,Individual,12,1,45.95,5,1,2,512
13857,Individual,50,1,45.95,5,1,2,512
19055,Individual,50,1,45.95,5,1,2,512
12778,Individual,40,1,45.95,5,1,2,512
22105,Individual,28,1,45.22,5,1,2,512
23126,Individual,50,1,45.22,5,1,2,512
27390,Individual,52,1,47.96,5,1,2,512
23913,Individual,30,1,47.96,5,1,2,512
23631,Individual,10,1,47.97,5,1,2,512
24216,Individual,53,1,48.97,5,1,2,512
28886,Individual,57,1,48.97,5,1,2,512
14964,Individual,62,1,48.97,5,1,2,512
12872,Individual,62,1,48.97,5,1,2,512
25670,Individual,66,1,48.97,5,1,2,512
14785,Individual,25,1,48.97,5,1,2,512
16883,Individual,24,1,48.97,5,1,2,512
28677,Individual,17,1,48.97,5,1,2,512
11383,Individual,28,1,48.97,5,1,2,512
23548,Individual,39,1,48.97,5,1,2,512
21129,Individual,42,1,48.97,5,1,2,512
19939,Individual,51,1,48.97,5,1,2,512
18630,Individual,44,1,48.97,5,1,2,512
12870,Individual,47,1,48.97,5,1,2,512
25950,Individual,42,1,54.25,5,1,2,512
14869,Individual,6,1,54.96,5,1,2,512
20519,Individual,61,1,54.96,5,1,2,512
14493,Individual,55,1,54.96,5,1,2,512
26369,Individual,3,1,53.99,5,1,2,512
28782,Individual,7,1,53.99,5,1,2,512
11560,Individual,57,1,53.99,5,1,2,512
28777,Individual,66,1,53.99,5,1,2,512
11437,Individual,41,1,53.99,5,1,2,512
11543,Individual,39,1,53.99,5,1,2,512
11487,Individual,45,1,53.99,5,1,2,512
29413,Individual,46,1,53.99,5,1,2,512
16806,Individual,53,1,54.98,5,1,2,512
17457,Individual,60,1,54.98,5,1,2,512
17019,Individual,60,1,54.98,5,1,2,512
28289,Individual,44,1,54.98,5,1,2,512
19222,Individual,48,1,54.98,5,1,2,512
20499,Individual,18,1,54.98,5,1,2,512
27793,Individual,24,1,54.98,5,1,2,512
29288,Individual,4,1,54.98,5,1,2,512
26361,Individual,2,1,53.98,5,1,2,512
16471,Individual,57,1,53.47,5,1,2,512
13810,Individual,41,1,53.47,5,1,2,512
22849,Individual,51,1,50.23,5,1,2,512
15324,Individual,43,1,50.94,5,1,2,512
28566,Individual,5,1,58.47,5,1,2,512
26637,Individual,27,1,58.47,5,1,2,512
28565,Individual,36,1,58.47,5,1,2,512
25440,Individual,33,1,57.09,5,1,2,512
21531,Individual,7,1,56.96,5,1,2,512
21124,Individual,47,1,56.96,5,1,2,512
23301,Individual,44,1,56.96,5,1,2,512
13754,Individual,42,1,56.97,5,1,2,512
13470,Individual,40,1,56.97,5,1,2,512
14781,Individual,45,1,56.97,5,1,2,512
14972,Individual,49,1,56.97,5,1,2,512
13475,Individual,50,1,56.97,5,1,2,512
13094,Individual,20,1,56.97,5,1,2,512
12974,Individual,14,1,56.97,5,1,2,512
17197,Individual,35,1,56.97,5,1,2,512
21431,Individual,34,1,56.97,5,1,2,512
14980,Individual,27,1,56.97,5,1,2,512
22080,Individual,62,1,56.97,5,1,2,512
13282,Individual,63,1,56.97,5,1,2,512
13317,Individual,67,1,56.97,5,1,2,512
14410,Individual,64,1,56.97,5,1,2,512
21973,Individual,64,1,56.97,5,1,2,512
14029,Individual,1,1,56.97,5,1,2,512
17589,Individual,7,1,59.98,5,1,2,512
28894,Individual,65,1,59.98,5,1,2,512
26073,Individual,63,1,59.98,5,1,2,512
16891,Individual,63,1,59.98,5,1,2,512
28337,Individual,52,1,59.98,5,1,2,512
16923,Individual,54,1,59.98,5,1,2,512
19221,Individual,72,1,59.98,5,1,2,512
23350,Individual,26,1,59.98,5,1,2,512
26236,Individual,13,1,59.98,5,1,2,512
24124,Individual,31,1,59.98,5,1,2,512
12417,Individual,24,1,59.27,5,1,2,512
13780,Individual,66,1,59.49,5,1,2,512
19651,Individual,24,1,59.25,5,1,2,512
24570,Individual,66,1,58.98,5,1,2,512
16748,Individual,52,1,58.98,5,1,2,512
16379,Individual,57,1,58.98,5,1,2,512
19752,Individual,8,1,58.98,5,1,2,512
26461,Individual,29,1,58.98,5,1,2,512
22514,Individual,15,1,58.98,5,1,2,512
18114,Individual,15,1,58.98,5,1,2,512
24663,Individual,24,1,58.98,5,1,2,512
19367,Individual,38,1,58.98,5,1,2,512
22217,Individual,12,1,61.45,5,1,2,512
15962,Individual,67,1,61.96,5,1,2,512
16749,Individual,55,1,61.96,5,1,2,512
24993,Individual,51,1,61.08,5,1,2,512
14698,Individual,48,1,60.95,5,1,2,512
17212,Individual,63,1,61.97,5,1,2,512
26355,Individual,56,1,62.98,5,1,2,512
29262,Individual,5,1,63.47,5,1,2,512
29050,Individual,50,1,63.47,5,1,2,512
25802,Individual,3,1,60.47,5,1,2,512
27640,Individual,2,1,60.47,5,1,2,512
26951,Individual,26,1,60.47,5,1,2,512
28899,Individual,35,1,60.47,5,1,2,512
18748,Individual,15,1,60.47,5,1,2,512
25678,Individual,10,1,60.47,5,1,2,512
26787,Individual,10,1,60.47,5,1,2,512
28439,Individual,13,1,60.47,5,1,2,512
25027,Individual,22,1,60.47,5,1,2,512
28526,Individual,39,1,60.47,5,1,2,512
21913,Individual,38,1,60.47,5,1,2,512
27912,Individual,41,1,60.47,5,1,2,512
18443,Individual,43,1,60.47,5,1,2,512
29429,Individual,48,1,60.47,5,1,2,512
29470,Individual,55,1,60.47,5,1,2,512
27736,Individual,59,1,60.47,5,1,2,512
25791,Individual,63,1,60.47,5,1,2,512
23273,Individual,2,1,39.47,5,1,1,511
20690,Individual,46,1,39.47,5,1,1,511
21280,Individual,50,1,39.47,5,1,1,511
21935,Individual,27,1,39.47,5,1,1,511
11130,Individual,51,1,37.29,5,1,1,511
23843,Individual,72,1,38.98,5,1,1,511
21523,Individual,1,1,38.98,5,1,1,511
21083,Individual,8,1,38.98,5,1,1,511
23610,Individual,8,1,38.98,5,1,1,511
26186,Individual,70,1,38.98,5,1,1,511
23975,Individual,68,1,38.98,5,1,1,511
23633,Individual,66,1,38.98,5,1,1,511
26217,Individual,65,1,38.98,5,1,1,511
23947,Individual,64,1,38.98,5,1,1,511
24087,Individual,64,1,38.98,5,1,1,511
29263,Individual,62,1,38.98,5,1,1,511
26877,Individual,54,1,38.98,5,1,1,511
26993,Individual,55,1,38.98,5,1,1,511
25499,Individual,57,1,38.98,5,1,1,511
24552,Individual,57,1,38.98,5,1,1,511
17719,Individual,10,1,38.98,5,1,1,511
26836,Individual,17,1,38.98,5,1,1,511
19469,Individual,21,1,38.98,5,1,1,511
25545,Individual,34,1,38.98,5,1,1,511
20131,Individual,34,1,38.98,5,1,1,511
27372,Individual,30,1,38.98,5,1,1,511
22809,Individual,30,1,38.98,5,1,1,511
24692,Individual,40,1,38.98,5,1,1,511
20915,Individual,40,1,38.98,5,1,1,511
24147,Individual,41,1,38.98,5,1,1,511
26888,Individual,45,1,38.98,5,1,1,511
27958,Individual,44,1,38.98,5,1,1,511
23218,Individual,45,1,38.98,5,1,1,511
24579,Individual,44,1,38.98,5,1,1,511
24686,Individual,6,1,38.88,5,1,1,511
25291,Individual,40,1,38.88,5,1,1,511
28378,Individual,39,1,38.88,5,1,1,511
25280,Individual,37,1,38.88,5,1,1,511
12823,Individual,36,1,38.88,5,1,1,511
13611,Individual,24,1,38.88,5,1,1,511
25071,Individual,17,1,38.88,5,1,1,511
25763,Individual,10,1,38.88,5,1,1,511
18529,Individual,1,1,39.98,5,1,1,511
17584,Individual,3,1,39.98,5,1,1,511
15361,Individual,5,1,39.98,5,1,1,511
24859,Individual,4,1,39.98,5,1,1,511
14397,Individual,4,1,39.98,5,1,1,511
28873,Individual,8,1,39.98,5,1,1,511
28023,Individual,26,1,39.98,5,1,1,511
15629,Individual,29,1,39.98,5,1,1,511
14402,Individual,29,1,39.98,5,1,1,511
28140,Individual,32,1,39.98,5,1,1,511
15495,Individual,31,1,39.98,5,1,1,511
15848,Individual,33,1,39.98,5,1,1,511
21480,Individual,34,1,39.98,5,1,1,511
15877,Individual,34,1,39.98,5,1,1,511
15887,Individual,35,1,39.98,5,1,1,511
15891,Individual,34,1,39.98,5,1,1,511
17516,Individual,35,1,39.98,5,1,1,511
27208,Individual,35,1,39.98,5,1,1,511
22482,Individual,21,1,39.98,5,1,1,511
22969,Individual,21,1,39.98,5,1,1,511
21085,Individual,20,1,39.98,5,1,1,511
16502,Individual,17,1,39.98,5,1,1,511
22389,Individual,17,1,39.98,5,1,1,511
12802,Individual,17,1,39.98,5,1,1,511
19303,Individual,18,1,39.98,5,1,1,511
23530,Individual,24,1,39.98,5,1,1,511
16070,Individual,24,1,39.98,5,1,1,511
28897,Individual,23,1,39.98,5,1,1,511
13677,Individual,25,1,39.98,5,1,1,511
23978,Individual,24,1,39.98,5,1,1,511
17549,Individual,24,1,39.98,5,1,1,511
16239,Individual,24,1,39.98,5,1,1,511
17378,Individual,12,1,39.98,5,1,1,511
25654,Individual,12,1,39.98,5,1,1,511
18419,Individual,13,1,39.98,5,1,1,511
28578,Individual,14,1,39.98,5,1,1,511
21832,Individual,14,1,39.98,5,1,1,511
14856,Individual,14,1,39.98,5,1,1,511
23719,Individual,16,1,39.98,5,1,1,511
15825,Individual,15,1,39.98,5,1,1,511
28174,Individual,14,1,39.98,5,1,1,511
15293,Individual,17,1,39.98,5,1,1,511
25295,Individual,15,1,39.98,5,1,1,511
16862,Individual,16,1,39.98,5,1,1,511
25475,Individual,50,1,39.98,5,1,1,511
18500,Individual,49,1,39.98,5,1,1,511
16505,Individual,49,1,39.98,5,1,1,511
28875,Individual,48,1,39.98,5,1,1,511
28275,Individual,45,1,39.98,5,1,1,511
25134,Individual,47,1,39.98,5,1,1,511
15373,Individual,47,1,39.98,5,1,1,511
20100,Individual,41,1,39.98,5,1,1,511
28888,Individual,42,1,39.98,5,1,1,511
15546,Individual,42,1,39.98,5,1,1,511
27335,Individual,42,1,39.98,5,1,1,511
11418,Individual,43,1,39.98,5,1,1,511
16212,Individual,44,1,39.98,5,1,1,511
24880,Individual,42,1,39.98,5,1,1,511
15012,Individual,40,1,39.98,5,1,1,511
21232,Individual,41,1,39.98,5,1,1,511
29030,Individual,40,1,39.98,5,1,1,511
27916,Individual,38,1,39.98,5,1,1,511
16957,Individual,39,1,39.98,5,1,1,511
28283,Individual,39,1,39.98,5,1,1,511
25251,Individual,57,1,39.98,5,1,1,511
21577,Individual,57,1,39.98,5,1,1,511
14612,Individual,56,1,39.98,5,1,1,511
14490,Individual,56,1,39.98,5,1,1,511
17687,Individual,55,1,39.98,5,1,1,511
27705,Individual,58,1,39.98,5,1,1,511
26377,Individual,59,1,39.98,5,1,1,511
27829,Individual,57,1,39.98,5,1,1,511
15973,Individual,57,1,39.98,5,1,1,511
15318,Individual,59,1,39.98,5,1,1,511
24639,Individual,59,1,39.98,5,1,1,511
25143,Individual,55,1,39.98,5,1,1,511
21009,Individual,55,1,39.98,5,1,1,511
15358,Individual,53,1,39.98,5,1,1,511
28265,Individual,62,1,39.98,5,1,1,511
15332,Individual,63,1,39.98,5,1,1,511
25122,Individual,63,1,39.98,5,1,1,511
28079,Individual,60,1,39.98,5,1,1,511
13684,Individual,61,1,39.98,5,1,1,511
23943,Individual,62,1,39.98,5,1,1,511
16642,Individual,64,1,39.98,5,1,1,511
15327,Individual,65,1,39.98,5,1,1,511
16787,Individual,65,1,39.98,5,1,1,511
28219,Individual,66,1,39.98,5,1,1,511
15743,Individual,66,1,39.98,5,1,1,511
17517,Individual,67,1,39.98,5,1,1,511
20783,Individual,67,1,39.98,5,1,1,511
13500,Individual,70,1,39.98,5,1,1,511
25248,Individual,69,1,39.98,5,1,1,511
26456,Individual,70,1,39.98,5,1,1,511
28263,Individual,71,1,39.98,5,1,1,511
25471,Individual,72,1,39.98,5,1,1,511
27216,Individual,6,1,37.97,5,1,1,511
16403,Individual,50,1,37.97,5,1,1,511
19456,Individual,40,1,37.27,5,1,1,511
23063,Individual,44,1,37.27,5,1,1,511
24541,Individual,42,1,37.27,5,1,1,511
22146,Individual,49,1,37.27,5,1,1,511
20952,Individual,46,1,37.27,5,1,1,511
23820,Individual,45,1,37.27,5,1,1,511
20902,Individual,14,1,37.27,5,1,1,511
23182,Individual,20,1,37.27,5,1,1,511
22781,Individual,22,1,37.27,5,1,1,511
17938,Individual,25,1,37.27,5,1,1,511
22548,Individual,27,1,37.27,5,1,1,511
17939,Individual,26,1,37.27,5,1,1,511
19354,Individual,60,1,37.27,5,1,1,511
23875,Individual,66,1,37.27,5,1,1,511
12876,Individual,17,1,36.96,5,1,1,511
12879,Individual,38,1,36.96,5,1,1,511
14933,Individual,3,1,36.96,5,1,1,511
25177,Individual,4,1,36.96,5,1,1,511
20947,Individual,4,1,37.27,5,1,1,511
23381,Individual,1,1,37.27,5,1,1,511
25262,Individual,47,1,35.72,5,1,1,511
27302,Individual,47,1,36.27,5,1,1,511
27013,Individual,49,1,36.27,5,1,1,511
23974,Individual,38,1,36.27,5,1,1,511
27629,Individual,30,1,36.27,5,1,1,511
27011,Individual,33,1,36.27,5,1,1,511
27244,Individual,34,1,36.27,5,1,1,511
27190,Individual,25,1,36.27,5,1,1,511
29440,Individual,57,1,36.27,5,1,1,511
29446,Individual,59,1,36.27,5,1,1,511
26169,Individual,71,1,36.27,5,1,1,511
26193,Individual,27,1,35.23,5,1,1,511
19333,Individual,63,1,35.23,5,1,1,511
27434,Individual,6,1,36.27,5,1,1,511
23934,Individual,4,1,36.27,5,1,1,511
24775,Individual,2,1,36.59,5,1,1,511
14187,Individual,53,1,36.59,5,1,1,511
25178,Individual,24,1,36.59,5,1,1,511
12405,Individual,22,1,36.59,5,1,1,511
24667,Individual,21,1,36.59,5,1,1,511
11595,Individual,30,1,34.99,5,1,1,511
11435,Individual,25,1,34.99,5,1,1,511
11597,Individual,24,1,34.99,5,1,1,511
11552,Individual,23,1,34.99,5,1,1,511
12233,Individual,12,1,34.99,5,1,1,511
11608,Individual,47,1,34.99,5,1,1,511
28592,Individual,46,1,34.99,5,1,1,511
28593,Individual,47,1,34.99,5,1,1,511
11486,Individual,66,1,34.99,5,1,1,511
12368,Individual,63,1,34.99,5,1,1,511
11559,Individual,61,1,34.99,5,1,1,511
11569,Individual,70,1,34.99,5,1,1,511
21988,Individual,68,1,35.00,5,1,1,511
12406,Individual,44,1,35.00,5,1,1,511
21954,Individual,29,1,35.00,5,1,1,511
22263,Individual,7,1,34.98,5,1,1,511
23684,Individual,6,1,34.98,5,1,1,511
23720,Individual,68,1,34.98,5,1,1,511
17874,Individual,70,1,34.98,5,1,1,511
23617,Individual,53,1,34.98,5,1,1,511
21528,Individual,63,1,34.98,5,1,1,511
22799,Individual,67,1,34.98,5,1,1,511
23713,Individual,41,1,34.98,5,1,1,511
22984,Individual,40,1,34.98,5,1,1,511
20235,Individual,47,1,34.98,5,1,1,511
22039,Individual,47,1,34.98,5,1,1,511
20893,Individual,48,1,34.98,5,1,1,511
23243,Individual,25,1,34.98,5,1,1,511
23461,Individual,22,1,34.98,5,1,1,511
23565,Individual,33,1,34.98,5,1,1,511
22884,Individual,34,1,34.98,5,1,1,511
23489,Individual,35,1,34.98,5,1,1,511
22110,Individual,36,1,34.98,5,1,1,511
25375,Individual,7,1,32.60,5,1,1,511
23973,Individual,65,1,33.98,5,1,1,511
26738,Individual,60,1,33.98,5,1,1,511
26808,Individual,56,1,33.98,5,1,1,511
27626,Individual,68,1,33.98,5,1,1,511
28461,Individual,72,1,33.98,5,1,1,511
22624,Individual,27,1,33.98,5,1,1,511
22868,Individual,47,1,33.98,5,1,1,511
26371,Individual,5,1,33.98,5,1,1,511
28037,Individual,46,1,34.47,5,1,1,511
24877,Individual,27,1,34.47,5,1,1,511
27676,Individual,16,1,34.47,5,1,1,511
24443,Individual,23,1,34.89,5,1,1,511
28422,Individual,43,1,34.89,5,1,1,511
23037,Individual,8,1,32.28,5,1,1,511
18618,Individual,8,1,32.28,5,1,1,511
25858,Individual,2,1,32.27,5,1,1,511
24636,Individual,71,1,32.60,5,1,1,511
25039,Individual,71,1,32.60,5,1,1,511
25766,Individual,71,1,32.60,5,1,1,511
25041,Individual,68,1,32.60,5,1,1,511
25376,Individual,53,1,32.60,5,1,1,511
24934,Individual,57,1,32.60,5,1,1,511
23802,Individual,57,1,32.60,5,1,1,511
24937,Individual,57,1,32.60,5,1,1,511
24623,Individual,16,1,32.60,5,1,1,511
25282,Individual,21,1,32.60,5,1,1,511
28433,Individual,38,1,32.60,5,1,1,511
25279,Individual,37,1,32.60,5,1,1,511
27475,Individual,34,1,33.43,5,1,1,511
27397,Individual,67,1,33.43,5,1,1,511
18144,Individual,60,1,31.97,5,1,1,511
14327,Individual,72,1,32.22,5,1,1,511
26168,Individual,72,1,31.28,5,1,1,511
24043,Individual,57,1,31.28,5,1,1,511
24885,Individual,18,1,31.73,5,1,1,511
27029,Individual,17,1,31.73,5,1,1,511
26467,Individual,59,1,32.27,5,1,1,511
26103,Individual,22,1,32.27,5,1,1,511
26108,Individual,24,1,32.27,5,1,1,511
17967,Individual,32,1,32.27,5,1,1,511
17091,Individual,41,1,32.27,5,1,1,511
24925,Individual,45,1,32.27,5,1,1,511
22159,Individual,49,1,32.28,5,1,1,511
19384,Individual,39,1,32.28,5,1,1,511
24533,Individual,30,1,32.28,5,1,1,511
20168,Individual,29,1,32.28,5,1,1,511
22187,Individual,28,1,32.28,5,1,1,511
20799,Individual,26,1,32.28,5,1,1,511
20043,Individual,35,1,32.28,5,1,1,511
23361,Individual,13,1,32.28,5,1,1,511
21182,Individual,55,1,32.28,5,1,1,511
20906,Individual,54,1,32.28,5,1,1,511
21390,Individual,52,1,32.28,5,1,1,511
22489,Individual,48,1,30.48,5,1,1,511
22029,Individual,47,1,30.97,5,1,1,511
15424,Individual,41,1,30.97,5,1,1,511
13481,Individual,19,1,30.97,5,1,1,511
12911,Individual,23,1,30.97,5,1,1,511
20773,Individual,53,1,30.97,5,1,1,511
13934,Individual,54,1,30.97,5,1,1,511
13211,Individual,10,1,30.97,5,1,1,511
28987,Individual,8,1,31.27,5,1,1,511
29024,Individual,7,1,31.27,5,1,1,511
29211,Individual,55,1,31.27,5,1,1,511
28814,Individual,64,1,31.27,5,1,1,511
28815,Individual,72,1,31.27,5,1,1,511
29244,Individual,23,1,31.27,5,1,1,511
20578,Individual,40,1,31.27,5,1,1,511
13311,Individual,35,1,29.93,5,1,1,511
12443,Individual,11,1,29.93,5,1,1,511
14977,Individual,12,1,29.98,5,1,1,511
20428,Individual,12,1,29.99,5,1,1,511
23467,Individual,11,1,29.99,5,1,1,511
22779,Individual,15,1,29.99,5,1,1,511
23124,Individual,16,1,29.99,5,1,1,511
24259,Individual,21,1,29.99,5,1,1,511
22774,Individual,35,1,29.99,5,1,1,511
23698,Individual,34,1,29.99,5,1,1,511
22720,Individual,34,1,29.99,5,1,1,511
23076,Individual,35,1,29.99,5,1,1,511
22726,Individual,32,1,29.99,5,1,1,511
23043,Individual,40,1,29.99,5,1,1,511
23700,Individual,38,1,29.99,5,1,1,511
23400,Individual,44,1,29.99,5,1,1,511
23669,Individual,41,1,29.99,5,1,1,511
17826,Individual,62,1,29.99,5,1,1,511
23482,Individual,64,1,29.99,5,1,1,511
21529,Individual,66,1,29.99,5,1,1,511
23212,Individual,67,1,29.99,5,1,1,511
21871,Individual,56,1,29.99,5,1,1,511
22279,Individual,56,1,29.99,5,1,1,511
22277,Individual,4,1,29.99,5,1,1,511
18793,Individual,66,1,30.48,5,1,1,511
27838,Individual,66,1,30.48,5,1,1,511
28056,Individual,63,1,30.48,5,1,1,511
20727,Individual,72,1,30.48,5,1,1,511
26593,Individual,42,1,27.28,5,1,1,511
26524,Individual,41,1,27.28,5,1,1,511
19898,Individual,40,1,27.28,5,1,1,511
21824,Individual,50,1,27.28,5,1,1,511
28679,Individual,47,1,27.28,5,1,1,511
20136,Individual,25,1,27.28,5,1,1,511
26336,Individual,12,1,27.28,5,1,1,511
17774,Individual,13,1,27.28,5,1,1,511
26288,Individual,16,1,27.28,5,1,1,511
28762,Individual,27,1,27.28,5,1,1,511
13804,Individual,29,1,27.28,5,1,1,511
29172,Individual,36,1,27.28,5,1,1,511
25853,Individual,35,1,27.28,5,1,1,511
26243,Individual,53,1,27.28,5,1,1,511
29245,Individual,56,1,27.28,5,1,1,511
25908,Individual,3,1,27.28,5,1,1,511
26605,Individual,4,1,27.28,5,1,1,511
29219,Individual,8,1,27.28,5,1,1,511
26172,Individual,5,1,27.28,5,1,1,511
27831,Individual,6,1,27.77,5,1,1,511
28745,Individual,65,1,27.77,5,1,1,511
18333,Individual,36,1,27.77,5,1,1,511
24571,Individual,32,1,27.77,5,1,1,511
18013,Individual,15,1,27.77,5,1,1,511
27507,Individual,22,1,27.77,5,1,1,511
19347,Individual,18,1,27.77,5,1,1,511
27548,Individual,37,1,27.77,5,1,1,511
26846,Individual,48,1,28.48,5,1,1,511
23915,Individual,60,1,28.48,5,1,1,511
27177,Individual,57,1,28.48,5,1,1,511
28760,Individual,53,1,28.98,5,1,1,511
29205,Individual,62,1,28.98,5,1,1,511
29035,Individual,44,1,28.98,5,1,1,511
19936,Individual,33,1,28.98,5,1,1,511
19331,Individual,32,1,28.98,5,1,1,511
28868,Individual,36,1,28.98,5,1,1,511
27057,Individual,19,1,28.99,5,1,1,511
26170,Individual,24,1,28.99,5,1,1,511
22682,Individual,12,1,28.99,5,1,1,511
26126,Individual,49,1,28.99,5,1,1,511
26926,Individual,57,1,28.99,5,1,1,511
22820,Individual,4,1,29.48,5,1,1,511
12801,Individual,5,1,29.48,5,1,1,511
29029,Individual,68,1,29.48,5,1,1,511
19376,Individual,68,1,29.48,5,1,1,511
28188,Individual,56,1,29.48,5,1,1,511
22533,Individual,63,1,29.48,5,1,1,511
24840,Individual,49,1,29.48,5,1,1,511
24699,Individual,50,1,29.48,5,1,1,511
28571,Individual,40,1,29.48,5,1,1,511
27191,Individual,10,1,29.48,5,1,1,511
14958,Individual,31,1,29.48,5,1,1,511
23768,Individual,28,1,29.48,5,1,1,511
25570,Individual,28,1,29.48,5,1,1,511
14638,Individual,42,1,26.97,5,1,1,511
17190,Individual,15,1,24.27,5,1,1,511
12790,Individual,47,1,24.27,5,1,1,511
13875,Individual,5,1,24.27,5,1,1,511
20521,Individual,53,1,25.22,5,1,1,511
27476,Individual,66,1,25.48,5,1,1,511
25004,Individual,8,1,24.99,5,1,1,511
19043,Individual,9,1,24.99,5,1,1,511
19053,Individual,47,1,24.99,5,1,1,511
19378,Individual,37,1,24.99,5,1,1,511
19932,Individual,15,1,24.99,5,1,1,511
26460,Individual,13,1,24.99,5,1,1,511
26595,Individual,24,1,24.99,5,1,1,511
25881,Individual,25,1,24.99,5,1,1,511
25963,Individual,26,1,24.99,5,1,1,511
15060,Individual,31,1,24.99,5,1,1,511
25968,Individual,72,1,24.99,5,1,1,511
25354,Individual,62,1,24.99,5,1,1,511
26006,Individual,65,1,24.99,5,1,1,511
26072,Individual,52,1,24.99,5,1,1,511
18631,Individual,56,1,24.99,5,1,1,511
25851,Individual,56,1,24.99,5,1,1,511
29007,Individual,57,1,24.99,5,1,1,511
20579,Individual,57,1,24.99,5,1,1,511
18444,Individual,31,1,25.48,5,1,1,511
27911,Individual,23,1,25.48,5,1,1,511
27178,Individual,40,1,25.48,5,1,1,511
22534,Individual,41,1,25.48,5,1,1,511
28081,Individual,46,1,25.48,5,1,1,511
24844,Individual,49,1,25.48,5,1,1,511
25789,Individual,50,1,25.48,5,1,1,511
25296,Individual,9,1,25.48,5,1,1,511
22394,Individual,4,1,25.48,5,1,1,511
25019,Individual,68,1,23.97,5,1,1,511
21045,Individual,57,1,23.78,5,1,1,511
17731,Individual,55,1,23.78,5,1,1,511
28561,Individual,67,1,23.78,5,1,1,511
27682,Individual,65,1,23.78,5,1,1,511
25297,Individual,65,1,23.78,5,1,1,511
26385,Individual,65,1,23.78,5,1,1,511
22413,Individual,37,1,23.78,5,1,1,511
20607,Individual,45,1,23.78,5,1,1,511
26431,Individual,45,1,23.78,5,1,1,511
25028,Individual,23,1,23.78,5,1,1,511
20455,Individual,10,1,23.78,5,1,1,511
26565,Individual,29,1,23.78,5,1,1,511
21113,Individual,27,1,23.78,5,1,1,511
26980,Individual,31,1,23.78,5,1,1,511
27532,Individual,31,1,23.78,5,1,1,511
21676,Individual,32,1,23.78,5,1,1,511
29447,Individual,34,1,23.78,5,1,1,511
29471,Individual,8,1,23.78,5,1,1,511
27741,Individual,8,1,23.78,5,1,1,511
26031,Individual,4,1,23.78,5,1,1,511
27392,Individual,2,1,23.78,5,1,1,511
21495,Individual,32,1,23.97,5,1,1,511
29282,Individual,30,1,23.97,5,1,1,511
28946,Individual,29,1,23.97,5,1,1,511
20491,Individual,24,1,23.97,5,1,1,511
21398,Individual,65,1,23.97,5,1,1,511
21319,Individual,62,1,23.97,5,1,1,511
22830,Individual,33,1,14.23,5,1,1,511
20488,Individual,68,1,14.98,5,1,1,511
20511,Individual,72,1,14.98,5,1,1,511
28930,Individual,50,1,15.23,5,1,1,511
16374,Individual,40,1,15.23,5,1,1,511
25066,Individual,3,1,15.23,5,1,1,511
24245,Individual,42,1,17.27,5,1,1,511
21730,Individual,56,1,17.27,5,1,1,511
21811,Individual,63,1,17.27,5,1,1,511
27588,Individual,67,1,15.23,5,1,1,511
24896,Individual,72,1,15.23,5,1,1,511
28124,Individual,62,1,21.26,5,1,1,511
11558,Individual,60,1,21.49,5,1,1,511
21081,Individual,60,1,21.49,5,1,1,511
20263,Individual,64,1,21.49,5,1,1,511
17906,Individual,56,1,21.49,5,1,1,511
28058,Individual,57,1,21.49,5,1,1,511
29423,Individual,68,1,21.49,5,1,1,511
25140,Individual,70,1,21.49,5,1,1,511
27833,Individual,72,1,21.49,5,1,1,511
26129,Individual,44,1,21.49,5,1,1,511
20065,Individual,41,1,21.49,5,1,1,511
11556,Individual,39,1,21.49,5,1,1,511
22303,Individual,46,1,21.49,5,1,1,511
27647,Individual,18,1,21.49,5,1,1,511
18367,Individual,13,1,21.49,5,1,1,511
25536,Individual,15,1,21.49,5,1,1,511
24848,Individual,16,1,21.49,5,1,1,511
28238,Individual,31,1,21.49,5,1,1,511
27660,Individual,36,1,21.49,5,1,1,511
24374,Individual,2,1,21.49,5,1,1,511
20257,Individual,5,1,21.49,5,1,1,511
22538,Individual,5,1,21.49,5,1,1,511
24704,Individual,1,1,21.49,5,1,1,511
18159,Individual,6,1,21.98,5,1,1,511
13731,Individual,6,1,21.98,5,1,1,511
17201,Individual,36,1,21.98,5,1,1,511
13859,Individual,36,1,21.98,5,1,1,511
22923,Individual,32,1,21.98,5,1,1,511
20508,Individual,29,1,21.98,5,1,1,511
12456,Individual,13,1,21.98,5,1,1,511
14431,Individual,15,1,21.98,5,1,1,511
13946,Individual,15,1,21.98,5,1,1,511
13738,Individual,13,1,21.98,5,1,1,511
13281,Individual,19,1,21.98,5,1,1,511
14340,Individual,24,1,21.98,5,1,1,511
15259,Individual,25,1,21.98,5,1,1,511
14082,Individual,46,1,21.98,5,1,1,511
19054,Individual,51,1,21.98,5,1,1,511
14042,Individual,48,1,21.98,5,1,1,511
14437,Individual,42,1,21.98,5,1,1,511
12891,Individual,43,1,21.98,5,1,1,511
13276,Individual,56,1,21.98,5,1,1,511
12968,Individual,67,1,21.98,5,1,1,511
12900,Individual,71,1,21.98,5,1,1,511
27888,Individual,43,1,22.93,5,1,1,511
11354,Individual,57,1,22.97,5,1,1,511
28884,Individual,42,1,11.94,5,1,1,511
16718,Individual,72,1,13.98,5,1,1,511
25542,Individual,68,1,13.98,5,1,1,511
24363,Individual,7,1,13.98,5,1,1,511
18505,Individual,8,1,13.98,5,1,1,511
24131,Individual,4,1,13.98,5,1,1,511
20473,Individual,3,1,14.98,5,1,1,511
20466,Individual,9,1,14.98,5,1,1,511
21414,Individual,34,1,14.98,5,1,1,511
20695,Individual,35,1,14.98,5,1,1,511
29305,Individual,31,1,14.98,5,1,1,511
28955,Individual,32,1,14.98,5,1,1,511
21901,Individual,27,1,14.98,5,1,1,511
21278,Individual,30,1,14.98,5,1,1,511
24495,Individual,15,1,14.98,5,1,1,511
22331,Individual,14,1,14.98,5,1,1,511
21617,Individual,9,1,14.98,5,1,1,511
21301,Individual,10,1,14.98,5,1,1,511
20393,Individual,24,1,14.98,5,1,1,511
21734,Individual,23,1,14.98,5,1,1,511
21341,Individual,22,1,14.98,5,1,1,511
21731,Individual,40,1,14.98,5,1,1,511
21779,Individual,41,1,14.98,5,1,1,511
12662,Individual,48,1,14.98,5,1,1,511
21733,Individual,45,1,14.98,5,1,1,511
20523,Individual,63,1,14.98,5,1,1,511
23190,Individual,64,1,14.98,5,1,1,511
28958,Individual,57,1,14.98,5,1,1,511
17151,Individual,1,1,12.94,5,1,1,511
25232,Individual,6,1,12.94,5,1,1,511
24472,Individual,44,1,12.94,5,1,1,511
23455,Individual,46,1,12.94,5,1,1,511
27717,Individual,56,1,12.94,5,1,1,511
28128,Individual,59,1,12.94,5,1,1,511
22219,Individual,68,1,12.94,5,1,1,511
27933,Individual,70,1,12.94,5,1,1,511
25687,Individual,54,1,12.98,5,1,1,511
26844,Individual,13,1,12.98,5,1,1,511
24042,Individual,24,1,12.98,5,1,1,511
17356,Individual,18,1,13.98,5,1,1,511
23642,Individual,11,1,13.98,5,1,1,511
23767,Individual,12,1,13.98,5,1,1,511
16962,Individual,10,1,13.98,5,1,1,511
28895,Individual,10,1,13.98,5,1,1,511
18073,Individual,9,1,13.98,5,1,1,511
16861,Individual,16,1,13.98,5,1,1,511
26215,Individual,34,1,13.98,5,1,1,511
25437,Individual,36,1,13.98,5,1,1,511
25845,Individual,36,1,13.98,5,1,1,511
18107,Individual,26,1,13.98,5,1,1,511
24145,Individual,27,1,13.98,5,1,1,511
24255,Individual,30,1,13.98,5,1,1,511
18311,Individual,45,1,13.98,5,1,1,511
16378,Individual,46,1,13.98,5,1,1,511
22537,Individual,46,1,13.98,5,1,1,511
16725,Individual,51,1,13.98,5,1,1,511
17178,Individual,44,1,13.98,5,1,1,511
24488,Individual,38,1,13.98,5,1,1,511
18117,Individual,37,1,13.98,5,1,1,511
29395,Individual,55,1,13.98,5,1,1,511
22474,Individual,53,1,13.98,5,1,1,511
23827,Individual,56,1,13.98,5,1,1,511
16813,Individual,66,1,13.98,5,1,1,511
16651,Individual,67,1,13.98,5,1,1,511
18115,Individual,67,1,13.98,5,1,1,511
23681,Individual,61,1,13.98,5,1,1,511
20784,Individual,6,1,9.99,5,1,1,511
20540,Individual,53,1,9.99,5,1,1,511
20777,Individual,20,1,9.99,5,1,1,511
20788,Individual,16,1,9.99,5,1,1,511
20775,Individual,17,1,9.99,5,1,1,511
21314,Individual,34,1,9.99,5,1,1,511
21623,Individual,43,1,9.99,5,1,1,511
12516,Individual,44,1,8.99,5,1,1,511
12544,Individual,39,1,8.99,5,1,1,511
12478,Individual,30,1,8.99,5,1,1,511
12542,Individual,18,1,8.99,5,1,1,511
12536,Individual,69,1,8.99,5,1,1,511
12556,Individual,63,1,8.99,5,1,1,511
12539,Individual,60,1,8.99,5,1,1,511
28613,Individual,65,1,8.99,5,1,1,511
12641,Individual,58,1,8.99,5,1,1,511
21441,Individual,16,1,7.28,5,1,1,511
16076,Individual,14,1,7.28,5,1,1,511
26100,Individual,14,1,7.28,5,1,1,511
27032,Individual,11,1,7.28,5,1,1,511
19872,Individual,12,1,7.28,5,1,1,511
24479,Individual,12,1,7.28,5,1,1,511
15749,Individual,12,1,7.28,5,1,1,511
25483,Individual,17,1,7.28,5,1,1,511
14759,Individual,18,1,7.28,5,1,1,511
23290,Individual,18,1,7.28,5,1,1,511
24185,Individual,24,1,7.28,5,1,1,511
28258,Individual,28,1,7.28,5,1,1,511
13797,Individual,30,1,7.28,5,1,1,511
21925,Individual,28,1,7.28,5,1,1,511
28245,Individual,27,1,7.28,5,1,1,511
25117,Individual,30,1,7.28,5,1,1,511
22973,Individual,32,1,7.28,5,1,1,511
16726,Individual,34,1,7.28,5,1,1,511
15393,Individual,35,1,7.28,5,1,1,511
20403,Individual,36,1,7.28,5,1,1,511
28019,Individual,39,1,7.28,5,1,1,511
16062,Individual,43,1,7.28,5,1,1,511
24892,Individual,41,1,7.28,5,1,1,511
16648,Individual,50,1,7.28,5,1,1,511
27963,Individual,48,1,7.28,5,1,1,511
16276,Individual,48,1,7.28,5,1,1,511
27187,Individual,44,1,7.28,5,1,1,511
15782,Individual,45,1,7.28,5,1,1,511
14403,Individual,47,1,7.28,5,1,1,511
15477,Individual,46,1,7.28,5,1,1,511
27024,Individual,47,1,7.28,5,1,1,511
15867,Individual,47,1,7.28,5,1,1,511
14764,Individual,53,1,7.28,5,1,1,511
21752,Individual,55,1,7.28,5,1,1,511
23009,Individual,54,1,7.28,5,1,1,511
24733,Individual,56,1,7.28,5,1,1,511
28579,Individual,57,1,7.28,5,1,1,511
12810,Individual,59,1,7.28,5,1,1,511
25135,Individual,58,1,7.28,5,1,1,511
21490,Individual,67,1,7.28,5,1,1,511
15978,Individual,67,1,7.28,5,1,1,511
26077,Individual,66,1,7.28,5,1,1,511
16034,Individual,65,1,7.28,5,1,1,511
15177,Individual,65,1,7.28,5,1,1,511
15299,Individual,65,1,7.28,5,1,1,511
16337,Individual,64,1,7.28,5,1,1,511
18313,Individual,60,1,7.28,5,1,1,511
15515,Individual,60,1,7.28,5,1,1,511
28104,Individual,61,1,7.28,5,1,1,511
28026,Individual,63,1,7.28,5,1,1,511
14474,Individual,1,1,7.28,5,1,1,511
25817,Individual,3,1,7.28,5,1,1,511
21364,Individual,3,1,7.28,5,1,1,511
24306,Individual,3,1,7.28,5,1,1,511
28138,Individual,4,1,7.28,5,1,1,511
24118,Individual,4,1,7.28,5,1,1,511
16060,Individual,6,1,7.28,5,1,1,511
28262,Individual,8,1,7.28,5,1,1,511
25137,Individual,8,1,7.28,5,1,1,511
16723,Individual,8,1,7.28,5,1,1,511
15336,Individual,9,1,7.28,5,1,1,511
28789,Individual,1,1,7.95,5,1,1,511
28596,Individual,46,1,7.95,5,1,1,511
15298,Individual,70,1,7.28,5,1,1,511
27931,Individual,68,1,7.28,5,1,1,511
19468,Individual,67,1,6.28,5,1,1,511
25315,Individual,54,1,6.28,5,1,1,511
19485,Individual,51,1,6.28,5,1,1,511
16435,Individual,43,1,6.28,5,1,1,511
29038,Individual,41,1,6.28,5,1,1,511
24143,Individual,35,1,6.28,5,1,1,511
24097,Individual,29,1,6.28,5,1,1,511
23447,Individual,22,1,6.28,5,1,1,511
20919,Individual,21,1,6.28,5,1,1,511
19491,Individual,10,1,6.28,5,1,1,511
20899,Individual,10,1,6.28,5,1,1,511
20920,Individual,16,1,6.28,5,1,1,511
25907,Individual,15,1,6.28,5,1,1,511
22565,Individual,71,1,6.28,5,1,1,511
24538,Individual,64,1,3.99,5,1,1,511
22805,Individual,54,1,3.99,5,1,1,511
29131,Individual,50,1,3.99,5,1,1,511
29061,Individual,50,1,3.99,5,1,1,511
29076,Individual,44,1,3.99,5,1,1,511
24553,Individual,37,1,3.99,5,1,1,511
20961,Individual,37,1,3.99,5,1,1,511
27927,Individual,36,1,3.99,5,1,1,511
26820,Individual,26,1,3.99,5,1,1,511
26863,Individual,24,1,3.99,5,1,1,511
27989,Individual,22,1,3.99,5,1,1,511
17819,Individual,17,1,3.99,5,1,1,511
22660,Individual,16,1,3.99,5,1,1,511
25544,Individual,15,1,3.99,5,1,1,511
18385,Individual,15,1,4.99,5,1,1,511
22858,Individual,13,1,4.99,5,1,1,511
25785,Individual,17,1,4.99,5,1,1,511
18499,Individual,11,1,4.99,5,1,1,511
24593,Individual,10,1,4.99,5,1,1,511
23363,Individual,23,1,4.99,5,1,1,511
16816,Individual,25,1,4.99,5,1,1,511
15381,Individual,21,1,4.99,5,1,1,511
18555,Individual,21,1,4.99,5,1,1,511
22382,Individual,20,1,4.99,5,1,1,511
16024,Individual,20,1,4.99,5,1,1,511
16815,Individual,19,1,4.99,5,1,1,511
16008,Individual,18,1,4.99,5,1,1,511
25456,Individual,18,1,4.99,5,1,1,511
17673,Individual,17,1,4.99,5,1,1,511
14583,Individual,26,1,4.99,5,1,1,511
16240,Individual,27,1,4.99,5,1,1,511
18153,Individual,27,1,4.99,5,1,1,511
16274,Individual,27,1,4.99,5,1,1,511
22521,Individual,27,1,4.99,5,1,1,511
24967,Individual,30,1,4.99,5,1,1,511
16757,Individual,29,1,4.99,5,1,1,511
18434,Individual,33,1,4.99,5,1,1,511
23518,Individual,32,1,4.99,5,1,1,511
21825,Individual,31,1,4.99,5,1,1,511
14689,Individual,31,1,4.99,5,1,1,511
25367,Individual,31,1,4.99,5,1,1,511
16499,Individual,37,1,4.99,5,1,1,511
17472,Individual,37,1,4.99,5,1,1,511
15960,Individual,35,1,4.99,5,1,1,511
19404,Individual,35,1,4.99,5,1,1,511
26051,Individual,35,1,4.99,5,1,1,511
17523,Individual,34,1,4.99,5,1,1,511
19638,Individual,34,1,4.99,5,1,1,511
28924,Individual,38,1,4.99,5,1,1,511
27591,Individual,39,1,4.99,5,1,1,511
17550,Individual,41,1,4.99,5,1,1,511
16853,Individual,40,1,4.99,5,1,1,511
16966,Individual,43,1,4.99,5,1,1,511
24134,Individual,43,1,4.99,5,1,1,511
19210,Individual,43,1,4.99,5,1,1,511
24240,Individual,41,1,4.99,5,1,1,511
17131,Individual,50,1,4.99,5,1,1,511
15360,Individual,50,1,4.99,5,1,1,511
16917,Individual,51,1,4.99,5,1,1,511
24575,Individual,51,1,4.99,5,1,1,511
14721,Individual,48,1,4.99,5,1,1,511
22755,Individual,48,1,4.99,5,1,1,511
27934,Individual,47,1,4.99,5,1,1,511
28125,Individual,47,1,4.99,5,1,1,511
16671,Individual,47,1,4.99,5,1,1,511
16084,Individual,45,1,4.99,5,1,1,511
24207,Individual,45,1,4.99,5,1,1,511
15818,Individual,45,1,4.99,5,1,1,511
16858,Individual,53,1,4.99,5,1,1,511
24376,Individual,53,1,4.99,5,1,1,511
15412,Individual,52,1,4.99,5,1,1,511
23308,Individual,52,1,4.99,5,1,1,511
24891,Individual,52,1,4.99,5,1,1,511
21306,Individual,55,1,4.99,5,1,1,511
17132,Individual,55,1,4.99,5,1,1,511
22829,Individual,55,1,4.99,5,1,1,511
21869,Individual,59,1,4.99,5,1,1,511
28328,Individual,58,1,4.99,5,1,1,511
22532,Individual,57,1,4.99,5,1,1,511
15746,Individual,57,1,4.99,5,1,1,511
24731,Individual,56,1,4.99,5,1,1,511
23427,Individual,56,1,4.99,5,1,1,511
15387,Individual,65,1,4.99,5,1,1,511
14766,Individual,65,1,4.99,5,1,1,511
24152,Individual,67,1,4.99,5,1,1,511
21076,Individual,67,1,4.99,5,1,1,511
17452,Individual,67,1,4.99,5,1,1,511
14922,Individual,66,1,4.99,5,1,1,511
15956,Individual,63,1,4.99,5,1,1,511
25247,Individual,63,1,4.99,5,1,1,511
24258,Individual,63,1,4.99,5,1,1,511
16047,Individual,62,1,4.99,5,1,1,511
16722,Individual,62,1,4.99,5,1,1,511
15550,Individual,61,1,4.99,5,1,1,511
17429,Individual,60,1,4.99,5,1,1,511
16988,Individual,59,1,4.99,5,1,1,511
27992,Individual,71,1,2.29,5,1,1,511
26901,Individual,69,1,3.99,5,1,1,511
24566,Individual,69,1,4.99,5,1,1,511
18230,Individual,68,1,4.99,5,1,1,511
20079,Individual,71,1,4.99,5,1,1,511
22662,Individual,70,1,4.99,5,1,1,511
26387,Individual,72,1,4.99,5,1,1,511
25340,Individual,72,1,4.99,5,1,1,511
16768,Individual,9,1,4.99,5,1,1,511
28277,Individual,8,1,4.99,5,1,1,511
22802,Individual,8,1,4.99,5,1,1,511
17697,Individual,6,1,4.99,5,1,1,511
18070,Individual,6,1,4.99,5,1,1,511
16245,Individual,6,1,4.99,5,1,1,511
18668,Individual,5,1,4.99,5,1,1,511
22493,Individual,5,1,4.99,5,1,1,511
17391,Individual,4,1,4.99,5,1,1,511
15300,Individual,3,1,4.99,5,1,1,511
21347,Individual,1,1,4.99,5,1,1,511
14305,Individual,116,3,3652.20,4,5,5,455
14306,Individual,120,3,3653.23,4,5,5,455
14304,Individual,100,3,3595.93,4,5,5,455
14303,Individual,131,3,3636.91,4,5,5,455
14316,Individual,96,3,3797.37,4,5,5,455
17648,Individual,74,3,4122.74,4,5,5,455
17647,Individual,89,3,4122.76,4,5,5,455
19325,Individual,76,3,4245.22,4,5,5,455
19339,Individual,76,3,4315.90,4,5,5,455
19298,Individual,83,3,4535.28,4,5,5,455
19197,Individual,75,3,4609.74,4,5,5,455
19196,Individual,81,3,4657.74,4,5,5,455
18626,Individual,90,3,4644.75,4,5,5,455
11134,Individual,87,3,4911.83,4,5,5,455
11357,Individual,92,3,4943.80,4,5,5,455
12305,Individual,92,3,4940.39,4,5,5,455
11126,Individual,87,3,4972.37,4,5,5,455
12299,Individual,81,3,4977.36,4,5,5,455
12292,Individual,83,3,5027.86,4,5,5,455
13768,Individual,81,3,5063.52,4,5,5,455
11356,Individual,90,3,5069.29,4,5,5,455
14666,Individual,111,3,5199.92,4,5,5,455
12619,Individual,113,3,5200.41,4,5,5,455
14676,Individual,77,3,5188.41,4,5,5,455
14681,Individual,85,3,5178.40,4,5,5,455
14325,Individual,103,3,5152.70,4,5,5,455
14275,Individual,125,3,5158.37,4,5,5,455
15652,Individual,97,3,5160.08,4,5,5,455
14301,Individual,130,3,5142.75,4,5,5,455
15638,Individual,110,3,5162.37,4,5,5,455
12622,Individual,89,3,5135.41,4,5,5,455
11358,Individual,76,3,5034.78,4,5,5,455
15631,Individual,121,3,5122.39,4,5,5,455
14236,Individual,95,3,5710.23,4,5,5,455
13010,Individual,109,3,5716.52,4,5,5,455
13106,Individual,77,3,5697.52,4,5,5,455
16425,Individual,119,3,5718.69,4,5,5,455
16424,Individual,116,3,5738.38,4,5,5,455
17964,Individual,93,3,5750.36,4,5,5,455
17983,Individual,113,3,5784.36,4,5,5,455
16392,Individual,120,3,5786.38,4,5,5,455
16426,Individual,88,3,5768.36,4,5,5,455
17976,Individual,95,3,5801.38,4,5,5,455
16393,Individual,106,3,5841.37,4,5,5,455
13007,Individual,101,3,5671.24,4,5,5,455
12873,Individual,104,3,5676.24,4,5,5,455
14230,Individual,125,3,5661.90,4,5,5,455
12615,Individual,101,3,5663.23,4,5,5,455
12859,Individual,105,3,5666.22,4,5,5,455
13517,Individual,88,3,5666.38,4,5,5,455
14235,Individual,107,3,5682.20,4,5,5,455
14234,Individual,129,3,5687.72,4,5,5,455
12608,Individual,126,3,5689.88,4,5,5,455
14261,Individual,74,3,5653.92,4,5,5,455
13049,Individual,86,3,5647.22,4,5,5,455
13050,Individual,84,3,5651.25,4,5,5,455
14238,Individual,101,3,5642.90,4,5,5,455
12609,Individual,130,3,5636.90,4,5,5,455
12874,Individual,116,3,5638.54,4,5,5,455
13554,Individual,88,3,5641.25,4,5,5,455
13551,Individual,90,3,5622.92,4,5,5,455
12623,Individual,116,3,5630.21,4,5,5,455
13105,Individual,89,3,5585.45,4,5,5,455
13038,Individual,103,3,5581.26,4,5,5,455
12343,Individual,131,3,5567.93,4,5,5,455
13823,Individual,76,3,5393.31,4,5,5,455
14300,Individual,123,3,5322.73,4,5,5,455
14667,Individual,102,3,5295.41,4,5,5,455
14672,Individual,75,3,5237.72,4,5,5,455
15632,Individual,110,3,5245.06,4,5,5,455
14668,Individual,95,3,5216.69,4,5,5,455
15120,Individual,84,3,5217.70,4,5,5,455
14279,Individual,127,3,5137.71,4,5,5,455
14326,Individual,108,3,5207.70,4,5,5,455
14323,Individual,127,3,5222.02,4,5,5,455
12526,Individual,120,3,5229.38,4,5,5,455
17984,Individual,107,3,6083.17,4,5,5,455
16310,Individual,100,3,6010.16,4,5,5,455
17985,Individual,103,3,6016.66,4,5,5,455
17833,Individual,104,3,5999.45,4,5,5,455
16404,Individual,94,3,6002.16,4,5,5,455
12621,Individual,129,3,6471.21,4,5,5,455
11030,Individual,81,3,6471.32,4,5,5,455
11038,Individual,78,3,6437.33,4,5,5,455
12510,Individual,131,3,6441.02,4,5,5,455
11035,Individual,75,3,6451.31,4,5,5,455
11046,Individual,78,3,6616.81,4,5,5,455
13841,Individual,104,3,6624.60,4,5,5,455
11039,Individual,79,3,6636.58,4,5,5,455
11026,Individual,106,3,6575.79,4,5,5,455
11025,Individual,96,3,6576.80,4,5,5,455
15921,Individual,124,3,6549.29,4,5,5,455
11029,Individual,79,3,6565.29,4,5,5,455
13782,Individual,106,3,6512.19,4,5,5,455
11044,Individual,82,3,6515.30,4,5,5,455
12805,Individual,115,3,6522.22,4,5,5,455
13822,Individual,104,3,6523.21,4,5,5,455
11032,Individual,82,3,6525.56,4,5,5,455
11018,Individual,97,3,6533.28,4,5,5,455
13771,Individual,106,3,6535.69,4,5,5,455
13558,Individual,77,3,6500.22,4,5,5,455
12754,Individual,118,3,6503.20,4,5,5,455
11034,Individual,80,3,6491.32,4,5,5,455
12750,Individual,93,3,6491.73,4,5,5,455
11033,Individual,85,3,6495.29,4,5,5,455
14161,Individual,87,3,6497.21,4,5,5,455
13770,Individual,117,3,6428.23,4,5,5,455
11017,Individual,107,3,6434.31,4,5,5,455
11028,Individual,114,3,6474.62,4,5,5,455
11031,Individual,77,3,6478.60,4,5,5,455
12620,Individual,125,3,6481.02,4,5,5,455
13555,Individual,119,3,6484.45,4,5,5,455
11568,Individual,131,3,6789.46,4,5,5,455
12669,Individual,132,3,6791.10,4,5,5,455
12350,Individual,126,3,6791.75,4,5,5,455
13115,Individual,86,3,6779.42,4,5,5,455
12694,Individual,112,3,6785.13,4,5,5,455
12677,Individual,130,3,6785.47,4,5,5,455
11604,Individual,105,3,6786.12,4,5,5,455
11610,Individual,89,3,6786.44,4,5,5,455
12698,Individual,122,3,6786.75,4,5,5,455
13077,Individual,80,3,6766.63,4,5,5,455
11603,Individual,113,3,6767.14,4,5,5,455
13123,Individual,92,3,6765.44,4,5,5,455
12987,Individual,107,3,6759.47,4,5,5,455
13006,Individual,122,3,6762.15,4,5,5,455
12360,Individual,127,3,6750.48,4,5,5,455
14146,Individual,105,3,6750.56,4,5,5,455
12340,Individual,128,3,6752.13,4,5,5,455
13079,Individual,89,3,6752.13,4,5,5,455
11191,Individual,84,3,6743.58,4,5,5,455
14846,Individual,80,3,6744.57,4,5,5,455
14702,Individual,115,3,6729.57,4,5,5,455
14778,Individual,73,3,6673.53,4,5,5,455
11175,Individual,87,3,6710.55,4,5,5,455
11171,Individual,83,3,6716.55,4,5,5,455
14150,Individual,119,3,6705.59,4,5,5,455
14928,Individual,90,3,6706.57,4,5,5,455
14771,Individual,104,3,6689.58,4,5,5,455
14770,Individual,110,3,6679.59,4,5,5,455
14833,Individual,82,3,6679.60,4,5,5,455
14160,Individual,112,3,6679.70,4,5,5,455
14697,Individual,121,3,6684.58,4,5,5,455
14937,Individual,81,3,6652.89,4,5,5,455
14947,Individual,83,3,6658.58,4,5,5,455
14712,Individual,117,3,6660.59,4,5,5,455
14525,Individual,95,3,6665.58,4,5,5,455
14929,Individual,86,3,6646.58,4,5,5,455
14157,Individual,93,3,6650.60,4,5,5,455
11027,Individual,97,3,6591.57,4,5,5,455
18135,Individual,73,3,6921.58,4,5,5,455
13626,Individual,77,3,6909.09,4,5,5,455
12988,Individual,100,3,6915.44,4,5,5,455
12693,Individual,98,3,6820.47,4,5,5,455
16307,Individual,100,3,6917.59,4,5,5,455
16309,Individual,121,3,6910.59,4,5,5,455
12702,Individual,114,3,6911.10,4,5,5,455
13082,Individual,79,3,6906.39,4,5,5,455
16448,Individual,105,3,6906.89,4,5,5,455
12685,Individual,112,3,6904.11,4,5,5,455
12703,Individual,118,3,6891.12,4,5,5,455
12684,Individual,102,3,6893.08,4,5,5,455
16297,Individual,97,3,6889.61,4,5,5,455
13132,Individual,81,3,6880.62,4,5,5,455
12688,Individual,119,3,6867.44,4,5,5,455
12701,Individual,121,3,6868.44,4,5,5,455
13616,Individual,83,3,6872.06,4,5,5,455
13091,Individual,89,3,6864.95,4,5,5,455
12686,Individual,120,3,6864.46,4,5,5,455
12994,Individual,113,3,6855.44,4,5,5,455
12700,Individual,97,3,6860.44,4,5,5,455
13076,Individual,105,3,6862.14,4,5,5,455
13622,Individual,89,3,6841.43,4,5,5,455
12689,Individual,122,3,6846.92,4,5,5,455
13620,Individual,77,3,6848.07,4,5,5,455
13078,Individual,76,3,6850.46,4,5,5,455
12995,Individual,95,3,6850.58,4,5,5,455
12706,Individual,103,3,6851.41,4,5,5,455
12705,Individual,103,3,6854.11,4,5,5,455
13075,Individual,103,3,6843.94,4,5,5,455
13080,Individual,88,3,6844.41,4,5,5,455
12999,Individual,102,3,6840.46,4,5,5,455
13117,Individual,81,3,6831.42,4,5,5,455
13051,Individual,96,3,6831.74,4,5,5,455
12347,Individual,127,3,6839.12,4,5,5,455
12668,Individual,132,3,6839.46,4,5,5,455
13113,Individual,86,3,6832.41,4,5,5,455
12342,Individual,128,3,6838.12,4,5,5,455
12990,Individual,120,3,6829.47,4,5,5,455
12210,Individual,79,3,6825.45,4,5,5,455
13011,Individual,116,3,6819.11,4,5,5,455
12989,Individual,115,3,6817.12,4,5,5,455
13128,Individual,91,3,6817.14,4,5,5,455
12356,Individual,132,3,6810.13,4,5,5,455
13133,Individual,92,3,6813.12,4,5,5,455
12996,Individual,119,3,6808.15,4,5,5,455
12687,Individual,102,3,6805.47,4,5,5,455
13089,Individual,78,3,6800.45,4,5,5,455
12683,Individual,130,3,6801.45,4,5,5,455
13081,Individual,73,3,6772.15,4,5,5,455
13135,Individual,73,3,6773.14,4,5,5,455
12699,Individual,101,3,6798.13,4,5,5,455
13001,Individual,112,3,6799.43,4,5,5,455
13000,Individual,98,3,6799.45,4,5,5,455
12132,Individual,104,5,13294.27,4,5,5,455
12300,Individual,104,5,13242.70,4,5,5,455
12131,Individual,111,5,13265.99,4,5,5,455
11241,Individual,92,7,11469.19,4,5,5,455
11439,Individual,101,6,12489.17,4,5,5,455
11412,Individual,110,4,9879.96,4,5,5,455
12296,Individual,96,5,13164.64,4,5,5,455
12307,Individual,73,5,13173.19,4,5,5,455
12124,Individual,114,5,13195.64,4,5,5,455
12125,Individual,73,4,8595.41,4,5,5,455
11421,Individual,112,4,9780.04,4,5,5,455
11423,Individual,101,4,9904.97,4,5,5,455
11431,Individual,121,4,9912.98,4,5,5,455
11427,Individual,101,4,9917.99,4,5,5,455
11428,Individual,99,4,9954.26,4,5,5,455
14200,Individual,123,4,9421.91,4,5,5,455
11901,Individual,81,3,8248.01,4,5,5,455
11120,Individual,132,3,8242.49,4,5,5,455
11443,Individual,120,3,8235.00,4,5,5,455
11147,Individual,105,3,8195.50,4,5,5,455
11897,Individual,107,3,8203.02,4,5,5,455
11489,Individual,123,3,8127.51,4,5,5,455
11472,Individual,95,3,8165.82,4,5,5,455
11750,Individual,120,3,8148.02,4,5,5,455
11756,Individual,96,3,8078.02,4,5,5,455
11151,Individual,101,3,8087.31,4,5,5,455
17214,Individual,90,3,7211.39,4,5,5,455
12297,Individual,81,4,8022.58,4,5,5,455
12130,Individual,76,4,7987.91,4,5,5,455
13406,Individual,73,4,7300.55,4,5,5,455
13265,Individual,85,4,7259.56,4,5,5,455
13264,Individual,114,4,7265.56,4,5,5,455
15093,Individual,80,3,7265.65,4,5,5,455
17114,Individual,81,3,7275.36,4,5,5,455
16823,Individual,127,3,7242.35,4,5,5,455
16263,Individual,132,3,7243.36,4,5,5,455
15623,Individual,128,3,7246.87,4,5,5,455
15678,Individual,114,3,7223.34,4,5,5,455
15676,Individual,117,3,7224.68,4,5,5,455
16261,Individual,78,3,7170.87,4,5,5,455
16585,Individual,130,3,7192.39,4,5,5,455
13261,Individual,121,4,7200.58,4,5,5,455
15677,Individual,105,3,7200.86,4,5,5,455
16565,Individual,85,3,7203.66,4,5,5,455
16827,Individual,99,3,7205.36,4,5,5,455
16831,Individual,104,3,7206.37,4,5,5,455
17781,Individual,90,3,7187.37,4,5,5,455
16828,Individual,105,3,7182.66,4,5,5,455
16829,Individual,117,3,7185.37,4,5,5,455
16567,Individual,86,3,7159.70,4,5,5,455
13690,Individual,84,3,7162.08,4,5,5,455
16204,Individual,87,3,7162.39,4,5,5,455
16598,Individual,125,3,7131.40,4,5,5,455
15094,Individual,73,3,7108.87,4,5,5,455
11548,Individual,79,3,7068.27,4,5,5,455
11422,Individual,87,4,7075.27,4,5,5,455
12007,Individual,130,3,7023.78,4,5,5,455
11496,Individual,85,3,7013.79,4,5,5,455
13012,Individual,103,3,7017.44,4,5,5,455
16298,Individual,120,3,7000.87,4,5,5,455
15624,Individual,128,3,6989.58,4,5,5,455
14424,Individual,126,3,6998.86,4,5,5,455
15637,Individual,113,3,6999.57,4,5,5,455
17225,Individual,90,3,6986.87,4,5,5,455
17192,Individual,99,3,6977.58,4,5,5,455
17202,Individual,76,3,6974.06,4,5,5,455
11494,Individual,121,3,6973.81,4,5,5,455
13625,Individual,92,3,6962.14,4,5,5,455
17185,Individual,95,3,6954.57,4,5,5,455
16205,Individual,79,3,6950.57,4,5,5,455
17182,Individual,107,3,6950.60,4,5,5,455
17203,Individual,74,3,6952.53,4,5,5,455
16203,Individual,103,3,6939.87,4,5,5,455
20912,Individual,113,3,2373.79,4,5,4,454
20923,Individual,116,3,2374.80,4,5,4,454
14658,Individual,85,3,92.82,4,5,3,453
12359,Individual,114,3,95.74,4,5,3,453
15864,Individual,113,3,103.55,4,5,3,453
15572,Individual,107,3,104.55,4,5,3,453
16771,Individual,130,3,104.55,4,5,3,453
13199,Individual,114,3,105.19,4,5,3,453
13197,Individual,80,3,105.19,4,5,3,453
15571,Individual,117,3,101.85,4,5,3,453
14683,Individual,124,3,98.95,4,5,3,453
11808,Individual,96,5,610.19,4,5,3,453
12970,Individual,99,4,471.11,4,5,3,453
14566,Individual,122,3,401.49,4,5,3,453
19224,Individual,89,3,352.52,4,5,3,453
15468,Individual,111,3,436.35,4,5,3,453
11709,Individual,107,5,325.89,4,5,3,453
13474,Individual,100,4,339.48,4,5,3,453
12363,Individual,120,4,273.90,4,5,3,453
16089,Individual,88,3,342.03,4,5,3,453
14611,Individual,108,3,304.55,4,5,3,453
11841,Individual,84,5,307.97,4,5,3,453
14328,Individual,118,5,308.66,4,5,3,453
12697,Individual,75,3,296.19,4,5,3,453
16096,Individual,96,3,212.01,4,5,3,453
15007,Individual,77,3,209.83,4,5,3,453
13318,Individual,118,4,214.26,4,5,3,453
13285,Individual,95,3,214.35,4,5,3,453
15172,Individual,77,4,215.45,4,5,3,453
13158,Individual,100,3,221.91,4,5,3,453
12704,Individual,108,3,217.46,4,5,3,453
14455,Individual,77,3,218.93,4,5,3,453
13936,Individual,82,3,218.93,4,5,3,453
15874,Individual,87,3,225.44,4,5,3,453
15878,Individual,74,3,225.92,4,5,3,453
11651,Individual,103,5,226.43,4,5,3,453
14633,Individual,90,3,242.50,4,5,3,453
12928,Individual,87,4,247.41,4,5,3,453
13013,Individual,87,3,256.24,4,5,3,453
14359,Individual,76,3,256.24,4,5,3,453
15498,Individual,127,3,256.52,4,5,3,453
12919,Individual,83,4,257.88,4,5,3,453
13047,Individual,132,3,241.93,4,5,3,453
12936,Individual,101,4,265.22,4,5,3,453
13920,Individual,92,4,266.97,4,5,3,453
12074,Individual,95,4,261.38,4,5,3,453
11719,Individual,131,5,287.20,4,5,3,453
11922,Individual,98,5,275.50,4,5,3,453
11987,Individual,80,3,279.23,4,5,3,453
12147,Individual,77,4,271.45,4,5,3,453
13988,Individual,119,4,195.52,4,5,3,453
14209,Individual,80,3,193.97,4,5,3,453
14897,Individual,122,3,196.27,4,5,3,453
12984,Individual,92,4,200.20,4,5,3,453
14686,Individual,81,3,203.46,4,5,3,453
12880,Individual,103,4,200.73,4,5,3,453
17385,Individual,107,3,208.69,4,5,3,453
15526,Individual,87,3,188.32,4,5,3,453
13048,Individual,84,3,190.23,4,5,3,453
13628,Individual,125,3,191.25,4,5,3,453
14480,Individual,89,3,194.94,4,5,3,453
14363,Individual,73,3,192.34,4,5,3,453
16149,Individual,128,3,192.04,4,5,3,453
12695,Individual,109,3,192.97,4,5,3,453
19801,Individual,130,3,193.01,4,5,3,453
15942,Individual,130,3,191.87,4,5,3,453
14077,Individual,102,4,180.73,4,5,3,453
12969,Individual,109,4,180.79,4,5,3,453
15543,Individual,118,3,180.94,4,5,3,453
15244,Individual,94,4,179.19,4,5,3,453
12972,Individual,85,4,175.71,4,5,3,453
12202,Individual,117,4,171.47,4,5,3,453
12295,Individual,125,4,174.17,4,5,3,453
15488,Individual,104,3,165.30,4,5,3,453
15378,Individual,97,3,170.91,4,5,3,453
15008,Individual,95,3,170.53,4,5,3,453
12106,Individual,109,4,169.54,4,5,3,453
14561,Individual,79,3,158.84,4,5,3,453
12166,Individual,79,4,162.22,4,5,3,453
16731,Individual,76,3,155.91,4,5,3,453
16213,Individual,109,3,154.54,4,5,3,453
13222,Individual,84,3,150.41,4,5,3,453
14119,Individual,93,3,148.94,4,5,3,453
11116,Individual,105,3,148.70,4,5,3,453
18329,Individual,97,3,146.53,4,5,3,453
14685,Individual,99,3,146.74,4,5,3,453
13615,Individual,98,3,146.91,4,5,3,453
12061,Individual,122,4,140.17,4,5,3,453
15376,Individual,89,3,136.24,4,5,3,453
11748,Individual,89,5,131.54,4,5,3,453
15402,Individual,120,3,131.55,4,5,3,453
13954,Individual,117,3,128.46,4,5,3,453
11712,Individual,92,5,127.80,4,5,3,453
14502,Individual,122,3,122.26,4,5,3,453
17337,Individual,90,3,123.91,4,5,3,453
12964,Individual,74,4,119.95,4,5,3,453
17347,Individual,82,3,119.72,4,5,3,453
14641,Individual,105,3,119.86,4,5,3,453
12140,Individual,92,4,118.17,4,5,3,453
12997,Individual,82,3,118.18,4,5,3,453
13614,Individual,105,3,114.21,4,5,3,453
13198,Individual,123,3,114.95,4,5,3,453
13290,Individual,74,3,111.89,4,5,3,453
11068,Individual,113,3,113.36,4,5,3,453
13127,Individual,120,3,86.26,4,5,2,452
12182,Individual,99,4,87.25,4,5,2,452
16358,Individual,126,4,87.95,4,5,2,452
11098,Individual,105,3,88.96,4,5,2,452
11763,Individual,78,3,76.65,4,5,2,452
12665,Individual,124,3,74.54,4,5,2,452
15859,Individual,115,3,74.14,4,5,2,452
12036,Individual,113,3,69.55,4,5,2,452
11951,Individual,78,3,63.52,4,5,2,452
11121,Individual,86,3,58.16,4,5,2,452
11753,Individual,106,3,47.92,4,5,2,452
22909,Individual,85,2,3980.52,4,4,5,445
23664,Individual,97,2,3941.53,4,4,5,445
18045,Individual,96,2,3941.53,4,4,5,445
17952,Individual,96,2,3941.53,4,4,5,445
24368,Individual,78,2,3946.52,4,4,5,445
24305,Individual,119,2,3945.53,4,4,5,445
24377,Individual,89,2,3945.53,4,4,5,445
24304,Individual,105,2,3946.52,4,4,5,445
24283,Individual,103,2,3946.52,4,4,5,445
24459,Individual,74,2,3961.03,4,4,5,445
18198,Individual,97,2,4143.25,4,4,5,445
18204,Individual,77,2,4133.24,4,4,5,445
18202,Individual,74,2,4143.26,4,4,5,445
21659,Individual,86,2,4143.74,4,4,5,445
24458,Individual,86,2,4144.34,4,4,5,445
21983,Individual,79,2,4144.34,4,4,5,445
24366,Individual,74,2,4144.34,4,4,5,445
22299,Individual,93,2,4145.54,4,4,5,445
24300,Individual,96,2,4144.34,4,4,5,445
24301,Individual,110,2,4144.34,4,4,5,445
21257,Individual,108,2,4144.34,4,4,5,445
17998,Individual,116,2,4144.34,4,4,5,445
18200,Individual,122,2,4150.53,4,4,5,445
18201,Individual,105,2,4157.73,4,4,5,445
24307,Individual,96,2,4158.32,4,4,5,445
15436,Individual,128,2,3772.41,4,4,5,445
15645,Individual,89,2,3785.08,4,4,5,445
15647,Individual,92,2,3764.07,4,4,5,445
15642,Individual,100,2,3772.41,4,4,5,445
22910,Individual,73,2,3882.55,4,4,5,445
21986,Individual,76,2,3882.55,4,4,5,445
22032,Individual,89,2,3882.55,4,4,5,445
24302,Individual,97,2,3882.55,4,4,5,445
21982,Individual,109,2,3882.55,4,4,5,445
23663,Individual,115,2,3882.55,4,4,5,445
15643,Individual,96,2,3807.40,4,4,5,445
15644,Individual,86,2,3803.68,4,4,5,445
15646,Individual,82,2,3804.08,4,4,5,445
15439,Individual,105,2,3804.08,4,4,5,445
15438,Individual,102,2,3788.68,4,4,5,445
21256,Individual,100,2,3917.54,4,4,5,445
24282,Individual,95,2,3917.54,4,4,5,445
22004,Individual,92,2,3917.54,4,4,5,445
24463,Individual,92,2,3917.54,4,4,5,445
18027,Individual,116,2,3917.54,4,4,5,445
22033,Individual,76,2,3917.54,4,4,5,445
17989,Individual,121,2,3932.54,4,4,5,445
17963,Individual,110,2,3932.54,4,4,5,445
23658,Individual,124,2,3936.54,4,4,5,445
21258,Individual,107,2,3936.54,4,4,5,445
21979,Individual,115,2,3936.54,4,4,5,445
21231,Individual,101,2,3936.54,4,4,5,445
21985,Individual,80,2,3936.54,4,4,5,445
17942,Individual,128,2,3896.53,4,4,5,445
17946,Individual,132,2,3882.55,4,4,5,445
21259,Individual,99,2,3907.54,4,4,5,445
23662,Individual,120,2,3917.54,4,4,5,445
16011,Individual,106,2,3657.26,4,4,5,445
19067,Individual,117,2,3380.91,4,4,5,445
19917,Individual,82,2,3369.41,4,4,5,445
17216,Individual,124,2,3370.40,4,4,5,445
19916,Individual,74,2,3354.39,4,4,5,445
13057,Individual,85,2,3341.81,4,4,5,445
19911,Individual,83,2,3335.41,4,4,5,445
19057,Individual,115,2,3322.72,4,4,5,445
19034,Individual,130,2,3322.72,4,4,5,445
18164,Individual,124,2,3330.42,4,4,5,445
26238,Individual,82,2,3298.94,4,4,5,445
19030,Individual,131,2,3310.41,4,4,5,445
19040,Individual,121,2,3310.41,4,4,5,445
19038,Individual,119,2,3318.36,4,4,5,445
26241,Individual,84,2,3320.25,4,4,5,445
19035,Individual,100,2,3320.43,4,4,5,445
19046,Individual,104,2,3320.43,4,4,5,445
14802,Individual,86,2,3287.32,4,4,5,445
16329,Individual,132,2,3272.09,4,4,5,445
26234,Individual,85,2,3292.94,4,4,5,445
19065,Individual,119,2,3295.43,4,4,5,445
13056,Individual,110,2,3291.82,4,4,5,445
20718,Individual,90,2,3283.43,4,4,5,445
20879,Individual,129,2,3284.30,4,4,5,445
12018,Individual,127,2,6011.74,4,4,5,445
27615,Individual,82,2,5998.61,4,4,5,445
27616,Individual,81,2,5998.61,4,4,5,445
27671,Individual,77,2,5997.33,4,4,5,445
28065,Individual,75,2,5997.33,4,4,5,445
27669,Individual,84,2,5997.33,4,4,5,445
27920,Individual,83,2,5997.33,4,4,5,445
27662,Individual,88,2,5997.33,4,4,5,445
14155,Individual,116,2,5993.26,4,4,5,445
12789,Individual,124,2,5980.22,4,4,5,445
12613,Individual,113,2,5983.74,4,4,5,445
27623,Individual,84,2,5984.27,4,4,5,445
27919,Individual,90,2,6016.33,4,4,5,445
28061,Individual,89,2,6006.32,4,4,5,445
27668,Individual,79,2,6006.56,4,4,5,445
28063,Individual,89,2,6026.31,4,4,5,445
27663,Individual,74,2,6047.32,4,4,5,445
23592,Individual,112,2,5279.26,4,4,5,445
19844,Individual,82,2,5807.93,4,4,5,445
14705,Individual,93,2,5875.55,4,4,5,445
12547,Individual,120,2,5898.26,4,4,5,445
12912,Individual,97,2,5898.26,4,4,5,445
12915,Individual,111,2,5896.19,4,4,5,445
12522,Individual,110,2,5888.24,4,4,5,445
12561,Individual,108,2,5888.24,4,4,5,445
14794,Individual,78,2,5873.26,4,4,5,445
12883,Individual,128,2,5875.55,4,4,5,445
19997,Individual,91,2,5814.98,4,4,5,445
19830,Individual,89,2,5765.92,4,4,5,445
20182,Individual,85,2,5749.97,4,4,5,445
20035,Individual,80,2,5694.98,4,4,5,445
27670,Individual,87,2,5976.32,4,4,5,445
14861,Individual,88,2,5976.74,4,4,5,445
14158,Individual,101,2,5976.74,4,4,5,445
12711,Individual,86,2,5963.24,4,4,5,445
28064,Individual,84,2,5962.34,4,4,5,445
27641,Individual,92,2,5962.34,4,4,5,445
22877,Individual,111,2,5962.34,4,4,5,445
12395,Individual,127,2,5968.25,4,4,5,445
12418,Individual,84,2,5969.72,4,4,5,445
22901,Individual,84,2,5971.33,4,4,5,445
27625,Individual,81,2,5971.33,4,4,5,445
14975,Individual,86,2,5957.22,4,4,5,445
12819,Individual,92,2,5948.23,4,4,5,445
12494,Individual,99,2,5948.23,4,4,5,445
14793,Individual,99,2,5948.24,4,4,5,445
12885,Individual,126,2,5948.24,4,4,5,445
12023,Individual,118,2,5933.26,4,4,5,445
14832,Individual,80,2,5938.24,4,4,5,445
14159,Individual,108,2,5930.23,4,4,5,445
12523,Individual,96,2,5933.25,4,4,5,445
13772,Individual,131,2,5928.25,4,4,5,445
12913,Individual,97,2,5922.53,4,4,5,445
12817,Individual,82,2,5922.53,4,4,5,445
12485,Individual,128,2,5923.49,4,4,5,445
12618,Individual,76,2,5923.23,4,4,5,445
14777,Individual,98,2,5923.23,4,4,5,445
12520,Individual,109,2,5919.73,4,4,5,445
13845,Individual,127,2,5917.24,4,4,5,445
12614,Individual,100,2,5918.24,4,4,5,445
12749,Individual,87,2,5915.54,4,4,5,445
11945,Individual,123,2,5910.55,4,4,5,445
14831,Individual,77,2,5912.73,4,4,5,445
14792,Individual,93,2,5913.24,4,4,5,445
14165,Individual,113,2,5910.55,4,4,5,445
13820,Individual,127,2,5908.26,4,4,5,445
12480,Individual,126,2,5908.25,4,4,5,445
14776,Individual,114,2,5908.25,4,4,5,445
12820,Individual,92,2,5908.25,4,4,5,445
12549,Individual,100,2,5908.25,4,4,5,445
12717,Individual,84,2,5883.25,4,4,5,445
14720,Individual,96,2,5900.55,4,4,5,445
14700,Individual,106,2,5904.23,4,4,5,445
21567,Individual,95,2,4973.28,4,4,5,445
16552,Individual,74,2,4986.79,4,4,5,445
21569,Individual,100,2,4960.16,4,4,5,445
16549,Individual,88,2,4930.68,4,4,5,445
16532,Individual,130,2,4921.69,4,4,5,445
21891,Individual,103,2,4921.69,4,4,5,445
21999,Individual,92,2,4921.69,4,4,5,445
21875,Individual,93,2,4921.69,4,4,5,445
21892,Individual,93,2,4921.69,4,4,5,445
21888,Individual,118,2,4925.58,4,4,5,445
21951,Individual,76,2,4923.29,4,4,5,445
16547,Individual,120,2,4900.68,4,4,5,445
21897,Individual,117,2,4909.67,4,4,5,445
23865,Individual,131,2,4891.61,4,4,5,445
21403,Individual,131,2,4895.69,4,4,5,445
21945,Individual,102,2,4886.70,4,4,5,445
21882,Individual,98,2,4886.70,4,4,5,445
22193,Individual,90,2,4886.70,4,4,5,445
21948,Individual,87,2,4886.70,4,4,5,445
21557,Individual,128,2,4886.70,4,4,5,445
19037,Individual,117,2,4858.34,4,4,5,445
15175,Individual,96,2,4850.33,4,4,5,445
19049,Individual,89,2,4838.30,4,4,5,445
23868,Individual,98,2,4829.39,4,4,5,445
24235,Individual,120,2,4829.39,4,4,5,445
13019,Individual,104,2,4835.29,4,4,5,445
24284,Individual,83,2,4837.34,4,4,5,445
14598,Individual,108,2,4839.00,4,4,5,445
15304,Individual,102,2,4843.00,4,4,5,445
23846,Individual,124,2,4828.11,4,4,5,445
15391,Individual,88,2,4828.01,4,4,5,445
23866,Individual,111,2,4828.11,4,4,5,445
16534,Individual,99,2,4820.50,4,4,5,445
17922,Individual,116,2,4821.72,4,4,5,445
15490,Individual,76,2,4813.52,4,4,5,445
13142,Individual,99,2,4798.34,4,4,5,445
12921,Individual,101,2,4803.33,4,4,5,445
13087,Individual,99,2,4803.33,4,4,5,445
13086,Individual,122,2,4805.62,4,4,5,445
23867,Individual,93,2,4802.11,4,4,5,445
14597,Individual,100,2,4803.31,4,4,5,445
19036,Individual,111,2,4763.34,4,4,5,445
12950,Individual,99,2,4760.32,4,4,5,445
13088,Individual,117,2,4760.32,4,4,5,445
17923,Individual,97,2,4752.75,4,4,5,445
18452,Individual,81,2,4752.75,4,4,5,445
17912,Individual,127,2,4752.75,4,4,5,445
14436,Individual,126,2,4776.01,4,4,5,445
15395,Individual,77,2,4780.02,4,4,5,445
13063,Individual,94,2,4773.33,4,4,5,445
13402,Individual,92,2,4793.33,4,4,5,445
15201,Individual,94,2,4793.02,4,4,5,445
28664,Individual,111,2,4793.12,4,4,5,445
13361,Individual,82,2,4765.63,4,4,5,445
17916,Individual,123,2,4787.74,4,4,5,445
21895,Individual,96,2,4657.51,4,4,5,445
25993,Individual,118,2,4648.31,4,4,5,445
26003,Individual,86,2,4648.31,4,4,5,445
26094,Individual,88,2,4648.31,4,4,5,445
25998,Individual,88,2,4649.83,4,4,5,445
25969,Individual,106,2,4649.83,4,4,5,445
21568,Individual,93,2,4659.80,4,4,5,445
21946,Individual,74,2,4659.80,4,4,5,445
21572,Individual,98,2,4659.90,4,4,5,445
16538,Individual,114,2,4659.90,4,4,5,445
25985,Individual,97,2,4658.81,4,4,5,445
26001,Individual,83,2,4673.31,4,4,5,445
21418,Individual,128,2,4659.90,4,4,5,445
22181,Individual,82,2,4673.88,4,4,5,445
21878,Individual,120,2,4663.79,4,4,5,445
21873,Individual,96,2,4661.50,4,4,5,445
21876,Individual,118,2,4663.38,4,4,5,445
21899,Individual,112,2,4663.79,4,4,5,445
21893,Individual,94,2,4663.79,4,4,5,445
22000,Individual,88,2,4663.79,4,4,5,445
21886,Individual,115,2,4696.49,4,4,5,445
21219,Individual,129,2,4696.49,4,4,5,445
15187,Individual,95,2,4725.32,4,4,5,445
17927,Individual,76,2,4726.04,4,4,5,445
14606,Individual,105,2,4716.02,4,4,5,445
15363,Individual,103,2,4719.04,4,4,5,445
26014,Individual,78,2,4713.33,4,4,5,445
21944,Individual,113,2,4713.89,4,4,5,445
26004,Individual,87,2,4698.81,4,4,5,445
26002,Individual,87,2,4699.31,4,4,5,445
26016,Individual,79,2,4683.30,4,4,5,445
17910,Individual,129,2,4698.76,4,4,5,445
17921,Individual,117,2,4698.76,4,4,5,445
17925,Individual,98,2,4698.76,4,4,5,445
18334,Individual,92,2,4698.76,4,4,5,445
16533,Individual,127,2,4702.39,4,4,5,445
21959,Individual,81,2,4702.39,4,4,5,445
15176,Individual,98,2,4703.03,4,4,5,445
25951,Individual,124,2,4703.31,4,4,5,445
21570,Individual,94,2,4705.48,4,4,5,445
17924,Individual,103,2,4733.75,4,4,5,445
17920,Individual,117,2,4733.75,4,4,5,445
15362,Individual,119,2,4745.02,4,4,5,445
14605,Individual,111,2,4750.01,4,4,5,445
19070,Individual,74,2,4748.33,4,4,5,445
25942,Individual,132,2,4598.83,4,4,5,445
26015,Individual,92,2,4614.84,4,4,5,445
12975,Individual,109,2,4618.53,4,4,5,445
25986,Individual,117,2,4624.83,4,4,5,445
25977,Individual,117,2,4624.83,4,4,5,445
26050,Individual,73,2,4624.83,4,4,5,445
25984,Individual,121,2,4624.83,4,4,5,445
21571,Individual,121,2,4624.91,4,4,5,445
16466,Individual,124,2,4624.91,4,4,5,445
21552,Individual,131,2,4624.91,4,4,5,445
13233,Individual,87,2,4587.51,4,4,5,445
27250,Individual,119,2,4587.96,4,4,5,445
13064,Individual,121,2,4579.47,4,4,5,445
13152,Individual,81,2,4582.51,4,4,5,445
15600,Individual,96,2,4590.40,4,4,5,445
25996,Individual,93,2,4598.83,4,4,5,445
25970,Individual,97,2,4603.82,4,4,5,445
25994,Individual,115,2,4626.11,4,4,5,445
21943,Individual,116,2,4624.91,4,4,5,445
21889,Individual,119,2,4624.91,4,4,5,445
21894,Individual,118,2,4624.91,4,4,5,445
21877,Individual,101,2,4624.91,4,4,5,445
21562,Individual,107,2,4632.86,4,4,5,445
21956,Individual,81,2,4632.86,4,4,5,445
22180,Individual,85,2,4632.86,4,4,5,445
21947,Individual,85,2,4632.86,4,4,5,445
13359,Individual,83,2,4637.84,4,4,5,445
21987,Individual,82,2,4638.89,4,4,5,445
21874,Individual,98,2,4638.89,4,4,5,445
21885,Individual,114,2,4641.85,4,4,5,445
25997,Individual,95,2,4623.83,4,4,5,445
25987,Individual,97,2,4639.83,4,4,5,445
13062,Individual,100,2,4500.52,4,4,5,445
28420,Individual,108,2,4534.46,4,4,5,445
27452,Individual,98,2,4544.47,4,4,5,445
28418,Individual,129,2,4539.46,4,4,5,445
27281,Individual,105,2,4540.47,4,4,5,445
27294,Individual,117,2,4540.47,4,4,5,445
27455,Individual,96,2,4532.97,4,4,5,445
26695,Individual,131,2,4524.46,4,4,5,445
13212,Individual,82,2,4564.49,4,4,5,445
13400,Individual,83,2,4568.50,4,4,5,445
12949,Individual,117,2,4558.52,4,4,5,445
27459,Individual,102,2,4552.13,4,4,5,445
13385,Individual,77,2,4548.50,4,4,5,445
13247,Individual,73,2,4548.52,4,4,5,445
13353,Individual,90,2,4547.50,4,4,5,445
22178,Individual,77,2,4233.32,4,4,5,445
29261,Individual,108,2,4320.62,4,4,5,445
29265,Individual,112,2,4320.62,4,4,5,445
29258,Individual,124,2,4329.61,4,4,5,445
29275,Individual,121,2,4329.61,4,4,5,445
29276,Individual,100,2,4329.61,4,4,5,445
15576,Individual,100,2,4344.09,4,4,5,445
15151,Individual,99,2,4344.09,4,4,5,445
15144,Individual,113,2,4344.09,4,4,5,445
16156,Individual,76,2,4344.09,4,4,5,445
17258,Individual,120,2,4347.76,4,4,5,445
29239,Individual,129,2,4343.59,4,4,5,445
15591,Individual,105,2,4346.38,4,4,5,445
21980,Individual,100,2,4334.61,4,4,5,445
22230,Individual,126,2,4223.23,4,4,5,445
23665,Individual,105,2,4207.32,4,4,5,445
24303,Individual,118,2,4207.32,4,4,5,445
21976,Individual,104,2,4198.33,4,4,5,445
21229,Individual,131,2,4198.33,4,4,5,445
24371,Individual,90,2,4193.82,4,4,5,445
21710,Individual,81,2,4187.23,4,4,5,445
17980,Individual,103,2,4194.33,4,4,5,445
22267,Individual,120,2,4167.23,4,4,5,445
16345,Individual,104,2,4173.24,4,4,5,445
16484,Individual,88,2,4175.53,4,4,5,445
21984,Individual,88,2,4175.61,4,4,5,445
21230,Individual,130,2,4171.62,4,4,5,445
18203,Individual,74,2,4172.25,4,4,5,445
24367,Individual,77,2,4179.33,4,4,5,445
23659,Individual,132,2,4179.33,4,4,5,445
15225,Individual,97,2,4401.41,4,4,5,445
12735,Individual,116,2,4404.08,4,4,5,445
15755,Individual,82,2,4404.08,4,4,5,445
15753,Individual,73,2,4399.08,4,4,5,445
15219,Individual,120,2,4399.08,4,4,5,445
15218,Individual,121,2,4399.08,4,4,5,445
14769,Individual,120,2,4397.75,4,4,5,445
14541,Individual,132,2,4397.75,4,4,5,445
29279,Individual,107,2,4397.58,4,4,5,445
14797,Individual,96,2,4397.75,4,4,5,445
15185,Individual,107,2,4393.70,4,4,5,445
17295,Individual,92,2,4392.74,4,4,5,445
15171,Individual,118,2,4392.02,4,4,5,445
29252,Individual,124,2,4389.59,4,4,5,445
14800,Individual,92,2,4390.69,4,4,5,445
15182,Individual,94,2,4391.41,4,4,5,445
15597,Individual,100,2,4391.41,4,4,5,445
15226,Individual,104,2,4391.41,4,4,5,445
15170,Individual,114,2,4391.41,4,4,5,445
16157,Individual,87,2,4391.41,4,4,5,445
29264,Individual,116,2,4384.59,4,4,5,445
12747,Individual,111,2,4384.07,4,4,5,445
15192,Individual,113,2,4384.08,4,4,5,445
15220,Individual,97,2,4384.08,4,4,5,445
15135,Individual,122,2,4381.39,4,4,5,445
14789,Individual,105,2,4382.74,4,4,5,445
14801,Individual,80,2,4382.74,4,4,5,445
17299,Individual,76,2,4382.75,4,4,5,445
17278,Individual,121,2,4382.75,4,4,5,445
15150,Individual,120,2,4379.08,4,4,5,445
12624,Individual,125,2,4379.08,4,4,5,445
15784,Individual,78,2,4379.09,4,4,5,445
15767,Individual,87,2,4379.09,4,4,5,445
14795,Individual,108,2,4380.04,4,4,5,445
14772,Individual,97,2,4380.04,4,4,5,445
24666,Individual,73,2,4370.61,4,4,5,445
15228,Individual,108,2,4375.06,4,4,5,445
15732,Individual,75,2,4376.40,4,4,5,445
15183,Individual,103,2,4368.70,4,4,5,445
15145,Individual,95,2,4368.70,4,4,5,445
15595,Individual,116,2,4369.09,4,4,5,445
15765,Individual,76,2,4369.09,4,4,5,445
16158,Individual,85,2,4369.09,4,4,5,445
14803,Individual,91,2,4355.71,4,4,5,445
17294,Individual,85,2,4355.71,4,4,5,445
29278,Individual,102,2,4355.61,4,4,5,445
15585,Individual,107,2,4367.02,4,4,5,445
17256,Individual,128,2,4362.74,4,4,5,445
12833,Individual,88,2,4359.07,4,4,5,445
15786,Individual,78,2,4366.07,4,4,5,445
15223,Individual,112,2,4366.41,4,4,5,445
15143,Individual,113,2,4366.41,4,4,5,445
27104,Individual,112,2,4468.16,4,4,5,445
27446,Individual,105,2,4468.16,4,4,5,445
27274,Individual,106,2,4468.16,4,4,5,445
27199,Individual,100,2,4468.16,4,4,5,445
27453,Individual,120,2,4468.16,4,4,5,445
26537,Individual,128,2,4468.16,4,4,5,445
27103,Individual,131,2,4468.16,4,4,5,445
15596,Individual,97,2,4460.04,4,4,5,445
12736,Individual,115,2,4460.38,4,4,5,445
12827,Individual,78,2,4461.40,4,4,5,445
27521,Individual,115,2,4462.16,4,4,5,445
27439,Individual,109,2,4462.16,4,4,5,445
26705,Individual,123,2,4455.49,4,4,5,445
26650,Individual,129,2,4455.49,4,4,5,445
27106,Individual,117,2,4455.49,4,4,5,445
27195,Individual,108,2,4455.49,4,4,5,445
27107,Individual,99,2,4455.49,4,4,5,445
27291,Individual,96,2,4455.49,4,4,5,445
27574,Individual,83,2,4456.14,4,4,5,445
27440,Individual,106,2,4447.15,4,4,5,445
27105,Individual,106,2,4447.15,4,4,5,445
27280,Individual,121,2,4447.15,4,4,5,445
15179,Individual,101,2,4444.89,4,4,5,445
15178,Individual,108,2,4445.06,4,4,5,445
15207,Individual,94,2,4446.40,4,4,5,445
15221,Individual,99,2,4447.87,4,4,5,445
15181,Individual,115,2,4448.38,4,4,5,445
15722,Individual,85,2,4448.57,4,4,5,445
15785,Individual,91,2,4454.35,4,4,5,445
15204,Individual,106,2,4444.07,4,4,5,445
15205,Individual,94,2,4433.69,4,4,5,445
15788,Individual,88,2,4443.38,4,4,5,445
15733,Individual,79,2,4443.55,4,4,5,445
15756,Individual,84,2,4441.39,4,4,5,445
27288,Individual,95,2,4442.16,4,4,5,445
27295,Individual,114,2,4442.16,4,4,5,445
26729,Individual,129,2,4442.16,4,4,5,445
26649,Individual,123,2,4433.17,4,4,5,445
12521,Individual,127,2,4438.38,4,4,5,445
20375,Individual,85,2,4438.38,4,4,5,445
15590,Individual,93,2,4440.05,4,4,5,445
12712,Individual,126,2,4441.06,4,4,5,445
14824,Individual,81,2,4441.25,4,4,5,445
12713,Individual,96,2,4441.38,4,4,5,445
15184,Individual,120,2,4441.38,4,4,5,445
17277,Individual,111,2,4426.74,4,4,5,445
17249,Individual,125,2,4426.74,4,4,5,445
12826,Individual,74,2,4428.37,4,4,5,445
15719,Individual,91,2,4429.57,4,4,5,445
15601,Individual,105,2,4429.57,4,4,5,445
17293,Individual,99,2,4417.75,4,4,5,445
17288,Individual,120,2,4426.24,4,4,5,445
15799,Individual,77,2,4423.38,4,4,5,445
15587,Individual,102,2,4423.38,4,4,5,445
17259,Individual,102,2,4404.73,4,4,5,445
15797,Individual,87,2,4415.68,4,4,5,445
15725,Individual,86,2,4416.38,4,4,5,445
15589,Individual,119,2,4416.38,4,4,5,445
15764,Individual,81,2,4413.39,4,4,5,445
20470,Individual,78,2,4408.69,4,4,5,445
15717,Individual,82,2,4411.37,4,4,5,445
12852,Individual,86,2,4411.37,4,4,5,445
12850,Individual,92,2,4406.39,4,4,5,445
27296,Individual,117,2,4518.47,4,4,5,445
27570,Individual,82,2,4518.47,4,4,5,445
15578,Individual,96,2,4509.90,4,4,5,445
13383,Individual,87,2,4511.54,4,4,5,445
12922,Individual,94,2,4513.51,4,4,5,445
26536,Individual,124,2,4514.97,4,4,5,445
27527,Individual,101,2,4514.97,4,4,5,445
27450,Individual,109,2,4514.97,4,4,5,445
12947,Individual,95,2,4507.52,4,4,5,445
27540,Individual,88,2,4504.46,4,4,5,445
13210,Individual,80,2,4501.55,4,4,5,445
13165,Individual,80,2,4501.55,4,4,5,445
13214,Individual,82,2,4501.55,4,4,5,445
27017,Individual,125,2,4502.14,4,4,5,445
27201,Individual,96,2,4492.65,4,4,5,445
12816,Individual,76,2,4494.02,4,4,5,445
27541,Individual,92,2,4490.48,4,4,5,445
27568,Individual,84,2,4490.48,4,4,5,445
27573,Individual,79,2,4490.48,4,4,5,445
27447,Individual,113,2,4490.48,4,4,5,445
27418,Individual,109,2,4490.48,4,4,5,445
27460,Individual,96,2,4490.48,4,4,5,445
27117,Individual,97,2,4490.48,4,4,5,445
27407,Individual,102,2,4490.48,4,4,5,445
27427,Individual,102,2,4490.48,4,4,5,445
27273,Individual,101,2,4490.48,4,4,5,445
27279,Individual,120,2,4490.48,4,4,5,445
27096,Individual,124,2,4490.48,4,4,5,445
15214,Individual,117,2,4490.88,4,4,5,445
13248,Individual,84,2,4491.53,4,4,5,445
15588,Individual,96,2,4486.07,4,4,5,445
12923,Individual,119,2,4486.54,4,4,5,445
17257,Individual,128,2,4480.73,4,4,5,445
27449,Individual,116,2,4482.14,4,4,5,445
27287,Individual,97,2,4484.48,4,4,5,445
29274,Individual,118,2,4479.62,4,4,5,445
17312,Individual,78,2,4471.74,4,4,5,445
17326,Individual,91,2,4467.76,4,4,5,445
27543,Individual,77,2,4468.16,4,4,5,445
27537,Individual,119,2,4469.47,4,4,5,445
15227,Individual,93,2,4469.56,4,4,5,445
15152,Individual,100,2,4464.57,4,4,5,445
15180,Individual,99,2,4466.39,4,4,5,445
15716,Individual,115,2,4467.06,4,4,5,445
26723,Individual,124,2,4467.15,4,4,5,445
15215,Individual,109,2,4468.56,4,4,5,445
15586,Individual,122,2,4469.37,4,4,5,445
26538,Individual,128,2,4464.48,4,4,5,445
26641,Individual,131,2,4464.48,4,4,5,445
27114,Individual,122,2,4464.48,4,4,5,445
27116,Individual,96,2,4464.48,4,4,5,445
20318,Individual,94,2,3241.90,4,4,4,444
16410,Individual,111,2,3242.77,4,4,4,444
16445,Individual,83,2,3242.83,4,4,4,444
20921,Individual,93,2,3234.29,4,4,4,444
20917,Individual,98,2,3234.29,4,4,4,444
20922,Individual,82,2,3226.34,4,4,4,444
20373,Individual,82,2,3226.90,4,4,4,444
20350,Individual,82,2,3226.90,4,4,4,444
28520,Individual,77,2,3226.90,4,4,4,444
20188,Individual,95,2,3226.90,4,4,4,444
20208,Individual,121,2,3219.58,4,4,4,444
28562,Individual,82,2,3219.19,4,4,4,444
28506,Individual,93,2,3213.57,4,4,4,444
20186,Individual,117,2,3191.91,4,4,4,444
28553,Individual,91,2,3216.90,4,4,4,444
16509,Individual,83,2,3258.79,4,4,4,444
16407,Individual,105,2,3250.11,4,4,4,444
20892,Individual,114,2,3240.32,4,4,4,444
20656,Individual,76,2,3245.90,4,4,4,444
20546,Individual,76,2,3246.55,4,4,4,444
14779,Individual,105,2,3262.83,4,4,4,444
20209,Individual,111,2,3268.55,4,4,4,444
16465,Individual,89,2,3271.79,4,4,4,444
14539,Individual,123,2,3271.82,4,4,4,444
20651,Individual,84,2,3198.57,4,4,4,444
28569,Individual,78,2,3204.58,4,4,4,444
20206,Individual,94,2,3204.58,4,4,4,444
19910,Individual,114,2,3188.46,4,4,4,444
19924,Individual,99,2,3171.95,4,4,4,444
15771,Individual,126,2,3174.95,4,4,4,444
11088,Individual,78,2,3176.78,4,4,4,444
20170,Individual,105,2,3177.44,4,4,4,444
19903,Individual,76,2,3177.94,4,4,4,444
19076,Individual,108,2,3177.96,4,4,4,444
15778,Individual,130,2,3177.96,4,4,4,444
20560,Individual,84,2,3161.94,4,4,4,444
20555,Individual,83,2,3153.95,4,4,4,444
15972,Individual,123,2,3148.94,4,4,4,444
15918,Individual,126,2,3149.95,4,4,4,444
20167,Individual,126,2,3142.45,4,4,4,444
19899,Individual,94,2,3127.95,4,4,4,444
19052,Individual,94,2,3140.27,4,4,4,444
15937,Individual,123,2,3145.26,4,4,4,444
19033,Individual,96,2,3139.07,4,4,4,444
15844,Individual,127,2,3134.95,4,4,4,444
11168,Individual,74,2,3136.59,4,4,4,444
11083,Individual,82,2,3137.32,4,4,4,444
19922,Individual,86,2,3137.97,4,4,4,444
20590,Individual,75,2,3127.25,4,4,4,444
20556,Individual,88,2,3124.96,4,4,4,444
15667,Individual,76,2,3125.32,4,4,4,444
19931,Individual,82,2,3125.91,4,4,4,444
15540,Individual,123,2,3124.96,4,4,4,444
15768,Individual,127,2,3124.96,4,4,4,444
15984,Individual,125,2,3124.96,4,4,4,444
15915,Individual,123,2,3102.98,4,4,4,444
16446,Individual,87,2,3093.03,4,4,4,444
15964,Individual,130,2,3117.96,4,4,4,444
13722,Individual,104,2,3102.80,4,4,4,444
15455,Individual,108,2,3099.29,4,4,4,444
20598,Individual,77,2,3099.96,4,4,4,444
11082,Individual,84,2,3110.81,4,4,4,444
11042,Individual,104,2,3112.33,4,4,4,444
19069,Individual,107,2,3112.97,4,4,4,444
19943,Individual,84,2,3112.97,4,4,4,444
15568,Individual,123,2,3112.97,4,4,4,444
19051,Individual,100,2,3104.57,4,4,4,444
20549,Individual,92,2,3105.27,4,4,4,444
19944,Individual,73,2,3105.27,4,4,4,444
19902,Individual,97,2,3080.27,4,4,4,444
15990,Individual,131,2,3099.96,4,4,4,444
15968,Individual,127,2,3099.96,4,4,4,444
15565,Individual,124,2,3099.96,4,4,4,444
15462,Individual,104,2,3086.82,4,4,4,444
15750,Individual,127,2,3087.97,4,4,4,444
19041,Individual,111,2,3089.08,4,4,4,444
15666,Individual,79,2,3089.30,4,4,4,444
18000,Individual,104,2,3080.29,4,4,4,444
15569,Individual,126,2,3077.98,4,4,4,444
13718,Individual,128,2,3062.33,4,4,4,444
16452,Individual,82,2,3071.01,4,4,4,444
19028,Individual,108,2,3063.06,4,4,4,444
18175,Individual,126,2,3064.07,4,4,4,444
16810,Individual,92,2,3064.63,4,4,4,444
18163,Individual,130,2,3044.06,4,4,4,444
15659,Individual,103,2,3047.81,4,4,4,444
15649,Individual,106,2,3048.31,4,4,4,444
15674,Individual,87,2,3053.32,4,4,4,444
19027,Individual,119,2,3029.08,4,4,4,444
15622,Individual,121,2,3027.32,4,4,4,444
16428,Individual,116,2,3021.02,4,4,4,444
14555,Individual,103,2,3021.02,4,4,4,444
19901,Individual,108,2,3016.07,4,4,4,444
19904,Individual,112,2,3018.36,4,4,4,444
24274,Individual,93,2,3018.33,4,4,4,444
14701,Individual,116,2,3001.02,4,4,4,444
17965,Individual,116,2,3001.04,4,4,4,444
16417,Individual,110,2,3001.04,4,4,4,444
17960,Individual,101,2,3001.04,4,4,4,444
15656,Individual,108,2,2992.33,4,4,4,444
15266,Individual,75,2,2935.37,4,4,4,444
16420,Individual,109,2,2959.00,4,4,4,444
14708,Individual,94,2,2966.03,4,4,4,444
17977,Individual,90,2,2966.03,4,4,4,444
17812,Individual,130,2,2983.33,4,4,4,444
17829,Individual,131,2,2983.33,4,4,4,444
24174,Individual,128,2,2983.34,4,4,4,444
17981,Individual,125,2,2983.34,4,4,4,444
15265,Individual,92,2,2897.57,4,4,4,444
15209,Individual,123,2,2916.56,4,4,4,444
15210,Individual,119,2,2926.39,4,4,4,444
26626,Individual,127,2,2891.73,4,4,4,444
26633,Individual,95,2,2883.91,4,4,4,444
24270,Individual,111,2,2844.51,4,4,4,444
15456,Individual,127,2,2815.52,4,4,4,444
15229,Individual,81,2,2833.57,4,4,4,444
26635,Individual,89,2,2840.42,4,4,4,444
18634,Individual,94,2,2427.37,4,4,4,444
18009,Individual,122,2,2435.08,4,4,4,444
17971,Individual,125,2,2435.08,4,4,4,444
17957,Individual,128,2,2435.08,4,4,4,444
18038,Individual,114,2,2435.08,4,4,4,444
18046,Individual,114,2,2435.08,4,4,4,444
12580,Individual,101,2,2589.09,4,4,4,444
12579,Individual,110,2,2589.09,4,4,4,444
12585,Individual,84,2,2629.07,4,4,4,444
12584,Individual,74,2,2633.39,4,4,4,444
12588,Individual,87,2,2639.08,4,4,4,444
12577,Individual,131,2,2614.08,4,4,4,444
21642,Individual,104,2,2620.40,4,4,4,444
21629,Individual,101,2,2624.08,4,4,4,444
12574,Individual,131,2,2626.39,4,4,4,444
18011,Individual,104,2,2590.36,4,4,4,444
24272,Individual,119,2,2735.53,4,4,4,444
18047,Individual,111,2,2736.42,4,4,4,444
14268,Individual,94,2,2736.42,4,4,4,444
19284,Individual,92,2,2736.42,4,4,4,444
19288,Individual,86,2,2736.42,4,4,4,444
12589,Individual,82,2,2665.06,4,4,4,444
12578,Individual,98,2,2668.08,4,4,4,444
12575,Individual,124,2,2668.08,4,4,4,444
21658,Individual,109,2,2641.89,4,4,4,444
13018,Individual,76,2,2642.38,4,4,4,444
12583,Individual,111,2,2646.40,4,4,4,444
12581,Individual,104,2,2646.40,4,4,4,444
12576,Individual,132,2,2653.07,4,4,4,444
15665,Individual,92,2,2803.52,4,4,4,444
26631,Individual,131,2,2813.77,4,4,4,444
15463,Individual,103,2,2802.49,4,4,4,444
18633,Individual,106,2,2793.50,4,4,4,444
18021,Individual,93,2,2793.52,4,4,4,444
17974,Individual,130,2,2791.46,4,4,4,444
17990,Individual,111,2,2778.52,4,4,4,444
16252,Individual,88,2,2781.54,4,4,4,444
14267,Individual,109,2,2786.41,4,4,4,444
13721,Individual,121,2,2786.52,4,4,4,444
24168,Individual,128,2,2790.52,4,4,4,444
15070,Individual,132,2,2770.82,4,4,4,444
24173,Individual,131,2,2771.52,4,4,4,444
24248,Individual,132,2,2770.52,4,4,4,444
24257,Individual,114,2,2770.52,4,4,4,444
19289,Individual,83,2,2765.40,4,4,4,444
14272,Individual,110,2,2765.40,4,4,4,444
24249,Individual,126,2,2756.54,4,4,4,444
15460,Individual,97,2,2746.55,4,4,4,444
16197,Individual,90,2,2756.54,4,4,4,444
24266,Individual,119,2,2749.32,4,4,4,444
15655,Individual,101,2,2753.82,4,4,4,444
18625,Individual,102,2,2753.82,4,4,4,444
14354,Individual,91,2,2755.42,4,4,4,444
19286,Individual,79,2,2755.42,4,4,4,444
19285,Individual,73,2,2751.42,4,4,4,444
15072,Individual,128,2,2755.54,4,4,4,444
15071,Individual,132,2,2746.55,4,4,4,444
24271,Individual,98,2,2745.33,4,4,4,444
16253,Individual,73,2,2721.55,4,4,4,444
24273,Individual,100,2,2721.55,4,4,4,444
24250,Individual,129,2,2738.49,4,4,4,444
19257,Individual,92,2,2739.90,4,4,4,444
24252,Individual,120,2,2744.52,4,4,4,444
17999,Individual,119,2,2454.08,4,4,4,444
17996,Individual,122,2,2454.08,4,4,4,444
18039,Individual,119,2,2450.08,4,4,4,444
17987,Individual,122,2,2450.08,4,4,4,444
18008,Individual,115,2,2459.07,4,4,4,444
18010,Individual,98,2,2485.07,4,4,4,444
19255,Individual,79,2,2483.98,4,4,4,444
19256,Individual,74,2,2518.97,4,4,4,444
19181,Individual,73,2,2518.97,4,4,4,444
25706,Individual,87,2,1239.09,4,4,4,444
25565,Individual,100,2,1239.09,4,4,4,444
25562,Individual,95,2,1239.09,4,4,4,444
25563,Individual,116,2,1239.09,4,4,4,444
25567,Individual,112,2,1239.09,4,4,4,444
25704,Individual,119,2,1239.09,4,4,4,444
25921,Individual,90,2,1253.07,4,4,4,444
25556,Individual,115,2,1253.07,4,4,4,444
25566,Individual,105,2,1253.07,4,4,4,444
25568,Individual,105,2,1253.07,4,4,4,444
25559,Individual,106,2,1253.07,4,4,4,444
25564,Individual,94,2,1253.07,4,4,4,444
25939,Individual,83,2,1264.57,4,4,4,444
26692,Individual,114,2,1266.86,4,4,4,444
25927,Individual,75,2,1272.52,4,4,4,444
25557,Individual,97,2,1262.87,4,4,4,444
25945,Individual,88,2,1248.08,4,4,4,444
25918,Individual,85,2,1260.58,4,4,4,444
25707,Individual,92,2,1262.06,4,4,4,444
25716,Individual,73,2,1302.59,4,4,4,444
25555,Individual,98,2,1277.56,4,4,4,444
25937,Individual,84,2,1299.56,4,4,4,444
25926,Individual,73,2,1308.06,4,4,4,444
25938,Individual,88,2,1308.06,4,4,4,444
25558,Individual,120,2,1307.06,4,4,4,444
25922,Individual,77,2,1274.08,4,4,4,444
25718,Individual,79,2,1274.08,4,4,4,444
25717,Individual,88,2,1274.08,4,4,4,444
25944,Individual,85,2,1274.08,4,4,4,444
27014,Individual,113,2,1274.08,4,4,4,444
25713,Individual,82,2,1288.06,4,4,4,444
25561,Individual,98,2,1288.06,4,4,4,444
25560,Individual,103,2,1288.06,4,4,4,444
27075,Individual,95,2,1371.95,4,4,4,444
27406,Individual,114,2,1357.97,4,4,4,444
25928,Individual,86,2,1316.05,4,4,4,444
14754,Individual,127,2,1500.87,4,4,4,444
14753,Individual,128,2,1468.59,4,4,4,444
14892,Individual,107,2,1468.59,4,4,4,444
14891,Individual,107,2,1498.58,4,4,4,444
15016,Individual,112,2,1498.58,4,4,4,444
14747,Individual,123,2,1503.58,4,4,4,444
14895,Individual,112,2,1503.58,4,4,4,444
14894,Individual,117,2,1503.58,4,4,4,444
15005,Individual,109,2,1503.58,4,4,4,444
14744,Individual,130,2,1505.86,4,4,4,444
14913,Individual,103,2,1533.56,4,4,4,444
14752,Individual,131,2,1528.07,4,4,4,444
19195,Individual,95,2,1637.38,4,4,4,444
15342,Individual,87,2,1646.96,4,4,4,444
14022,Individual,85,2,1668.90,4,4,4,444
15290,Individual,85,2,1676.46,4,4,4,444
15254,Individual,109,2,1624.45,4,4,4,444
15188,Individual,106,2,1631.46,4,4,4,444
15347,Individual,78,2,1631.46,4,4,4,444
15256,Individual,73,2,1631.46,4,4,4,444
15333,Individual,90,2,1631.46,4,4,4,444
15312,Individual,90,2,1631.46,4,4,4,444
15311,Individual,86,2,1622.47,4,4,4,444
15308,Individual,90,2,1622.47,4,4,4,444
15309,Individual,90,2,1622.47,4,4,4,444
15339,Individual,77,2,1622.47,4,4,4,444
14879,Individual,100,2,1613.06,4,4,4,444
19193,Individual,108,2,1609.40,4,4,4,444
15338,Individual,81,2,1597.70,4,4,4,444
25011,Individual,113,2,1589.40,4,4,4,444
19419,Individual,115,2,1602.47,4,4,4,444
14868,Individual,94,2,1597.56,4,4,4,444
14914,Individual,97,2,1592.57,4,4,4,444
14755,Individual,123,2,1592.57,4,4,4,444
14741,Individual,132,2,1588.57,4,4,4,444
15255,Individual,84,2,1587.47,4,4,4,444
14896,Individual,103,2,1588.57,4,4,4,444
19263,Individual,74,2,1587.41,4,4,4,444
19299,Individual,110,2,1587.41,4,4,4,444
25020,Individual,120,2,1549.42,4,4,4,444
15325,Individual,77,2,1584.76,4,4,4,444
14003,Individual,121,2,1579.40,4,4,4,444
19278,Individual,87,2,1575.42,4,4,4,444
15314,Individual,75,2,1576.45,4,4,4,444
19258,Individual,82,2,1574.42,4,4,4,444
15289,Individual,91,2,1574.46,4,4,4,444
19441,Individual,90,2,1567.46,4,4,4,444
19312,Individual,85,2,1564.70,4,4,4,444
25022,Individual,96,2,1564.92,4,4,4,444
25021,Individual,113,2,1554.41,4,4,4,444
19186,Individual,93,2,1562.41,4,4,4,444
15189,Individual,106,2,1552.48,4,4,4,444
15191,Individual,119,2,1552.48,4,4,4,444
15252,Individual,94,2,1552.48,4,4,4,444
14902,Individual,120,2,1538.58,4,4,4,444
14915,Individual,93,2,1538.58,4,4,4,444
25010,Individual,102,2,1540.43,4,4,4,444
19253,Individual,101,2,1540.43,4,4,4,444
14912,Individual,108,2,1547.57,4,4,4,444
14750,Individual,129,2,1613.06,4,4,4,444
15287,Individual,83,2,1681.45,4,4,4,444
19192,Individual,130,2,1682.41,4,4,4,444
15284,Individual,74,2,1683.93,4,4,4,444
14883,Individual,83,2,1828.58,4,4,4,444
25830,Individual,130,2,1833.57,4,4,4,444
25832,Individual,125,2,1850.86,4,4,4,444
14882,Individual,76,2,1854.58,4,4,4,444
14881,Individual,98,2,1854.58,4,4,4,444
25827,Individual,128,2,1873.58,4,4,4,444
25828,Individual,123,2,1873.58,4,4,4,444
25949,Individual,128,2,1882.57,4,4,4,444
14884,Individual,90,2,1883.56,4,4,4,444
26154,Individual,130,2,1938.47,4,4,4,444
26188,Individual,132,2,1938.47,4,4,4,444
26022,Individual,119,2,1938.47,4,4,4,444
26740,Individual,114,2,1938.47,4,4,4,444
26191,Individual,107,2,1938.47,4,4,4,444
26750,Individual,106,2,1938.47,4,4,4,444
26747,Individual,108,2,1938.47,4,4,4,444
26133,Individual,101,2,1938.47,4,4,4,444
20876,Individual,100,2,1938.47,4,4,4,444
26028,Individual,98,2,1938.47,4,4,4,444
21016,Individual,92,2,1938.47,4,4,4,444
26662,Individual,94,2,1938.47,4,4,4,444
26027,Individual,93,2,1938.47,4,4,4,444
26744,Individual,97,2,1938.47,4,4,4,444
26562,Individual,106,2,1925.41,4,4,4,444
26134,Individual,105,2,1926.45,4,4,4,444
20914,Individual,108,2,1926.45,4,4,4,444
26189,Individual,120,2,1926.45,4,4,4,444
21029,Individual,82,2,1934.75,4,4,4,444
26152,Individual,83,2,1938.47,4,4,4,444
26438,Individual,84,2,1938.47,4,4,4,444
26439,Individual,91,2,1938.47,4,4,4,444
26429,Individual,89,2,1938.47,4,4,4,444
26764,Individual,78,2,1938.47,4,4,4,444
26443,Individual,73,2,1938.47,4,4,4,444
26029,Individual,100,2,1930.76,4,4,4,444
26020,Individual,105,2,1932.46,4,4,4,444
26190,Individual,106,2,1932.46,4,4,4,444
26745,Individual,117,2,1932.46,4,4,4,444
26187,Individual,131,2,1932.46,4,4,4,444
26192,Individual,99,2,1903.48,4,4,4,444
26433,Individual,92,2,1903.48,4,4,4,444
26751,Individual,107,2,1903.48,4,4,4,444
26661,Individual,102,2,1912.47,4,4,4,444
26021,Individual,101,2,1917.46,4,4,4,444
26140,Individual,103,2,1917.46,4,4,4,444
26025,Individual,99,2,1917.46,4,4,4,444
26752,Individual,115,2,1917.46,4,4,4,444
26148,Individual,79,2,1917.46,4,4,4,444
26033,Individual,121,2,1903.48,4,4,4,444
26023,Individual,125,2,1917.46,4,4,4,444
26566,Individual,117,2,2016.95,4,4,4,444
26135,Individual,122,2,1967.45,4,4,4,444
26795,Individual,80,2,1992.46,4,4,4,444
20980,Individual,77,2,1981.96,4,4,4,444
26663,Individual,95,2,1976.94,4,4,4,444
20874,Individual,122,2,1962.46,4,4,4,444
20970,Individual,91,2,1962.46,4,4,4,444
20945,Individual,109,2,1953.47,4,4,4,444
26442,Individual,90,2,1919.75,4,4,4,444
26660,Individual,122,2,1957.47,4,4,4,444
25960,Individual,125,2,1957.47,4,4,4,444
26444,Individual,90,2,1938.71,4,4,4,444
20979,Individual,86,2,1947.46,4,4,4,444
20913,Individual,96,2,1947.46,4,4,4,444
27494,Individual,92,2,1952.45,4,4,4,444
26024,Individual,115,2,1952.45,4,4,4,444
20896,Individual,110,2,1957.47,4,4,4,444
26138,Individual,98,2,1957.47,4,4,4,444
26563,Individual,101,2,1957.47,4,4,4,444
21035,Individual,86,2,1957.47,4,4,4,444
26763,Individual,86,2,1957.47,4,4,4,444
21008,Individual,87,2,1957.47,4,4,4,444
26165,Individual,90,2,1957.47,4,4,4,444
21015,Individual,79,2,1957.47,4,4,4,444
26797,Individual,80,2,1957.47,4,4,4,444
26436,Individual,79,2,1957.47,4,4,4,444
26753,Individual,79,2,1957.47,4,4,4,444
26796,Individual,78,2,1957.47,4,4,4,444
26746,Individual,112,2,2001.45,4,4,4,444
26423,Individual,81,2,2001.97,4,4,4,444
18256,Individual,127,2,98.96,4,4,3,443
11268,Individual,74,2,98.25,4,4,3,443
16579,Individual,86,2,97.95,4,4,3,443
16705,Individual,80,2,97.96,4,4,3,443
12134,Individual,112,2,97.45,4,4,3,443
14060,Individual,97,2,99.47,4,4,3,443
14309,Individual,86,2,99.47,4,4,3,443
13609,Individual,73,2,98.96,4,4,3,443
15238,Individual,108,2,98.96,4,4,3,443
15206,Individual,101,2,98.96,4,4,3,443
15783,Individual,98,2,98.96,4,4,3,443
18506,Individual,118,2,101.94,4,4,3,443
16401,Individual,82,2,102.25,4,4,3,443
11703,Individual,74,2,100.27,4,4,3,443
16680,Individual,104,2,104.86,4,4,3,443
12310,Individual,99,2,103.96,4,4,3,443
16634,Individual,99,2,106.56,4,4,3,443
12746,Individual,91,2,105.24,4,4,3,443
11721,Individual,104,2,105.26,4,4,3,443
11982,Individual,119,2,105.26,4,4,3,443
19101,Individual,110,2,104.42,4,4,3,443
13694,Individual,121,2,105.56,4,4,3,443
17066,Individual,120,2,105.75,4,4,3,443
11195,Individual,99,2,105.75,4,4,3,443
18054,Individual,111,2,106.93,4,4,3,443
14938,Individual,123,2,107.97,4,4,3,443
13544,Individual,73,2,108.44,4,4,3,443
12940,Individual,98,2,108.46,4,4,3,443
12956,Individual,95,2,108.46,4,4,3,443
11879,Individual,88,2,107.42,4,4,3,443
17289,Individual,88,2,106.95,4,4,3,443
14315,Individual,116,2,109.71,4,4,3,443
11970,Individual,130,2,109.97,4,4,3,443
11941,Individual,88,2,108.96,4,4,3,443
16166,Individual,108,2,108.85,4,4,3,443
11702,Individual,76,2,96.27,4,4,3,443
11806,Individual,118,2,96.27,4,4,3,443
18191,Individual,82,2,94.47,4,4,3,443
16935,Individual,127,2,94.96,4,4,3,443
18541,Individual,117,2,94.26,4,4,3,443
11161,Individual,79,2,93.95,4,4,3,443
17245,Individual,73,2,92.97,4,4,3,443
16706,Individual,121,2,92.97,4,4,3,443
17252,Individual,123,2,92.97,4,4,3,443
12564,Individual,74,2,110.75,4,4,3,443
11787,Individual,85,2,109.97,4,4,3,443
11950,Individual,83,2,109.97,4,4,3,443
11728,Individual,84,2,109.97,4,4,3,443
13815,Individual,123,2,114.55,4,4,3,443
11865,Individual,115,2,114.92,4,4,3,443
11192,Individual,126,2,113.96,4,4,3,443
11141,Individual,123,2,113.96,4,4,3,443
12603,Individual,127,2,117.45,4,4,3,443
15635,Individual,78,2,116.95,4,4,3,443
16016,Individual,107,2,117.93,4,4,3,443
14521,Individual,77,2,117.96,4,4,3,443
19817,Individual,106,2,118.94,4,4,3,443
15721,Individual,115,2,118.96,4,4,3,443
12329,Individual,125,2,118.96,4,4,3,443
15057,Individual,108,2,114.96,4,4,3,443
15610,Individual,93,2,114.96,4,4,3,443
11045,Individual,92,2,114.96,4,4,3,443
12249,Individual,100,2,114.96,4,4,3,443
17204,Individual,81,2,114.96,4,4,3,443
14542,Individual,116,2,115.25,4,4,3,443
18345,Individual,90,2,115.47,4,4,3,443
15426,Individual,79,2,115.92,4,4,3,443
11747,Individual,108,2,115.96,4,4,3,443
12545,Individual,92,2,119.45,4,4,3,443
17495,Individual,113,2,119.91,4,4,3,443
17879,Individual,89,2,119.95,4,4,3,443
18637,Individual,95,2,121.94,4,4,3,443
18763,Individual,83,2,123.96,4,4,3,443
15730,Individual,93,2,122.96,4,4,3,443
11621,Individual,91,2,123.24,4,4,3,443
15138,Individual,95,2,123.45,4,4,3,443
15222,Individual,95,2,123.45,4,4,3,443
11847,Individual,75,2,124.97,4,4,3,443
14522,Individual,127,2,126.95,4,4,3,443
17350,Individual,117,2,127.47,4,4,3,443
11285,Individual,95,2,127.76,4,4,3,443
19798,Individual,118,2,128.44,4,4,3,443
17468,Individual,80,2,128.91,4,4,3,443
17317,Individual,122,2,128.95,4,4,3,443
11805,Individual,85,2,128.97,4,4,3,443
19541,Individual,79,2,131.24,4,4,3,443
11301,Individual,110,2,131.26,4,4,3,443
11694,Individual,123,2,128.97,4,4,3,443
11199,Individual,104,2,131.75,4,4,3,443
17645,Individual,78,2,132.27,4,4,3,443
19147,Individual,120,2,133.71,4,4,3,443
18884,Individual,101,2,133.93,4,4,3,443
16591,Individual,85,2,137.96,4,4,3,443
11177,Individual,107,2,135.25,4,4,3,443
11959,Individual,80,2,138.48,4,4,3,443
11180,Individual,126,2,138.45,4,4,3,443
18390,Individual,88,2,141.96,4,4,3,443
17501,Individual,93,2,141.98,4,4,3,443
17302,Individual,121,2,147.44,4,4,3,443
14674,Individual,73,2,142.47,4,4,3,443
15922,Individual,122,2,148.20,4,4,3,443
12566,Individual,126,2,147.95,4,4,3,443
18215,Individual,90,2,150.97,4,4,3,443
11697,Individual,117,2,152.96,4,4,3,443
11722,Individual,81,2,153.46,4,4,3,443
18065,Individual,110,2,155.47,4,4,3,443
17411,Individual,96,2,155.47,4,4,3,443
12409,Individual,83,2,155.00,4,4,3,443
14073,Individual,100,2,156.84,4,4,3,443
18305,Individual,112,2,160.55,4,4,3,443
12367,Individual,80,2,160.45,4,4,3,443
14783,Individual,129,2,158.96,4,4,3,443
11958,Individual,80,2,159.96,4,4,3,443
12411,Individual,104,2,159.99,4,4,3,443
16009,Individual,119,2,170.45,4,4,3,443
14194,Individual,124,2,168.93,4,4,3,443
18826,Individual,73,2,166.43,4,4,3,443
12119,Individual,85,2,162.28,4,4,3,443
11196,Individual,127,2,162.28,4,4,3,443
17101,Individual,119,2,163.94,4,4,3,443
14808,Individual,81,2,164.20,4,4,3,443
16690,Individual,120,2,165.07,4,4,3,443
19604,Individual,73,2,171.73,4,4,3,443
12049,Individual,81,2,171.44,4,4,3,443
13043,Individual,130,2,175.93,4,4,3,443
15828,Individual,77,2,172.25,4,4,3,443
11653,Individual,109,2,178.96,4,4,3,443
16172,Individual,98,2,186.04,4,4,3,443
13181,Individual,88,2,185.96,4,4,3,443
16162,Individual,75,2,185.04,4,4,3,443
13169,Individual,106,2,191.97,4,4,3,443
19839,Individual,126,2,194.96,4,4,3,443
12111,Individual,128,2,194.98,4,4,3,443
12199,Individual,77,2,194.98,4,4,3,443
11975,Individual,107,2,208.96,4,4,3,443
11862,Individual,98,2,209.23,4,4,3,443
13664,Individual,95,2,210.25,4,4,3,443
15108,Individual,115,2,210.54,4,4,3,443
12958,Individual,83,2,207.98,4,4,3,443
17539,Individual,83,2,205.92,4,4,3,443
13788,Individual,103,2,200.81,4,4,3,443
18078,Individual,129,2,200.94,4,4,3,443
14858,Individual,88,2,196.97,4,4,3,443
18382,Individual,124,2,204.94,4,4,3,443
12412,Individual,79,2,258.48,4,4,3,443
12513,Individual,110,2,241.76,4,4,3,443
13998,Individual,99,2,245.25,4,4,3,443
12191,Individual,123,2,245.47,4,4,3,443
11931,Individual,87,2,234.44,4,4,3,443
12146,Individual,82,2,227.42,4,4,3,443
17840,Individual,129,2,228.96,4,4,3,443
14156,Individual,76,2,229.57,4,4,3,443
17409,Individual,122,2,219.92,4,4,3,443
13675,Individual,82,2,215.23,4,4,3,443
13099,Individual,107,2,216.96,4,4,3,443
18821,Individual,84,2,91.97,4,4,2,442
21702,Individual,120,2,91.94,4,4,2,442
19571,Individual,114,2,90.95,4,4,2,442
11706,Individual,117,2,88.99,4,4,2,442
15461,Individual,127,2,88.96,4,4,2,442
16341,Individual,113,2,88.25,4,4,2,442
12554,Individual,103,2,87.97,4,4,2,442
16697,Individual,116,2,87.08,4,4,2,442
18717,Individual,86,2,87.21,4,4,2,442
18883,Individual,91,2,86.96,4,4,2,442
12063,Individual,77,2,84.99,4,4,2,442
12293,Individual,110,2,86.76,4,4,2,442
16934,Individual,100,2,86.95,4,4,2,442
13262,Individual,126,2,86.95,4,4,2,442
16601,Individual,74,2,86.26,4,4,2,442
14213,Individual,79,2,86.26,4,4,2,442
15126,Individual,93,2,86.26,4,4,2,442
12633,Individual,121,2,86.26,4,4,2,442
13042,Individual,99,2,84.47,4,4,2,442
12303,Individual,119,2,84.47,4,4,2,442
18247,Individual,98,2,84.96,4,4,2,442
18290,Individual,95,2,84.96,4,4,2,442
12503,Individual,126,2,84.46,4,4,2,442
13547,Individual,120,2,83.95,4,4,2,442
17723,Individual,116,2,83.94,4,4,2,442
19579,Individual,76,2,83.98,4,4,2,442
17054,Individual,98,2,83.98,4,4,2,442
13956,Individual,100,2,82.26,4,4,2,442
13952,Individual,120,2,82.26,4,4,2,442
18165,Individual,117,2,82.26,4,4,2,442
11948,Individual,115,2,82.26,4,4,2,442
16165,Individual,130,2,81.81,4,4,2,442
16665,Individual,91,2,81.81,4,4,2,442
18925,Individual,131,2,82.18,4,4,2,442
11518,Individual,79,2,82.20,4,4,2,442
17281,Individual,116,2,83.97,4,4,2,442
11139,Individual,104,2,83.97,4,4,2,442
12708,Individual,92,2,83.97,4,4,2,442
12582,Individual,88,2,83.97,4,4,2,442
12962,Individual,76,2,83.97,4,4,2,442
14517,Individual,101,2,82.97,4,4,2,442
11867,Individual,98,2,82.93,4,4,2,442
11876,Individual,127,2,82.93,4,4,2,442
11370,Individual,120,2,79.97,4,4,2,442
17807,Individual,120,2,81.24,4,4,2,442
15812,Individual,87,2,81.25,4,4,2,442
14317,Individual,82,2,81.26,4,4,2,442
11256,Individual,105,2,81.26,4,4,2,442
11012,Individual,106,2,81.26,4,4,2,442
11049,Individual,92,2,81.26,4,4,2,442
16739,Individual,95,2,81.26,4,4,2,442
17324,Individual,94,2,80.94,4,4,2,442
11169,Individual,127,2,81.26,4,4,2,442
11066,Individual,132,2,81.26,4,4,2,442
11362,Individual,127,2,77.27,4,4,2,442
12626,Individual,73,2,77.96,4,4,2,442
12320,Individual,95,2,77.96,4,4,2,442
12664,Individual,112,2,77.96,4,4,2,442
15701,Individual,116,2,78.86,4,4,2,442
17709,Individual,91,2,78.95,4,4,2,442
15024,Individual,90,2,78.96,4,4,2,442
15253,Individual,73,2,78.96,4,4,2,442
19836,Individual,94,2,78.96,4,4,2,442
13539,Individual,92,2,78.96,4,4,2,442
16694,Individual,124,2,78.20,4,4,2,442
16184,Individual,87,2,78.20,4,4,2,442
18294,Individual,73,2,78.26,4,4,2,442
19092,Individual,74,2,78.26,4,4,2,442
15039,Individual,130,2,78.96,4,4,2,442
17073,Individual,114,2,78.97,4,4,2,442
16632,Individual,107,2,68.87,4,4,2,442
18264,Individual,103,2,69.97,4,4,2,442
15823,Individual,76,2,67.96,4,4,2,442
11184,Individual,112,2,68.25,4,4,2,442
12045,Individual,88,2,65.97,4,4,2,442
12324,Individual,76,2,66.26,4,4,2,442
18265,Individual,91,2,64.98,4,4,2,442
13995,Individual,73,2,64.97,4,4,2,442
16699,Individual,124,2,67.58,4,4,2,442
15810,Individual,109,2,67.17,4,4,2,442
15237,Individual,101,2,66.26,4,4,2,442
15583,Individual,103,2,66.26,4,4,2,442
16682,Individual,81,2,66.58,4,4,2,442
12590,Individual,93,2,67.46,4,4,2,442
18743,Individual,92,2,67.21,4,4,2,442
18407,Individual,106,2,63.25,4,4,2,442
14009,Individual,86,2,63.97,4,4,2,442
15728,Individual,87,2,63.97,4,4,2,442
15149,Individual,73,2,63.97,4,4,2,442
11231,Individual,78,2,64.26,4,4,2,442
11202,Individual,130,2,73.98,4,4,2,442
17522,Individual,80,2,74.95,4,4,2,442
17205,Individual,81,2,74.98,4,4,2,442
14229,Individual,84,2,74.98,4,4,2,442
11978,Individual,77,2,74.98,4,4,2,442
15075,Individual,73,2,74.98,4,4,2,442
12476,Individual,97,2,73.77,4,4,2,442
11961,Individual,113,2,72.28,4,4,2,442
15686,Individual,75,2,72.58,4,4,2,442
14530,Individual,76,2,72.86,4,4,2,442
11234,Individual,132,2,76.27,4,4,2,442
16695,Individual,91,2,76.15,4,4,2,442
16050,Individual,104,2,76.94,4,4,2,442
19750,Individual,105,2,77.25,4,4,2,442
11638,Individual,102,2,77.27,4,4,2,442
11207,Individual,103,2,77.27,4,4,2,442
11770,Individual,100,2,77.27,4,4,2,442
17228,Individual,85,2,77.27,4,4,2,442
11746,Individual,81,2,77.27,4,4,2,442
11204,Individual,80,2,77.27,4,4,2,442
11883,Individual,76,2,77.27,4,4,2,442
11949,Individual,127,2,69.99,4,4,2,442
16614,Individual,73,2,71.16,4,4,2,442
11860,Individual,78,2,69.99,4,4,2,442
13640,Individual,84,2,71.25,4,4,2,442
14983,Individual,74,2,71.27,4,4,2,442
17110,Individual,122,2,47.26,4,4,2,442
11159,Individual,83,2,48.56,4,4,2,442
18258,Individual,92,2,45.95,4,4,2,442
11221,Individual,104,2,46.27,4,4,2,442
12894,Individual,125,2,48.98,4,4,2,442
12932,Individual,94,2,48.98,4,4,2,442
15465,Individual,123,2,40.23,4,4,2,442
11524,Individual,104,2,42.28,4,4,2,442
11635,Individual,130,2,42.28,4,4,2,442
12598,Individual,118,2,42.97,4,4,2,442
12567,Individual,116,2,42.97,4,4,2,442
15822,Individual,110,2,43.21,4,4,2,442
12047,Individual,104,2,43.99,4,4,2,442
12099,Individual,85,2,43.99,4,4,2,442
11127,Individual,120,2,43.98,4,4,2,442
11318,Individual,82,2,44.57,4,4,2,442
11521,Individual,83,2,44.57,4,4,2,442
20224,Individual,116,2,44.46,4,4,2,442
14124,Individual,76,2,57.59,4,4,2,442
12982,Individual,118,2,57.97,4,4,2,442
18728,Individual,105,2,56.71,4,4,2,442
17702,Individual,113,2,56.76,4,4,2,442
13599,Individual,121,2,51.25,4,4,2,442
11627,Individual,81,2,50.23,4,4,2,442
12144,Individual,85,2,50.23,4,4,2,442
11880,Individual,87,2,50.23,4,4,2,442
18149,Individual,90,2,50.23,4,4,2,442
19972,Individual,117,2,49.70,4,4,2,442
15712,Individual,115,2,51.57,4,4,2,442
12597,Individual,121,2,53.21,4,4,2,442
12787,Individual,126,2,53.56,4,4,2,442
17325,Individual,95,2,54.94,4,4,2,442
14018,Individual,96,2,63.87,4,4,2,442
14014,Individual,88,2,62.27,4,4,2,442
15140,Individual,93,2,62.27,4,4,2,442
13136,Individual,113,2,62.27,4,4,2,442
19232,Individual,90,2,60.96,4,4,2,442
13535,Individual,102,2,59.20,4,4,2,442
16343,Individual,90,2,58.25,4,4,2,442
15731,Individual,123,2,59.98,4,4,2,442
15233,Individual,132,2,59.98,4,4,2,442
19090,Individual,76,2,59.26,4,4,2,442
13044,Individual,76,2,59.98,4,4,2,442
13982,Individual,85,2,59.98,4,4,2,442
13037,Individual,80,2,59.98,4,4,2,442
14015,Individual,98,2,59.98,4,4,2,442
19575,Individual,84,2,60.05,4,4,2,442
15715,Individual,89,2,39.97,4,4,1,441
17838,Individual,104,2,32.27,4,4,1,441
17701,Individual,132,2,34.47,4,4,1,441
15434,Individual,116,2,32.28,4,4,1,441
17705,Individual,95,2,37.26,4,4,1,441
16058,Individual,84,2,38.25,4,4,1,441
12638,Individual,88,2,38.47,4,4,1,441
17763,Individual,112,2,37.93,4,4,1,441
11205,Individual,113,2,37.29,4,4,1,441
18216,Individual,86,2,38.92,4,4,1,441
16729,Individual,106,2,38.92,4,4,1,441
18292,Individual,119,2,39.25,4,4,1,441
11232,Individual,77,2,39.58,4,4,1,441
11527,Individual,89,2,39.58,4,4,1,441
16453,Individual,96,2,14.56,4,4,1,441
19088,Individual,85,2,24.27,4,4,1,441
19097,Individual,130,2,24.27,4,4,1,441
16306,Individual,98,2,29.26,4,4,1,441
18274,Individual,95,2,30.97,4,4,1,441
18291,Individual,108,2,30.97,4,4,1,441
18190,Individual,131,2,30.97,4,4,1,441
18197,Individual,131,2,30.97,4,4,1,441
17330,Individual,132,2,30.97,4,4,1,441
17462,Individual,77,1,2334.98,4,1,4,414
18352,Individual,81,1,2334.98,4,1,4,414
17157,Individual,92,1,2334.98,4,1,4,414
16893,Individual,104,1,2325.96,4,1,4,414
13851,Individual,79,1,2331.95,4,1,4,414
13709,Individual,79,1,2332.28,4,1,4,414
16095,Individual,114,1,2329.99,4,1,4,414
18595,Individual,95,1,2329.99,4,1,4,414
17470,Individual,75,1,2329.99,4,1,4,414
17007,Individual,79,1,2329.99,4,1,4,414
19746,Individual,80,1,2329.99,4,1,4,414
17623,Individual,85,1,2326.96,4,1,4,414
16146,Individual,104,1,2329.98,4,1,4,414
18433,Individual,109,1,2329.98,4,1,4,414
16979,Individual,77,1,2322.28,4,1,4,414
16981,Individual,73,1,2317.92,4,1,4,414
17140,Individual,73,1,2319.99,4,1,4,414
16148,Individual,122,1,2319.99,4,1,4,414
16868,Individual,105,1,2322.28,4,1,4,414
16101,Individual,107,1,2322.28,4,1,4,414
16145,Individual,117,1,2322.28,4,1,4,414
16881,Individual,93,1,2319.99,4,1,4,414
16081,Individual,95,1,2319.99,4,1,4,414
16753,Individual,102,1,2319.99,4,1,4,414
16114,Individual,104,1,2319.99,4,1,4,414
17537,Individual,73,1,2319.99,4,1,4,414
11251,Individual,103,1,2318.96,4,1,4,414
17546,Individual,88,1,2318.96,4,1,4,414
16961,Individual,91,1,2318.96,4,1,4,414
18237,Individual,121,1,2318.96,4,1,4,414
17008,Individual,75,1,2316.97,4,1,4,414
16819,Individual,108,1,2316.97,4,1,4,414
16871,Individual,114,1,2316.97,4,1,4,414
16755,Individual,102,1,2316.97,4,1,4,414
18353,Individual,83,1,2316.97,4,1,4,414
16967,Individual,80,1,2316.97,4,1,4,414
17139,Individual,83,1,2309.97,4,1,4,414
13154,Individual,85,1,2309.97,4,1,4,414
18357,Individual,90,1,2309.97,4,1,4,414
17402,Individual,132,1,2304.98,4,1,4,414
17136,Individual,84,1,2297.28,4,1,4,414
16779,Individual,97,1,2297.28,4,1,4,414
17415,Individual,92,1,2297.28,4,1,4,414
17423,Individual,77,1,2297.28,4,1,4,414
16344,Individual,100,1,2294.99,4,1,4,414
16835,Individual,109,1,2294.99,4,1,4,414
16839,Individual,111,1,2294.99,4,1,4,414
18401,Individual,94,1,2294.99,4,1,4,414
16786,Individual,95,1,2294.99,4,1,4,414
16882,Individual,96,1,2294.99,4,1,4,414
17499,Individual,84,1,2294.99,4,1,4,414
17414,Individual,81,1,2294.99,4,1,4,414
13399,Individual,82,1,2294.99,4,1,4,414
17000,Individual,78,1,2294.99,4,1,4,414
18551,Individual,122,1,1709.98,4,1,4,414
18228,Individual,117,1,1709.98,4,1,4,414
17404,Individual,127,1,1709.98,4,1,4,414
18439,Individual,119,1,1700.99,4,1,4,414
18553,Individual,116,1,1700.99,4,1,4,414
17476,Individual,121,1,1700.99,4,1,4,414
18670,Individual,80,1,1723.96,4,1,4,414
22594,Individual,86,1,1709.98,4,1,4,414
22442,Individual,94,1,1709.98,4,1,4,414
26227,Individual,93,1,1709.98,4,1,4,414
18438,Individual,98,1,1709.98,4,1,4,414
18564,Individual,92,1,1714.97,4,1,4,414
26854,Individual,86,1,1714.97,4,1,4,414
18568,Individual,74,1,1732.26,4,1,4,414
18233,Individual,122,1,1732.26,4,1,4,414
26828,Individual,86,1,1732.26,4,1,4,414
22467,Individual,105,1,1732.26,4,1,4,414
18562,Individual,111,1,1732.26,4,1,4,414
18545,Individual,116,1,1725.98,4,1,4,414
18226,Individual,101,1,1725.98,4,1,4,414
21268,Individual,114,1,1725.98,4,1,4,414
18369,Individual,109,1,1725.98,4,1,4,414
22456,Individual,104,1,1728.27,4,1,4,414
21271,Individual,104,1,1728.27,4,1,4,414
18798,Individual,90,1,1728.27,4,1,4,414
18409,Individual,122,1,1728.27,4,1,4,414
18227,Individual,122,1,1729.97,4,1,4,414
17871,Individual,123,1,1729.97,4,1,4,414
18448,Individual,108,1,1735.98,4,1,4,414
18543,Individual,112,1,1735.98,4,1,4,414
21269,Individual,115,1,1735.98,4,1,4,414
18559,Individual,101,1,1735.98,4,1,4,414
25321,Individual,103,1,1735.98,4,1,4,414
22434,Individual,103,1,1735.98,4,1,4,414
18350,Individual,101,1,1735.98,4,1,4,414
18680,Individual,87,1,1735.98,4,1,4,414
22505,Individual,90,1,1735.98,4,1,4,414
22570,Individual,89,1,1735.98,4,1,4,414
18605,Individual,87,1,1735.98,4,1,4,414
18794,Individual,88,1,1735.98,4,1,4,414
22470,Individual,88,1,1735.98,4,1,4,414
25478,Individual,122,1,1735.98,4,1,4,414
25442,Individual,120,1,1735.98,4,1,4,414
22599,Individual,79,1,1700.99,4,1,4,414
18645,Individual,83,1,1700.99,4,1,4,414
18567,Individual,74,1,1700.99,4,1,4,414
18598,Individual,74,1,1700.99,4,1,4,414
22468,Individual,74,1,1700.99,4,1,4,414
22439,Individual,95,1,1700.99,4,1,4,414
18229,Individual,95,1,1700.99,4,1,4,414
18556,Individual,93,1,1700.99,4,1,4,414
26855,Individual,88,1,1700.99,4,1,4,414
26228,Individual,107,1,1700.99,4,1,4,414
18370,Individual,107,1,1700.99,4,1,4,414
25479,Individual,104,1,1799.95,4,1,4,414
18801,Individual,91,1,1799.48,4,1,4,414
17595,Individual,75,1,1785.97,4,1,4,414
18609,Individual,75,1,1785.97,4,1,4,414
17691,Individual,81,1,1779.47,4,1,4,414
25651,Individual,131,1,1785.97,4,1,4,414
18654,Individual,79,1,1775.97,4,1,4,414
21289,Individual,78,1,1763.97,4,1,4,414
25461,Individual,100,1,1775.97,4,1,4,414
26353,Individual,86,1,1773.95,4,1,4,414
18430,Individual,99,1,1775.47,4,1,4,414
18440,Individual,107,1,1775.47,4,1,4,414
22520,Individual,107,1,1775.47,4,1,4,414
18366,Individual,106,1,1775.47,4,1,4,414
21160,Individual,125,1,1775.47,4,1,4,414
18084,Individual,132,1,1775.47,4,1,4,414
18589,Individual,75,1,1768.96,4,1,4,414
22536,Individual,73,1,1775.47,4,1,4,414
18596,Individual,73,1,1775.47,4,1,4,414
18085,Individual,124,1,1764.96,4,1,4,414
26231,Individual,75,1,1764.96,4,1,4,414
18762,Individual,73,1,1764.96,4,1,4,414
18318,Individual,120,1,1760.47,4,1,4,414
18502,Individual,117,1,1760.47,4,1,4,414
26352,Individual,120,1,1763.97,4,1,4,414
22510,Individual,119,1,1763.97,4,1,4,414
18414,Individual,114,1,1760.47,4,1,4,414
18373,Individual,108,1,1763.97,4,1,4,414
18597,Individual,74,1,1760.47,4,1,4,414
17654,Individual,74,1,1759.97,4,1,4,414
18371,Individual,111,1,1754.98,4,1,4,414
18234,Individual,114,1,1754.98,4,1,4,414
18548,Individual,115,1,1754.98,4,1,4,414
22461,Individual,107,1,1754.98,4,1,4,414
18431,Individual,101,1,1754.98,4,1,4,414
18800,Individual,84,1,1754.98,4,1,4,414
18780,Individual,86,1,1759.97,4,1,4,414
18344,Individual,102,1,1759.97,4,1,4,414
25751,Individual,111,1,1759.97,4,1,4,414
18684,Individual,77,1,1754.98,4,1,4,414
22592,Individual,74,1,1754.98,4,1,4,414
22535,Individual,74,1,1750.98,4,1,4,414
18606,Individual,79,1,1750.98,4,1,4,414
17558,Individual,97,1,1750.47,4,1,4,414
26827,Individual,92,1,1750.98,4,1,4,414
22596,Individual,89,1,1750.98,4,1,4,414
18558,Individual,104,1,1750.98,4,1,4,414
18361,Individual,114,1,1750.98,4,1,4,414
22460,Individual,110,1,1750.98,4,1,4,414
18501,Individual,119,1,1750.98,4,1,4,414
17586,Individual,116,1,1750.98,4,1,4,414
25634,Individual,122,1,1750.98,4,1,4,414
18360,Individual,122,1,1750.98,4,1,4,414
25661,Individual,80,1,1735.98,4,1,4,414
22428,Individual,129,1,1739.46,4,1,4,414
18646,Individual,74,1,1735.98,4,1,4,414
22518,Individual,75,1,1735.98,4,1,4,414
26816,Individual,75,1,1735.98,4,1,4,414
27139,Individual,95,1,1282.82,4,1,4,414
23789,Individual,127,1,1251.12,4,1,4,414
25683,Individual,75,1,1251.12,4,1,4,414
28098,Individual,79,1,1249.84,4,1,4,414
23794,Individual,119,1,1249.84,4,1,4,414
20884,Individual,82,1,1229.96,4,1,4,414
25639,Individual,104,1,1228.83,4,1,4,414
27154,Individual,101,1,1228.83,4,1,4,414
21699,Individual,91,1,1158.96,4,1,4,414
25447,Individual,91,1,1164.47,4,1,4,414
24115,Individual,113,1,1164.47,4,1,4,414
20887,Individual,80,1,1164.47,4,1,4,414
21590,Individual,80,1,1169.46,4,1,4,414
21594,Individual,84,1,1169.97,4,1,4,414
21599,Individual,85,1,1170.48,4,1,4,414
28700,Individual,92,1,1170.48,4,1,4,414
25301,Individual,99,1,1170.48,4,1,4,414
21424,Individual,112,1,1170.48,4,1,4,414
24697,Individual,113,1,1170.48,4,1,4,414
25453,Individual,100,1,1170.48,4,1,4,414
24211,Individual,106,1,1170.48,4,1,4,414
21161,Individual,129,1,1174.48,4,1,4,414
21401,Individual,108,1,1174.48,4,1,4,414
21491,Individual,108,1,1174.48,4,1,4,414
21356,Individual,97,1,1174.48,4,1,4,414
21781,Individual,86,1,1174.48,4,1,4,414
24702,Individual,88,1,1174.48,4,1,4,414
21700,Individual,91,1,1174.48,4,1,4,414
24835,Individual,80,1,1170.48,4,1,4,414
21638,Individual,83,1,1170.48,4,1,4,414
25576,Individual,78,1,1170.48,4,1,4,414
20882,Individual,78,1,1170.48,4,1,4,414
25500,Individual,73,1,1170.48,4,1,4,414
21604,Individual,76,1,1179.97,4,1,4,414
21645,Individual,78,1,1183.47,4,1,4,414
21355,Individual,120,1,1184.46,4,1,4,414
21422,Individual,88,1,1184.46,4,1,4,414
20888,Individual,76,1,1174.48,4,1,4,414
21798,Individual,79,1,1174.48,4,1,4,414
21588,Individual,80,1,1174.48,4,1,4,414
21605,Individual,86,1,1179.47,4,1,4,414
25546,Individual,92,1,1179.47,4,1,4,414
21329,Individual,110,1,1179.47,4,1,4,414
21388,Individual,106,1,1179.47,4,1,4,414
21396,Individual,119,1,1170.48,4,1,4,414
20768,Individual,132,1,1170.48,4,1,4,414
21585,Individual,95,1,1179.97,4,1,4,414
21711,Individual,85,1,1179.97,4,1,4,414
21794,Individual,89,1,1179.97,4,1,4,414
21147,Individual,127,1,1179.97,4,1,4,414
21476,Individual,98,1,1197.41,4,1,4,414
28522,Individual,126,1,1197.97,4,1,4,414
28563,Individual,113,1,1197.97,4,1,4,414
24138,Individual,99,1,1194.97,4,1,4,414
25531,Individual,87,1,1188.46,4,1,4,414
25510,Individual,74,1,1212.95,4,1,4,414
24193,Individual,131,1,1199.46,4,1,4,414
21357,Individual,122,1,1205.47,4,1,4,414
21483,Individual,105,1,1205.47,4,1,4,414
21728,Individual,90,1,1205.47,4,1,4,414
25312,Individual,81,1,1198.97,4,1,4,414
24213,Individual,132,1,1214.46,4,1,4,414
21583,Individual,105,1,1214.46,4,1,4,414
27136,Individual,126,1,1223.84,4,1,4,414
24795,Individual,104,1,2507.03,4,1,4,414
22664,Individual,113,1,2511.32,4,1,4,414
25776,Individual,104,1,2514.61,4,1,4,414
24066,Individual,113,1,2514.93,4,1,4,414
16778,Individual,94,1,2541.32,4,1,4,414
19661,Individual,79,1,2521.27,4,1,4,414
22690,Individual,96,1,2523.92,4,1,4,414
16365,Individual,74,1,2490.18,4,1,4,414
17156,Individual,84,1,2502.27,4,1,4,414
24067,Individual,121,1,2492.32,4,1,4,414
24092,Individual,89,1,2481.82,4,1,4,414
22692,Individual,75,1,2481.82,4,1,4,414
16782,Individual,113,1,2482.23,4,1,4,414
16762,Individual,129,1,2479.94,4,1,4,414
27869,Individual,98,1,2462.55,4,1,4,414
22691,Individual,104,1,2457.33,4,1,4,414
24068,Individual,96,1,2457.33,4,1,4,414
20644,Individual,92,1,2457.33,4,1,4,414
25796,Individual,115,1,2475.95,4,1,4,414
16761,Individual,130,1,2475.95,4,1,4,414
29359,Individual,77,1,2453.04,4,1,4,414
23666,Individual,123,1,2453.04,4,1,4,414
24794,Individual,104,1,2448.04,4,1,4,414
25778,Individual,93,1,2443.35,4,1,4,414
16776,Individual,123,1,2443.35,4,1,4,414
24700,Individual,119,1,2452.04,4,1,4,414
24799,Individual,96,1,2452.04,4,1,4,414
20642,Individual,105,1,2452.34,4,1,4,414
25798,Individual,109,1,2452.34,4,1,4,414
25775,Individual,127,1,2451.30,4,1,4,414
16866,Individual,108,1,2444.45,4,1,4,414
16118,Individual,100,1,2563.91,4,1,4,414
16366,Individual,79,1,2563.35,4,1,4,414
16916,Individual,77,1,2434.92,4,1,4,414
24811,Individual,120,1,2438.06,4,1,4,414
18122,Individual,96,1,2439.99,4,1,4,414
17171,Individual,87,1,2439.99,4,1,4,414
18068,Individual,90,1,2439.99,4,1,4,414
20581,Individual,89,1,2439.99,4,1,4,414
16969,Individual,73,1,2439.99,4,1,4,414
17038,Individual,88,1,2442.28,4,1,4,414
17412,Individual,77,1,2414.99,4,1,4,414
17424,Individual,73,1,2423.48,4,1,4,414
17555,Individual,92,1,2423.48,4,1,4,414
28732,Individual,129,1,2419.06,4,1,4,414
26362,Individual,105,1,2420.34,4,1,4,414
29368,Individual,84,1,2422.54,4,1,4,414
24708,Individual,73,1,2419.06,4,1,4,414
24828,Individual,73,1,2419.06,4,1,4,414
27870,Individual,78,1,2419.06,4,1,4,414
24979,Individual,79,1,2419.06,4,1,4,414
17625,Individual,124,1,2431.95,4,1,4,414
28742,Individual,121,1,2428.05,4,1,4,414
24384,Individual,124,1,2428.05,4,1,4,414
17004,Individual,89,1,2418.48,4,1,4,414
24814,Individual,87,1,2419.06,4,1,4,414
24942,Individual,92,1,2419.06,4,1,4,414
26229,Individual,95,1,2419.06,4,1,4,414
24810,Individual,95,1,2419.06,4,1,4,414
24800,Individual,106,1,2419.06,4,1,4,414
24793,Individual,106,1,2419.06,4,1,4,414
24801,Individual,118,1,2419.06,4,1,4,414
24789,Individual,124,1,2419.06,4,1,4,414
24792,Individual,123,1,2419.06,4,1,4,414
27868,Individual,122,1,2419.06,4,1,4,414
28734,Individual,122,1,2419.06,4,1,4,414
24987,Individual,78,1,2413.06,4,1,4,414
16104,Individual,93,1,2414.97,4,1,4,414
17543,Individual,85,1,2414.99,4,1,4,414
18236,Individual,103,1,2414.99,4,1,4,414
17003,Individual,92,1,2416.45,4,1,4,414
24996,Individual,90,1,2418.05,4,1,4,414
29360,Individual,88,1,2418.05,4,1,4,414
16653,Individual,112,1,2411.95,4,1,4,414
16086,Individual,93,1,2406.95,4,1,4,414
17461,Individual,81,1,2406.95,4,1,4,414
24798,Individual,111,1,2407.04,4,1,4,414
26818,Individual,114,1,2407.04,4,1,4,414
26223,Individual,126,1,2407.04,4,1,4,414
17535,Individual,84,1,2405.47,4,1,4,414
13391,Individual,119,1,2405.47,4,1,4,414
16852,Individual,106,1,2405.47,4,1,4,414
17441,Individual,74,1,2404.95,4,1,4,414
17580,Individual,73,1,2404.97,4,1,4,414
17393,Individual,75,1,2404.91,4,1,4,414
17613,Individual,126,1,2401.95,4,1,4,414
16077,Individual,132,1,2401.45,4,1,4,414
18389,Individual,111,1,2401.45,4,1,4,414
20587,Individual,88,1,2378.95,4,1,4,414
13711,Individual,74,1,2380.47,4,1,4,414
18067,Individual,73,1,2380.47,4,1,4,414
16869,Individual,117,1,2376.96,4,1,4,414
16909,Individual,94,1,2376.96,4,1,4,414
16144,Individual,106,1,2376.96,4,1,4,414
18116,Individual,109,1,2376.96,4,1,4,414
17593,Individual,86,1,2380.47,4,1,4,414
16859,Individual,104,1,2380.47,4,1,4,414
16845,Individual,116,1,2380.47,4,1,4,414
24797,Individual,113,1,2393.06,4,1,4,414
24707,Individual,100,1,2393.06,4,1,4,414
16641,Individual,95,1,2391.43,4,1,4,414
16818,Individual,114,1,2391.94,4,1,4,414
29358,Individual,90,1,2384.07,4,1,4,414
24958,Individual,73,1,2384.07,4,1,4,414
25452,Individual,75,1,2384.07,4,1,4,414
18839,Individual,80,1,2384.97,4,1,4,414
17010,Individual,75,1,2384.97,4,1,4,414
16478,Individual,109,1,2385.94,4,1,4,414
13358,Individual,131,1,2386.94,4,1,4,414
18075,Individual,85,1,2394.97,4,1,4,414
21057,Individual,86,1,2394.97,4,1,4,414
18377,Individual,115,1,2394.97,4,1,4,414
16756,Individual,105,1,2395.96,4,1,4,414
16113,Individual,109,1,2391.95,4,1,4,414
18113,Individual,83,1,2391.96,4,1,4,414
18224,Individual,85,1,2394.45,4,1,4,414
13270,Individual,124,1,2394.95,4,1,4,414
17425,Individual,77,1,2394.95,4,1,4,414
13397,Individual,78,1,2396.94,4,1,4,414
24831,Individual,78,1,2398.05,4,1,4,414
16867,Individual,117,1,2381.94,4,1,4,414
17582,Individual,73,1,2398.47,4,1,4,414
26230,Individual,112,1,2398.05,4,1,4,414
24972,Individual,87,1,2398.05,4,1,4,414
24796,Individual,118,1,2398.05,4,1,4,414
29357,Individual,118,1,2398.05,4,1,4,414
17134,Individual,77,1,2376.96,4,1,4,414
16112,Individual,120,1,2373.47,4,1,4,414
17416,Individual,92,1,2370.96,4,1,4,414
16087,Individual,107,1,2369.97,4,1,4,414
16244,Individual,107,1,2369.97,4,1,4,414
16844,Individual,99,1,2369.97,4,1,4,414
16864,Individual,95,1,2369.97,4,1,4,414
17604,Individual,91,1,2369.97,4,1,4,414
18972,Individual,88,1,2369.97,4,1,4,414
17365,Individual,78,1,2369.96,4,1,4,414
18961,Individual,74,1,2369.96,4,1,4,414
17458,Individual,81,1,2369.97,4,1,4,414
18232,Individual,82,1,2369.97,4,1,4,414
17581,Individual,86,1,2369.45,4,1,4,414
17176,Individual,85,1,2369.96,4,1,4,414
16851,Individual,98,1,2369.96,4,1,4,414
16100,Individual,115,1,2369.96,4,1,4,414
16832,Individual,99,1,2369.96,4,1,4,414
16865,Individual,99,1,2369.96,4,1,4,414
16105,Individual,122,1,2361.95,4,1,4,414
18379,Individual,96,1,2362.27,4,1,4,414
17544,Individual,85,1,2359.98,4,1,4,414
16645,Individual,111,1,2357.28,4,1,4,414
17133,Individual,88,1,2357.28,4,1,4,414
17624,Individual,86,1,2357.28,4,1,4,414
16872,Individual,105,1,2359.24,4,1,4,414
17552,Individual,76,1,2357.28,4,1,4,414
16147,Individual,95,1,2367.20,4,1,4,414
16111,Individual,116,1,2340.94,4,1,4,414
13434,Individual,108,1,2354.99,4,1,4,414
17399,Individual,90,1,2366.96,4,1,4,414
16908,Individual,115,1,2366.96,4,1,4,414
17413,Individual,77,1,2365.94,4,1,4,414
16850,Individual,117,1,2354.98,4,1,4,414
17474,Individual,84,1,2354.98,4,1,4,414
17398,Individual,88,1,2354.98,4,1,4,414
17267,Individual,81,1,2354.98,4,1,4,414
18971,Individual,73,1,2351.96,4,1,4,414
17009,Individual,82,1,2351.96,4,1,4,414
13743,Individual,83,1,2349.98,4,1,4,414
18950,Individual,84,1,2351.96,4,1,4,414
20589,Individual,80,1,2344.96,4,1,4,414
18066,Individual,78,1,2344.96,4,1,4,414
18225,Individual,85,1,2349.96,4,1,4,414
16785,Individual,121,1,2342.92,4,1,4,414
16854,Individual,117,1,2342.93,4,1,4,414
18392,Individual,102,1,2342.93,4,1,4,414
16880,Individual,97,1,2343.96,4,1,4,414
16833,Individual,93,1,2343.96,4,1,4,414
17433,Individual,78,1,2341.46,4,1,4,414
18959,Individual,87,1,2341.46,4,1,4,414
13710,Individual,91,1,2341.46,4,1,4,414
19705,Individual,85,1,2341.97,4,1,4,414
17439,Individual,92,1,2341.97,4,1,4,414
16892,Individual,96,1,2341.97,4,1,4,414
16907,Individual,96,1,2341.97,4,1,4,414
16116,Individual,96,1,2341.97,4,1,4,414
17542,Individual,76,1,2341.97,4,1,4,414
17001,Individual,83,1,2341.97,4,1,4,414
17545,Individual,73,1,2341.97,4,1,4,414
17363,Individual,75,1,2341.97,4,1,4,414
13145,Individual,86,1,2337.27,4,1,4,414
13387,Individual,88,1,2337.27,4,1,4,414
17460,Individual,84,1,2339.97,4,1,4,414
25506,Individual,78,1,1155.48,4,1,3,413
21410,Individual,76,1,1155.48,4,1,3,413
21812,Individual,77,1,1155.48,4,1,3,413
21637,Individual,77,1,1155.48,4,1,3,413
25465,Individual,75,1,1155.48,4,1,3,413
16151,Individual,89,1,639.45,4,1,3,413
19845,Individual,110,1,639.95,4,1,3,413
23460,Individual,98,1,649.46,4,1,3,413
27892,Individual,119,1,649.46,4,1,3,413
16139,Individual,81,1,654.95,4,1,3,413
24098,Individual,107,1,655.45,4,1,3,413
23169,Individual,129,1,685.47,4,1,3,413
23832,Individual,88,1,687.76,4,1,3,413
16110,Individual,97,1,650.47,4,1,3,413
23815,Individual,117,1,724.47,4,1,3,413
23847,Individual,88,1,722.77,4,1,3,413
23443,Individual,103,1,722.77,4,1,3,413
27768,Individual,104,1,742.35,4,1,3,413
27170,Individual,110,1,756.33,4,1,3,413
29464,Individual,106,1,756.33,4,1,3,413
27776,Individual,77,1,751.34,4,1,3,413
25364,Individual,77,1,751.34,4,1,3,413
25362,Individual,101,1,751.34,4,1,3,413
29463,Individual,112,1,751.34,4,1,3,413
27845,Individual,88,1,751.34,4,1,3,413
29455,Individual,124,1,751.34,4,1,3,413
28528,Individual,128,1,751.34,4,1,3,413
28698,Individual,115,1,765.32,4,1,3,413
28706,Individual,104,1,773.63,4,1,3,413
27764,Individual,107,1,776.33,4,1,3,413
28744,Individual,89,1,776.33,4,1,3,413
27769,Individual,98,1,776.33,4,1,3,413
12031,Individual,84,1,769.49,4,1,3,413
27780,Individual,76,1,777.34,4,1,3,413
29362,Individual,79,1,777.34,4,1,3,413
29371,Individual,90,1,777.34,4,1,3,413
29363,Individual,86,1,777.34,4,1,3,413
29461,Individual,102,1,777.34,4,1,3,413
27138,Individual,130,1,777.34,4,1,3,413
28699,Individual,121,1,777.34,4,1,3,413
28691,Individual,118,1,777.34,4,1,3,413
27771,Individual,116,1,777.34,4,1,3,413
28705,Individual,119,1,777.34,4,1,3,413
29365,Individual,89,1,778.62,4,1,3,413
27763,Individual,116,1,785.32,4,1,3,413
27824,Individual,89,1,786.33,4,1,3,413
21817,Individual,95,1,791.47,4,1,3,413
22447,Individual,82,1,793.76,4,1,3,413
29465,Individual,101,1,791.32,4,1,3,413
27142,Individual,127,1,791.32,4,1,3,413
21681,Individual,104,1,799.42,4,1,3,413
22450,Individual,92,1,799.48,4,1,3,413
22508,Individual,78,1,799.48,4,1,3,413
29459,Individual,132,1,805.33,4,1,3,413
25344,Individual,103,1,801.83,4,1,3,413
12020,Individual,109,1,804.47,4,1,3,413
22307,Individual,120,1,804.47,4,1,3,413
22509,Individual,81,1,804.47,4,1,3,413
23616,Individual,131,1,819.48,4,1,3,413
21667,Individual,119,1,819.48,4,1,3,413
27166,Individual,104,1,827.33,4,1,3,413
22444,Individual,89,1,828.47,4,1,3,413
21666,Individual,127,1,828.47,4,1,3,413
27124,Individual,129,1,811.32,4,1,3,413
14893,Individual,117,1,839.48,4,1,3,413
14910,Individual,94,1,839.48,4,1,3,413
14900,Individual,109,1,839.48,4,1,3,413
21275,Individual,105,1,1151.76,4,1,3,413
25467,Individual,85,1,1151.76,4,1,3,413
21704,Individual,78,1,1151.76,4,1,3,413
21479,Individual,99,1,1149.47,4,1,3,413
21426,Individual,104,1,1149.47,4,1,3,413
21485,Individual,101,1,1149.47,4,1,3,413
20883,Individual,74,1,1149.47,4,1,3,413
21475,Individual,93,1,1147.77,4,1,3,413
21253,Individual,127,1,1155.48,4,1,3,413
21162,Individual,126,1,1155.48,4,1,3,413
24197,Individual,125,1,1155.48,4,1,3,413
21486,Individual,122,1,1155.48,4,1,3,413
28554,Individual,122,1,1155.48,4,1,3,413
21369,Individual,122,1,1155.48,4,1,3,413
21143,Individual,123,1,1155.48,4,1,3,413
21141,Individual,123,1,1155.48,4,1,3,413
14885,Individual,117,1,1155.48,4,1,3,413
21593,Individual,84,1,1155.48,4,1,3,413
21606,Individual,84,1,1155.48,4,1,3,413
25573,Individual,87,1,1155.48,4,1,3,413
21797,Individual,87,1,1155.48,4,1,3,413
21615,Individual,86,1,1155.48,4,1,3,413
21709,Individual,87,1,1155.48,4,1,3,413
21047,Individual,87,1,1155.48,4,1,3,413
21808,Individual,89,1,1155.48,4,1,3,413
28556,Individual,97,1,1155.48,4,1,3,413
21587,Individual,93,1,1155.48,4,1,3,413
21042,Individual,92,1,1155.48,4,1,3,413
28701,Individual,91,1,1155.48,4,1,3,413
21504,Individual,105,1,1155.48,4,1,3,413
24705,Individual,103,1,1155.48,4,1,3,413
20878,Individual,102,1,1155.48,4,1,3,413
24199,Individual,100,1,1155.48,4,1,3,413
24689,Individual,99,1,1155.48,4,1,3,413
21417,Individual,100,1,1155.48,4,1,3,413
21416,Individual,100,1,1155.48,4,1,3,413
25454,Individual,113,1,1155.48,4,1,3,413
21584,Individual,114,1,1155.48,4,1,3,413
24112,Individual,109,1,1155.48,4,1,3,413
21478,Individual,108,1,1155.48,4,1,3,413
29462,Individual,121,1,854.82,4,1,3,413
15283,Individual,111,1,865.95,4,1,3,413
27808,Individual,77,1,866.31,4,1,3,413
14911,Individual,102,1,867.97,4,1,3,413
22519,Individual,90,1,921.77,4,1,3,413
28688,Individual,120,1,901.35,4,1,3,413
24712,Individual,88,1,1120.49,4,1,3,413
25488,Individual,84,1,1120.49,4,1,3,413
21922,Individual,84,1,1120.49,4,1,3,413
24200,Individual,93,1,1120.49,4,1,3,413
21586,Individual,98,1,1120.49,4,1,3,413
21330,Individual,104,1,1120.49,4,1,3,413
21282,Individual,112,1,1120.49,4,1,3,413
21484,Individual,112,1,1120.49,4,1,3,413
25308,Individual,116,1,1120.49,4,1,3,413
20767,Individual,126,1,1120.49,4,1,3,413
21051,Individual,77,1,1120.49,4,1,3,413
21807,Individual,77,1,1120.49,4,1,3,413
21598,Individual,76,1,1120.49,4,1,3,413
21607,Individual,78,1,1120.49,4,1,3,413
25553,Individual,83,1,1120.49,4,1,3,413
15291,Individual,75,1,889.47,4,1,3,413
27586,Individual,74,1,1120.49,4,1,3,413
21482,Individual,122,1,1129.48,4,1,3,413
21281,Individual,93,1,1129.48,4,1,3,413
28555,Individual,122,1,1134.47,4,1,3,413
23260,Individual,98,1,93.46,4,1,3,413
12565,Individual,116,1,93.46,4,1,3,413
26256,Individual,112,1,93.46,4,1,3,413
26733,Individual,99,1,93.46,4,1,3,413
26046,Individual,117,1,93.48,4,1,3,413
14384,Individual,115,1,93.97,4,1,3,413
15814,Individual,111,1,93.97,4,1,3,413
24041,Individual,91,1,93.97,4,1,3,413
23705,Individual,74,1,94.46,4,1,3,413
22762,Individual,123,1,94.46,4,1,3,413
27436,Individual,74,1,94.48,4,1,3,413
13673,Individual,73,1,94.48,4,1,3,413
20025,Individual,80,1,94.48,4,1,3,413
20288,Individual,81,1,94.48,4,1,3,413
20272,Individual,127,1,94.48,4,1,3,413
21736,Individual,74,1,94.97,4,1,3,413
20383,Individual,95,1,94.48,4,1,3,413
19767,Individual,114,1,94.48,4,1,3,413
19742,Individual,100,1,94.48,4,1,3,413
25153,Individual,119,1,96.07,4,1,3,413
25277,Individual,106,1,96.07,4,1,3,413
25201,Individual,100,1,96.07,4,1,3,413
14395,Individual,104,1,96.46,4,1,3,413
12888,Individual,108,1,96.46,4,1,3,413
17100,Individual,128,1,95.94,4,1,3,413
25438,Individual,105,1,95.57,4,1,3,413
14197,Individual,113,1,107.08,4,1,3,413
13409,Individual,99,1,108.95,4,1,3,413
13463,Individual,77,1,106.96,4,1,3,413
12718,Individual,78,1,103.96,4,1,3,413
21964,Individual,129,1,103.49,4,1,3,413
14663,Individual,74,1,104.95,4,1,3,413
27999,Individual,80,1,102.96,4,1,3,413
19379,Individual,104,1,103.46,4,1,3,413
24765,Individual,115,1,99.57,4,1,3,413
15174,Individual,128,1,99.90,4,1,3,413
21719,Individual,90,1,99.96,4,1,3,413
21499,Individual,87,1,99.96,4,1,3,413
20927,Individual,80,1,101.94,4,1,3,413
26178,Individual,109,1,101.95,4,1,3,413
16236,Individual,126,1,98.96,4,1,3,413
21965,Individual,73,1,99.47,4,1,3,413
12426,Individual,85,1,99.47,4,1,3,413
29370,Individual,120,1,97.96,4,1,3,413
22773,Individual,92,1,215.96,4,1,3,413
23715,Individual,73,1,539.99,4,1,3,413
27985,Individual,73,1,539.99,4,1,3,413
29313,Individual,83,1,539.99,4,1,3,413
28427,Individual,79,1,539.99,4,1,3,413
23484,Individual,80,1,539.99,4,1,3,413
27162,Individual,79,1,539.99,4,1,3,413
23850,Individual,78,1,539.99,4,1,3,413
27896,Individual,94,1,539.99,4,1,3,413
23680,Individual,98,1,539.99,4,1,3,413
24155,Individual,98,1,539.99,4,1,3,413
24717,Individual,95,1,539.99,4,1,3,413
27130,Individual,95,1,539.99,4,1,3,413
19889,Individual,97,1,539.99,4,1,3,413
23506,Individual,85,1,539.99,4,1,3,413
23706,Individual,90,1,539.99,4,1,3,413
23874,Individual,91,1,539.99,4,1,3,413
27983,Individual,90,1,539.99,4,1,3,413
19994,Individual,89,1,539.99,4,1,3,413
25508,Individual,87,1,539.99,4,1,3,413
23851,Individual,88,1,539.99,4,1,3,413
28371,Individual,110,1,539.99,4,1,3,413
24191,Individual,111,1,539.99,4,1,3,413
23359,Individual,112,1,539.99,4,1,3,413
17125,Individual,113,1,539.99,4,1,3,413
24121,Individual,101,1,539.99,4,1,3,413
27906,Individual,100,1,539.99,4,1,3,413
19204,Individual,106,1,539.99,4,1,3,413
19769,Individual,106,1,539.99,4,1,3,413
27974,Individual,74,1,553.97,4,1,3,413
25459,Individual,73,1,553.97,4,1,3,413
25460,Individual,75,1,553.97,4,1,3,413
27977,Individual,81,1,553.97,4,1,3,413
23909,Individual,78,1,548.98,4,1,3,413
23828,Individual,78,1,548.98,4,1,3,413
19990,Individual,79,1,548.98,4,1,3,413
25486,Individual,79,1,548.98,4,1,3,413
23990,Individual,82,1,548.98,4,1,3,413
23746,Individual,121,1,539.99,4,1,3,413
23167,Individual,129,1,539.99,4,1,3,413
23515,Individual,131,1,539.99,4,1,3,413
23384,Individual,130,1,548.98,4,1,3,413
29099,Individual,129,1,548.98,4,1,3,413
23520,Individual,128,1,548.98,4,1,3,413
23386,Individual,128,1,548.98,4,1,3,413
23186,Individual,123,1,548.98,4,1,3,413
22689,Individual,106,1,548.98,4,1,3,413
24127,Individual,106,1,548.98,4,1,3,413
27894,Individual,103,1,548.98,4,1,3,413
23444,Individual,115,1,548.98,4,1,3,413
27909,Individual,111,1,548.98,4,1,3,413
20080,Individual,88,1,548.98,4,1,3,413
23860,Individual,85,1,548.98,4,1,3,413
29299,Individual,84,1,548.98,4,1,3,413
16109,Individual,96,1,548.98,4,1,3,413
23811,Individual,96,1,548.98,4,1,3,413
19883,Individual,98,1,548.98,4,1,3,413
29298,Individual,97,1,548.98,4,1,3,413
28072,Individual,92,1,548.98,4,1,3,413
23991,Individual,92,1,548.98,4,1,3,413
23342,Individual,113,1,556.26,4,1,3,413
16137,Individual,81,1,554.97,4,1,3,413
16093,Individual,123,1,554.97,4,1,3,413
19854,Individual,120,1,554.97,4,1,3,413
28399,Individual,92,1,553.97,4,1,3,413
29294,Individual,93,1,553.97,4,1,3,413
23818,Individual,115,1,553.97,4,1,3,413
19206,Individual,112,1,553.97,4,1,3,413
23210,Individual,99,1,553.97,4,1,3,413
23560,Individual,99,1,553.97,4,1,3,413
23340,Individual,120,1,553.97,4,1,3,413
23683,Individual,120,1,553.97,4,1,3,413
29181,Individual,128,1,553.97,4,1,3,413
24046,Individual,127,1,553.97,4,1,3,413
23403,Individual,130,1,553.97,4,1,3,413
27710,Individual,111,1,563.77,4,1,3,413
24022,Individual,75,1,561.48,4,1,3,413
23377,Individual,100,1,556.93,4,1,3,413
23834,Individual,81,1,561.92,4,1,3,413
23373,Individual,129,1,561.48,4,1,3,413
23407,Individual,102,1,561.48,4,1,3,413
23341,Individual,113,1,561.48,4,1,3,413
23848,Individual,89,1,561.48,4,1,3,413
24716,Individual,122,1,561.92,4,1,3,413
24690,Individual,98,1,609.45,4,1,3,413
25449,Individual,92,1,608.96,4,1,3,413
19869,Individual,109,1,608.96,4,1,3,413
23807,Individual,95,1,607.96,4,1,3,413
28372,Individual,94,1,607.96,4,1,3,413
18917,Individual,131,1,607.96,4,1,3,413
24036,Individual,131,1,607.96,4,1,3,413
23845,Individual,74,1,607.96,4,1,3,413
23505,Individual,89,1,616.95,4,1,3,413
20910,Individual,126,1,613.95,4,1,3,413
24205,Individual,119,1,615.47,4,1,3,413
23742,Individual,114,1,615.47,4,1,3,413
23835,Individual,84,1,603.96,4,1,3,413
20911,Individual,78,1,611.96,4,1,3,413
23391,Individual,130,1,613.45,4,1,3,413
29297,Individual,112,1,613.45,4,1,3,413
23723,Individual,117,1,628.45,4,1,3,413
23582,Individual,121,1,628.97,4,1,3,413
16127,Individual,107,1,618.47,4,1,3,413
27711,Individual,121,1,617.47,4,1,3,413
28436,Individual,90,1,617.47,4,1,3,413
23213,Individual,99,1,617.47,4,1,3,413
23214,Individual,102,1,628.97,4,1,3,413
25522,Individual,89,1,628.97,4,1,3,413
28370,Individual,114,1,638.95,4,1,3,413
23185,Individual,127,1,638.95,4,1,3,413
23821,Individual,73,1,638.95,4,1,3,413
23404,Individual,131,1,624.97,4,1,3,413
21019,Individual,90,1,629.96,4,1,3,413
16123,Individual,85,1,629.97,4,1,3,413
16150,Individual,79,1,629.97,4,1,3,413
23453,Individual,112,1,632.45,4,1,3,413
20077,Individual,89,1,633.45,4,1,3,413
16108,Individual,102,1,633.96,4,1,3,413
19841,Individual,131,1,604.46,4,1,3,413
16090,Individual,106,1,604.96,4,1,3,413
25548,Individual,78,1,603.49,4,1,3,413
24024,Individual,124,1,603.49,4,1,3,413
27885,Individual,123,1,603.49,4,1,3,413
23146,Individual,128,1,603.49,4,1,3,413
23856,Individual,89,1,603.49,4,1,3,413
27982,Individual,88,1,603.49,4,1,3,413
27131,Individual,100,1,603.49,4,1,3,413
23857,Individual,76,1,600.46,4,1,3,413
27186,Individual,81,1,600.46,4,1,3,413
23849,Individual,81,1,600.46,4,1,3,413
23474,Individual,115,1,600.46,4,1,3,413
28367,Individual,111,1,600.46,4,1,3,413
23471,Individual,103,1,600.46,4,1,3,413
28386,Individual,87,1,600.46,4,1,3,413
23704,Individual,120,1,600.46,4,1,3,413
27719,Individual,116,1,599.47,4,1,3,413
23138,Individual,129,1,599.47,4,1,3,413
23516,Individual,125,1,599.47,4,1,3,413
19991,Individual,75,1,596.96,4,1,3,413
23227,Individual,121,1,597.95,4,1,3,413
24204,Individual,98,1,597.95,4,1,3,413
23231,Individual,112,1,597.95,4,1,3,413
19815,Individual,129,1,597.26,4,1,3,413
19982,Individual,79,1,589.96,4,1,3,413
19837,Individual,131,1,589.98,4,1,3,413
23701,Individual,122,1,588.96,4,1,3,413
16141,Individual,91,1,589.96,4,1,3,413
23724,Individual,73,1,588.96,4,1,3,413
23853,Individual,73,1,588.96,4,1,3,413
27185,Individual,82,1,588.96,4,1,3,413
23852,Individual,77,1,588.96,4,1,3,413
23492,Individual,76,1,588.96,4,1,3,413
23854,Individual,80,1,583.97,4,1,3,413
23899,Individual,94,1,574.46,4,1,3,413
19209,Individual,97,1,574.98,4,1,3,413
19803,Individual,97,1,574.98,4,1,3,413
23584,Individual,85,1,574.98,4,1,3,413
27762,Individual,84,1,574.98,4,1,3,413
23507,Individual,90,1,574.98,4,1,3,413
23319,Individual,109,1,574.98,4,1,3,413
22712,Individual,101,1,574.98,4,1,3,413
25450,Individual,75,1,567.76,4,1,3,413
27634,Individual,75,1,567.76,4,1,3,413
16122,Individual,115,1,569.97,4,1,3,413
23454,Individual,117,1,567.76,4,1,3,413
28375,Individual,87,1,567.76,4,1,3,413
23568,Individual,96,1,567.76,4,1,3,413
23781,Individual,106,1,567.76,4,1,3,413
23462,Individual,103,1,567.76,4,1,3,413
23718,Individual,103,1,567.76,4,1,3,413
23744,Individual,100,1,567.76,4,1,3,413
23733,Individual,113,1,567.76,4,1,3,413
27175,Individual,74,1,565.47,4,1,3,413
16129,Individual,78,1,564.99,4,1,3,413
23585,Individual,87,1,565.47,4,1,3,413
25528,Individual,78,1,565.47,4,1,3,413
25455,Individual,77,1,565.47,4,1,3,413
19843,Individual,116,1,564.99,4,1,3,413
19821,Individual,127,1,564.99,4,1,3,413
16138,Individual,85,1,564.99,4,1,3,413
28424,Individual,77,1,564.48,4,1,3,413
23375,Individual,98,1,564.48,4,1,3,413
23668,Individual,107,1,564.48,4,1,3,413
23813,Individual,105,1,564.48,4,1,3,413
29291,Individual,122,1,564.48,4,1,3,413
24099,Individual,121,1,563.77,4,1,3,413
23370,Individual,122,1,563.77,4,1,3,413
23816,Individual,120,1,563.77,4,1,3,413
24182,Individual,120,1,562.96,4,1,3,413
23159,Individual,127,1,562.96,4,1,3,413
23726,Individual,96,1,562.96,4,1,3,413
23586,Individual,81,1,562.96,4,1,3,413
16102,Individual,131,1,563.96,4,1,3,413
16142,Individual,84,1,563.96,4,1,3,413
27722,Individual,113,1,564.21,4,1,3,413
27597,Individual,123,1,564.21,4,1,3,413
19842,Individual,93,1,564.26,4,1,3,413
23837,Individual,73,1,574.98,4,1,3,413
23739,Individual,91,1,573.42,4,1,3,413
28153,Individual,87,1,570.47,4,1,3,413
27009,Individual,117,1,574.98,4,1,3,413
24698,Individual,117,1,574.98,4,1,3,413
23463,Individual,116,1,574.98,4,1,3,413
23901,Individual,120,1,574.98,4,1,3,413
20069,Individual,120,1,574.98,4,1,3,413
23222,Individual,122,1,574.98,4,1,3,413
22651,Individual,129,1,574.98,4,1,3,413
24033,Individual,128,1,574.98,4,1,3,413
22663,Individual,127,1,574.98,4,1,3,413
22649,Individual,131,1,588.96,4,1,3,413
23479,Individual,107,1,588.96,4,1,3,413
23721,Individual,104,1,588.96,4,1,3,413
20074,Individual,105,1,588.96,4,1,3,413
23478,Individual,114,1,588.96,4,1,3,413
23374,Individual,109,1,588.96,4,1,3,413
28425,Individual,89,1,588.96,4,1,3,413
29187,Individual,98,1,588.96,4,1,3,413
23778,Individual,98,1,588.96,4,1,3,413
24023,Individual,92,1,588.96,4,1,3,413
23708,Individual,77,1,574.98,4,1,3,413
25550,Individual,80,1,574.98,4,1,3,413
16126,Individual,122,1,579.97,4,1,3,413
16135,Individual,86,1,579.97,4,1,3,413
24214,Individual,112,1,583.97,4,1,3,413
23211,Individual,108,1,583.97,4,1,3,413
25504,Individual,80,1,578.46,4,1,3,413
23509,Individual,89,1,575.71,4,1,3,413
27907,Individual,97,1,578.46,4,1,3,413
24706,Individual,96,1,578.46,4,1,3,413
28366,Individual,109,1,578.46,4,1,3,413
27856,Individual,125,1,578.46,4,1,3,413
24620,Individual,94,1,195.59,4,1,3,413
24410,Individual,82,1,193.89,4,1,3,413
23671,Individual,125,1,193.98,4,1,3,413
26043,Individual,92,1,191.27,4,1,3,413
26203,Individual,100,1,188.98,4,1,3,413
29212,Individual,110,1,190.27,4,1,3,413
18023,Individual,120,1,187.98,4,1,3,413
22531,Individual,119,1,184.48,4,1,3,413
22377,Individual,108,1,184.48,4,1,3,413
26843,Individual,107,1,184.48,4,1,3,413
29257,Individual,102,1,165.28,4,1,3,413
14509,Individual,122,1,163.99,4,1,3,413
14905,Individual,132,1,163.99,4,1,3,413
25482,Individual,95,1,162.99,4,1,3,413
20935,Individual,79,1,162.99,4,1,3,413
16072,Individual,109,1,166.28,4,1,3,413
27721,Individual,98,1,166.28,4,1,3,413
13828,Individual,90,1,166.28,4,1,3,413
16131,Individual,85,1,166.28,4,1,3,413
24021,Individual,105,1,156.27,4,1,3,413
23147,Individual,76,1,157.27,4,1,3,413
24971,Individual,90,1,152.60,4,1,3,413
26086,Individual,100,1,149.98,4,1,3,413
19307,Individual,94,1,148.98,4,1,3,413
19115,Individual,84,1,148.47,4,1,3,413
22134,Individual,126,1,144.45,4,1,3,413
22075,Individual,124,1,144.45,4,1,3,413
19187,Individual,106,1,147.28,4,1,3,413
25357,Individual,113,1,147.28,4,1,3,413
28602,Individual,104,1,144.47,4,1,3,413
20363,Individual,79,1,144.47,4,1,3,413
22095,Individual,80,1,141.98,4,1,3,413
21461,Individual,91,1,141.98,4,1,3,413
13204,Individual,86,1,141.98,4,1,3,413
13930,Individual,93,1,140.47,4,1,3,413
21498,Individual,76,1,134.98,4,1,3,413
25166,Individual,126,1,134.56,4,1,3,413
18970,Individual,73,1,133.49,4,1,3,413
18810,Individual,81,1,133.49,4,1,3,413
20392,Individual,93,1,133.47,4,1,3,413
18861,Individual,111,1,133.49,4,1,3,413
19699,Individual,108,1,133.49,4,1,3,413
19145,Individual,131,1,133.49,4,1,3,413
24634,Individual,111,1,130.56,4,1,3,413
27403,Individual,74,1,132.97,4,1,3,413
20123,Individual,111,1,132.97,4,1,3,413
22296,Individual,94,1,132.95,4,1,3,413
26155,Individual,126,1,128.97,4,1,3,413
20742,Individual,116,1,128.97,4,1,3,413
27402,Individual,100,1,128.97,4,1,3,413
18784,Individual,106,1,128.97,4,1,3,413
20122,Individual,78,1,128.97,4,1,3,413
14548,Individual,89,1,124.99,4,1,3,413
17675,Individual,94,1,124.99,4,1,3,413
23279,Individual,93,1,124.99,4,1,3,413
24107,Individual,88,1,123.99,4,1,3,413
29243,Individual,96,1,122.95,4,1,3,413
19215,Individual,95,1,123.48,4,1,3,413
28550,Individual,79,1,123.98,4,1,3,413
13506,Individual,118,1,123.98,4,1,3,413
19228,Individual,131,1,123.98,4,1,3,413
26672,Individual,95,1,123.98,4,1,3,413
19819,Individual,97,1,123.98,4,1,3,413
19229,Individual,94,1,123.98,4,1,3,413
18994,Individual,84,1,123.98,4,1,3,413
27147,Individual,85,1,123.98,4,1,3,413
20338,Individual,100,1,123.98,4,1,3,413
26376,Individual,103,1,121.93,4,1,3,413
24508,Individual,105,1,121.57,4,1,3,413
18830,Individual,73,1,119.98,4,1,3,413
20311,Individual,73,1,119.98,4,1,3,413
28027,Individual,83,1,119.98,4,1,3,413
23062,Individual,108,1,119.96,4,1,3,413
22738,Individual,105,1,119.96,4,1,3,413
22813,Individual,94,1,119.96,4,1,3,413
20203,Individual,129,1,119.98,4,1,3,413
20351,Individual,131,1,119.98,4,1,3,413
18765,Individual,119,1,119.98,4,1,3,413
18588,Individual,118,1,119.98,4,1,3,413
19734,Individual,94,1,119.98,4,1,3,413
19868,Individual,94,1,119.98,4,1,3,413
18995,Individual,97,1,119.98,4,1,3,413
27725,Individual,97,1,119.98,4,1,3,413
20292,Individual,91,1,119.98,4,1,3,413
28121,Individual,84,1,119.98,4,1,3,413
28476,Individual,86,1,119.98,4,1,3,413
18690,Individual,104,1,119.98,4,1,3,413
19235,Individual,107,1,119.98,4,1,3,413
29351,Individual,110,1,119.98,4,1,3,413
19853,Individual,110,1,119.98,4,1,3,413
20022,Individual,114,1,119.98,4,1,3,413
12862,Individual,115,1,117.58,4,1,3,413
14837,Individual,73,1,116.95,4,1,3,413
23247,Individual,79,1,110.95,4,1,3,413
23550,Individual,91,1,111.95,4,1,3,413
28272,Individual,78,1,111.95,4,1,3,413
12432,Individual,95,1,91.97,4,1,2,412
24843,Individual,130,1,88.98,4,1,2,412
14466,Individual,108,1,90.47,4,1,2,412
12924,Individual,89,1,90.95,4,1,2,412
16843,Individual,94,1,89.97,4,1,2,412
15741,Individual,101,1,89.97,4,1,2,412
18184,Individual,105,1,89.97,4,1,2,412
13683,Individual,108,1,89.97,4,1,2,412
24721,Individual,132,1,89.97,4,1,2,412
25621,Individual,122,1,89.97,4,1,2,412
12425,Individual,73,1,89.98,4,1,2,412
15988,Individual,95,1,89.91,4,1,2,412
13837,Individual,78,1,89.97,4,1,2,412
23487,Individual,79,1,89.97,4,1,2,412
20900,Individual,125,1,78.96,4,1,2,412
20881,Individual,117,1,78.96,4,1,2,412
22979,Individual,84,1,78.96,4,1,2,412
21116,Individual,93,1,78.96,4,1,2,412
23625,Individual,104,1,78.96,4,1,2,412
23517,Individual,101,1,78.96,4,1,2,412
18872,Individual,101,1,78.98,4,1,2,412
20112,Individual,101,1,78.98,4,1,2,412
19754,Individual,100,1,78.98,4,1,2,412
19741,Individual,105,1,78.98,4,1,2,412
18575,Individual,106,1,78.98,4,1,2,412
27378,Individual,107,1,78.98,4,1,2,412
19685,Individual,107,1,78.98,4,1,2,412
19799,Individual,115,1,78.98,4,1,2,412
28743,Individual,114,1,78.98,4,1,2,412
20342,Individual,114,1,78.98,4,1,2,412
18585,Individual,94,1,78.98,4,1,2,412
20743,Individual,91,1,78.98,4,1,2,412
29012,Individual,98,1,78.98,4,1,2,412
29104,Individual,84,1,78.98,4,1,2,412
20325,Individual,90,1,78.98,4,1,2,412
20027,Individual,88,1,78.98,4,1,2,412
18913,Individual,116,1,78.98,4,1,2,412
20020,Individual,117,1,78.98,4,1,2,412
26149,Individual,117,1,78.98,4,1,2,412
20355,Individual,119,1,78.98,4,1,2,412
19649,Individual,126,1,78.98,4,1,2,412
26756,Individual,129,1,78.98,4,1,2,412
18576,Individual,74,1,78.98,4,1,2,412
18940,Individual,83,1,78.98,4,1,2,412
26766,Individual,77,1,78.98,4,1,2,412
19810,Individual,79,1,78.98,4,1,2,412
28608,Individual,78,1,78.98,4,1,2,412
29197,Individual,78,1,78.98,4,1,2,412
20704,Individual,120,1,77.96,4,1,2,412
23749,Individual,132,1,77.96,4,1,2,412
25808,Individual,132,1,77.96,4,1,2,412
24076,Individual,113,1,77.96,4,1,2,412
20414,Individual,110,1,78.48,4,1,2,412
11376,Individual,106,1,78.48,4,1,2,412
20397,Individual,105,1,78.48,4,1,2,412
13587,Individual,93,1,78.48,4,1,2,412
21420,Individual,91,1,78.48,4,1,2,412
22985,Individual,120,1,81.45,4,1,2,412
25264,Individual,99,1,80.57,4,1,2,412
26780,Individual,119,1,79.47,4,1,2,412
25211,Individual,100,1,79.47,4,1,2,412
27738,Individual,131,1,78.98,4,1,2,412
21732,Individual,107,1,83.47,4,1,2,412
13272,Individual,92,1,81.46,4,1,2,412
13244,Individual,111,1,81.46,4,1,2,412
15714,Individual,112,1,83.97,4,1,2,412
16423,Individual,120,1,83.97,4,1,2,412
22102,Individual,115,1,84.97,4,1,2,412
28048,Individual,90,1,84.47,4,1,2,412
19066,Individual,120,1,84.96,4,1,2,412
13386,Individual,119,1,84.96,4,1,2,412
13207,Individual,115,1,85.48,4,1,2,412
20479,Individual,109,1,85.48,4,1,2,412
14844,Individual,106,1,85.48,4,1,2,412
13991,Individual,88,1,85.48,4,1,2,412
13218,Individual,88,1,85.48,4,1,2,412
14360,Individual,97,1,85.48,4,1,2,412
14269,Individual,128,1,85.48,4,1,2,412
19554,Individual,127,1,86.95,4,1,2,412
13294,Individual,115,1,86.95,4,1,2,412
12224,Individual,75,1,84.98,4,1,2,412
27620,Individual,129,1,88.97,4,1,2,412
26732,Individual,131,1,88.97,4,1,2,412
23950,Individual,131,1,88.97,4,1,2,412
29246,Individual,121,1,88.46,4,1,2,412
20897,Individual,101,1,88.97,4,1,2,412
26036,Individual,86,1,88.98,4,1,2,412
24407,Individual,77,1,71.58,4,1,2,412
24448,Individual,116,1,71.58,4,1,2,412
25274,Individual,119,1,71.58,4,1,2,412
25373,Individual,128,1,71.58,4,1,2,412
25179,Individual,126,1,71.58,4,1,2,412
25159,Individual,127,1,71.58,4,1,2,412
25431,Individual,87,1,71.58,4,1,2,412
27889,Individual,96,1,71.58,4,1,2,412
25424,Individual,92,1,71.58,4,1,2,412
13608,Individual,109,1,71.58,4,1,2,412
24264,Individual,108,1,71.58,4,1,2,412
24288,Individual,115,1,71.58,4,1,2,412
23800,Individual,115,1,71.58,4,1,2,412
24954,Individual,114,1,71.58,4,1,2,412
24426,Individual,100,1,71.58,4,1,2,412
18892,Individual,75,1,69.99,4,1,2,412
20333,Individual,75,1,69.99,4,1,2,412
18660,Individual,74,1,69.99,4,1,2,412
21381,Individual,77,1,69.99,4,1,2,412
20362,Individual,79,1,69.99,4,1,2,412
19665,Individual,82,1,69.99,4,1,2,412
19398,Individual,81,1,69.99,4,1,2,412
21145,Individual,90,1,69.97,4,1,2,412
29119,Individual,90,1,69.97,4,1,2,412
23194,Individual,85,1,69.97,4,1,2,412
23203,Individual,97,1,69.97,4,1,2,412
21025,Individual,95,1,69.97,4,1,2,412
23053,Individual,93,1,69.97,4,1,2,412
23495,Individual,109,1,69.97,4,1,2,412
22763,Individual,112,1,69.97,4,1,2,412
22084,Individual,113,1,69.97,4,1,2,412
14864,Individual,113,1,69.97,4,1,2,412
28941,Individual,99,1,69.97,4,1,2,412
20972,Individual,105,1,69.97,4,1,2,412
18587,Individual,104,1,69.99,4,1,2,412
20008,Individual,104,1,69.99,4,1,2,412
12743,Individual,104,1,69.99,4,1,2,412
26590,Individual,104,1,69.99,4,1,2,412
18880,Individual,107,1,69.99,4,1,2,412
18771,Individual,99,1,69.99,4,1,2,412
18938,Individual,103,1,69.99,4,1,2,412
27282,Individual,113,1,69.99,4,1,2,412
20305,Individual,115,1,69.99,4,1,2,412
20752,Individual,110,1,69.99,4,1,2,412
20113,Individual,94,1,69.99,4,1,2,412
27345,Individual,94,1,69.99,4,1,2,412
18579,Individual,93,1,69.99,4,1,2,412
19755,Individual,95,1,69.99,4,1,2,412
20329,Individual,98,1,69.99,4,1,2,412
18879,Individual,85,1,69.99,4,1,2,412
19017,Individual,85,1,69.99,4,1,2,412
20381,Individual,91,1,69.99,4,1,2,412
21383,Individual,90,1,69.99,4,1,2,412
28567,Individual,90,1,69.99,4,1,2,412
19540,Individual,89,1,69.99,4,1,2,412
18988,Individual,89,1,69.99,4,1,2,412
19634,Individual,132,1,69.99,4,1,2,412
27361,Individual,132,1,69.99,4,1,2,412
18815,Individual,131,1,69.99,4,1,2,412
18682,Individual,125,1,69.99,4,1,2,412
20335,Individual,128,1,69.99,4,1,2,412
20010,Individual,128,1,69.99,4,1,2,412
26430,Individual,129,1,69.99,4,1,2,412
19126,Individual,125,1,69.99,4,1,2,412
27724,Individual,125,1,69.99,4,1,2,412
18886,Individual,125,1,69.99,4,1,2,412
26157,Individual,124,1,69.99,4,1,2,412
19551,Individual,124,1,69.99,4,1,2,412
19866,Individual,123,1,69.99,4,1,2,412
19151,Individual,123,1,69.99,4,1,2,412
26770,Individual,118,1,69.99,4,1,2,412
20396,Individual,119,1,69.99,4,1,2,412
26742,Individual,119,1,69.99,4,1,2,412
19022,Individual,120,1,69.99,4,1,2,412
19846,Individual,118,1,69.99,4,1,2,412
20119,Individual,117,1,69.99,4,1,2,412
26671,Individual,116,1,69.99,4,1,2,412
23812,Individual,119,1,69.97,4,1,2,412
21198,Individual,120,1,69.97,4,1,2,412
20849,Individual,118,1,69.97,4,1,2,412
22723,Individual,122,1,69.97,4,1,2,412
21457,Individual,124,1,69.97,4,1,2,412
23240,Individual,125,1,69.97,4,1,2,412
23514,Individual,125,1,69.97,4,1,2,412
22793,Individual,127,1,69.97,4,1,2,412
23782,Individual,126,1,69.97,4,1,2,412
24545,Individual,125,1,69.97,4,1,2,412
15736,Individual,83,1,76.94,4,1,2,412
13699,Individual,106,1,75.97,4,1,2,412
13445,Individual,76,1,75.97,4,1,2,412
21981,Individual,80,1,75.97,4,1,2,412
13681,Individual,120,1,74.98,4,1,2,412
12019,Individual,126,1,74.98,4,1,2,412
13168,Individual,125,1,74.98,4,1,2,412
21204,Individual,129,1,74.98,4,1,2,412
20619,Individual,85,1,74.98,4,1,2,412
16578,Individual,85,1,74.98,4,1,2,412
13723,Individual,89,1,74.98,4,1,2,412
21898,Individual,88,1,74.98,4,1,2,412
20630,Individual,89,1,74.98,4,1,2,412
12407,Individual,95,1,74.98,4,1,2,412
12428,Individual,95,1,74.98,4,1,2,412
19672,Individual,99,1,74.98,4,1,2,412
21884,Individual,115,1,74.98,4,1,2,412
21170,Individual,111,1,74.98,4,1,2,412
27395,Individual,118,1,75.47,4,1,2,412
26879,Individual,105,1,75.48,4,1,2,412
24861,Individual,93,1,75.48,4,1,2,412
21870,Individual,76,1,72.96,4,1,2,412
23327,Individual,118,1,73.96,4,1,2,412
17636,Individual,117,1,73.96,4,1,2,412
17961,Individual,86,1,73.96,4,1,2,412
23256,Individual,131,1,74.46,4,1,2,412
12393,Individual,124,1,74.48,4,1,2,412
17106,Individual,118,1,72.96,4,1,2,412
24679,Individual,73,1,71.58,4,1,2,412
12909,Individual,103,1,71.97,4,1,2,412
13368,Individual,95,1,71.97,4,1,2,412
14251,Individual,84,1,71.97,4,1,2,412
20300,Individual,126,1,71.97,4,1,2,412
21213,Individual,95,1,64.26,4,1,2,412
23010,Individual,91,1,64.47,4,1,2,412
17349,Individual,104,1,64.47,4,1,2,412
22956,Individual,101,1,64.47,4,1,2,412
27215,Individual,100,1,64.47,4,1,2,412
16152,Individual,101,1,64.47,4,1,2,412
15539,Individual,108,1,64.47,4,1,2,412
17448,Individual,126,1,64.47,4,1,2,412
14405,Individual,130,1,64.47,4,1,2,412
16336,Individual,120,1,64.47,4,1,2,412
17955,Individual,76,1,63.97,4,1,2,412
20800,Individual,76,1,63.97,4,1,2,412
14815,Individual,76,1,63.97,4,1,2,412
29227,Individual,78,1,63.97,4,1,2,412
29077,Individual,83,1,63.97,4,1,2,412
16283,Individual,118,1,63.97,4,1,2,412
29022,Individual,121,1,63.97,4,1,2,412
18062,Individual,129,1,63.97,4,1,2,412
21829,Individual,109,1,63.97,4,1,2,412
15628,Individual,104,1,63.97,4,1,2,412
28609,Individual,105,1,63.97,4,1,2,412
29233,Individual,98,1,63.97,4,1,2,412
19445,Individual,94,1,63.97,4,1,2,412
28970,Individual,85,1,63.97,4,1,2,412
28965,Individual,85,1,63.97,4,1,2,412
18455,Individual,74,1,64.47,4,1,2,412
15248,Individual,81,1,64.47,4,1,2,412
29031,Individual,80,1,64.47,4,1,2,412
25293,Individual,124,1,67.59,4,1,2,412
24220,Individual,128,1,67.93,4,1,2,412
20101,Individual,77,1,67.93,4,1,2,412
14488,Individual,112,1,67.93,4,1,2,412
24975,Individual,103,1,67.93,4,1,2,412
18076,Individual,92,1,67.93,4,1,2,412
28052,Individual,86,1,67.93,4,1,2,412
20918,Individual,128,1,67.49,4,1,2,412
22551,Individual,92,1,67.49,4,1,2,412
27168,Individual,103,1,67.49,4,1,2,412
26906,Individual,111,1,67.49,4,1,2,412
26497,Individual,121,1,64.97,4,1,2,412
17887,Individual,131,1,64.97,4,1,2,412
24749,Individual,127,1,64.97,4,1,2,412
26087,Individual,110,1,64.97,4,1,2,412
20557,Individual,115,1,64.97,4,1,2,412
17090,Individual,106,1,64.97,4,1,2,412
26109,Individual,99,1,64.97,4,1,2,412
23250,Individual,127,1,64.98,4,1,2,412
23349,Individual,124,1,65.95,4,1,2,412
15286,Individual,79,1,68.49,4,1,2,412
23948,Individual,75,1,68.49,4,1,2,412
18082,Individual,82,1,67.97,4,1,2,412
23595,Individual,92,1,67.97,4,1,2,412
17435,Individual,114,1,67.97,4,1,2,412
28348,Individual,129,1,68.49,4,1,2,412
25125,Individual,126,1,68.49,4,1,2,412
20098,Individual,102,1,68.49,4,1,2,412
17394,Individual,100,1,68.49,4,1,2,412
17466,Individual,105,1,68.49,4,1,2,412
22696,Individual,75,1,68.97,4,1,2,412
21286,Individual,75,1,68.97,4,1,2,412
12663,Individual,73,1,68.97,4,1,2,412
11389,Individual,73,1,68.97,4,1,2,412
26943,Individual,106,1,68.97,4,1,2,412
24012,Individual,107,1,68.97,4,1,2,412
24719,Individual,101,1,68.97,4,1,2,412
23754,Individual,100,1,68.97,4,1,2,412
24075,Individual,100,1,68.97,4,1,2,412
27579,Individual,103,1,68.97,4,1,2,412
27310,Individual,103,1,68.97,4,1,2,412
26715,Individual,112,1,68.97,4,1,2,412
20538,Individual,110,1,68.97,4,1,2,412
26709,Individual,111,1,68.97,4,1,2,412
21316,Individual,108,1,68.97,4,1,2,412
27301,Individual,97,1,68.97,4,1,2,412
23972,Individual,96,1,68.97,4,1,2,412
27412,Individual,96,1,68.97,4,1,2,412
27015,Individual,86,1,68.97,4,1,2,412
23275,Individual,84,1,68.97,4,1,2,412
22661,Individual,90,1,68.97,4,1,2,412
26554,Individual,89,1,68.97,4,1,2,412
11386,Individual,88,1,68.97,4,1,2,412
23980,Individual,127,1,68.97,4,1,2,412
22342,Individual,120,1,68.97,4,1,2,412
20633,Individual,117,1,68.97,4,1,2,412
27238,Individual,76,1,68.97,4,1,2,412
26835,Individual,81,1,68.97,4,1,2,412
17180,Individual,80,1,68.97,4,1,2,412
24845,Individual,118,1,69.46,4,1,2,412
25013,Individual,80,1,69.97,4,1,2,412
22890,Individual,81,1,69.97,4,1,2,412
17643,Individual,83,1,69.97,4,1,2,412
17878,Individual,83,1,69.97,4,1,2,412
21535,Individual,77,1,69.97,4,1,2,412
21069,Individual,75,1,69.97,4,1,2,412
22326,Individual,84,1,40.23,4,1,2,412
20928,Individual,93,1,40.23,4,1,2,412
12028,Individual,125,1,39.99,4,1,2,412
14710,Individual,111,1,39.99,4,1,2,412
21997,Individual,87,1,39.99,4,1,2,412
29378,Individual,79,1,39.99,4,1,2,412
19509,Individual,88,1,43.97,4,1,2,412
27304,Individual,121,1,42.97,4,1,2,412
25696,Individual,123,1,42.97,4,1,2,412
25915,Individual,94,1,42.97,4,1,2,412
15698,Individual,79,1,42.28,4,1,2,412
21174,Individual,132,1,42.28,4,1,2,412
12408,Individual,121,1,42.28,4,1,2,412
22214,Individual,122,1,42.28,4,1,2,412
19674,Individual,120,1,42.28,4,1,2,412
13167,Individual,84,1,42.28,4,1,2,412
21224,Individual,113,1,42.28,4,1,2,412
27149,Individual,115,1,42.28,4,1,2,412
19391,Individual,127,1,42.93,4,1,2,412
14695,Individual,87,1,48.98,4,1,2,412
27805,Individual,79,1,48.97,4,1,2,412
11390,Individual,83,1,48.97,4,1,2,412
13826,Individual,84,1,48.97,4,1,2,412
26065,Individual,104,1,49.48,4,1,2,412
26523,Individual,103,1,49.48,4,1,2,412
26477,Individual,113,1,49.48,4,1,2,412
26501,Individual,117,1,49.48,4,1,2,412
20692,Individual,117,1,49.97,4,1,2,412
21760,Individual,116,1,49.97,4,1,2,412
11474,Individual,125,1,49.97,4,1,2,412
21729,Individual,125,1,49.97,4,1,2,412
11596,Individual,120,1,49.97,4,1,2,412
21744,Individual,122,1,49.97,4,1,2,412
13598,Individual,114,1,49.97,4,1,2,412
21415,Individual,110,1,49.97,4,1,2,412
21809,Individual,110,1,49.97,4,1,2,412
23262,Individual,108,1,49.97,4,1,2,412
21502,Individual,107,1,49.97,4,1,2,412
22337,Individual,107,1,49.97,4,1,2,412
26366,Individual,85,1,49.97,4,1,2,412
29296,Individual,85,1,49.97,4,1,2,412
22010,Individual,93,1,49.97,4,1,2,412
12389,Individual,77,1,49.99,4,1,2,412
23259,Individual,80,1,49.97,4,1,2,412
20770,Individual,80,1,49.97,4,1,2,412
22022,Individual,78,1,49.97,4,1,2,412
21763,Individual,76,1,49.97,4,1,2,412
23215,Individual,128,1,49.96,4,1,2,412
12734,Individual,129,1,49.97,4,1,2,412
20514,Individual,126,1,49.97,4,1,2,412
21634,Individual,132,1,49.97,4,1,2,412
20486,Individual,130,1,49.97,4,1,2,412
20771,Individual,82,1,46.47,4,1,2,412
23353,Individual,121,1,45.22,4,1,2,412
20932,Individual,78,1,47.97,4,1,2,412
26900,Individual,127,1,47.97,4,1,2,412
19488,Individual,104,1,47.97,4,1,2,412
28910,Individual,132,1,48.97,4,1,2,412
16279,Individual,124,1,48.97,4,1,2,412
22496,Individual,116,1,48.97,4,1,2,412
23537,Individual,78,1,59.98,4,1,2,412
18910,Individual,79,1,59.98,4,1,2,412
18410,Individual,121,1,58.98,4,1,2,412
22564,Individual,119,1,58.98,4,1,2,412
21007,Individual,118,1,58.98,4,1,2,412
21834,Individual,119,1,58.98,4,1,2,412
20081,Individual,106,1,58.98,4,1,2,412
19464,Individual,104,1,58.98,4,1,2,412
19444,Individual,109,1,58.98,4,1,2,412
27971,Individual,91,1,58.98,4,1,2,412
22476,Individual,78,1,58.98,4,1,2,412
17988,Individual,98,1,59.92,4,1,2,412
24682,Individual,97,1,59.98,4,1,2,412
21450,Individual,92,1,59.98,4,1,2,412
26464,Individual,93,1,59.98,4,1,2,412
28214,Individual,121,1,59.98,4,1,2,412
17438,Individual,123,1,59.98,4,1,2,412
24510,Individual,118,1,61.08,4,1,2,412
16825,Individual,73,1,61.45,4,1,2,412
15512,Individual,98,1,61.96,4,1,2,412
26213,Individual,77,1,62.98,4,1,2,412
29422,Individual,107,1,62.98,4,1,2,412
28335,Individual,114,1,62.98,4,1,2,412
26875,Individual,75,1,60.47,4,1,2,412
18741,Individual,73,1,60.47,4,1,2,412
27830,Individual,82,1,60.47,4,1,2,412
25268,Individual,130,1,60.47,4,1,2,412
25650,Individual,128,1,60.47,4,1,2,412
22419,Individual,127,1,60.47,4,1,2,412
27422,Individual,116,1,60.47,4,1,2,412
28469,Individual,95,1,60.47,4,1,2,412
26421,Individual,98,1,60.47,4,1,2,412
21664,Individual,87,1,60.47,4,1,2,412
21737,Individual,87,1,60.47,4,1,2,412
21094,Individual,85,1,60.47,4,1,2,412
28426,Individual,110,1,60.47,4,1,2,412
26378,Individual,100,1,60.47,4,1,2,412
26847,Individual,101,1,60.47,4,1,2,412
27922,Individual,102,1,60.47,4,1,2,412
25139,Individual,103,1,60.47,4,1,2,412
24453,Individual,102,1,60.47,4,1,2,412
15292,Individual,117,1,54.96,4,1,2,412
22744,Individual,121,1,54.21,4,1,2,412
29329,Individual,75,1,53.99,4,1,2,412
11476,Individual,89,1,53.99,4,1,2,412
26368,Individual,112,1,53.99,4,1,2,412
29419,Individual,114,1,53.99,4,1,2,412
29402,Individual,120,1,53.99,4,1,2,412
18536,Individual,82,1,54.98,4,1,2,412
17528,Individual,83,1,54.98,4,1,2,412
28912,Individual,119,1,54.98,4,1,2,412
27643,Individual,109,1,54.98,4,1,2,412
25196,Individual,84,1,54.98,4,1,2,412
26453,Individual,113,1,53.95,4,1,2,412
20898,Individual,101,1,51.97,4,1,2,412
12629,Individual,74,1,53.97,4,1,2,412
23946,Individual,101,1,53.98,4,1,2,412
20794,Individual,89,1,53.98,4,1,2,412
27804,Individual,126,1,53.98,4,1,2,412
24086,Individual,126,1,53.98,4,1,2,412
26239,Individual,81,1,51.96,4,1,2,412
12258,Individual,120,1,49.99,4,1,2,412
12469,Individual,132,1,49.99,4,1,2,412
16581,Individual,96,1,50.23,4,1,2,412
12396,Individual,106,1,49.99,4,1,2,412
26412,Individual,99,1,55.91,4,1,2,412
21295,Individual,82,1,56.97,4,1,2,412
13192,Individual,81,1,56.97,4,1,2,412
13392,Individual,81,1,56.97,4,1,2,412
13922,Individual,76,1,56.97,4,1,2,412
13459,Individual,79,1,56.97,4,1,2,412
26999,Individual,77,1,57.98,4,1,2,412
27115,Individual,87,1,58.47,4,1,2,412
26813,Individual,86,1,58.47,4,1,2,412
26413,Individual,99,1,58.47,4,1,2,412
26578,Individual,93,1,58.47,4,1,2,412
27456,Individual,106,1,58.47,4,1,2,412
26612,Individual,101,1,58.47,4,1,2,412
24638,Individual,86,1,57.09,4,1,2,412
28404,Individual,110,1,56.95,4,1,2,412
20240,Individual,105,1,56.96,4,1,2,412
23004,Individual,91,1,56.96,4,1,2,412
13194,Individual,132,1,56.97,4,1,2,412
13951,Individual,125,1,56.97,4,1,2,412
14248,Individual,127,1,56.97,4,1,2,412
14331,Individual,128,1,56.97,4,1,2,412
15279,Individual,119,1,56.97,4,1,2,412
19050,Individual,116,1,56.97,4,1,2,412
13921,Individual,117,1,56.97,4,1,2,412
22020,Individual,125,1,56.97,4,1,2,412
13223,Individual,96,1,56.97,4,1,2,412
14144,Individual,96,1,56.97,4,1,2,412
16604,Individual,96,1,56.97,4,1,2,412
13413,Individual,90,1,56.97,4,1,2,412
13332,Individual,104,1,56.97,4,1,2,412
14515,Individual,106,1,56.97,4,1,2,412
13188,Individual,109,1,56.97,4,1,2,412
13374,Individual,108,1,56.97,4,1,2,412
12910,Individual,115,1,56.97,4,1,2,412
13242,Individual,112,1,56.97,4,1,2,412
13196,Individual,113,1,56.97,4,1,2,412
20443,Individual,117,1,39.47,4,1,1,411
23006,Individual,91,1,39.47,4,1,1,411
14588,Individual,131,1,39.98,4,1,1,411
23317,Individual,131,1,39.98,4,1,1,411
23968,Individual,131,1,39.98,4,1,1,411
23459,Individual,131,1,39.98,4,1,1,411
15168,Individual,131,1,39.98,4,1,1,411
25236,Individual,128,1,39.98,4,1,1,411
24869,Individual,128,1,39.98,4,1,1,411
18778,Individual,129,1,39.98,4,1,1,411
14807,Individual,129,1,39.98,4,1,1,411
14573,Individual,125,1,39.98,4,1,1,411
16901,Individual,126,1,39.98,4,1,1,411
14637,Individual,127,1,39.98,4,1,1,411
19484,Individual,73,1,38.98,4,1,1,411
24519,Individual,115,1,38.88,4,1,1,411
24316,Individual,89,1,38.88,4,1,1,411
24983,Individual,91,1,38.88,4,1,1,411
24139,Individual,81,1,38.98,4,1,1,411
22659,Individual,81,1,38.98,4,1,1,411
17650,Individual,81,1,38.98,4,1,1,411
27925,Individual,77,1,38.98,4,1,1,411
24936,Individual,80,1,38.88,4,1,1,411
24564,Individual,119,1,38.98,4,1,1,411
20867,Individual,120,1,38.98,4,1,1,411
29161,Individual,92,1,38.98,4,1,1,411
23957,Individual,94,1,38.98,4,1,1,411
20971,Individual,88,1,38.98,4,1,1,411
20959,Individual,88,1,38.98,4,1,1,411
24532,Individual,87,1,38.98,4,1,1,411
24014,Individual,109,1,38.98,4,1,1,411
28883,Individual,108,1,38.98,4,1,1,411
25537,Individual,99,1,38.98,4,1,1,411
22806,Individual,106,1,38.98,4,1,1,411
26526,Individual,97,1,37.93,4,1,1,411
28975,Individual,84,1,37.97,4,1,1,411
16450,Individual,109,1,37.97,4,1,1,411
12831,Individual,75,1,39.98,4,1,1,411
27779,Individual,75,1,39.98,4,1,1,411
22453,Individual,74,1,39.98,4,1,1,411
14506,Individual,77,1,39.98,4,1,1,411
21109,Individual,79,1,39.98,4,1,1,411
17117,Individual,81,1,39.98,4,1,1,411
18340,Individual,82,1,39.98,4,1,1,411
26397,Individual,82,1,39.98,4,1,1,411
15335,Individual,82,1,39.98,4,1,1,411
27886,Individual,84,1,39.98,4,1,1,411
27849,Individual,83,1,39.98,4,1,1,411
23134,Individual,81,1,39.98,4,1,1,411
18662,Individual,81,1,39.98,4,1,1,411
14963,Individual,81,1,39.98,4,1,1,411
25515,Individual,81,1,39.98,4,1,1,411
14595,Individual,91,1,39.98,4,1,1,411
28576,Individual,92,1,39.98,4,1,1,411
23419,Individual,92,1,39.98,4,1,1,411
16367,Individual,93,1,39.98,4,1,1,411
24581,Individual,93,1,39.98,4,1,1,411
15977,Individual,93,1,39.98,4,1,1,411
14624,Individual,93,1,39.98,4,1,1,411
14489,Individual,94,1,39.98,4,1,1,411
22315,Individual,98,1,39.98,4,1,1,411
21803,Individual,95,1,39.98,4,1,1,411
17451,Individual,96,1,39.98,4,1,1,411
17665,Individual,87,1,39.98,4,1,1,411
14390,Individual,87,1,39.98,4,1,1,411
25873,Individual,87,1,39.98,4,1,1,411
23123,Individual,87,1,39.98,4,1,1,411
20083,Individual,86,1,39.98,4,1,1,411
17146,Individual,85,1,39.98,4,1,1,411
29231,Individual,84,1,39.98,4,1,1,411
25519,Individual,86,1,39.98,4,1,1,411
15936,Individual,89,1,39.98,4,1,1,411
16724,Individual,88,1,39.98,4,1,1,411
13796,Individual,89,1,39.98,4,1,1,411
15407,Individual,89,1,39.98,4,1,1,411
24647,Individual,89,1,39.98,4,1,1,411
28721,Individual,91,1,39.98,4,1,1,411
24144,Individual,107,1,39.98,4,1,1,411
27915,Individual,106,1,39.98,4,1,1,411
24603,Individual,105,1,39.98,4,1,1,411
14619,Individual,99,1,39.98,4,1,1,411
28349,Individual,100,1,39.98,4,1,1,411
17872,Individual,100,1,39.98,4,1,1,411
15401,Individual,102,1,39.98,4,1,1,411
26686,Individual,101,1,39.98,4,1,1,411
17679,Individual,102,1,39.98,4,1,1,411
16719,Individual,102,1,39.98,4,1,1,411
23426,Individual,108,1,39.98,4,1,1,411
28001,Individual,108,1,39.98,4,1,1,411
21276,Individual,109,1,39.98,4,1,1,411
25517,Individual,111,1,39.98,4,1,1,411
16485,Individual,109,1,39.98,4,1,1,411
27580,Individual,115,1,39.98,4,1,1,411
14693,Individual,115,1,39.98,4,1,1,411
23644,Individual,116,1,39.98,4,1,1,411
25227,Individual,113,1,39.98,4,1,1,411
19180,Individual,116,1,39.98,4,1,1,411
15563,Individual,116,1,39.98,4,1,1,411
18474,Individual,119,1,39.98,4,1,1,411
25824,Individual,119,1,39.98,4,1,1,411
20792,Individual,122,1,39.98,4,1,1,411
27632,Individual,122,1,39.98,4,1,1,411
14618,Individual,121,1,39.98,4,1,1,411
20273,Individual,123,1,39.98,4,1,1,411
22869,Individual,132,1,39.98,4,1,1,411
23551,Individual,132,1,39.98,4,1,1,411
16335,Individual,128,1,36.96,4,1,1,411
21318,Individual,123,1,36.96,4,1,1,411
14534,Individual,86,1,36.96,4,1,1,411
15243,Individual,93,1,36.96,4,1,1,411
23303,Individual,97,1,37.27,4,1,1,411
23152,Individual,84,1,37.27,4,1,1,411
22786,Individual,88,1,37.27,4,1,1,411
22228,Individual,90,1,37.27,4,1,1,411
21137,Individual,103,1,37.27,4,1,1,411
22190,Individual,99,1,37.27,4,1,1,411
23001,Individual,114,1,37.27,4,1,1,411
22184,Individual,108,1,37.27,4,1,1,411
20943,Individual,124,1,37.27,4,1,1,411
23304,Individual,122,1,37.27,4,1,1,411
24222,Individual,118,1,37.27,4,1,1,411
22865,Individual,119,1,37.27,4,1,1,411
23501,Individual,127,1,37.27,4,1,1,411
22840,Individual,100,1,37.29,4,1,1,411
23068,Individual,79,1,37.27,4,1,1,411
18015,Individual,76,1,37.27,4,1,1,411
12401,Individual,132,1,36.59,4,1,1,411
28441,Individual,132,1,36.59,4,1,1,411
25833,Individual,125,1,36.59,4,1,1,411
25176,Individual,127,1,36.59,4,1,1,411
24948,Individual,128,1,36.59,4,1,1,411
21548,Individual,132,1,36.93,4,1,1,411
23738,Individual,105,1,36.59,4,1,1,411
25151,Individual,88,1,36.59,4,1,1,411
23876,Individual,118,1,36.59,4,1,1,411
25278,Individual,119,1,36.59,4,1,1,411
29023,Individual,109,1,35.23,4,1,1,411
12422,Individual,108,1,35.00,4,1,1,411
19666,Individual,112,1,35.00,4,1,1,411
21879,Individual,107,1,35.00,4,1,1,411
15355,Individual,87,1,35.00,4,1,1,411
24319,Individual,78,1,36.59,4,1,1,411
25083,Individual,82,1,36.59,4,1,1,411
25202,Individual,75,1,36.59,4,1,1,411
27462,Individual,85,1,35.72,4,1,1,411
27200,Individual,74,1,36.27,4,1,1,411
26925,Individual,74,1,36.27,4,1,1,411
27048,Individual,77,1,36.27,4,1,1,411
12127,Individual,80,1,34.99,4,1,1,411
28582,Individual,123,1,34.99,4,1,1,411
11442,Individual,122,1,34.99,4,1,1,411
12387,Individual,130,1,34.99,4,1,1,411
11477,Individual,126,1,34.99,4,1,1,411
11497,Individual,86,1,34.99,4,1,1,411
12312,Individual,93,1,34.99,4,1,1,411
12274,Individual,114,1,34.99,4,1,1,411
27012,Individual,118,1,36.27,4,1,1,411
26255,Individual,116,1,36.27,4,1,1,411
26265,Individual,89,1,36.27,4,1,1,411
23970,Individual,93,1,36.27,4,1,1,411
23951,Individual,98,1,36.27,4,1,1,411
24070,Individual,113,1,36.27,4,1,1,411
26258,Individual,115,1,36.27,4,1,1,411
23748,Individual,114,1,36.27,4,1,1,411
28467,Individual,114,1,36.27,4,1,1,411
26908,Individual,101,1,36.27,4,1,1,411
25581,Individual,124,1,34.47,4,1,1,411
24509,Individual,83,1,34.89,4,1,1,411
27320,Individual,73,1,33.98,4,1,1,411
27893,Individual,121,1,34.89,4,1,1,411
25089,Individual,130,1,34.89,4,1,1,411
26704,Individual,78,1,33.98,4,1,1,411
27236,Individual,81,1,33.98,4,1,1,411
28445,Individual,80,1,33.98,4,1,1,411
27312,Individual,112,1,33.98,4,1,1,411
26778,Individual,113,1,33.98,4,1,1,411
26394,Individual,114,1,33.98,4,1,1,411
28544,Individual,101,1,33.98,4,1,1,411
26840,Individual,101,1,33.98,4,1,1,411
11391,Individual,95,1,33.98,4,1,1,411
27445,Individual,95,1,33.98,4,1,1,411
27245,Individual,90,1,33.98,4,1,1,411
27608,Individual,86,1,33.98,4,1,1,411
25377,Individual,73,1,32.60,4,1,1,411
22124,Individual,78,1,34.98,4,1,1,411
18016,Individual,76,1,34.98,4,1,1,411
22811,Individual,73,1,34.98,4,1,1,411
25874,Individual,85,1,34.89,4,1,1,411
28380,Individual,89,1,34.89,4,1,1,411
24769,Individual,98,1,34.89,4,1,1,411
25836,Individual,112,1,34.89,4,1,1,411
24758,Individual,115,1,34.89,4,1,1,411
25082,Individual,110,1,34.89,4,1,1,411
23703,Individual,109,1,34.98,4,1,1,411
23558,Individual,109,1,34.98,4,1,1,411
21831,Individual,115,1,34.98,4,1,1,411
23579,Individual,88,1,34.98,4,1,1,411
22223,Individual,124,1,34.98,4,1,1,411
21539,Individual,124,1,34.98,4,1,1,411
24655,Individual,131,1,32.60,4,1,1,411
23805,Individual,126,1,32.60,4,1,1,411
12842,Individual,126,1,32.60,4,1,1,411
24949,Individual,92,1,32.60,4,1,1,411
23741,Individual,102,1,32.60,4,1,1,411
25170,Individual,103,1,32.60,4,1,1,411
25897,Individual,110,1,32.60,4,1,1,411
25068,Individual,108,1,32.60,4,1,1,411
19907,Individual,117,1,32.27,4,1,1,411
25880,Individual,128,1,32.27,4,1,1,411
14201,Individual,76,1,32.60,4,1,1,411
24628,Individual,78,1,32.60,4,1,1,411
22101,Individual,115,1,32.28,4,1,1,411
22157,Individual,113,1,32.28,4,1,1,411
22183,Individual,104,1,32.28,4,1,1,411
23825,Individual,104,1,32.28,4,1,1,411
23335,Individual,102,1,32.28,4,1,1,411
23202,Individual,86,1,32.28,4,1,1,411
19371,Individual,90,1,32.28,4,1,1,411
22902,Individual,130,1,32.28,4,1,1,411
21101,Individual,130,1,32.28,4,1,1,411
23615,Individual,120,1,32.28,4,1,1,411
20176,Individual,120,1,32.28,4,1,1,411
13356,Individual,105,1,30.97,4,1,1,411
19074,Individual,128,1,29.98,4,1,1,411
26677,Individual,132,1,29.98,4,1,1,411
27642,Individual,130,1,30.48,4,1,1,411
18001,Individual,79,1,31.27,4,1,1,411
14430,Individual,119,1,30.97,4,1,1,411
13376,Individual,125,1,30.97,4,1,1,411
16545,Individual,109,1,31.27,4,1,1,411
17084,Individual,113,1,31.27,4,1,1,411
16202,Individual,112,1,31.27,4,1,1,411
17901,Individual,89,1,31.27,4,1,1,411
28680,Individual,97,1,31.27,4,1,1,411
16421,Individual,91,1,31.27,4,1,1,411
19368,Individual,76,1,32.28,4,1,1,411
21970,Individual,75,1,32.28,4,1,1,411
23448,Individual,74,1,32.28,4,1,1,411
17903,Individual,97,1,32.27,4,1,1,411
21520,Individual,90,1,32.27,4,1,1,411
25205,Individual,90,1,32.27,4,1,1,411
19081,Individual,84,1,32.27,4,1,1,411
26479,Individual,114,1,32.27,4,1,1,411
25360,Individual,108,1,32.27,4,1,1,411
26518,Individual,110,1,32.27,4,1,1,411
27510,Individual,94,1,31.73,4,1,1,411
27160,Individual,113,1,31.73,4,1,1,411
27444,Individual,99,1,31.28,4,1,1,411
14715,Individual,118,1,31.27,4,1,1,411
16555,Individual,132,1,31.27,4,1,1,411
28637,Individual,127,1,31.27,4,1,1,411
13342,Individual,83,1,32.22,4,1,1,411
18146,Individual,98,1,31.97,4,1,1,411
14393,Individual,122,1,31.97,4,1,1,411
14767,Individual,122,1,29.93,4,1,1,411
19044,Individual,80,1,29.93,4,1,1,411
21544,Individual,83,1,29.98,4,1,1,411
23677,Individual,98,1,29.99,4,1,1,411
23497,Individual,111,1,29.99,4,1,1,411
22750,Individual,103,1,29.99,4,1,1,411
20174,Individual,105,1,29.99,4,1,1,411
24750,Individual,113,1,29.98,4,1,1,411
26063,Individual,92,1,29.98,4,1,1,411
27732,Individual,81,1,30.48,4,1,1,411
26450,Individual,106,1,30.48,4,1,1,411
28192,Individual,100,1,30.48,4,1,1,411
21123,Individual,108,1,30.48,4,1,1,411
28451,Individual,85,1,30.48,4,1,1,411
22740,Individual,83,1,29.99,4,1,1,411
23464,Individual,76,1,29.99,4,1,1,411
21392,Individual,73,1,29.99,4,1,1,411
23675,Individual,132,1,29.99,4,1,1,411
20805,Individual,131,1,29.99,4,1,1,411
23638,Individual,127,1,29.99,4,1,1,411
23337,Individual,123,1,29.99,4,1,1,411
23131,Individual,120,1,29.99,4,1,1,411
24836,Individual,97,1,29.48,4,1,1,411
22833,Individual,98,1,29.48,4,1,1,411
28933,Individual,99,1,29.48,4,1,1,411
14142,Individual,92,1,29.48,4,1,1,411
17382,Individual,102,1,29.48,4,1,1,411
28305,Individual,113,1,29.48,4,1,1,411
19374,Individual,114,1,29.48,4,1,1,411
15855,Individual,121,1,29.26,4,1,1,411
17340,Individual,80,1,29.26,4,1,1,411
24715,Individual,116,1,29.48,4,1,1,411
27278,Individual,78,1,28.99,4,1,1,411
26799,Individual,76,1,28.99,4,1,1,411
22702,Individual,77,1,28.99,4,1,1,411
26574,Individual,80,1,28.99,4,1,1,411
26621,Individual,120,1,28.99,4,1,1,411
28432,Individual,92,1,28.99,4,1,1,411
11396,Individual,95,1,28.99,4,1,1,411
27923,Individual,98,1,28.99,4,1,1,411
27333,Individual,95,1,28.99,4,1,1,411
22658,Individual,84,1,28.99,4,1,1,411
28861,Individual,106,1,28.98,4,1,1,411
16315,Individual,99,1,28.98,4,1,1,411
24724,Individual,122,1,28.98,4,1,1,411
28864,Individual,126,1,28.98,4,1,1,411
14615,Individual,91,1,28.96,4,1,1,411
27398,Individual,122,1,27.77,4,1,1,411
28261,Individual,93,1,27.92,4,1,1,411
28249,Individual,107,1,27.96,4,1,1,411
23229,Individual,113,1,28.48,4,1,1,411
25212,Individual,75,1,27.77,4,1,1,411
25246,Individual,81,1,27.77,4,1,1,411
27432,Individual,78,1,27.77,4,1,1,411
26323,Individual,74,1,27.28,4,1,1,411
24578,Individual,84,1,27.77,4,1,1,411
24849,Individual,86,1,27.77,4,1,1,411
22379,Individual,91,1,27.77,4,1,1,411
27848,Individual,93,1,27.77,4,1,1,411
17907,Individual,114,1,27.77,4,1,1,411
24856,Individual,112,1,27.77,4,1,1,411
26790,Individual,100,1,27.77,4,1,1,411
25664,Individual,102,1,27.77,4,1,1,411
15911,Individual,114,1,26.97,4,1,1,411
26494,Individual,116,1,27.28,4,1,1,411
16419,Individual,92,1,27.28,4,1,1,411
16472,Individual,89,1,27.28,4,1,1,411
26648,Individual,85,1,27.28,4,1,1,411
26039,Individual,85,1,27.28,4,1,1,411
25834,Individual,129,1,27.28,4,1,1,411
26463,Individual,125,1,27.28,4,1,1,411
16056,Individual,126,1,27.28,4,1,1,411
15616,Individual,130,1,27.28,4,1,1,411
18002,Individual,130,1,27.28,4,1,1,411
26334,Individual,123,1,27.28,4,1,1,411
26045,Individual,122,1,27.28,4,1,1,411
25860,Individual,125,1,27.28,4,1,1,411
26284,Individual,116,1,27.28,4,1,1,411
26246,Individual,117,1,27.28,4,1,1,411
16265,Individual,119,1,27.28,4,1,1,411
13200,Individual,80,1,24.27,4,1,1,411
21290,Individual,73,1,23.97,4,1,1,411
28779,Individual,127,1,23.97,4,1,1,411
21772,Individual,130,1,23.97,4,1,1,411
22047,Individual,131,1,23.97,4,1,1,411
18142,Individual,93,1,24.27,4,1,1,411
22079,Individual,112,1,24.27,4,1,1,411
13950,Individual,124,1,24.27,4,1,1,411
20738,Individual,124,1,23.97,4,1,1,411
20536,Individual,101,1,23.97,4,1,1,411
21687,Individual,102,1,23.97,4,1,1,411
23519,Individual,98,1,23.97,4,1,1,411
21592,Individual,94,1,23.97,4,1,1,411
29123,Individual,95,1,23.97,4,1,1,411
22021,Individual,88,1,23.97,4,1,1,411
21902,Individual,88,1,23.97,4,1,1,411
20493,Individual,76,1,23.97,4,1,1,411
25794,Individual,87,1,23.78,4,1,1,411
27855,Individual,88,1,23.78,4,1,1,411
21078,Individual,94,1,23.78,4,1,1,411
22542,Individual,97,1,23.78,4,1,1,411
27172,Individual,95,1,23.78,4,1,1,411
18796,Individual,112,1,23.78,4,1,1,411
25684,Individual,111,1,23.78,4,1,1,411
26851,Individual,108,1,23.78,4,1,1,411
28913,Individual,99,1,23.78,4,1,1,411
22485,Individual,100,1,23.78,4,1,1,411
27600,Individual,104,1,23.78,4,1,1,411
19478,Individual,120,1,23.78,4,1,1,411
24884,Individual,121,1,23.78,4,1,1,411
27748,Individual,119,1,23.78,4,1,1,411
26212,Individual,116,1,23.78,4,1,1,411
24838,Individual,132,1,23.78,4,1,1,411
28413,Individual,132,1,23.78,4,1,1,411
27650,Individual,130,1,23.78,4,1,1,411
28907,Individual,129,1,23.78,4,1,1,411
28800,Individual,83,1,24.99,4,1,1,411
27827,Individual,83,1,25.48,4,1,1,411
17905,Individual,81,1,25.48,4,1,1,411
21119,Individual,124,1,25.48,4,1,1,411
29437,Individual,124,1,25.48,4,1,1,411
21227,Individual,127,1,26.97,4,1,1,411
18012,Individual,88,1,25.48,4,1,1,411
22425,Individual,97,1,25.48,4,1,1,411
18450,Individual,92,1,25.48,4,1,1,411
28033,Individual,91,1,25.48,4,1,1,411
29444,Individual,113,1,25.48,4,1,1,411
25771,Individual,108,1,25.48,4,1,1,411
29426,Individual,109,1,25.48,4,1,1,411
25318,Individual,108,1,25.48,4,1,1,411
16473,Individual,116,1,24.99,4,1,1,411
28974,Individual,116,1,24.99,4,1,1,411
25847,Individual,129,1,24.99,4,1,1,411
21512,Individual,127,1,24.99,4,1,1,411
26685,Individual,109,1,24.99,4,1,1,411
20571,Individual,115,1,24.99,4,1,1,411
21856,Individual,101,1,24.99,4,1,1,411
26347,Individual,99,1,24.99,4,1,1,411
28973,Individual,93,1,24.99,4,1,1,411
13692,Individual,98,1,24.99,4,1,1,411
21854,Individual,91,1,24.99,4,1,1,411
28681,Individual,87,1,24.99,4,1,1,411
26068,Individual,86,1,24.99,4,1,1,411
13588,Individual,74,1,14.98,4,1,1,411
24659,Individual,124,1,15.23,4,1,1,411
20781,Individual,132,1,15.23,4,1,1,411
23315,Individual,94,1,15.23,4,1,1,411
14923,Individual,94,1,15.23,4,1,1,411
14499,Individual,91,1,15.23,4,1,1,411
26996,Individual,108,1,15.23,4,1,1,411
21758,Individual,108,1,14.98,4,1,1,411
21721,Individual,108,1,14.98,4,1,1,411
20516,Individual,109,1,14.98,4,1,1,411
25009,Individual,113,1,14.98,4,1,1,411
22350,Individual,102,1,14.98,4,1,1,411
21778,Individual,103,1,14.98,4,1,1,411
21697,Individual,100,1,14.98,4,1,1,411
20535,Individual,101,1,14.98,4,1,1,411
20786,Individual,104,1,14.98,4,1,1,411
21755,Individual,106,1,14.98,4,1,1,411
21707,Individual,99,1,14.98,4,1,1,411
20431,Individual,125,1,14.98,4,1,1,411
20539,Individual,128,1,14.98,4,1,1,411
21247,Individual,117,1,14.98,4,1,1,411
21260,Individual,124,1,14.98,4,1,1,411
28552,Individual,74,1,21.49,4,1,1,411
29125,Individual,79,1,14.23,4,1,1,411
27567,Individual,80,1,21.49,4,1,1,411
24228,Individual,79,1,15.23,4,1,1,411
20467,Individual,100,1,17.27,4,1,1,411
21351,Individual,94,1,17.27,4,1,1,411
27203,Individual,104,1,18.97,4,1,1,411
27853,Individual,129,1,18.97,4,1,1,411
25644,Individual,120,1,18.97,4,1,1,411
24874,Individual,105,1,21.49,4,1,1,411
26267,Individual,101,1,21.49,4,1,1,411
27417,Individual,100,1,21.49,4,1,1,411
27655,Individual,110,1,21.49,4,1,1,411
28050,Individual,111,1,21.49,4,1,1,411
25797,Individual,111,1,21.49,4,1,1,411
24879,Individual,114,1,21.49,4,1,1,411
25509,Individual,93,1,21.49,4,1,1,411
21677,Individual,92,1,21.49,4,1,1,411
21133,Individual,98,1,21.49,4,1,1,411
20268,Individual,98,1,21.49,4,1,1,411
27742,Individual,87,1,21.49,4,1,1,411
20774,Individual,116,1,22.93,4,1,1,411
20389,Individual,86,1,22.93,4,1,1,411
13834,Individual,81,1,21.98,4,1,1,411
12786,Individual,79,1,21.98,4,1,1,411
14391,Individual,127,1,21.98,4,1,1,411
13333,Individual,127,1,21.98,4,1,1,411
20632,Individual,126,1,21.98,4,1,1,411
14556,Individual,125,1,19.97,4,1,1,411
12889,Individual,120,1,21.98,4,1,1,411
12455,Individual,73,1,21.98,4,1,1,411
19847,Individual,74,1,21.98,4,1,1,411
13869,Individual,88,1,21.98,4,1,1,411
13932,Individual,84,1,21.98,4,1,1,411
13073,Individual,84,1,21.98,4,1,1,411
13655,Individual,84,1,21.98,4,1,1,411
13888,Individual,92,1,21.98,4,1,1,411
13219,Individual,116,1,21.98,4,1,1,411
14889,Individual,114,1,21.98,4,1,1,411
13451,Individual,103,1,21.98,4,1,1,411
13236,Individual,101,1,21.98,4,1,1,411
12887,Individual,101,1,21.98,4,1,1,411
28448,Individual,118,1,21.49,4,1,1,411
18446,Individual,129,1,21.49,4,1,1,411
27374,Individual,74,1,6.28,4,1,1,411
17684,Individual,73,1,4.99,4,1,1,411
20141,Individual,82,1,3.99,4,1,1,411
25753,Individual,80,1,3.99,4,1,1,411
15573,Individual,116,1,4.99,4,1,1,411
15982,Individual,120,1,4.99,4,1,1,411
15907,Individual,120,1,4.99,4,1,1,411
26176,Individual,119,1,4.99,4,1,1,411
24122,Individual,125,1,4.99,4,1,1,411
17377,Individual,124,1,4.99,4,1,1,411
28123,Individual,123,1,4.99,4,1,1,411
18750,Individual,122,1,4.99,4,1,1,411
21546,Individual,121,1,4.99,4,1,1,411
24600,Individual,121,1,4.99,4,1,1,411
16960,Individual,120,1,4.99,4,1,1,411
15258,Individual,126,1,4.99,4,1,1,411
21823,Individual,126,1,4.99,4,1,1,411
17603,Individual,129,1,4.99,4,1,1,411
19431,Individual,129,1,4.99,4,1,1,411
21850,Individual,128,1,4.99,4,1,1,411
17473,Individual,128,1,4.99,4,1,1,411
22530,Individual,127,1,4.99,4,1,1,411
16775,Individual,132,1,4.99,4,1,1,411
22386,Individual,131,1,4.99,4,1,1,411
23488,Individual,84,1,4.99,4,1,1,411
27950,Individual,84,1,4.99,4,1,1,411
18779,Individual,87,1,4.99,4,1,1,411
18453,Individual,86,1,4.99,4,1,1,411
17587,Individual,86,1,4.99,4,1,1,411
16766,Individual,86,1,4.99,4,1,1,411
16669,Individual,88,1,4.99,4,1,1,411
24986,Individual,88,1,4.99,4,1,1,411
14630,Individual,88,1,4.99,4,1,1,411
25433,Individual,89,1,4.99,4,1,1,411
27997,Individual,89,1,4.99,4,1,1,411
28768,Individual,89,1,4.99,4,1,1,411
21866,Individual,98,1,4.99,4,1,1,411
15857,Individual,98,1,4.99,4,1,1,411
12811,Individual,96,1,4.99,4,1,1,411
16842,Individual,96,1,4.99,4,1,1,411
17166,Individual,95,1,4.99,4,1,1,411
18421,Individual,95,1,4.99,4,1,1,411
15421,Individual,93,1,4.99,4,1,1,411
24369,Individual,93,1,4.99,4,1,1,411
27947,Individual,93,1,4.99,4,1,1,411
21674,Individual,93,1,4.99,4,1,1,411
20269,Individual,93,1,4.99,4,1,1,411
29039,Individual,92,1,4.99,4,1,1,411
13824,Individual,101,1,4.99,4,1,1,411
28252,Individual,102,1,4.99,4,1,1,411
14513,Individual,101,1,4.99,4,1,1,411
28906,Individual,107,1,4.99,4,1,1,411
15416,Individual,107,1,4.99,4,1,1,411
23657,Individual,106,1,4.99,4,1,1,411
22387,Individual,106,1,4.99,4,1,1,411
24132,Individual,106,1,4.99,4,1,1,411
16769,Individual,104,1,4.99,4,1,1,411
16904,Individual,111,1,4.99,4,1,1,411
14628,Individual,112,1,4.99,4,1,1,411
17520,Individual,112,1,4.99,4,1,1,411
24744,Individual,112,1,4.99,4,1,1,411
19753,Individual,111,1,4.99,4,1,1,411
21277,Individual,109,1,4.99,4,1,1,411
17344,Individual,109,1,4.99,4,1,1,411
23437,Individual,109,1,4.99,4,1,1,411
16817,Individual,108,1,4.99,4,1,1,411
28358,Individual,108,1,4.99,4,1,1,411
24045,Individual,116,1,4.99,4,1,1,411
22918,Individual,115,1,4.99,4,1,1,411
18661,Individual,114,1,4.99,4,1,1,411
26730,Individual,114,1,4.99,4,1,1,411
27188,Individual,114,1,4.99,4,1,1,411
23945,Individual,112,1,4.99,4,1,1,411
14527,Individual,80,1,4.99,4,1,1,411
14607,Individual,80,1,4.99,4,1,1,411
16650,Individual,84,1,4.99,4,1,1,411
27031,Individual,83,1,4.99,4,1,1,411
28310,Individual,83,1,4.99,4,1,1,411
18397,Individual,83,1,4.99,4,1,1,411
21032,Individual,78,1,4.99,4,1,1,411
16903,Individual,78,1,4.99,4,1,1,411
17173,Individual,78,1,4.99,4,1,1,411
17160,Individual,78,1,4.99,4,1,1,411
27110,Individual,76,1,4.99,4,1,1,411
24156,Individual,125,1,6.28,4,1,1,411
24559,Individual,121,1,6.28,4,1,1,411
27158,Individual,124,1,6.28,4,1,1,411
24150,Individual,100,1,3.99,4,1,1,411
23912,Individual,88,1,3.99,4,1,1,411
20956,Individual,84,1,3.99,4,1,1,411
23604,Individual,125,1,3.99,4,1,1,411
29083,Individual,125,1,3.99,4,1,1,411
24562,Individual,118,1,3.99,4,1,1,411
29269,Individual,116,1,3.99,4,1,1,411
25913,Individual,76,1,6.28,4,1,1,411
25906,Individual,77,1,6.28,4,1,1,411
27376,Individual,77,1,6.28,4,1,1,411
28093,Individual,131,1,2.29,4,1,1,411
28016,Individual,111,1,2.29,4,1,1,411
27151,Individual,113,1,6.28,4,1,1,411
29134,Individual,115,1,6.28,4,1,1,411
19494,Individual,107,1,6.28,4,1,1,411
28878,Individual,100,1,6.28,4,1,1,411
27317,Individual,98,1,6.28,4,1,1,411
26182,Individual,90,1,6.28,4,1,1,411
25239,Individual,124,1,7.28,4,1,1,411
15296,Individual,116,1,7.28,4,1,1,411
21682,Individual,116,1,7.28,4,1,1,411
17406,Individual,117,1,7.28,4,1,1,411
25527,Individual,125,1,7.28,4,1,1,411
13532,Individual,126,1,7.28,4,1,1,411
16092,Individual,127,1,7.28,4,1,1,411
25673,Individual,129,1,7.28,4,1,1,411
25055,Individual,131,1,7.28,4,1,1,411
22965,Individual,130,1,7.28,4,1,1,411
29101,Individual,90,1,7.28,4,1,1,411
16120,Individual,91,1,7.28,4,1,1,411
14389,Individual,91,1,7.28,4,1,1,411
15316,Individual,91,1,7.28,4,1,1,411
19905,Individual,89,1,7.28,4,1,1,411
16376,Individual,88,1,7.28,4,1,1,411
15898,Individual,85,1,7.28,4,1,1,411
17469,Individual,85,1,7.28,4,1,1,411
20760,Individual,86,1,7.28,4,1,1,411
16759,Individual,98,1,7.28,4,1,1,411
27041,Individual,97,1,7.28,4,1,1,411
16075,Individual,95,1,7.28,4,1,1,411
18316,Individual,96,1,7.28,4,1,1,411
15938,Individual,96,1,7.28,4,1,1,411
14625,Individual,92,1,7.28,4,1,1,411
14780,Individual,94,1,7.28,4,1,1,411
12815,Individual,95,1,7.28,4,1,1,411
25058,Individual,94,1,7.28,4,1,1,411
14569,Individual,99,1,7.28,4,1,1,411
27988,Individual,102,1,7.28,4,1,1,411
15836,Individual,107,1,7.28,4,1,1,411
23085,Individual,104,1,7.28,4,1,1,411
24142,Individual,104,1,7.28,4,1,1,411
20986,Individual,116,1,7.28,4,1,1,411
15282,Individual,115,1,7.28,4,1,1,411
15370,Individual,113,1,7.28,4,1,1,411
18328,Individual,112,1,7.28,4,1,1,411
28137,Individual,108,1,7.28,4,1,1,411
27213,Individual,109,1,7.28,4,1,1,411
29028,Individual,110,1,7.28,4,1,1,411
28929,Individual,110,1,7.28,4,1,1,411
18162,Individual,111,1,7.28,4,1,1,411
15950,Individual,112,1,7.28,4,1,1,411
28925,Individual,74,1,7.28,4,1,1,411
15159,Individual,73,1,7.28,4,1,1,411
28926,Individual,77,1,7.28,4,1,1,411
23362,Individual,83,1,7.28,4,1,1,411
28920,Individual,83,1,7.28,4,1,1,411
27038,Individual,81,1,7.28,4,1,1,411
21454,Individual,92,1,9.99,4,1,1,411
21399,Individual,92,1,9.99,4,1,1,411
20687,Individual,96,1,9.99,4,1,1,411
28938,Individual,87,1,9.99,4,1,1,411
24253,Individual,112,1,9.99,4,1,1,411
22053,Individual,115,1,9.99,4,1,1,411
12651,Individual,116,1,8.99,4,1,1,411
12649,Individual,122,1,8.99,4,1,1,411
28610,Individual,110,1,8.99,4,1,1,411
12552,Individual,108,1,8.99,4,1,1,411
12517,Individual,102,1,8.99,4,1,1,411
11586,Individual,93,1,8.99,4,1,1,411
17145,Individual,77,1,13.98,4,1,1,411
17588,Individual,79,1,13.98,4,1,1,411
24637,Individual,81,1,13.98,4,1,1,411
20939,Individual,73,1,13.98,4,1,1,411
28220,Individual,74,1,13.98,4,1,1,411
17164,Individual,75,1,12.94,4,1,1,411
22454,Individual,83,1,12.94,4,1,1,411
21826,Individual,76,1,12.94,4,1,1,411
12488,Individual,131,1,8.99,4,1,1,411
18667,Individual,119,1,12.94,4,1,1,411
23647,Individual,130,1,12.94,4,1,1,411
17032,Individual,108,1,12.94,4,1,1,411
28074,Individual,104,1,12.94,4,1,1,411
18456,Individual,86,1,12.94,4,1,1,411
16280,Individual,86,1,12.94,4,1,1,411
19179,Individual,84,1,12.94,4,1,1,411
18408,Individual,84,1,12.94,4,1,1,411
17490,Individual,85,1,12.94,4,1,1,411
17527,Individual,92,1,12.94,4,1,1,411
24117,Individual,130,1,12.98,4,1,1,411
22563,Individual,125,1,12.98,4,1,1,411
21689,Individual,77,1,14.98,4,1,1,411
21722,Individual,80,1,14.98,4,1,1,411
20432,Individual,83,1,14.98,4,1,1,411
22677,Individual,78,1,12.98,4,1,1,411
28787,Individual,125,1,13.98,4,1,1,411
16838,Individual,121,1,13.98,4,1,1,411
29259,Individual,116,1,13.98,4,1,1,411
24625,Individual,117,1,13.98,4,1,1,411
16676,Individual,132,1,13.98,4,1,1,411
17529,Individual,125,1,13.98,4,1,1,411
11355,Individual,125,1,13.98,4,1,1,411
11495,Individual,95,1,13.98,4,1,1,411
21096,Individual,95,1,13.98,4,1,1,411
11375,Individual,104,1,13.98,4,1,1,411
16809,Individual,105,1,13.98,4,1,1,411
24125,Individual,102,1,13.98,4,1,1,411
18119,Individual,102,1,13.98,4,1,1,411
18339,Individual,108,1,13.98,4,1,1,411
28361,Individual,110,1,13.98,4,1,1,411
14102,Individual,181,3,3667.23,3,5,5,355
14101,Individual,169,3,3679.90,3,5,5,355
14066,Individual,173,3,3612.19,3,5,5,355
14103,Individual,143,3,3612.22,3,5,5,355
14260,Individual,150,3,3716.23,3,5,5,355
14259,Individual,137,3,3630.93,3,5,5,355
11480,Individual,188,3,4935.36,3,5,5,355
11483,Individual,194,3,4966.39,3,5,5,355
11547,Individual,185,3,4976.38,3,5,5,355
12807,Individual,201,3,5024.86,3,5,5,355
14324,Individual,135,3,5121.43,3,5,5,355
14299,Individual,146,3,5108.76,3,5,5,355
14322,Individual,142,3,5111.44,3,5,5,355
15630,Individual,138,3,5136.37,3,5,5,355
14308,Individual,145,3,5140.40,3,5,5,355
14302,Individual,141,3,5140.73,3,5,5,355
14287,Individual,153,3,5141.43,3,5,5,355
12492,Individual,177,3,5166.41,3,5,5,355
14310,Individual,136,3,5200.66,3,5,5,355
14277,Individual,145,3,5196.74,3,5,5,355
15925,Individual,163,3,5905.81,3,5,5,355
14220,Individual,162,3,5696.19,3,5,5,355
18134,Individual,137,3,5732.47,3,5,5,355
14214,Individual,178,3,5759.87,3,5,5,355
18139,Individual,143,3,5764.43,3,5,5,355
18125,Individual,180,3,5739.50,3,5,5,355
18140,Individual,136,3,5741.41,3,5,5,355
18130,Individual,173,3,5743.97,3,5,5,355
15924,Individual,182,3,5744.00,3,5,5,355
14219,Individual,155,3,5744.22,3,5,5,355
18133,Individual,142,3,5780.47,3,5,5,355
14276,Individual,153,3,5259.36,3,5,5,355
14286,Individual,148,3,5234.40,3,5,5,355
14264,Individual,148,3,5217.73,3,5,5,355
16580,Individual,178,3,5429.76,3,5,5,355
15931,Individual,172,3,5362.29,3,5,5,355
14051,Individual,170,3,5606.91,3,5,5,355
14065,Individual,172,3,5608.55,3,5,5,355
14071,Individual,182,3,5617.92,3,5,5,355
12559,Individual,164,3,5633.91,3,5,5,355
14225,Individual,156,3,5603.92,3,5,5,355
14070,Individual,170,3,5618.93,3,5,5,355
14224,Individual,180,3,5621.22,3,5,5,355
14210,Individual,154,3,5621.24,3,5,5,355
12991,Individual,134,3,5641.90,3,5,5,355
14047,Individual,169,3,5643.54,3,5,5,355
14046,Individual,166,3,5645.24,3,5,5,355
14218,Individual,164,3,5651.88,3,5,5,355
12599,Individual,172,3,5649.21,3,5,5,355
14050,Individual,178,3,5650.24,3,5,5,355
14062,Individual,166,3,5647.92,3,5,5,355
12560,Individual,165,3,5636.90,3,5,5,355
14058,Individual,179,3,5652.52,3,5,5,355
14216,Individual,179,3,5653.92,3,5,5,355
14226,Individual,145,3,5656.24,3,5,5,355
12612,Individual,147,3,5657.91,3,5,5,355
14064,Individual,163,3,5694.21,3,5,5,355
12998,Individual,146,3,5694.90,3,5,5,355
14215,Individual,182,3,5665.89,3,5,5,355
14211,Individual,177,3,5662.90,3,5,5,355
14063,Individual,180,3,5676.25,3,5,5,355
12671,Individual,153,3,6802.13,3,5,5,355
11575,Individual,135,3,6806.12,3,5,5,355
12675,Individual,137,3,6812.77,3,5,5,355
12667,Individual,135,3,6813.12,3,5,5,355
12355,Individual,134,3,6818.11,3,5,5,355
12674,Individual,147,3,6829.47,3,5,5,355
12341,Individual,142,3,6840.62,3,5,5,355
12676,Individual,145,3,6859.46,3,5,5,355
12346,Individual,133,3,6864.46,3,5,5,355
12339,Individual,179,3,6865.46,3,5,5,355
12680,Individual,134,3,6880.10,3,5,5,355
17191,Individual,169,3,6895.61,3,5,5,355
16595,Individual,144,3,6901.38,3,5,5,355
15693,Individual,189,3,6904.60,3,5,5,355
12348,Individual,139,3,6906.09,3,5,5,355
15702,Individual,150,3,6917.54,3,5,5,355
16199,Individual,163,3,6917.59,3,5,5,355
17220,Individual,156,3,6914.85,3,5,5,355
15114,Individual,191,3,6918.87,3,5,5,355
16824,Individual,182,3,6938.59,3,5,5,355
15933,Individual,141,3,6931.88,3,5,5,355
12673,Individual,146,3,6768.14,3,5,5,355
12353,Individual,153,3,6765.46,3,5,5,355
12349,Individual,150,3,6772.14,3,5,5,355
12358,Individual,147,3,6787.76,3,5,5,355
12681,Individual,133,3,6784.13,3,5,5,355
12670,Individual,139,3,6785.13,3,5,5,355
12354,Individual,149,3,6797.13,3,5,5,355
13697,Individual,151,3,6485.67,3,5,5,355
12607,Individual,140,3,6489.51,3,5,5,355
13686,Individual,145,3,6493.24,3,5,5,355
12398,Individual,134,3,6498.72,3,5,5,355
15710,Individual,191,3,6316.50,3,5,5,355
13685,Individual,157,3,6509.69,3,5,5,355
13540,Individual,186,3,6528.18,3,5,5,355
13560,Individual,158,3,6453.23,3,5,5,355
15920,Individual,193,3,6247.52,3,5,5,355
15101,Individual,194,3,6943.55,3,5,5,355
15627,Individual,155,3,6943.58,3,5,5,355
17181,Individual,160,3,6944.58,3,5,5,355
15929,Individual,141,3,6944.58,3,5,5,355
16826,Individual,159,3,6953.58,3,5,5,355
11468,Individual,161,3,6959.82,3,5,5,355
15928,Individual,190,3,6960.08,3,5,5,355
11998,Individual,154,3,6962.10,3,5,5,355
15086,Individual,159,3,6958.57,3,5,5,355
11493,Individual,139,3,6958.80,3,5,5,355
11400,Individual,194,3,6967.78,3,5,5,355
15699,Individual,171,3,6969.57,3,5,5,355
15926,Individual,204,3,6978.56,3,5,5,355
15117,Individual,184,3,6974.56,3,5,5,355
12005,Individual,165,3,6984.81,3,5,5,355
16603,Individual,170,3,7000.55,3,5,5,355
15084,Individual,186,3,6999.09,3,5,5,355
16575,Individual,149,3,6994.57,3,5,5,355
16588,Individual,146,3,6994.58,3,5,5,355
17199,Individual,175,3,6997.56,3,5,5,355
14203,Individual,151,3,7081.46,3,5,5,355
12037,Individual,142,3,7107.10,3,5,5,355
11485,Individual,139,3,7048.30,3,5,5,355
11996,Individual,180,3,7058.70,3,5,5,355
16587,Individual,155,3,7063.56,3,5,5,355
11250,Individual,176,4,7116.25,3,5,5,355
11997,Individual,168,3,7029.78,3,5,5,355
11247,Individual,165,4,7131.51,3,5,5,355
16830,Individual,159,3,7138.68,3,5,5,355
11244,Individual,194,4,7175.75,3,5,5,355
17183,Individual,166,3,7175.86,3,5,5,355
16822,Individual,135,3,7176.38,3,5,5,355
17209,Individual,176,3,7182.40,3,5,5,355
15932,Individual,161,3,7186.39,3,5,5,355
11999,Individual,180,3,7043.27,3,5,5,355
15625,Individual,187,3,7169.39,3,5,5,355
15685,Individual,191,3,7188.37,3,5,5,355
11413,Individual,146,4,7189.75,3,5,5,355
11414,Individual,136,4,7191.77,3,5,5,355
15675,Individual,168,3,7206.38,3,5,5,355
16206,Individual,157,3,7203.35,3,5,5,355
15116,Individual,204,3,7212.86,3,5,5,355
16207,Individual,149,3,7226.37,3,5,5,355
16821,Individual,163,3,7221.35,3,5,5,355
17184,Individual,165,3,7253.35,3,5,5,355
15085,Individual,200,3,7229.37,3,5,5,355
16594,Individual,149,3,7231.37,3,5,5,355
15357,Individual,198,3,7232.37,3,5,5,355
17198,Individual,161,3,7233.36,3,5,5,355
16196,Individual,155,3,7237.36,3,5,5,355
13260,Individual,169,4,7239.56,3,5,5,355
16589,Individual,134,3,7343.69,3,5,5,355
17221,Individual,163,3,7292.31,3,5,5,355
11759,Individual,204,3,8054.05,3,5,5,355
11096,Individual,183,3,8063.04,3,5,5,355
11351,Individual,154,3,8068.03,3,5,5,355
11963,Individual,159,3,8068.03,3,5,5,355
11988,Individual,176,3,8078.02,3,5,5,355
11353,Individual,174,3,8078.02,3,5,5,355
11893,Individual,190,3,8123.03,3,5,5,355
11344,Individual,190,3,8119.81,3,5,5,355
11917,Individual,163,3,8121.33,3,5,5,355
11462,Individual,188,3,8116.33,3,5,5,355
11896,Individual,202,3,8117.97,3,5,5,355
11892,Individual,191,3,8119.03,3,5,5,355
11909,Individual,181,3,8105.31,3,5,5,355
11903,Individual,200,3,8108.04,3,5,5,355
12001,Individual,168,3,8113.01,3,5,5,355
11910,Individual,179,3,8113.03,3,5,5,355
11398,Individual,180,3,8114.04,3,5,5,355
12004,Individual,174,3,8114.04,3,5,5,355
11968,Individual,165,3,8079.05,3,5,5,355
11908,Individual,159,3,8079.05,3,5,5,355
11976,Individual,157,3,8087.31,3,5,5,355
11097,Individual,189,3,8099.03,3,5,5,355
11110,Individual,162,3,8093.03,3,5,5,355
11461,Individual,192,3,8089.04,3,5,5,355
11488,Individual,152,3,8090.33,3,5,5,355
11895,Individual,188,3,8149.04,3,5,5,355
11761,Individual,184,3,8149.49,3,5,5,355
11906,Individual,201,3,8151.00,3,5,5,355
11915,Individual,158,3,8143.00,3,5,5,355
11482,Individual,141,3,8143.03,3,5,5,355
11765,Individual,187,3,8143.03,3,5,5,355
12002,Individual,179,3,8145.33,3,5,5,355
11967,Individual,175,3,8153.02,3,5,5,355
11334,Individual,186,3,8154.02,3,5,5,355
11381,Individual,164,3,8161.02,3,5,5,355
11394,Individual,180,3,8161.97,3,5,5,355
11337,Individual,194,3,8162.00,3,5,5,355
11333,Individual,199,3,8163.31,3,5,5,355
11754,Individual,183,3,8163.53,3,5,5,355
11990,Individual,160,3,8164.01,3,5,5,355
11907,Individual,193,3,8135.33,3,5,5,355
11111,Individual,160,3,8137.00,3,5,5,355
12337,Individual,174,3,8137.01,3,5,5,355
11768,Individual,199,3,8139.04,3,5,5,355
11989,Individual,176,3,8139.53,3,5,5,355
11914,Individual,159,3,8165.96,3,5,5,355
11491,Individual,144,3,8158.01,3,5,5,355
11465,Individual,200,3,8158.04,3,5,5,355
11952,Individual,175,3,8169.00,3,5,5,355
11994,Individual,159,3,8169.03,3,5,5,355
11100,Individual,175,3,8172.51,3,5,5,355
11969,Individual,166,3,8173.02,3,5,5,355
11916,Individual,161,3,8178.51,3,5,5,355
11898,Individual,190,3,8179.03,3,5,5,355
12009,Individual,169,3,8195.50,3,5,5,355
11899,Individual,205,3,8189.50,3,5,5,355
11341,Individual,194,3,8192.00,3,5,5,355
11964,Individual,173,3,8173.53,3,5,5,355
12000,Individual,167,3,8183.00,3,5,5,355
12010,Individual,176,3,8203.50,3,5,5,355
11977,Individual,167,3,8212.50,3,5,5,355
12039,Individual,176,3,8213.00,3,5,5,355
11751,Individual,196,3,8215.02,3,5,5,355
11343,Individual,189,3,8221.99,3,5,5,355
11986,Individual,155,3,8245.23,3,5,5,355
12338,Individual,165,3,8265.00,3,5,5,355
11766,Individual,203,3,8280.48,3,5,5,355
11112,Individual,149,3,8295.02,3,5,5,355
15354,Individual,175,3,8297.29,3,5,5,355
14191,Individual,198,3,8301.31,3,5,5,355
15118,Individual,162,3,8301.31,3,5,5,355
15080,Individual,204,3,8305.30,3,5,5,355
13590,Individual,191,3,8306.30,3,5,5,355
12003,Individual,172,3,8256.50,3,5,5,355
11900,Individual,202,3,8257.01,3,5,5,355
14195,Individual,178,3,8316.29,3,5,5,355
11767,Individual,201,3,8319.51,3,5,5,355
14428,Individual,200,3,8321.31,3,5,5,355
14183,Individual,186,3,8321.31,3,5,5,355
15695,Individual,157,3,8324.24,3,5,5,355
13577,Individual,166,4,9450.32,3,5,5,355
14192,Individual,179,4,9451.91,3,5,5,355
13575,Individual,179,4,9458.18,3,5,5,355
14185,Individual,182,4,9523.00,3,5,5,355
13605,Individual,181,4,9614.73,3,5,5,355
13592,Individual,171,4,9695.73,3,5,5,355
13595,Individual,167,4,9390.53,3,5,5,355
14186,Individual,170,4,9796.32,3,5,5,355
13591,Individual,203,3,8355.27,3,5,5,355
13584,Individual,187,3,8361.29,3,5,5,355
14940,Individual,197,3,8367.55,3,5,5,355
13585,Individual,194,3,8368.29,3,5,5,355
15097,Individual,179,3,8377.09,3,5,5,355
15692,Individual,182,3,8392.30,3,5,5,355
14429,Individual,166,3,8394.29,3,5,5,355
15691,Individual,180,3,8341.29,3,5,5,355
15106,Individual,168,3,8421.28,3,5,5,355
14427,Individual,155,3,8451.26,3,5,5,355
11249,Individual,136,4,9890.27,3,5,5,355
11433,Individual,137,6,12909.67,3,5,5,355
13405,Individual,189,4,10778.61,3,5,5,355
16247,Individual,191,3,95.82,3,5,3,353
13330,Individual,141,3,94.95,3,5,3,353
15310,Individual,137,3,94.44,3,5,3,353
14332,Individual,152,4,102.25,3,5,3,353
19648,Individual,161,3,100.84,3,5,3,353
12372,Individual,194,3,99.03,3,5,3,353
16097,Individual,196,3,103.55,3,5,3,353
13732,Individual,157,3,108.96,3,5,3,353
11146,Individual,136,3,112.93,3,5,3,353
13121,Individual,145,3,121.25,3,5,3,353
14370,Individual,188,3,122.56,3,5,3,353
14458,Individual,137,3,133.95,3,5,3,353
16959,Individual,160,3,135.35,3,5,3,353
14084,Individual,155,4,138.68,3,5,3,353
12006,Individual,184,3,144.74,3,5,3,353
13185,Individual,192,4,149.84,3,5,3,353
12752,Individual,134,3,156.25,3,5,3,353
12992,Individual,174,3,158.51,3,5,3,353
13621,Individual,142,3,167.40,3,5,3,353
12490,Individual,148,3,167.83,3,5,3,353
13206,Individual,149,3,163.19,3,5,3,353
12944,Individual,147,4,164.21,3,5,3,353
15478,Individual,159,3,182.83,3,5,3,353
15564,Individual,145,3,188.52,3,5,3,353
13004,Individual,145,3,190.27,3,5,3,353
14312,Individual,178,3,191.27,3,5,3,353
11073,Individual,161,3,191.90,3,5,3,353
11150,Individual,198,3,192.42,3,5,3,353
14661,Individual,178,3,195.02,3,5,3,353
14307,Individual,198,3,196.26,3,5,3,353
14099,Individual,137,3,200.26,3,5,3,353
15879,Individual,167,3,196.93,3,5,3,353
16005,Individual,178,3,198.73,3,5,3,353
17374,Individual,202,3,206.63,3,5,3,353
17348,Individual,145,3,205.42,3,5,3,353
16950,Individual,190,3,211.01,3,5,3,353
11769,Individual,133,5,478.95,3,5,3,353
15943,Individual,156,3,365.41,3,5,3,353
13268,Individual,148,4,289.70,3,5,3,353
11641,Individual,164,5,303.20,3,5,3,353
14087,Individual,205,3,341.97,3,5,3,353
11660,Individual,166,5,324.72,3,5,3,353
15413,Individual,149,3,318.92,3,5,3,353
12107,Individual,184,4,222.23,3,5,3,353
13486,Individual,149,3,225.44,3,5,3,353
13003,Individual,199,3,230.25,3,5,3,353
12183,Individual,204,4,228.42,3,5,3,353
16717,Individual,134,3,233.81,3,5,3,353
14091,Individual,177,5,251.20,3,5,3,353
15863,Individual,199,3,243.01,3,5,3,353
13231,Individual,134,4,247.90,3,5,3,353
15507,Individual,184,3,267.84,3,5,3,353
14291,Individual,166,3,258.44,3,5,3,353
13144,Individual,145,4,281.47,3,5,3,353
11466,Individual,161,3,90.19,3,5,2,352
13138,Individual,184,3,83.97,3,5,2,352
12509,Individual,150,3,82.85,3,5,2,352
12344,Individual,169,3,68.70,3,5,2,352
13303,Individual,145,3,66.25,3,5,2,352
12012,Individual,170,3,73.96,3,5,2,352
12715,Individual,179,3,74.54,3,5,2,352
11755,Individual,165,3,46.25,3,5,2,352
11122,Individual,160,3,42.93,3,5,2,352
20622,Individual,171,2,6139.59,3,4,5,345
20452,Individual,202,2,6156.70,3,4,5,345
17351,Individual,199,2,6117.69,3,4,5,345
20621,Individual,175,2,6117.69,3,4,5,345
18269,Individual,134,2,6113.20,3,4,5,345
18268,Individual,155,2,6102.19,3,4,5,345
18276,Individual,152,2,6106.60,3,4,5,345
22252,Individual,182,2,6047.32,3,4,5,345
20600,Individual,195,2,6056.61,3,4,5,345
20430,Individual,187,2,6056.61,3,4,5,345
20247,Individual,188,2,6056.61,3,4,5,345
20613,Individual,198,2,6056.61,3,4,5,345
20628,Individual,177,2,6056.61,3,4,5,345
20617,Individual,164,2,6058.21,3,4,5,345
20627,Individual,159,2,6044.59,3,4,5,345
20620,Individual,158,2,6044.59,3,4,5,345
20448,Individual,205,2,6044.59,3,4,5,345
20451,Individual,197,2,6054.22,3,4,5,345
20606,Individual,194,2,6054.22,3,4,5,345
20444,Individual,190,2,6085.59,3,4,5,345
20245,Individual,192,2,6085.59,3,4,5,345
20623,Individual,158,2,6093.20,3,4,5,345
18188,Individual,174,2,6093.20,3,4,5,345
20626,Individual,167,2,6038.56,3,4,5,345
20629,Individual,182,2,6060.50,3,4,5,345
17502,Individual,166,2,6070.59,3,4,5,345
18277,Individual,144,2,6070.59,3,4,5,345
20445,Individual,190,2,6078.71,3,4,5,345
18255,Individual,182,2,6067.20,3,4,5,345
18281,Individual,135,2,6081.10,3,4,5,345
20610,Individual,190,2,6021.62,3,4,5,345
17352,Individual,190,2,6021.62,3,4,5,345
20450,Individual,203,2,6021.62,3,4,5,345
20611,Individual,185,2,6021.62,3,4,5,345
18245,Individual,159,2,6021.62,3,4,5,345
20624,Individual,156,2,6021.62,3,4,5,345
20258,Individual,200,2,6029.57,3,4,5,345
17354,Individual,199,2,6029.57,3,4,5,345
20256,Individual,196,2,6029.57,3,4,5,345
20259,Individual,194,2,6029.57,3,4,5,345
20446,Individual,195,2,6029.57,3,4,5,345
20456,Individual,186,2,6029.57,3,4,5,345
20625,Individual,174,2,6029.57,3,4,5,345
22268,Individual,156,2,6031.31,3,4,5,345
20608,Individual,186,2,6035.60,3,4,5,345
20447,Individual,187,2,6035.60,3,4,5,345
20253,Individual,187,2,6035.60,3,4,5,345
17353,Individual,203,2,6035.60,3,4,5,345
20614,Individual,202,2,6035.60,3,4,5,345
12779,Individual,160,2,5980.23,3,4,5,345
12437,Individual,195,2,5983.22,3,4,5,345
12084,Individual,194,2,5985.21,3,4,5,345
12784,Individual,145,2,5985.22,3,4,5,345
12755,Individual,179,2,5998.72,3,4,5,345
12118,Individual,185,2,6004.20,3,4,5,345
20429,Individual,154,2,5377.75,3,4,5,345
20241,Individual,193,2,5347.23,3,4,5,345
20249,Individual,189,2,5333.25,3,4,5,345
20264,Individual,190,2,5333.25,3,4,5,345
20284,Individual,154,2,5328.23,3,4,5,345
20427,Individual,163,2,5314.25,3,4,5,345
20283,Individual,163,2,5314.25,3,4,5,345
20261,Individual,183,2,5314.25,3,4,5,345
25972,Individual,192,2,5780.99,3,4,5,345
26055,Individual,205,2,5784.06,3,4,5,345
25979,Individual,201,2,5784.06,3,4,5,345
26075,Individual,204,2,5768.05,3,4,5,345
26011,Individual,184,2,5768.05,3,4,5,345
26070,Individual,186,2,5768.05,3,4,5,345
26106,Individual,179,2,5768.05,3,4,5,345
26084,Individual,168,2,5768.05,3,4,5,345
26082,Individual,166,2,5768.05,3,4,5,345
26098,Individual,172,2,5793.05,3,4,5,345
26112,Individual,170,2,5794.05,3,4,5,345
26111,Individual,160,2,5794.05,3,4,5,345
26116,Individual,156,2,5794.05,3,4,5,345
26083,Individual,155,2,5794.05,3,4,5,345
26060,Individual,202,2,5794.05,3,4,5,345
25974,Individual,193,2,5819.05,3,4,5,345
25982,Individual,194,2,5819.05,3,4,5,345
25924,Individual,189,2,5819.05,3,4,5,345
25980,Individual,204,2,5819.05,3,4,5,345
25975,Individual,197,2,5807.03,3,4,5,345
26097,Individual,160,2,5773.04,3,4,5,345
25973,Individual,204,2,5793.05,3,4,5,345
26089,Individual,161,2,5798.04,3,4,5,345
26107,Individual,162,2,5800.33,3,4,5,345
25976,Individual,189,2,5759.06,3,4,5,345
26042,Individual,184,2,5759.06,3,4,5,345
26110,Individual,173,2,5759.06,3,4,5,345
12468,Individual,134,2,5875.55,3,4,5,345
12441,Individual,191,2,5875.55,3,4,5,345
12255,Individual,193,2,5883.25,3,4,5,345
26061,Individual,204,2,5838.05,3,4,5,345
26056,Individual,203,2,5838.05,3,4,5,345
26058,Individual,198,2,5838.05,3,4,5,345
13847,Individual,149,2,5888.24,3,4,5,345
12110,Individual,186,2,5888.24,3,4,5,345
12290,Individual,178,2,5873.26,3,4,5,345
12267,Individual,166,2,5873.26,3,4,5,345
13687,Individual,154,2,5873.26,3,4,5,345
25943,Individual,201,2,5808.03,3,4,5,345
25978,Individual,192,2,5813.05,3,4,5,345
26090,Individual,159,2,5819.05,3,4,5,345
26091,Individual,182,2,5828.03,3,4,5,345
26066,Individual,195,2,5832.02,3,4,5,345
26096,Individual,168,2,5843.54,3,4,5,345
25990,Individual,202,2,5847.04,3,4,5,345
26114,Individual,176,2,5853.03,3,4,5,345
26041,Individual,195,2,5860.98,3,4,5,345
12383,Individual,174,2,5898.26,3,4,5,345
13689,Individual,158,2,5898.26,3,4,5,345
12464,Individual,138,2,5898.26,3,4,5,345
12483,Individual,136,2,5898.26,3,4,5,345
12884,Individual,135,2,5900.55,3,4,5,345
12777,Individual,177,2,5900.55,3,4,5,345
12442,Individual,180,2,5900.55,3,4,5,345
12096,Individual,193,2,5900.55,3,4,5,345
12211,Individual,198,2,5908.25,3,4,5,345
12756,Individual,177,2,5908.25,3,4,5,345
12771,Individual,175,2,5908.25,3,4,5,345
12773,Individual,173,2,5908.25,3,4,5,345
12881,Individual,143,2,5908.26,3,4,5,345
12120,Individual,184,2,5908.26,3,4,5,345
13661,Individual,176,2,5913.24,3,4,5,345
12772,Individual,162,2,5913.24,3,4,5,345
12179,Individual,205,2,5913.24,3,4,5,345
12027,Individual,187,2,5913.24,3,4,5,345
12904,Individual,150,2,5915.53,3,4,5,345
12448,Individual,182,2,5915.54,3,4,5,345
12901,Individual,151,2,5917.24,3,4,5,345
12435,Individual,184,2,5920.24,3,4,5,345
26057,Individual,190,2,5927.51,3,4,5,345
12280,Individual,169,2,5923.23,3,4,5,345
12474,Individual,141,2,5928.25,3,4,5,345
12761,Individual,173,2,5929.23,3,4,5,345
13846,Individual,135,2,5933.25,3,4,5,345
13678,Individual,160,2,5933.25,3,4,5,345
12882,Individual,140,2,5930.23,3,4,5,345
12109,Individual,200,2,5930.23,3,4,5,345
13679,Individual,181,2,5933.26,3,4,5,345
12774,Individual,156,2,5943.23,3,4,5,345
12770,Individual,165,2,5943.50,3,4,5,345
12121,Individual,184,2,5946.20,3,4,5,345
12108,Individual,205,2,5946.20,3,4,5,345
13563,Individual,174,2,5948.23,3,4,5,345
12446,Individual,157,2,5944.73,3,4,5,345
12780,Individual,134,2,5940.54,3,4,5,345
13821,Individual,141,2,5940.54,3,4,5,345
12075,Individual,188,2,5933.26,3,4,5,345
12373,Individual,165,2,5937.73,3,4,5,345
12452,Individual,182,2,5935.55,3,4,5,345
13680,Individual,176,2,5948.24,3,4,5,345
12769,Individual,173,2,5948.24,3,4,5,345
12450,Individual,164,2,5955.23,3,4,5,345
13783,Individual,143,2,5955.23,3,4,5,345
12033,Individual,200,2,5949.23,3,4,5,345
12220,Individual,184,2,5950.23,3,4,5,345
12256,Individual,166,2,5953.25,3,4,5,345
22251,Individual,158,2,5971.33,3,4,5,345
12030,Individual,187,2,5970.23,3,4,5,345
12198,Individual,204,2,5969.70,3,4,5,345
12221,Individual,193,2,5968.25,3,4,5,345
12285,Individual,168,2,5968.25,3,4,5,345
12886,Individual,135,2,5965.22,3,4,5,345
12219,Individual,186,2,5967.23,3,4,5,345
12254,Individual,184,2,5968.23,3,4,5,345
12094,Individual,188,2,5962.52,3,4,5,345
12265,Individual,176,2,5964.22,3,4,5,345
12898,Individual,141,2,5958.74,3,4,5,345
13691,Individual,154,2,5976.74,3,4,5,345
22247,Individual,199,2,5978.61,3,4,5,345
22765,Individual,141,2,5978.61,3,4,5,345
12042,Individual,201,2,5975.23,3,4,5,345
22234,Individual,201,2,5976.32,3,4,5,345
22373,Individual,151,2,5976.32,3,4,5,345
12279,Individual,169,2,5974.23,3,4,5,345
12261,Individual,161,2,5973.24,3,4,5,345
16429,Individual,192,2,4958.28,3,4,5,345
21216,Individual,148,2,4935.67,3,4,5,345
21179,Individual,172,2,4935.67,3,4,5,345
21561,Individual,153,2,4947.78,3,4,5,345
21556,Individual,138,2,4930.68,3,4,5,345
21393,Individual,137,2,4925.17,3,4,5,345
16442,Individual,187,2,4923.29,3,4,5,345
21201,Individual,167,2,4921.69,3,4,5,345
21205,Individual,178,2,4886.70,3,4,5,345
21559,Individual,134,2,4900.68,3,4,5,345
21166,Individual,173,2,4909.67,3,4,5,345
21211,Individual,166,2,4900.68,3,4,5,345
21558,Individual,145,2,4919.30,3,4,5,345
17915,Individual,144,2,4792.73,3,4,5,345
14478,Individual,147,2,4795.01,3,4,5,345
13249,Individual,192,2,4795.34,3,4,5,345
12710,Individual,187,2,4774.04,3,4,5,345
14459,Individual,137,2,4775.01,3,4,5,345
13418,Individual,168,2,4768.05,3,4,5,345
17732,Individual,197,2,4752.75,3,4,5,345
17735,Individual,174,2,4752.75,3,4,5,345
17733,Individual,193,2,4758.24,3,4,5,345
17909,Individual,176,2,4761.74,3,4,5,345
13909,Individual,148,2,4764.02,3,4,5,345
14041,Individual,145,2,4765.02,3,4,5,345
13345,Individual,204,2,4759.51,3,4,5,345
12154,Individual,190,2,4798.53,3,4,5,345
23819,Individual,201,2,4802.11,3,4,5,345
23830,Individual,162,2,4802.11,3,4,5,345
13440,Individual,176,2,4818.53,3,4,5,345
12177,Individual,195,2,4811.50,3,4,5,345
28662,Individual,204,2,4827.10,3,4,5,345
23842,Individual,133,2,4828.11,3,4,5,345
28395,Individual,141,2,4554.46,3,4,5,345
28394,Individual,162,2,4555.47,3,4,5,345
19988,Individual,167,2,4555.47,3,4,5,345
26638,Individual,149,2,4518.15,3,4,5,345
26328,Individual,177,2,4518.15,3,4,5,345
13994,Individual,141,2,4528.75,3,4,5,345
13527,Individual,199,2,4529.04,3,4,5,345
20023,Individual,145,2,4530.47,3,4,5,345
13528,Individual,163,2,4531.04,3,4,5,345
19829,Individual,186,2,4533.45,3,4,5,345
19874,Individual,204,2,4544.45,3,4,5,345
28393,Individual,181,2,4539.46,3,4,5,345
25865,Individual,205,2,4643.83,3,4,5,345
25955,Individual,145,2,4643.83,3,4,5,345
21203,Individual,155,2,4633.90,3,4,5,345
25876,Individual,164,2,4629.07,3,4,5,345
25863,Individual,187,2,4631.11,3,4,5,345
21202,Individual,155,2,4632.86,3,4,5,345
16451,Individual,157,2,4632.86,3,4,5,345
25866,Individual,176,2,4603.82,3,4,5,345
28419,Individual,136,2,4564.46,3,4,5,345
19884,Individual,189,2,4588.45,3,4,5,345
21402,Individual,135,2,4624.91,3,4,5,345
21408,Individual,149,2,4624.91,3,4,5,345
21215,Individual,136,2,4624.91,3,4,5,345
21168,Individual,161,2,4624.91,3,4,5,345
25888,Individual,182,2,4623.82,3,4,5,345
25910,Individual,144,2,4623.83,3,4,5,345
13529,Individual,171,2,4614.86,3,4,5,345
25952,Individual,141,2,4598.83,3,4,5,345
25905,Individual,146,2,4598.83,3,4,5,345
13660,Individual,168,2,4750.01,3,4,5,345
14281,Individual,137,2,4746.30,3,4,5,345
14118,Individual,133,2,4741.34,3,4,5,345
17736,Individual,156,2,4742.74,3,4,5,345
13101,Individual,195,2,4736.03,3,4,5,345
21225,Individual,133,2,4732.86,3,4,5,345
17919,Individual,138,2,4733.75,3,4,5,345
17918,Individual,144,2,4733.75,3,4,5,345
17917,Individual,151,2,4733.75,3,4,5,345
17913,Individual,149,2,4733.75,3,4,5,345
17904,Individual,177,2,4733.75,3,4,5,345
21560,Individual,136,2,4702.39,3,4,5,345
17911,Individual,152,2,4698.76,3,4,5,345
17914,Individual,138,2,4698.76,3,4,5,345
13460,Individual,177,2,4693.04,3,4,5,345
25917,Individual,133,2,4699.82,3,4,5,345
13908,Individual,165,2,4715.33,3,4,5,345
16476,Individual,167,2,4715.49,3,4,5,345
21555,Individual,139,2,4715.49,3,4,5,345
13343,Individual,189,2,4720.27,3,4,5,345
21404,Individual,148,2,4684.39,3,4,5,345
21553,Individual,146,2,4666.50,3,4,5,345
16513,Individual,175,2,4669.45,3,4,5,345
21173,Individual,175,2,4659.90,3,4,5,345
21218,Individual,147,2,4661.50,3,4,5,345
25886,Individual,166,2,4673.31,3,4,5,345
25887,Individual,162,2,4673.31,3,4,5,345
21165,Individual,174,2,4673.88,3,4,5,345
16475,Individual,142,2,4673.88,3,4,5,345
25909,Individual,142,2,4658.81,3,4,5,345
25879,Individual,165,2,4658.82,3,4,5,345
21226,Individual,144,2,4659.80,3,4,5,345
21214,Individual,147,2,4659.90,3,4,5,345
21217,Individual,136,2,4659.90,3,4,5,345
25895,Individual,173,2,4649.83,3,4,5,345
25878,Individual,165,2,4649.83,3,4,5,345
25916,Individual,135,2,4649.83,3,4,5,345
25964,Individual,134,2,4649.83,3,4,5,345
25889,Individual,164,2,4651.11,3,4,5,345
21183,Individual,168,2,4657.51,3,4,5,345
21167,Individual,154,2,4657.51,3,4,5,345
21394,Individual,141,2,4657.51,3,4,5,345
21169,Individual,181,2,4647.88,3,4,5,345
26320,Individual,155,2,4464.48,3,4,5,345
26511,Individual,154,2,4464.48,3,4,5,345
26324,Individual,163,2,4464.48,3,4,5,345
27097,Individual,149,2,4464.48,3,4,5,345
26539,Individual,140,2,4469.44,3,4,5,345
26491,Individual,160,2,4469.44,3,4,5,345
26532,Individual,144,2,4469.47,3,4,5,345
17229,Individual,199,2,4471.74,3,4,5,345
26718,Individual,142,2,4478.46,3,4,5,345
26325,Individual,158,2,4478.46,3,4,5,345
12500,Individual,147,2,4475.38,3,4,5,345
12860,Individual,188,2,4464.09,3,4,5,345
26313,Individual,165,2,4487.16,3,4,5,345
26603,Individual,133,2,4487.16,3,4,5,345
26342,Individual,178,2,4489.47,3,4,5,345
26301,Individual,168,2,4484.48,3,4,5,345
26642,Individual,153,2,4490.48,3,4,5,345
26534,Individual,152,2,4490.48,3,4,5,345
26611,Individual,136,2,4490.48,3,4,5,345
26245,Individual,172,2,4490.48,3,4,5,345
20007,Individual,152,2,4495.48,3,4,5,345
19989,Individual,181,2,4495.48,3,4,5,345
20000,Individual,161,2,4495.48,3,4,5,345
26201,Individual,175,2,4498.46,3,4,5,345
26708,Individual,141,2,4504.46,3,4,5,345
26609,Individual,137,2,4509.48,3,4,5,345
26610,Individual,153,2,4509.48,3,4,5,345
27093,Individual,147,2,4509.48,3,4,5,345
26727,Individual,152,2,4482.14,3,4,5,345
16596,Individual,162,2,4486.54,3,4,5,345
27092,Individual,143,2,4519.46,3,4,5,345
29238,Individual,134,2,4398.10,3,4,5,345
14167,Individual,175,2,4406.74,3,4,5,345
14148,Individual,174,2,4406.74,3,4,5,345
12276,Individual,197,2,4416.38,3,4,5,345
12495,Individual,164,2,4416.38,3,4,5,345
12501,Individual,142,2,4416.38,3,4,5,345
12546,Individual,146,2,4416.38,3,4,5,345
14149,Individual,159,2,4417.75,3,4,5,345
12484,Individual,161,2,4441.04,3,4,5,345
27074,Individual,146,2,4433.17,3,4,5,345
27073,Individual,141,2,4433.17,3,4,5,345
17247,Individual,180,2,4432.72,3,4,5,345
26327,Individual,168,2,4433.17,3,4,5,345
12275,Individual,183,2,4435.38,3,4,5,345
26604,Individual,135,2,4442.16,3,4,5,345
26698,Individual,142,2,4442.16,3,4,5,345
26326,Individual,154,2,4442.16,3,4,5,345
17255,Individual,146,2,4442.24,3,4,5,345
13557,Individual,187,2,4443.38,3,4,5,345
12768,Individual,195,2,4426.74,3,4,5,345
12270,Individual,203,2,4454.57,3,4,5,345
26728,Individual,151,2,4455.10,3,4,5,345
26293,Individual,156,2,4455.10,3,4,5,345
26339,Individual,179,2,4455.49,3,4,5,345
12475,Individual,159,2,4438.38,3,4,5,345
26694,Individual,150,2,4456.14,3,4,5,345
26292,Individual,177,2,4456.14,3,4,5,345
26487,Individual,177,2,4456.14,3,4,5,345
26319,Individual,161,2,4456.14,3,4,5,345
26602,Individual,151,2,4468.16,3,4,5,345
26540,Individual,146,2,4468.16,3,4,5,345
26684,Individual,145,2,4468.16,3,4,5,345
26703,Individual,136,2,4468.16,3,4,5,345
26247,Individual,163,2,4468.16,3,4,5,345
26530,Individual,162,2,4468.16,3,4,5,345
26338,Individual,154,2,4468.16,3,4,5,345
26490,Individual,175,2,4468.16,3,4,5,345
29167,Individual,184,2,4364.84,3,4,5,345
24664,Individual,163,2,4368.58,3,4,5,345
12548,Individual,153,2,4368.06,3,4,5,345
12378,Individual,188,2,4366.41,3,4,5,345
29242,Individual,142,2,4355.61,3,4,5,345
29237,Individual,170,2,4355.61,3,4,5,345
29223,Individual,174,2,4355.61,3,4,5,345
17246,Individual,160,2,4380.04,3,4,5,345
29222,Individual,165,2,4374.61,3,4,5,345
12388,Individual,162,2,4379.08,3,4,5,345
12499,Individual,155,2,4379.08,3,4,5,345
17248,Individual,150,2,4382.75,3,4,5,345
17241,Individual,161,2,4382.75,3,4,5,345
17240,Individual,173,2,4385.03,3,4,5,345
17242,Individual,162,2,4387.23,3,4,5,345
29255,Individual,140,2,4389.59,3,4,5,345
14709,Individual,143,2,4397.75,3,4,5,345
14147,Individual,175,2,4397.75,3,4,5,345
12487,Individual,167,2,4401.40,3,4,5,345
12479,Individual,163,2,4401.41,3,4,5,345
23534,Individual,199,2,4179.33,3,4,5,345
23432,Individual,198,2,4179.33,3,4,5,345
15055,Individual,194,2,4178.25,3,4,5,345
21191,Individual,160,2,4169.33,3,4,5,345
23645,Individual,157,2,4198.33,3,4,5,345
17873,Individual,198,2,4203.32,3,4,5,345
23538,Individual,196,2,4198.33,3,4,5,345
17898,Individual,194,2,4208.31,3,4,5,345
23421,Individual,186,2,4208.31,3,4,5,345
21189,Individual,171,2,4208.31,3,4,5,345
29168,Individual,190,2,4343.59,3,4,5,345
29174,Individual,194,2,4334.60,3,4,5,345
29236,Individual,156,2,4329.61,3,4,5,345
29202,Individual,193,2,4320.62,3,4,5,345
29225,Individual,167,2,4320.62,3,4,5,345
21192,Individual,162,2,4229.32,3,4,5,345
15038,Individual,156,2,3750.09,3,4,5,345
15030,Individual,197,2,3786.39,3,4,5,345
15044,Individual,153,2,3803.56,3,4,5,345
15036,Individual,168,2,3785.08,3,4,5,345
15035,Individual,157,2,3772.41,3,4,5,345
15262,Individual,138,2,3772.41,3,4,5,345
15425,Individual,136,2,3772.41,3,4,5,345
15033,Individual,182,2,3797.40,3,4,5,345
15032,Individual,185,2,3800.08,3,4,5,345
15435,Individual,139,2,3801.39,3,4,5,345
15042,Individual,142,2,3807.40,3,4,5,345
15040,Individual,157,2,3807.40,3,4,5,345
15041,Individual,176,2,3826.40,3,4,5,345
15043,Individual,148,2,3846.89,3,4,5,345
15037,Individual,162,2,3856.38,3,4,5,345
17893,Individual,197,2,3882.55,3,4,5,345
23433,Individual,201,2,3882.55,3,4,5,345
23434,Individual,194,2,3882.55,3,4,5,345
23545,Individual,166,2,3882.55,3,4,5,345
17940,Individual,176,2,3882.55,3,4,5,345
21180,Individual,177,2,3882.55,3,4,5,345
21206,Individual,151,2,3882.55,3,4,5,345
23651,Individual,173,2,3917.54,3,4,5,345
23435,Individual,185,2,3917.54,3,4,5,345
23533,Individual,193,2,3917.54,3,4,5,345
17928,Individual,188,2,3917.54,3,4,5,345
21197,Individual,143,2,3917.54,3,4,5,345
23660,Individual,139,2,3917.54,3,4,5,345
23422,Individual,192,2,3911.53,3,4,5,345
21194,Individual,144,2,3911.53,3,4,5,345
23652,Individual,174,2,3907.54,3,4,5,345
21193,Individual,150,2,3905.52,3,4,5,345
17934,Individual,163,2,3907.04,3,4,5,345
17929,Individual,174,2,3896.53,3,4,5,345
17941,Individual,136,2,3931.52,3,4,5,345
17947,Individual,142,2,3932.54,3,4,5,345
21200,Individual,145,2,3932.54,3,4,5,345
21222,Individual,147,2,3936.54,3,4,5,345
21228,Individual,153,2,3936.54,3,4,5,345
23640,Individual,181,2,3936.54,3,4,5,345
23429,Individual,204,2,3936.54,3,4,5,345
12251,Individual,194,2,3924.97,3,4,5,345
15054,Individual,205,2,4155.22,3,4,5,345
22118,Individual,187,2,4158.24,3,4,5,345
22117,Individual,199,2,4158.24,3,4,5,345
18193,Individual,180,2,4145.54,3,4,5,345
22128,Individual,188,2,4142.23,3,4,5,345
21195,Individual,153,2,4144.34,3,4,5,345
23539,Individual,179,2,4144.34,3,4,5,345
23648,Individual,177,2,4144.34,3,4,5,345
23656,Individual,140,2,4144.34,3,4,5,345
23655,Individual,137,2,4144.34,3,4,5,345
21199,Individual,135,2,4144.34,3,4,5,345
15063,Individual,172,2,4133.24,3,4,5,345
18196,Individual,160,2,4133.24,3,4,5,345
14997,Individual,183,2,4143.25,3,4,5,345
15073,Individual,161,2,4143.26,3,4,5,345
12250,Individual,203,2,3964.98,3,4,5,345
23436,Individual,205,2,3950.52,3,4,5,345
23425,Individual,203,2,3951.52,3,4,5,345
17945,Individual,151,2,3961.03,3,4,5,345
23661,Individual,140,2,3961.03,3,4,5,345
12252,Individual,188,2,3938.95,3,4,5,345
12248,Individual,203,2,3939.98,3,4,5,345
23649,Individual,156,2,3945.53,3,4,5,345
23593,Individual,179,2,3990.01,3,4,5,345
23653,Individual,164,2,3975.03,3,4,5,345
23544,Individual,163,2,3971.01,3,4,5,345
12253,Individual,197,2,4066.93,3,4,5,345
24503,Individual,183,2,3617.83,3,4,5,345
24502,Individual,196,2,3623.32,3,4,5,345
14453,Individual,189,2,3401.39,3,4,5,345
18167,Individual,146,2,3405.41,3,4,5,345
14473,Individual,189,2,3413.92,3,4,5,345
14472,Individual,186,2,3503.70,3,4,5,345
14470,Individual,203,2,3382.40,3,4,5,345
14447,Individual,203,2,3385.40,3,4,5,345
14498,Individual,204,2,3394.39,3,4,5,345
18157,Individual,140,2,3399.41,3,4,5,345
14477,Individual,186,2,3342.41,3,4,5,345
18176,Individual,133,2,3345.40,3,4,5,345
17188,Individual,181,2,3350.42,3,4,5,345
17196,Individual,164,2,3318.36,3,4,5,345
19029,Individual,141,2,3339.41,3,4,5,345
14438,Individual,187,2,3352.40,3,4,5,345
18183,Individual,142,2,3343.36,3,4,5,345
14394,Individual,191,2,3344.70,3,4,5,345
14471,Individual,202,2,3355.43,3,4,5,345
24485,Individual,199,2,3356.04,3,4,5,345
14411,Individual,185,2,3360.42,3,4,5,345
14481,Individual,185,2,3360.42,3,4,5,345
14448,Individual,190,2,3370.41,3,4,5,345
14442,Individual,196,2,3370.41,3,4,5,345
14452,Individual,205,2,3377.40,3,4,5,345
14400,Individual,199,2,3357.40,3,4,5,345
14457,Individual,187,2,3359.90,3,4,5,345
14451,Individual,202,2,3362.71,3,4,5,345
14440,Individual,194,2,3367.38,3,4,5,345
14421,Individual,190,2,3369.41,3,4,5,345
14419,Individual,197,2,3371.40,3,4,5,345
24506,Individual,194,2,3563.84,3,4,5,345
24504,Individual,202,2,3563.84,3,4,5,345
14141,Individual,188,2,3282.81,3,4,5,345
13039,Individual,138,2,3282.83,3,4,5,345
16275,Individual,172,2,3282.83,3,4,5,345
14170,Individual,181,2,3291.82,3,4,5,345
14392,Individual,184,2,3295.43,3,4,5,345
17206,Individual,173,2,3295.43,3,4,5,345
14461,Individual,200,2,3310.41,3,4,5,345
18171,Individual,151,2,3319.40,3,4,5,345
14485,Individual,201,2,3312.70,3,4,5,345
14439,Individual,194,2,3312.70,3,4,5,345
17187,Individual,182,2,3310.41,3,4,5,345
24505,Individual,201,2,3302.05,3,4,5,345
17195,Individual,180,2,3330.67,3,4,5,345
18185,Individual,140,2,3332.39,3,4,5,345
24478,Individual,187,2,3337.04,3,4,5,345
17792,Individual,170,2,3266.81,3,4,4,344
14169,Individual,164,2,3262.83,3,4,4,344
17828,Individual,148,2,3262.83,3,4,4,344
15346,Individual,171,2,3247.25,3,4,4,344
17793,Individual,141,2,3250.11,3,4,4,344
20863,Individual,159,2,3261.33,3,4,4,344
20825,Individual,203,2,3226.34,3,4,4,344
20864,Individual,137,2,3234.29,3,4,4,344
15944,Individual,152,2,3234.94,3,4,4,344
20862,Individual,192,2,3240.32,3,4,4,344
15852,Individual,141,2,3222.98,3,4,4,344
15499,Individual,155,2,3222.98,3,4,4,344
15845,Individual,136,2,3244.96,3,4,4,344
15780,Individual,136,2,3244.96,3,4,4,344
15841,Individual,149,2,3105.27,3,4,4,344
15941,Individual,142,2,3105.27,3,4,4,344
15372,Individual,165,2,3105.27,3,4,4,344
16491,Individual,166,2,3106.33,3,4,4,344
15965,Individual,135,2,3108.95,3,4,4,344
15969,Individual,140,2,3109.95,3,4,4,344
15517,Individual,156,2,3112.98,3,4,4,344
15321,Individual,176,2,3112.98,3,4,4,344
15535,Individual,149,2,3099.96,3,4,4,344
15419,Individual,182,2,3102.98,3,4,4,344
15404,Individual,171,2,3114.94,3,4,4,344
15351,Individual,168,2,3114.94,3,4,4,344
15280,Individual,163,2,3114.94,3,4,4,344
15518,Individual,143,2,3114.94,3,4,4,344
15897,Individual,149,2,3114.94,3,4,4,344
17933,Individual,196,2,3103.31,3,4,4,344
15737,Individual,153,2,3117.23,3,4,4,344
15492,Individual,163,2,3117.45,3,4,4,344
15542,Individual,142,2,3117.96,3,4,4,344
15954,Individual,137,2,3117.96,3,4,4,344
15166,Individual,195,2,3124.96,3,4,4,344
15959,Individual,142,2,3117.97,3,4,4,344
16754,Individual,180,2,3118.60,3,4,4,344
15417,Individual,173,2,3120.26,3,4,4,344
15483,Individual,175,2,3120.26,3,4,4,344
15873,Individual,135,2,3123.93,3,4,4,344
15482,Individual,179,2,3124.45,3,4,4,344
15961,Individual,137,2,3127.25,3,4,4,344
15991,Individual,147,2,3127.25,3,4,4,344
15388,Individual,182,2,3127.95,3,4,4,344
15369,Individual,172,2,3127.95,3,4,4,344
15411,Individual,159,2,3127.95,3,4,4,344
15398,Individual,169,2,3132.97,3,4,4,344
15899,Individual,153,2,3133.95,3,4,4,344
15394,Individual,155,2,3134.95,3,4,4,344
15329,Individual,168,2,3134.95,3,4,4,344
15302,Individual,173,2,3134.95,3,4,4,344
15983,Individual,152,2,3134.95,3,4,4,344
15349,Individual,178,2,3139.94,3,4,4,344
15739,Individual,152,2,3140.27,3,4,4,344
15989,Individual,144,2,3140.92,3,4,4,344
15365,Individual,167,2,3142.23,3,4,4,344
16103,Individual,177,2,3142.32,3,4,4,344
20048,Individual,185,2,3142.45,3,4,4,344
20060,Individual,175,2,3142.45,3,4,4,344
15934,Individual,143,2,3147.95,3,4,4,344
15396,Individual,156,2,3147.95,3,4,4,344
15843,Individual,136,2,3142.97,3,4,4,344
15200,Individual,174,2,3142.97,3,4,4,344
15380,Individual,166,2,3145.26,3,4,4,344
15350,Individual,159,2,3145.26,3,4,4,344
20164,Individual,133,2,3150.40,3,4,4,344
20049,Individual,159,2,3150.40,3,4,4,344
15399,Individual,156,2,3148.22,3,4,4,344
15195,Individual,157,2,3154.95,3,4,4,344
15949,Individual,153,2,3157.97,3,4,4,344
15976,Individual,137,2,3157.97,3,4,4,344
15389,Individual,160,2,3152.96,3,4,4,344
15320,Individual,166,2,3152.96,3,4,4,344
15481,Individual,165,2,3152.96,3,4,4,344
15842,Individual,137,2,3152.96,3,4,4,344
15500,Individual,157,2,3153.95,3,4,4,344
16678,Individual,156,2,3162.31,3,4,4,344
20149,Individual,176,2,3165.42,3,4,4,344
23992,Individual,178,2,3167.82,3,4,4,344
15196,Individual,178,2,3159.44,3,4,4,344
15769,Individual,145,2,3159.95,3,4,4,344
15374,Individual,161,2,3177.96,3,4,4,344
15367,Individual,176,2,3177.96,3,4,4,344
15371,Individual,181,2,3178.95,3,4,4,344
15888,Individual,136,2,3178.95,3,4,4,344
15770,Individual,143,2,3179.93,3,4,4,344
15985,Individual,149,2,3179.95,3,4,4,344
15484,Individual,156,2,3179.95,3,4,4,344
15167,Individual,168,2,3180.94,3,4,4,344
15521,Individual,141,2,3172.95,3,4,4,344
15429,Individual,181,2,3170.20,3,4,4,344
15194,Individual,164,2,3173.94,3,4,4,344
15952,Individual,142,2,3174.95,3,4,4,344
15322,Individual,163,2,3152.95,3,4,4,344
15491,Individual,182,2,3181.46,3,4,4,344
20165,Individual,144,2,3191.42,3,4,4,344
15364,Individual,176,2,3183.94,3,4,4,344
15379,Individual,169,2,3184.44,3,4,4,344
15992,Individual,151,2,3194.93,3,4,4,344
15501,Individual,165,2,3197.98,3,4,4,344
15348,Individual,170,2,3198.45,3,4,4,344
15851,Individual,146,2,3198.46,3,4,4,344
15534,Individual,146,2,3199.44,3,4,4,344
15328,Individual,163,2,3199.44,3,4,4,344
15193,Individual,155,2,3209.93,3,4,4,344
15781,Individual,142,2,3209.94,3,4,4,344
15203,Individual,163,2,3211.45,3,4,4,344
23316,Individual,184,2,2835.02,3,4,4,344
14995,Individual,192,2,2832.03,3,4,4,344
26623,Individual,175,2,2841.44,3,4,4,344
26618,Individual,184,2,2826.44,3,4,4,344
26624,Individual,157,2,2826.44,3,4,4,344
26625,Individual,168,2,2827.75,3,4,4,344
26622,Individual,180,2,2820.44,3,4,4,344
22583,Individual,200,2,2821.51,3,4,4,344
24178,Individual,147,2,2810.53,3,4,4,344
17958,Individual,160,2,2811.52,3,4,4,344
26617,Individual,198,2,2881.74,3,4,4,344
21423,Individual,137,2,2888.56,3,4,4,344
26632,Individual,133,2,2848.76,3,4,4,344
15027,Individual,137,2,2853.57,3,4,4,344
14671,Individual,172,2,2934.37,3,4,4,344
15169,Individual,142,2,2919.89,3,4,4,344
14347,Individual,197,2,2900.39,3,4,4,344
23313,Individual,184,2,2906.03,3,4,4,344
24167,Individual,147,2,2983.34,3,4,4,344
24251,Individual,146,2,2983.34,3,4,4,344
24000,Individual,165,2,2983.34,3,4,4,344
23995,Individual,160,2,2983.34,3,4,4,344
24161,Individual,173,2,2983.34,3,4,4,344
24001,Individual,173,2,2983.34,3,4,4,344
23099,Individual,199,2,2983.34,3,4,4,344
13029,Individual,200,2,2961.04,3,4,4,344
15208,Individual,137,2,2951.56,3,4,4,344
26619,Individual,165,2,2972.77,3,4,4,344
15064,Individual,155,2,2992.33,3,4,4,344
14501,Individual,200,2,2994.09,3,4,4,344
23325,Individual,190,2,2997.32,3,4,4,344
24241,Individual,152,2,2997.32,3,4,4,344
15022,Individual,145,2,2999.91,3,4,4,344
16260,Individual,175,2,3001.02,3,4,4,344
14348,Individual,190,2,2989.38,3,4,4,344
17632,Individual,201,2,3001.02,3,4,4,344
13705,Individual,159,2,3018.33,3,4,4,344
24170,Individual,141,2,3018.33,3,4,4,344
26040,Individual,205,2,3018.33,3,4,4,344
14524,Individual,177,2,3001.04,3,4,4,344
16317,Individual,136,2,3001.04,3,4,4,344
16328,Individual,133,2,3001.04,3,4,4,344
24162,Individual,176,2,3004.83,3,4,4,344
24171,Individual,133,2,3006.31,3,4,4,344
23100,Individual,201,2,3007.12,3,4,4,344
14154,Individual,158,2,3018.00,3,4,4,344
16277,Individual,176,2,3010.03,3,4,4,344
13840,Individual,185,2,3010.03,3,4,4,344
14585,Individual,190,2,3016.07,3,4,4,344
14572,Individual,191,2,3016.07,3,4,4,344
14538,Individual,136,2,3017.01,3,4,4,344
16272,Individual,168,2,3021.04,3,4,4,344
17782,Individual,198,2,3021.04,3,4,4,344
16318,Individual,149,2,3021.02,3,4,4,344
17849,Individual,150,2,3025.53,3,4,4,344
18131,Individual,143,2,3021.38,3,4,4,344
13714,Individual,173,2,3033.31,3,4,4,344
14603,Individual,185,2,3034.07,3,4,4,344
18132,Individual,142,2,3034.07,3,4,4,344
14510,Individual,190,2,3036.37,3,4,4,344
17969,Individual,148,2,3040.31,3,4,4,344
24176,Individual,143,2,3042.82,3,4,4,344
23322,Individual,185,2,3042.82,3,4,4,344
24007,Individual,162,2,3042.82,3,4,4,344
14584,Individual,195,2,3040.04,3,4,4,344
18137,Individual,143,2,3043.06,3,4,4,344
17968,Individual,157,2,3043.33,3,4,4,344
17889,Individual,189,2,3043.33,3,4,4,344
17948,Individual,168,2,3045.30,3,4,4,344
14599,Individual,205,2,3054.08,3,4,4,344
14596,Individual,191,2,3056.05,3,4,4,344
16654,Individual,175,2,3056.32,3,4,4,344
16201,Individual,192,2,3058.01,3,4,4,344
24179,Individual,146,2,3052.31,3,4,4,344
26115,Individual,196,2,3052.80,3,4,4,344
14998,Individual,175,2,3058.31,3,4,4,344
15003,Individual,163,2,3048.56,3,4,4,344
24160,Individual,168,2,3046.84,3,4,4,344
24165,Individual,169,2,3046.84,3,4,4,344
17937,Individual,177,2,3068.82,3,4,4,344
23321,Individual,198,2,3060.82,3,4,4,344
18143,Individual,144,2,3063.06,3,4,4,344
16758,Individual,160,2,3062.34,3,4,4,344
23993,Individual,176,2,3072.32,3,4,4,344
15004,Individual,178,2,3073.31,3,4,4,344
15980,Individual,138,2,3077.98,3,4,4,344
17639,Individual,195,2,3075.03,3,4,4,344
14601,Individual,202,2,3076.06,3,4,4,344
14657,Individual,205,2,3076.06,3,4,4,344
15303,Individual,154,2,3077.98,3,4,4,344
15480,Individual,162,2,3077.98,3,4,4,344
13716,Individual,133,2,3078.31,3,4,4,344
15023,Individual,187,2,3079.57,3,4,4,344
15840,Individual,138,2,3080.27,3,4,4,344
15914,Individual,144,2,3080.27,3,4,4,344
15199,Individual,163,2,3080.27,3,4,4,344
13055,Individual,145,2,3084.02,3,4,4,344
14656,Individual,200,2,3084.06,3,4,4,344
15493,Individual,169,2,3099.96,3,4,4,344
14664,Individual,194,2,3100.55,3,4,4,344
16098,Individual,166,2,3101.29,3,4,4,344
15345,Individual,180,2,3101.95,3,4,4,344
15948,Individual,139,2,3092.96,3,4,4,344
17956,Individual,145,2,2431.36,3,4,4,344
17973,Individual,144,2,2551.36,3,4,4,344
12572,Individual,140,2,2611.41,3,4,4,344
21622,Individual,136,2,2612.06,3,4,4,344
16164,Individual,137,2,2639.08,3,4,4,344
12570,Individual,170,2,2654.06,3,4,4,344
16163,Individual,147,2,2641.39,3,4,4,344
12571,Individual,178,2,2641.39,3,4,4,344
12573,Individual,151,2,2668.08,3,4,4,344
17894,Individual,159,2,2710.42,3,4,4,344
17950,Individual,178,2,2732.70,3,4,4,344
24169,Individual,152,2,2735.53,3,4,4,344
24172,Individual,147,2,2735.53,3,4,4,344
23102,Individual,198,2,2730.54,3,4,4,344
23320,Individual,203,2,2730.54,3,4,4,344
26113,Individual,193,2,2730.54,3,4,4,344
24008,Individual,164,2,2730.54,3,4,4,344
23999,Individual,180,2,2730.54,3,4,4,344
15079,Individual,135,2,2731.54,3,4,4,344
16161,Individual,187,2,2700.05,3,4,4,344
17885,Individual,169,2,2701.43,3,4,4,344
14109,Individual,167,2,2701.43,3,4,4,344
24006,Individual,161,2,2721.55,3,4,4,344
24177,Individual,152,2,2721.55,3,4,4,344
24247,Individual,150,2,2721.55,3,4,4,344
24004,Individual,175,2,2744.52,3,4,4,344
23996,Individual,171,2,2744.52,3,4,4,344
24002,Individual,168,2,2744.52,3,4,4,344
23323,Individual,185,2,2745.33,3,4,4,344
24175,Individual,135,2,2743.04,3,4,4,344
17787,Individual,198,2,2726.42,3,4,4,344
17891,Individual,176,2,2736.42,3,4,4,344
24009,Individual,172,2,2746.04,3,4,4,344
23314,Individual,196,2,2744.52,3,4,4,344
23098,Individual,187,2,2745.33,3,4,4,344
15454,Individual,146,2,2746.55,3,4,4,344
14966,Individual,191,2,2746.55,3,4,4,344
17959,Individual,157,2,2748.83,3,4,4,344
26202,Individual,204,2,2749.32,3,4,4,344
15451,Individual,135,2,2756.54,3,4,4,344
17890,Individual,185,2,2753.52,3,4,4,344
14965,Individual,190,2,2753.82,3,4,4,344
17827,Individual,188,2,2755.42,3,4,4,344
17830,Individual,188,2,2751.42,3,4,4,344
17944,Individual,163,2,2751.42,3,4,4,344
17900,Individual,170,2,2751.42,3,4,4,344
22582,Individual,200,2,2756.54,3,4,4,344
22986,Individual,197,2,2756.54,3,4,4,344
24242,Individual,148,2,2756.54,3,4,4,344
24159,Individual,169,2,2756.54,3,4,4,344
24005,Individual,171,2,2756.54,3,4,4,344
24163,Individual,175,2,2756.54,3,4,4,344
23998,Individual,176,2,2756.54,3,4,4,344
17932,Individual,158,2,2765.40,3,4,4,344
24164,Individual,168,2,2760.02,3,4,4,344
17897,Individual,164,2,2779.91,3,4,4,344
17943,Individual,166,2,2781.54,3,4,4,344
15061,Individual,182,2,2781.54,3,4,4,344
15002,Individual,170,2,2781.54,3,4,4,344
15457,Individual,134,2,2781.54,3,4,4,344
23994,Individual,162,2,2790.52,3,4,4,344
17892,Individual,185,2,2787.51,3,4,4,344
24166,Individual,146,2,2789.52,3,4,4,344
23097,Individual,183,2,2770.52,3,4,4,344
17962,Individual,163,2,2777.52,3,4,4,344
13715,Individual,137,2,2778.52,3,4,4,344
17972,Individual,151,2,2791.53,3,4,4,344
26627,Individual,138,2,2791.45,3,4,4,344
23101,Individual,195,2,2795.01,3,4,4,344
26616,Individual,199,2,2800.44,3,4,4,344
24003,Individual,180,2,2806.53,3,4,4,344
15067,Individual,150,2,2803.52,3,4,4,344
21067,Individual,199,2,2483.98,3,4,4,344
21669,Individual,190,2,2483.98,3,4,4,344
21060,Individual,188,2,2508.47,3,4,4,344
26683,Individual,134,2,1270.82,3,4,4,344
26640,Individual,166,2,1288.06,3,4,4,344
14652,Individual,155,2,1528.07,3,4,4,344
14740,Individual,147,2,1533.56,3,4,4,344
14645,Individual,165,2,1538.58,3,4,4,344
14650,Individual,162,2,1538.58,3,4,4,344
14757,Individual,143,2,1538.58,3,4,4,344
14636,Individual,203,2,1538.58,3,4,4,344
14634,Individual,187,2,1538.58,3,4,4,344
14646,Individual,180,2,1538.56,3,4,4,344
14617,Individual,200,2,1538.56,3,4,4,344
14577,Individual,204,2,1505.86,3,4,4,344
14738,Individual,151,2,1503.58,3,4,4,344
14576,Individual,202,2,1476.54,3,4,4,344
14726,Individual,161,2,1483.57,3,4,4,344
14852,Individual,139,2,1468.59,3,4,4,344
14739,Individual,135,2,1500.87,3,4,4,344
14591,Individual,204,2,1500.87,3,4,4,344
15909,Individual,194,2,1380.25,3,4,4,344
15994,Individual,182,2,1391.95,3,4,4,344
15953,Individual,183,2,1357.97,3,4,4,344
15908,Individual,201,2,1413.93,3,4,4,344
14589,Individual,198,2,1468.59,3,4,4,344
14610,Individual,187,2,1468.59,3,4,4,344
14722,Individual,178,2,1468.59,3,4,4,344
15987,Individual,158,2,1404.95,3,4,4,344
15986,Individual,199,2,1422.94,3,4,4,344
19366,Individual,138,2,1617.46,3,4,4,344
14614,Individual,195,2,1645.55,3,4,4,344
14643,Individual,162,2,1613.06,3,4,4,344
26533,Individual,167,2,1629.41,3,4,4,344
14653,Individual,177,2,1547.57,3,4,4,344
26529,Individual,172,2,1549.42,3,4,4,344
14639,Individual,198,2,1547.57,3,4,4,344
14727,Individual,169,2,1563.07,3,4,4,344
14728,Individual,159,2,1563.07,3,4,4,344
26373,Individual,174,2,1565.91,3,4,4,344
19338,Individual,166,2,1583.45,3,4,4,344
19323,Individual,185,2,1584.76,3,4,4,344
14660,Individual,172,2,1588.57,3,4,4,344
14651,Individual,168,2,1588.57,3,4,4,344
14647,Individual,159,2,1588.57,3,4,4,344
14746,Individual,138,2,1588.57,3,4,4,344
14756,Individual,148,2,1588.57,3,4,4,344
14590,Individual,199,2,1597.56,3,4,4,344
19173,Individual,192,2,1594.42,3,4,4,344
14649,Individual,180,2,1601.56,3,4,4,344
14662,Individual,171,2,1602.08,3,4,4,344
21540,Individual,204,2,1602.47,3,4,4,344
19324,Individual,202,2,1602.47,3,4,4,344
25108,Individual,176,2,2199.41,3,4,4,344
25029,Individual,183,2,2272.20,3,4,4,344
20835,Individual,164,2,2002.44,3,4,4,344
25214,Individual,190,2,2149.91,3,4,4,344
25225,Individual,185,2,2129.92,3,4,4,344
25221,Individual,181,2,2143.90,3,4,4,344
25229,Individual,197,2,2155.92,3,4,4,344
25243,Individual,180,2,2155.92,3,4,4,344
25133,Individual,183,2,2155.92,3,4,4,344
25112,Individual,160,2,2155.92,3,4,4,344
25235,Individual,157,2,2155.92,3,4,4,344
25114,Individual,166,2,2155.92,3,4,4,344
25226,Individual,193,2,2158.90,3,4,4,344
25113,Individual,163,2,2180.41,3,4,4,344
25030,Individual,161,2,2180.41,3,4,4,344
25234,Individual,198,2,2174.92,3,4,4,344
25218,Individual,202,2,2184.90,3,4,4,344
25032,Individual,180,2,2184.90,3,4,4,344
25231,Individual,202,2,2189.90,3,4,4,344
26131,Individual,142,2,1952.45,3,4,4,344
26142,Individual,139,2,1952.45,3,4,4,344
20842,Individual,145,2,1952.45,3,4,4,344
20847,Individual,135,2,1947.46,3,4,4,344
26019,Individual,144,2,1957.47,3,4,4,344
26153,Individual,150,2,1957.47,3,4,4,344
20845,Individual,142,2,1957.47,3,4,4,344
25138,Individual,194,2,2120.93,3,4,4,344
25240,Individual,168,2,2120.93,3,4,4,344
25222,Individual,157,2,2120.93,3,4,4,344
25242,Individual,175,2,2120.93,3,4,4,344
25033,Individual,177,2,2120.93,3,4,4,344
25228,Individual,183,2,2120.93,3,4,4,344
26162,Individual,153,2,1903.48,3,4,4,344
26167,Individual,153,2,1903.48,3,4,4,344
25958,Individual,150,2,1903.48,3,4,4,344
26161,Individual,147,2,1903.48,3,4,4,344
20843,Individual,140,2,1903.48,3,4,4,344
25961,Individual,141,2,1938.47,3,4,4,344
20836,Individual,163,2,1938.47,3,4,4,344
20841,Individual,174,2,1938.47,3,4,4,344
20854,Individual,135,2,1938.47,3,4,4,344
20870,Individual,135,2,1938.47,3,4,4,344
25823,Individual,170,2,1887.56,3,4,4,344
25831,Individual,138,2,1882.57,3,4,4,344
25250,Individual,154,2,1883.56,3,4,4,344
25821,Individual,158,2,1879.07,3,4,4,344
25294,Individual,156,2,1882.57,3,4,4,344
25249,Individual,159,2,1868.56,3,4,4,344
25272,Individual,177,2,1873.58,3,4,4,344
25819,Individual,169,2,1873.58,3,4,4,344
25946,Individual,177,2,1873.58,3,4,4,344
25829,Individual,152,2,1894.07,3,4,4,344
25273,Individual,165,2,1898.07,3,4,4,344
25252,Individual,160,2,1893.05,3,4,4,344
25826,Individual,135,2,1854.58,3,4,4,344
25947,Individual,166,2,1854.58,3,4,4,344
25270,Individual,163,2,1854.58,3,4,4,344
25271,Individual,154,2,1854.58,3,4,4,344
25822,Individual,167,2,1819.59,3,4,4,344
25948,Individual,168,2,1819.59,3,4,4,344
25920,Individual,180,2,1819.59,3,4,4,344
17290,Individual,169,2,92.97,3,4,3,343
18270,Individual,202,2,94.47,3,4,3,343
11771,Individual,189,2,94.48,3,4,3,343
11704,Individual,196,2,93.98,3,4,3,343
13034,Individual,142,2,94.71,3,4,3,343
17287,Individual,139,2,95.26,3,4,3,343
19589,Individual,145,2,95.26,3,4,3,343
20280,Individual,137,2,95.94,3,4,3,343
19629,Individual,180,2,109.44,3,4,3,343
11187,Individual,176,2,107.48,3,4,3,343
13791,Individual,141,2,107.85,3,4,3,343
12085,Individual,158,2,108.46,3,4,3,343
12927,Individual,190,2,108.46,3,4,3,343
14955,Individual,166,2,103.97,3,4,3,343
11962,Individual,166,2,102.97,3,4,3,343
14184,Individual,184,2,105.24,3,4,3,343
12920,Individual,141,2,105.95,3,4,3,343
11670,Individual,133,2,100.27,3,4,3,343
11814,Individual,143,2,101.26,3,4,3,343
11517,Individual,159,2,101.76,3,4,3,343
12610,Individual,135,2,101.95,3,4,3,343
11674,Individual,164,2,96.27,3,4,3,343
19862,Individual,196,2,98.48,3,4,3,343
15147,Individual,176,2,97.45,3,4,3,343
16619,Individual,192,2,97.58,3,4,3,343
13816,Individual,152,2,260.83,3,4,3,343
11788,Individual,162,2,255.27,3,4,3,343
18852,Individual,144,2,268.25,3,4,3,343
14320,Individual,133,2,261.95,3,4,3,343
12260,Individual,184,2,241.76,3,4,3,343
18492,Individual,179,2,218.26,3,4,3,343
13180,Individual,156,2,201.46,3,4,3,343
16689,Individual,162,2,290.46,3,4,3,343
16666,Individual,187,2,205.44,3,4,3,343
11197,Individual,193,2,207.56,3,4,3,343
11087,Individual,173,2,200.28,3,4,3,343
21251,Individual,181,2,191.27,3,4,3,343
15235,Individual,155,2,190.89,3,4,3,343
17213,Individual,200,2,179.95,3,4,3,343
13983,Individual,187,2,180.41,3,4,3,343
11201,Individual,142,2,180.94,3,4,3,343
14278,Individual,158,2,177.46,3,4,3,343
14554,Individual,173,2,178.45,3,4,3,343
16584,Individual,200,2,172.95,3,4,3,343
19955,Individual,157,2,173.45,3,4,3,343
11732,Individual,167,2,173.47,3,4,3,343
17298,Individual,173,2,174.45,3,4,3,343
17422,Individual,181,2,174.92,3,4,3,343
15146,Individual,200,2,161.94,3,4,3,343
16023,Individual,173,2,166.89,3,4,3,343
16590,Individual,165,2,168.95,3,4,3,343
17410,Individual,145,2,168.74,3,4,3,343
16617,Individual,137,2,160.55,3,4,3,343
18278,Individual,197,2,158.95,3,4,3,343
17551,Individual,160,2,160.92,3,4,3,343
18523,Individual,178,2,160.94,3,4,3,343
12413,Individual,169,2,162.28,3,4,3,343
14540,Individual,148,2,156.25,3,4,3,343
12931,Individual,194,2,155.94,3,4,3,343
12414,Individual,151,2,157.29,3,4,3,343
14840,Individual,139,2,157.96,3,4,3,343
11821,Individual,148,2,151.43,3,4,3,343
11782,Individual,135,2,151.75,3,4,3,343
11807,Individual,139,2,153.46,3,4,3,343
14993,Individual,196,2,152.94,3,4,3,343
11164,Individual,177,2,144.76,3,4,3,343
17482,Individual,180,2,146.94,3,4,3,343
15577,Individual,170,2,143.45,3,4,3,343
18055,Individual,173,2,143.91,3,4,3,343
11128,Individual,170,2,143.94,3,4,3,343
16709,Individual,188,2,143.94,3,4,3,343
14318,Individual,157,2,138.45,3,4,3,343
14311,Individual,171,2,138.45,3,4,3,343
18186,Individual,176,2,139.44,3,4,3,343
14804,Individual,185,2,138.96,3,4,3,343
20740,Individual,140,2,140.94,3,4,3,343
18285,Individual,164,2,141.55,3,4,3,343
16910,Individual,200,2,141.96,3,4,3,343
18644,Individual,204,2,135.44,3,4,3,343
16177,Individual,199,2,133.34,3,4,3,343
11838,Individual,154,2,135.21,3,4,3,343
12067,Individual,187,2,133.96,3,4,3,343
11804,Individual,170,2,133.96,3,4,3,343
17077,Individual,204,2,138.45,3,4,3,343
11932,Individual,188,2,136.25,3,4,3,343
12022,Individual,149,2,136.25,3,4,3,343
11208,Individual,134,2,134.23,3,4,3,343
16711,Individual,201,2,132.95,3,4,3,343
16564,Individual,157,2,132.27,3,4,3,343
15025,Individual,152,2,128.94,3,4,3,343
18756,Individual,153,2,128.41,3,4,3,343
13505,Individual,184,2,127.93,3,4,3,343
16613,Individual,162,2,129.35,3,4,3,343
12100,Individual,134,2,129.47,3,4,3,343
16386,Individual,157,2,129.95,3,4,3,343
11695,Individual,163,2,128.97,3,4,3,343
18707,Individual,136,2,122.76,3,4,3,343
14314,Individual,173,2,122.95,3,4,3,343
15239,Individual,177,2,123.45,3,4,3,343
17303,Individual,142,2,123.45,3,4,3,343
17060,Individual,137,2,123.96,3,4,3,343
17053,Individual,138,2,123.96,3,4,3,343
13981,Individual,193,2,124.21,3,4,3,343
12195,Individual,186,2,124.41,3,4,3,343
11832,Individual,142,2,124.97,3,4,3,343
11852,Individual,149,2,124.97,3,4,3,343
14518,Individual,181,2,126.95,3,4,3,343
16241,Individual,138,2,126.96,3,4,3,343
11731,Individual,178,2,121.45,3,4,3,343
14016,Individual,146,2,121.06,3,4,3,343
11699,Individual,173,2,122.25,3,4,3,343
20746,Individual,204,2,119.95,3,4,3,343
19618,Individual,183,2,119.45,3,4,3,343
12138,Individual,151,2,119.91,3,4,3,343
11669,Individual,163,2,113.21,3,4,3,343
11672,Individual,133,2,113.48,3,4,3,343
11646,Individual,188,2,113.48,3,4,3,343
11658,Individual,189,2,111.96,3,4,3,343
12502,Individual,144,2,110.46,3,4,3,343
17710,Individual,187,2,113.94,3,4,3,343
15581,Individual,156,2,113.94,3,4,3,343
19619,Individual,194,2,112.75,3,4,3,343
14067,Individual,166,2,114.96,3,4,3,343
16198,Individual,203,2,114.96,3,4,3,343
14208,Individual,195,2,117.43,3,4,3,343
11720,Individual,189,2,117.95,3,4,3,343
19610,Individual,166,2,118.94,3,4,3,343
14199,Individual,158,2,118.94,3,4,3,343
18978,Individual,139,2,118.73,3,4,3,343
15735,Individual,144,2,116.25,3,4,3,343
15593,Individual,197,2,116.26,3,4,3,343
15606,Individual,164,2,115.93,3,4,3,343
15153,Individual,152,2,113.97,3,4,3,343
18257,Individual,164,2,115.95,3,4,3,343
14836,Individual,164,2,115.25,3,4,3,343
14809,Individual,180,2,115.25,3,4,3,343
18875,Individual,139,2,114.95,3,4,3,343
16243,Individual,156,2,91.97,3,4,2,342
16704,Individual,201,2,91.26,3,4,2,342
19001,Individual,178,2,91.95,3,4,2,342
18686,Individual,178,2,91.95,3,4,2,342
11855,Individual,140,2,89.98,3,4,2,342
14237,Individual,171,2,90.25,3,4,2,342
17284,Individual,180,2,90.25,3,4,2,342
12465,Individual,154,2,83.42,3,4,2,342
19973,Individual,145,2,83.44,3,4,2,342
12126,Individual,167,2,81.76,3,4,2,342
16256,Individual,147,2,81.96,3,4,2,342
14221,Individual,154,2,82.26,3,4,2,342
12091,Individual,149,2,83.97,3,4,2,342
12024,Individual,165,2,83.97,3,4,2,342
14231,Individual,188,2,83.97,3,4,2,342
17235,Individual,194,2,83.98,3,4,2,342
17230,Individual,161,2,83.98,3,4,2,342
17231,Individual,150,2,83.98,3,4,2,342
12066,Individual,133,2,84.99,3,4,2,342
11858,Individual,201,2,84.99,3,4,2,342
11846,Individual,203,2,84.99,3,4,2,342
11648,Individual,149,2,88.99,3,4,2,342
11689,Individual,149,2,88.99,3,4,2,342
13150,Individual,177,2,89.24,3,4,2,342
18927,Individual,165,2,89.25,3,4,2,342
18306,Individual,190,2,87.77,3,4,2,342
11822,Individual,156,2,87.28,3,4,2,342
18261,Individual,149,2,85.96,3,4,2,342
18194,Individual,177,2,85.96,3,4,2,342
17061,Individual,198,2,86.27,3,4,2,342
17236,Individual,186,2,86.27,3,4,2,342
14233,Individual,187,2,78.97,3,4,2,342
14665,Individual,200,2,81.26,3,4,2,342
15131,Individual,163,2,81.26,3,4,2,342
17333,Individual,146,2,80.94,3,4,2,342
13582,Individual,154,2,77.96,3,4,2,342
19085,Individual,172,2,78.26,3,4,2,342
16602,Individual,148,2,77.27,3,4,2,342
11213,Individual,142,2,77.27,3,4,2,342
11311,Individual,138,2,77.27,3,4,2,342
11737,Individual,196,2,77.27,3,4,2,342
14516,Individual,200,2,78.98,3,4,2,342
19570,Individual,141,2,74.94,3,4,2,342
16621,Individual,139,2,73.86,3,4,2,342
16487,Individual,196,2,73.24,3,4,2,342
11225,Individual,145,2,73.25,3,4,2,342
15019,Individual,157,2,72.96,3,4,2,342
14854,Individual,159,2,72.96,3,4,2,342
12168,Individual,159,2,72.88,3,4,2,342
18266,Individual,163,2,72.26,3,4,2,342
11744,Individual,155,2,72.28,3,4,2,342
11320,Individual,163,2,72.21,3,4,2,342
17087,Individual,186,2,75.21,3,4,2,342
12540,Individual,164,2,75.47,3,4,2,342
11785,Individual,151,2,74.98,3,4,2,342
14072,Individual,164,2,74.98,3,4,2,342
11960,Individual,185,2,74.98,3,4,2,342
12294,Individual,166,2,75.48,3,4,2,342
14172,Individual,133,2,75.74,3,4,2,342
16674,Individual,153,2,76.15,3,4,2,342
20085,Individual,162,2,76.76,3,4,2,342
14068,Individual,163,2,77.27,3,4,2,342
11366,Individual,167,2,77.27,3,4,2,342
17075,Individual,160,2,77.27,3,4,2,342
11288,Individual,161,2,77.27,3,4,2,342
11305,Individual,178,2,77.27,3,4,2,342
11800,Individual,169,2,77.27,3,4,2,342
11280,Individual,174,2,77.27,3,4,2,342
11434,Individual,198,2,70.46,3,4,2,342
15261,Individual,185,2,70.74,3,4,2,342
11210,Individual,145,2,70.76,3,4,2,342
15811,Individual,196,2,71.16,3,4,2,342
18211,Individual,191,2,65.96,3,4,2,342
11953,Individual,135,2,65.25,3,4,2,342
19014,Individual,195,2,65.95,3,4,2,342
18300,Individual,168,2,64.88,3,4,2,342
15604,Individual,138,2,66.75,3,4,2,342
16606,Individual,166,2,67.17,3,4,2,342
13676,Individual,162,2,68.87,3,4,2,342
16681,Individual,204,2,68.87,3,4,2,342
16683,Individual,179,2,69.87,3,4,2,342
17835,Individual,151,2,69.96,3,4,2,342
19608,Individual,182,2,68.45,3,4,2,342
11269,Individual,141,2,42.28,3,4,2,342
11306,Individual,144,2,42.28,3,4,2,342
12150,Individual,147,2,42.95,3,4,2,342
12733,Individual,145,2,42.97,3,4,2,342
12593,Individual,153,2,42.97,3,4,2,342
13516,Individual,166,2,43.97,3,4,2,342
12985,Individual,190,2,43.99,3,4,2,342
11283,Individual,154,2,44.57,3,4,2,342
11620,Individual,186,2,44.57,3,4,2,342
16464,Individual,144,2,44.97,3,4,2,342
12595,Individual,178,2,40.27,3,4,2,342
17331,Individual,147,2,40.96,3,4,2,342
15031,Individual,158,2,41.27,3,4,2,342
11193,Individual,164,2,41.28,3,4,2,342
11157,Individual,140,2,41.28,3,4,2,342
11181,Individual,202,2,41.28,3,4,2,342
11163,Individual,177,2,46.27,3,4,2,342
19962,Individual,194,2,46.75,3,4,2,342
18253,Individual,168,2,45.95,3,4,2,342
18221,Individual,156,2,45.95,3,4,2,342
12729,Individual,176,2,45.26,3,4,2,342
12636,Individual,199,2,48.97,3,4,2,342
11174,Individual,188,2,48.56,3,4,2,342
11043,Individual,164,2,47.98,3,4,2,342
11882,Individual,201,2,47.94,3,4,2,342
11863,Individual,147,2,47.94,3,4,2,342
16511,Individual,198,2,47.26,3,4,2,342
11258,Individual,198,2,49.23,3,4,2,342
18411,Individual,191,2,56.96,3,4,2,342
12201,Individual,173,2,58.18,3,4,2,342
11024,Individual,187,2,56.51,3,4,2,342
20764,Individual,181,2,56.76,3,4,2,342
12095,Individual,179,2,56.93,3,4,2,342
15241,Individual,176,2,51.91,3,4,2,342
18600,Individual,199,2,51.97,3,4,2,342
18081,Individual,183,2,51.97,3,4,2,342
16543,Individual,143,2,53.96,3,4,2,342
15809,Individual,193,2,62.59,3,4,2,342
19103,Individual,155,2,63.91,3,4,2,342
18192,Individual,168,2,63.97,3,4,2,342
14008,Individual,188,2,63.97,3,4,2,342
13045,Individual,196,2,62.27,3,4,2,342
15136,Individual,143,2,62.27,3,4,2,342
16563,Individual,205,2,62.95,3,4,2,342
14123,Individual,198,2,61.58,3,4,2,342
19622,Individual,185,2,61.75,3,4,2,342
15234,Individual,184,2,59.98,3,4,2,342
18705,Individual,188,2,59.26,3,4,2,342
15592,Individual,134,2,59.98,3,4,2,342
15603,Individual,166,2,39.97,3,4,1,341
15232,Individual,163,2,39.97,3,4,1,341
18704,Individual,155,2,33.26,3,4,1,341
16733,Individual,176,2,35.26,3,4,1,341
19751,Individual,155,2,37.27,3,4,1,341
15242,Individual,159,2,37.27,3,4,1,341
19757,Individual,153,2,37.27,3,4,1,341
19729,Individual,196,2,37.27,3,4,1,341
19626,Individual,191,2,39.46,3,4,1,341
15264,Individual,148,2,38.98,3,4,1,341
16932,Individual,149,2,14.56,3,4,1,341
18712,Individual,154,2,24.27,3,4,1,341
18298,Individual,155,2,24.27,3,4,1,341
15026,Individual,171,2,29.98,3,4,1,341
18299,Individual,181,2,32.22,3,4,1,341
15671,Individual,159,2,31.55,3,4,1,341
16692,Individual,166,2,31.27,3,4,1,341
18282,Individual,134,2,30.97,3,4,1,341
12785,Individual,185,1,2294.99,3,1,4,314
13027,Individual,171,1,2319.26,3,1,4,314
17403,Individual,153,1,2322.28,3,1,4,314
13271,Individual,136,1,2319.99,3,1,4,314
13209,Individual,151,1,2319.99,3,1,4,314
16079,Individual,142,1,2324.92,3,1,4,314
13241,Individual,147,1,2325.96,3,1,4,314
12902,Individual,190,1,2329.98,3,1,4,314
16007,Individual,153,1,2329.99,3,1,4,314
17400,Individual,140,1,2331.95,3,1,4,314
12903,Individual,205,1,2332.28,3,1,4,314
17175,Individual,142,1,2334.98,3,1,4,314
17037,Individual,147,1,2334.97,3,1,4,314
18060,Individual,150,1,1700.99,3,1,4,314
17870,Individual,149,1,1700.99,3,1,4,314
18057,Individual,149,1,1700.99,3,1,4,314
17690,Individual,149,1,1700.99,3,1,4,314
18079,Individual,135,1,1700.99,3,1,4,314
22321,Individual,170,1,1700.99,3,1,4,314
17263,Individual,165,1,1700.99,3,1,4,314
22427,Individual,153,1,1700.99,3,1,4,314
25497,Individual,159,1,1700.99,3,1,4,314
17620,Individual,179,1,1700.99,3,1,4,314
17147,Individual,178,1,1700.99,3,1,4,314
17608,Individual,176,1,1700.99,3,1,4,314
17614,Individual,173,1,1700.99,3,1,4,314
17868,Individual,134,1,1735.98,3,1,4,314
18052,Individual,134,1,1735.98,3,1,4,314
22422,Individual,133,1,1735.98,3,1,4,314
17373,Individual,133,1,1735.98,3,1,4,314
18088,Individual,139,1,1735.98,3,1,4,314
17866,Individual,140,1,1735.98,3,1,4,314
17681,Individual,135,1,1735.98,3,1,4,314
17859,Individual,137,1,1735.98,3,1,4,314
25311,Individual,136,1,1735.98,3,1,4,314
21267,Individual,144,1,1735.98,3,1,4,314
18096,Individual,145,1,1735.98,3,1,4,314
18108,Individual,150,1,1735.98,3,1,4,314
17678,Individual,150,1,1735.98,3,1,4,314
21265,Individual,147,1,1729.97,3,1,4,314
17372,Individual,139,1,1729.97,3,1,4,314
20709,Individual,177,1,1729.97,3,1,4,314
20684,Individual,188,1,1729.97,3,1,4,314
22418,Individual,173,1,1732.26,3,1,4,314
17621,Individual,163,1,1732.26,3,1,4,314
18059,Individual,144,1,1714.97,3,1,4,314
17025,Individual,198,1,1709.98,3,1,4,314
17548,Individual,192,1,1700.99,3,1,4,314
21679,Individual,200,1,1700.99,3,1,4,314
17497,Individual,185,1,1717.26,3,1,4,314
17597,Individual,162,1,1723.96,3,1,4,314
18086,Individual,140,1,1723.96,3,1,4,314
22396,Individual,172,1,1725.98,3,1,4,314
26390,Individual,178,1,1725.98,3,1,4,314
17609,Individual,181,1,1725.98,3,1,4,314
18120,Individual,145,1,1725.98,3,1,4,314
18056,Individual,145,1,1725.98,3,1,4,314
22451,Individual,133,1,1709.98,3,1,4,314
17661,Individual,176,1,1709.98,3,1,4,314
17574,Individual,175,1,1709.98,3,1,4,314
17659,Individual,178,1,1709.98,3,1,4,314
24208,Individual,154,1,1709.98,3,1,4,314
17568,Individual,175,1,1714.97,3,1,4,314
17660,Individual,175,1,1714.97,3,1,4,314
22437,Individual,163,1,1739.46,3,1,4,314
22311,Individual,198,1,1739.46,3,1,4,314
24701,Individual,163,1,1744.97,3,1,4,314
17559,Individual,204,1,1749.96,3,1,4,314
18080,Individual,147,1,1737.92,3,1,4,314
22446,Individual,134,1,1739.46,3,1,4,314
20682,Individual,202,1,1735.98,3,1,4,314
17566,Individual,197,1,1735.98,3,1,4,314
17573,Individual,169,1,1735.98,3,1,4,314
17572,Individual,169,1,1735.98,3,1,4,314
17575,Individual,162,1,1735.98,3,1,4,314
21139,Individual,157,1,1735.98,3,1,4,314
24709,Individual,153,1,1735.98,3,1,4,314
22502,Individual,153,1,1735.98,3,1,4,314
22452,Individual,153,1,1735.98,3,1,4,314
25658,Individual,153,1,1735.98,3,1,4,314
22504,Individual,153,1,1735.98,3,1,4,314
17666,Individual,155,1,1735.98,3,1,4,314
20703,Individual,174,1,1735.98,3,1,4,314
22320,Individual,176,1,1735.98,3,1,4,314
24209,Individual,178,1,1735.98,3,1,4,314
22313,Individual,179,1,1735.98,3,1,4,314
17533,Individual,186,1,1735.98,3,1,4,314
17561,Individual,190,1,1735.98,3,1,4,314
17677,Individual,182,1,1735.98,3,1,4,314
17864,Individual,144,1,1750.98,3,1,4,314
17862,Individual,142,1,1750.98,3,1,4,314
18050,Individual,142,1,1750.98,3,1,4,314
20707,Individual,163,1,1750.98,3,1,4,314
17576,Individual,166,1,1750.98,3,1,4,314
17596,Individual,169,1,1750.98,3,1,4,314
17034,Individual,185,1,1750.98,3,1,4,314
17565,Individual,184,1,1750.98,3,1,4,314
17617,Individual,175,1,1754.98,3,1,4,314
20702,Individual,193,1,1750.98,3,1,4,314
24833,Individual,134,1,1754.98,3,1,4,314
18098,Individual,145,1,1754.98,3,1,4,314
25635,Individual,151,1,1754.98,3,1,4,314
26398,Individual,152,1,1758.95,3,1,4,314
20706,Individual,154,1,1759.97,3,1,4,314
17869,Individual,145,1,1760.47,3,1,4,314
17388,Individual,148,1,1763.97,3,1,4,314
17667,Individual,167,1,1760.47,3,1,4,314
22302,Individual,203,1,1763.97,3,1,4,314
25602,Individual,169,1,1763.97,3,1,4,314
17571,Individual,165,1,1763.97,3,1,4,314
17615,Individual,176,1,1763.97,3,1,4,314
17662,Individual,178,1,1763.97,3,1,4,314
17345,Individual,149,1,1764.96,3,1,4,314
22433,Individual,152,1,1764.96,3,1,4,314
25737,Individual,141,1,1764.96,3,1,4,314
22416,Individual,176,1,1764.96,3,1,4,314
25492,Individual,190,1,1764.96,3,1,4,314
17116,Individual,203,1,1764.96,3,1,4,314
25462,Individual,204,1,1764.96,3,1,4,314
22503,Individual,142,1,1775.47,3,1,4,314
17600,Individual,172,1,1775.47,3,1,4,314
17148,Individual,156,1,1775.47,3,1,4,314
26386,Individual,159,1,1775.47,3,1,4,314
26379,Individual,196,1,1783.96,3,1,4,314
22429,Individual,151,1,1777.95,3,1,4,314
17860,Individual,145,1,1777.95,3,1,4,314
22309,Individual,169,1,1785.97,3,1,4,314
25498,Individual,167,1,1785.97,3,1,4,314
18049,Individual,138,1,1785.97,3,1,4,314
18121,Individual,135,1,1793.47,3,1,4,314
27879,Individual,171,1,1313.34,3,1,4,314
27878,Individual,179,1,1283.82,3,1,4,314
26977,Individual,184,1,1283.82,3,1,4,314
25619,Individual,152,1,1273.83,3,1,4,314
23699,Individual,180,1,1274.33,3,1,4,314
26974,Individual,192,1,1292.81,3,1,4,314
27120,Individual,149,1,1264.84,3,1,4,314
25420,Individual,193,1,1268.84,3,1,4,314
25600,Individual,154,1,1268.84,3,1,4,314
27004,Individual,176,1,1264.84,3,1,4,314
25593,Individual,194,1,1264.84,3,1,4,314
27119,Individual,146,1,1228.83,3,1,4,314
27877,Individual,202,1,1228.83,3,1,4,314
25614,Individual,160,1,1228.83,3,1,4,314
20700,Individual,178,1,1243.44,3,1,4,314
25606,Individual,173,1,1249.84,3,1,4,314
25617,Individual,161,1,1249.84,3,1,4,314
25613,Individual,159,1,1249.84,3,1,4,314
25421,Individual,198,1,1249.84,3,1,4,314
25432,Individual,197,1,1249.84,3,1,4,314
25840,Individual,199,1,1249.84,3,1,4,314
25607,Individual,166,1,1253.32,3,1,4,314
26963,Individual,198,1,1237.82,3,1,4,314
25436,Individual,190,1,1243.84,3,1,4,314
28521,Individual,147,1,1164.47,3,1,4,314
24050,Individual,192,1,1164.47,3,1,4,314
27809,Individual,195,1,1164.47,3,1,4,314
24058,Individual,159,1,1164.47,3,1,4,314
20755,Individual,165,1,1164.47,3,1,4,314
21150,Individual,145,1,1170.48,3,1,4,314
21343,Individual,152,1,1170.48,3,1,4,314
20654,Individual,166,1,1170.48,3,1,4,314
24065,Individual,161,1,1170.48,3,1,4,314
20526,Individual,186,1,1170.48,3,1,4,314
20481,Individual,186,1,1170.48,3,1,4,314
28364,Individual,172,1,1170.48,3,1,4,314
20826,Individual,182,1,1173.96,3,1,4,314
27902,Individual,183,1,1174.48,3,1,4,314
20061,Individual,189,1,1174.48,3,1,4,314
24069,Individual,188,1,1174.48,3,1,4,314
24054,Individual,190,1,1174.48,3,1,4,314
20650,Individual,177,1,1174.48,3,1,4,314
20846,Individual,155,1,1174.48,3,1,4,314
24189,Individual,153,1,1174.48,3,1,4,314
20652,Individual,164,1,1174.48,3,1,4,314
20661,Individual,168,1,1174.48,3,1,4,314
24101,Individual,202,1,1170.48,3,1,4,314
24051,Individual,202,1,1170.48,3,1,4,314
24055,Individual,192,1,1170.48,3,1,4,314
20059,Individual,198,1,1170.48,3,1,4,314
27798,Individual,200,1,1174.48,3,1,4,314
24044,Individual,192,1,1174.48,3,1,4,314
24048,Individual,193,1,1174.48,3,1,4,314
21333,Individual,203,1,1174.48,3,1,4,314
20175,Individual,204,1,1214.46,3,1,4,314
25594,Individual,183,1,1214.85,3,1,4,314
23788,Individual,160,1,1214.85,3,1,4,314
20793,Individual,158,1,1205.47,3,1,4,314
24217,Individual,145,1,1209.47,3,1,4,314
20699,Individual,178,1,1209.47,3,1,4,314
21144,Individual,142,1,1188.46,3,1,4,314
21246,Individual,134,1,1194.97,3,1,4,314
20657,Individual,163,1,1193.45,3,1,4,314
20646,Individual,158,1,1197.97,3,1,4,314
20782,Individual,141,1,1197.41,3,1,4,314
21274,Individual,137,1,1197.97,3,1,4,314
19681,Individual,198,1,1179.97,3,1,4,314
20395,Individual,199,1,1179.97,3,1,4,314
24114,Individual,182,1,1179.47,3,1,4,314
20660,Individual,182,1,1179.97,3,1,4,314
20765,Individual,170,1,1179.97,3,1,4,314
21149,Individual,138,1,1183.47,3,1,4,314
21335,Individual,178,1,1183.47,3,1,4,314
20677,Individual,176,1,1184.46,3,1,4,314
20401,Individual,190,1,1184.46,3,1,4,314
20750,Individual,159,1,1184.46,3,1,4,314
20145,Individual,201,1,1184.46,3,1,4,314
20399,Individual,192,1,1184.46,3,1,4,314
26038,Individual,153,1,2503.03,3,1,4,314
16752,Individual,165,1,2512.32,3,1,4,314
25762,Individual,147,1,2517.02,3,1,4,314
16004,Individual,140,1,2518.25,3,1,4,314
25637,Individual,180,1,2510.94,3,1,4,314
28902,Individual,185,1,2529.93,3,1,4,314
25756,Individual,192,1,2493.54,3,1,4,314
16751,Individual,193,1,2492.32,3,1,4,314
20543,Individual,183,1,2492.32,3,1,4,314
22632,Individual,174,1,2492.32,3,1,4,314
24868,Individual,196,1,2501.31,3,1,4,314
20640,Individual,165,1,2498.34,3,1,4,314
16732,Individual,194,1,2451.30,3,1,4,314
27867,Individual,175,1,2443.55,3,1,4,314
24053,Individual,186,1,2443.35,3,1,4,314
28901,Individual,192,1,2443.35,3,1,4,314
29480,Individual,196,1,2442.03,3,1,4,314
24739,Individual,175,1,2453.04,3,1,4,314
24654,Individual,203,1,2453.04,3,1,4,314
28697,Individual,154,1,2452.04,3,1,4,314
22648,Individual,145,1,2475.95,3,1,4,314
20638,Individual,170,1,2478.24,3,1,4,314
24865,Individual,188,1,2478.34,3,1,4,314
25481,Individual,205,1,2478.34,3,1,4,314
20527,Individual,191,1,2478.34,3,1,4,314
20496,Individual,191,1,2478.34,3,1,4,314
16770,Individual,144,1,2478.34,3,1,4,314
25745,Individual,185,1,2473.04,3,1,4,314
24668,Individual,183,1,2473.04,3,1,4,314
20639,Individual,163,1,2466.32,3,1,4,314
24203,Individual,168,1,2469.05,3,1,4,314
24870,Individual,201,1,2457.33,3,1,4,314
20641,Individual,134,1,2457.33,3,1,4,314
25742,Individual,184,1,2462.03,3,1,4,314
25774,Individual,147,1,2537.32,3,1,4,314
20545,Individual,168,1,2542.31,3,1,4,314
22647,Individual,153,1,2563.35,3,1,4,314
25744,Individual,186,1,2428.29,3,1,4,314
24754,Individual,171,1,2439.98,3,1,4,314
23328,Individual,156,1,2442.54,3,1,4,314
24201,Individual,201,1,2428.05,3,1,4,314
25758,Individual,202,1,2428.05,3,1,4,314
28696,Individual,175,1,2428.05,3,1,4,314
24790,Individual,139,1,2433.04,3,1,4,314
24738,Individual,177,1,2433.04,3,1,4,314
24219,Individual,181,1,2433.04,3,1,4,314
12783,Individual,184,1,2420.46,3,1,4,314
24791,Individual,134,1,2419.06,3,1,4,314
24782,Individual,178,1,2420.34,3,1,4,314
24783,Individual,134,1,2420.34,3,1,4,314
13143,Individual,180,1,2404.97,3,1,4,314
24785,Individual,133,1,2406.00,3,1,4,314
28733,Individual,139,1,2407.04,3,1,4,314
24788,Individual,136,1,2418.05,3,1,4,314
28549,Individual,204,1,2418.05,3,1,4,314
16987,Individual,169,1,2414.99,3,1,4,314
28703,Individual,142,1,2419.06,3,1,4,314
26221,Individual,143,1,2419.06,3,1,4,314
28557,Individual,202,1,2419.06,3,1,4,314
28695,Individual,199,1,2419.06,3,1,4,314
24760,Individual,170,1,2419.06,3,1,4,314
24761,Individual,155,1,2419.06,3,1,4,314
28704,Individual,153,1,2419.06,3,1,4,314
13217,Individual,134,1,2351.96,3,1,4,314
15999,Individual,145,1,2354.98,3,1,4,314
16906,Individual,172,1,2359.98,3,1,4,314
15998,Individual,143,1,2371.96,3,1,4,314
17622,Individual,135,1,2374.98,3,1,4,314
24770,Individual,180,1,2398.05,3,1,4,314
24764,Individual,168,1,2398.05,3,1,4,314
24756,Individual,163,1,2398.05,3,1,4,314
23276,Individual,202,1,2393.06,3,1,4,314
24787,Individual,140,1,2393.06,3,1,4,314
24762,Individual,167,1,2393.06,3,1,4,314
24688,Individual,155,1,2393.06,3,1,4,314
24685,Individual,190,1,2393.06,3,1,4,314
24653,Individual,184,1,2393.06,3,1,4,314
16078,Individual,140,1,2383.95,3,1,4,314
26209,Individual,142,1,2384.07,3,1,4,314
24383,Individual,168,1,2384.07,3,1,4,314
20787,Individual,133,1,1134.47,3,1,3,313
21235,Individual,134,1,1134.47,3,1,3,313
21152,Individual,150,1,1134.47,3,1,3,313
20422,Individual,205,1,1134.47,3,1,3,313
20436,Individual,183,1,1134.47,3,1,3,313
28376,Individual,187,1,1134.47,3,1,3,313
27796,Individual,179,1,1134.47,3,1,3,313
20674,Individual,180,1,1143.46,3,1,3,313
20645,Individual,173,1,1143.46,3,1,3,313
19704,Individual,187,1,1143.46,3,1,3,313
21264,Individual,140,1,1120.49,3,1,3,313
20857,Individual,140,1,1120.49,3,1,3,313
27928,Individual,155,1,1120.49,3,1,3,313
24202,Individual,153,1,1120.49,3,1,3,313
20735,Individual,167,1,1120.49,3,1,3,313
20877,Individual,133,1,1120.49,3,1,3,313
14745,Individual,185,1,902.46,3,1,3,313
18943,Individual,155,1,902.98,3,1,3,313
18942,Individual,198,1,889.39,3,1,3,313
14877,Individual,144,1,889.47,3,1,3,313
14871,Individual,158,1,848.47,3,1,3,313
14875,Individual,134,1,839.48,3,1,3,313
14631,Individual,197,1,848.47,3,1,3,313
24192,Individual,136,1,1155.48,3,1,3,313
21344,Individual,136,1,1155.48,3,1,3,313
13720,Individual,138,1,1155.48,3,1,3,313
21155,Individual,142,1,1155.48,3,1,3,313
21151,Individual,141,1,1155.48,3,1,3,313
21146,Individual,146,1,1155.48,3,1,3,313
24212,Individual,144,1,1155.48,3,1,3,313
20858,Individual,152,1,1155.48,3,1,3,313
20463,Individual,194,1,1147.77,3,1,3,313
24186,Individual,177,1,1147.77,3,1,3,313
20853,Individual,164,1,1147.77,3,1,3,313
20785,Individual,146,1,1145.48,3,1,3,313
21156,Individual,134,1,1149.47,3,1,3,313
21153,Individual,141,1,1147.77,3,1,3,313
20484,Individual,192,1,1151.76,3,1,3,313
20686,Individual,178,1,1151.76,3,1,3,313
21334,Individual,178,1,1155.48,3,1,3,313
20855,Individual,178,1,1155.48,3,1,3,313
20675,Individual,180,1,1155.48,3,1,3,313
20653,Individual,180,1,1155.48,3,1,3,313
21342,Individual,175,1,1155.48,3,1,3,313
28405,Individual,175,1,1155.48,3,1,3,313
24184,Individual,174,1,1155.48,3,1,3,313
20459,Individual,184,1,1155.48,3,1,3,313
28396,Individual,163,1,1155.48,3,1,3,313
20844,Individual,166,1,1155.48,3,1,3,313
24187,Individual,169,1,1155.48,3,1,3,313
20647,Individual,169,1,1155.48,3,1,3,313
20678,Individual,169,1,1155.48,3,1,3,313
20701,Individual,155,1,1155.48,3,1,3,313
24104,Individual,155,1,1155.48,3,1,3,313
20693,Individual,155,1,1155.48,3,1,3,313
20685,Individual,155,1,1155.48,3,1,3,313
27811,Individual,193,1,1155.48,3,1,3,313
20480,Individual,196,1,1155.48,3,1,3,313
20437,Individual,201,1,1155.48,3,1,3,313
20525,Individual,203,1,1155.48,3,1,3,313
14867,Individual,201,1,839.48,3,1,3,313
28505,Individual,160,1,827.33,3,1,3,313
21108,Individual,140,1,819.48,3,1,3,313
21087,Individual,145,1,819.48,3,1,3,313
14640,Individual,186,1,812.42,3,1,3,313
28493,Individual,183,1,814.80,3,1,3,313
29086,Individual,203,1,805.33,3,1,3,313
29087,Individual,168,1,810.32,3,1,3,313
28513,Individual,154,1,811.32,3,1,3,313
29458,Individual,137,1,811.32,3,1,3,313
29342,Individual,171,1,801.83,3,1,3,313
26976,Individual,193,1,791.32,3,1,3,313
18949,Individual,163,1,801.77,3,1,3,313
23619,Individual,135,1,806.76,3,1,3,313
21107,Individual,141,1,806.76,3,1,3,313
18948,Individual,162,1,806.76,3,1,3,313
14874,Individual,143,1,804.48,3,1,3,313
18947,Individual,182,1,804.48,3,1,3,313
28686,Individual,133,1,800.31,3,1,3,313
27159,Individual,152,1,791.32,3,1,3,313
29094,Individual,171,1,796.34,3,1,3,313
21102,Individual,148,1,793.46,3,1,3,313
29090,Individual,155,1,778.62,3,1,3,313
28499,Individual,204,1,778.62,3,1,3,313
28501,Individual,157,1,786.33,3,1,3,313
27122,Individual,170,1,786.33,3,1,3,313
28489,Individual,183,1,786.33,3,1,3,313
27133,Individual,136,1,777.34,3,1,3,313
28684,Individual,149,1,777.34,3,1,3,313
27134,Individual,151,1,777.34,3,1,3,313
18953,Individual,136,1,777.44,3,1,3,313
29456,Individual,143,1,765.32,3,1,3,313
29085,Individual,196,1,777.34,3,1,3,313
28500,Individual,200,1,777.34,3,1,3,313
29095,Individual,174,1,777.34,3,1,3,313
27005,Individual,183,1,777.34,3,1,3,313
28502,Individual,182,1,777.34,3,1,3,313
29080,Individual,188,1,777.34,3,1,3,313
27123,Individual,157,1,777.34,3,1,3,313
25081,Individual,162,1,777.34,3,1,3,313
28507,Individual,162,1,777.34,3,1,3,313
28509,Individual,168,1,777.34,3,1,3,313
28518,Individual,182,1,750.30,3,1,3,313
28548,Individual,150,1,751.34,3,1,3,313
28531,Individual,149,1,751.34,3,1,3,313
29460,Individual,145,1,751.34,3,1,3,313
29088,Individual,176,1,756.33,3,1,3,313
29091,Individual,178,1,756.33,3,1,3,313
29457,Individual,139,1,756.33,3,1,3,313
28494,Individual,194,1,751.34,3,1,3,313
23160,Individual,134,1,673.97,3,1,3,313
29081,Individual,189,1,742.35,3,1,3,313
29452,Individual,172,1,742.35,3,1,3,313
29453,Individual,148,1,742.35,3,1,3,313
29454,Individual,137,1,742.35,3,1,3,313
22753,Individual,184,1,724.47,3,1,3,313
18916,Individual,147,1,658.95,3,1,3,313
22678,Individual,197,1,653.97,3,1,3,313
19736,Individual,198,1,663.95,3,1,3,313
16067,Individual,150,1,664.89,3,1,3,313
19749,Individual,165,1,682.92,3,1,3,313
23961,Individual,155,1,685.47,3,1,3,313
28381,Individual,137,1,92.96,3,1,3,313
21839,Individual,155,1,92.48,3,1,3,313
26216,Individual,198,1,92.97,3,1,3,313
24416,Individual,153,1,96.07,3,1,3,313
24826,Individual,203,1,96.07,3,1,3,313
24265,Individual,192,1,96.07,3,1,3,313
14936,Individual,167,1,95.94,3,1,3,313
24985,Individual,145,1,96.07,3,1,3,313
28000,Individual,144,1,94.48,3,1,3,313
25663,Individual,169,1,94.97,3,1,3,313
21312,Individual,183,1,94.97,3,1,3,313
25662,Individual,136,1,94.97,3,1,3,313
18921,Individual,184,1,94.48,3,1,3,313
18915,Individual,180,1,94.48,3,1,3,313
18770,Individual,160,1,94.48,3,1,3,313
15115,Individual,203,1,94.48,3,1,3,313
21360,Individual,142,1,93.97,3,1,3,313
24128,Individual,189,1,93.97,3,1,3,313
26550,Individual,179,1,93.48,3,1,3,313
20542,Individual,167,1,93.46,3,1,3,313
15053,Individual,134,1,93.48,3,1,3,313
24225,Individual,178,1,93.49,3,1,3,313
20604,Individual,151,1,93.49,3,1,3,313
22087,Individual,203,1,94.46,3,1,3,313
22269,Individual,190,1,94.46,3,1,3,313
26689,Individual,177,1,96.92,3,1,3,313
29260,Individual,141,1,97.96,3,1,3,313
12424,Individual,157,1,99.47,3,1,3,313
12726,Individual,179,1,98.96,3,1,3,313
24574,Individual,175,1,98.96,3,1,3,313
21082,Individual,191,1,98.96,3,1,3,313
25209,Individual,188,1,98.96,3,1,3,313
14932,Individual,170,1,98.96,3,1,3,313
19208,Individual,204,1,98.96,3,1,3,313
29341,Individual,144,1,98.97,3,1,3,313
22882,Individual,156,1,101.45,3,1,3,313
24732,Individual,177,1,99.57,3,1,3,313
21706,Individual,159,1,99.96,3,1,3,313
21421,Individual,191,1,99.96,3,1,3,313
24678,Individual,170,1,100.09,3,1,3,313
13498,Individual,163,1,100.09,3,1,3,313
25333,Individual,139,1,100.09,3,1,3,313
24974,Individual,143,1,100.09,3,1,3,313
12625,Individual,147,1,99.96,3,1,3,313
21936,Individual,150,1,99.96,3,1,3,313
21320,Individual,135,1,99.96,3,1,3,313
25054,Individual,190,1,103.48,3,1,3,313
15382,Individual,178,1,103.48,3,1,3,313
28855,Individual,198,1,103.46,3,1,3,313
28879,Individual,200,1,102.96,3,1,3,313
24911,Individual,182,1,102.96,3,1,3,313
13913,Individual,205,1,106.96,3,1,3,313
12897,Individual,146,1,106.96,3,1,3,313
14001,Individual,174,1,106.96,3,1,3,313
27461,Individual,203,1,110.46,3,1,3,313
25633,Individual,196,1,110.46,3,1,3,313
26104,Individual,161,1,114.96,3,1,3,313
27935,Individual,156,1,113.96,3,1,3,313
27007,Individual,195,1,113.96,3,1,3,313
24665,Individual,182,1,109.97,3,1,3,313
17194,Individual,190,1,111.45,3,1,3,313
20504,Individual,146,1,119.96,3,1,3,313
20937,Individual,147,1,119.96,3,1,3,313
21786,Individual,153,1,119.96,3,1,3,313
21513,Individual,162,1,119.96,3,1,3,313
23693,Individual,200,1,119.96,3,1,3,313
23333,Individual,201,1,119.96,3,1,3,313
19890,Individual,196,1,119.98,3,1,3,313
20271,Individual,196,1,119.98,3,1,3,313
19688,Individual,204,1,119.98,3,1,3,313
23475,Individual,204,1,121.94,3,1,3,313
22205,Individual,193,1,120.48,3,1,3,313
20328,Individual,164,1,119.98,3,1,3,313
19012,Individual,171,1,119.98,3,1,3,313
19806,Individual,156,1,119.98,3,1,3,313
18612,Individual,162,1,119.98,3,1,3,313
19888,Individual,189,1,119.98,3,1,3,313
28722,Individual,189,1,119.98,3,1,3,313
19777,Individual,185,1,119.98,3,1,3,313
18822,Individual,172,1,119.98,3,1,3,313
28045,Individual,144,1,119.98,3,1,3,313
19700,Individual,152,1,119.98,3,1,3,313
18828,Individual,136,1,119.98,3,1,3,313
20294,Individual,138,1,119.98,3,1,3,313
12725,Individual,164,1,127.28,3,1,3,313
18473,Individual,176,1,127.28,3,1,3,313
14907,Individual,152,1,127.28,3,1,3,313
28139,Individual,150,1,127.28,3,1,3,313
14748,Individual,182,1,124.99,3,1,3,313
16217,Individual,153,1,124.99,3,1,3,313
22349,Individual,165,1,124.99,3,1,3,313
21767,Individual,179,1,124.45,3,1,3,313
23977,Individual,180,1,123.96,3,1,3,313
20798,Individual,204,1,123.96,3,1,3,313
19715,Individual,200,1,123.98,3,1,3,313
19882,Individual,199,1,123.98,3,1,3,313
26759,Individual,197,1,123.98,3,1,3,313
18934,Individual,133,1,123.98,3,1,3,313
18753,Individual,204,1,123.98,3,1,3,313
19149,Individual,205,1,123.98,3,1,3,313
18542,Individual,205,1,123.98,3,1,3,313
20379,Individual,177,1,123.98,3,1,3,313
19804,Individual,181,1,123.98,3,1,3,313
19020,Individual,154,1,123.98,3,1,3,313
19816,Individual,140,1,123.98,3,1,3,313
23438,Individual,134,1,123.48,3,1,3,313
27932,Individual,173,1,123.48,3,1,3,313
21640,Individual,193,1,123.96,3,1,3,313
18873,Individual,171,1,128.97,3,1,3,313
28341,Individual,155,1,128.97,3,1,3,313
18672,Individual,160,1,128.97,3,1,3,313
18504,Individual,204,1,128.97,3,1,3,313
18673,Individual,203,1,128.97,3,1,3,313
20019,Individual,147,1,128.97,3,1,3,313
21881,Individual,133,1,128.97,3,1,3,313
26719,Individual,196,1,127.95,3,1,3,313
21530,Individual,174,1,128.95,3,1,3,313
20016,Individual,171,1,132.97,3,1,3,313
27363,Individual,204,1,132.97,3,1,3,313
18989,Individual,152,1,133.49,3,1,3,313
19636,Individual,149,1,133.49,3,1,3,313
22151,Individual,143,1,133.49,3,1,3,313
22925,Individual,148,1,134.93,3,1,3,313
21626,Individual,140,1,134.98,3,1,3,313
21761,Individual,197,1,134.98,3,1,3,313
28336,Individual,162,1,138.97,3,1,3,313
22555,Individual,136,1,143.78,3,1,3,313
24382,Individual,187,1,143.78,3,1,3,313
21518,Individual,193,1,144.45,3,1,3,313
20723,Individual,193,1,143.96,3,1,3,313
20582,Individual,186,1,142.45,3,1,3,313
20287,Individual,140,1,144.47,3,1,3,313
27998,Individual,141,1,144.47,3,1,3,313
23293,Individual,150,1,152.28,3,1,3,313
27379,Individual,177,1,152.47,3,1,3,313
29006,Individual,179,1,151.27,3,1,3,313
21541,Individual,145,1,149.98,3,1,3,313
16457,Individual,169,1,149.98,3,1,3,313
19248,Individual,182,1,147.28,3,1,3,313
21670,Individual,140,1,147.77,3,1,3,313
27198,Individual,196,1,147.95,3,1,3,313
25369,Individual,145,1,156.59,3,1,3,313
24864,Individual,194,1,155.72,3,1,3,313
22083,Individual,155,1,154.98,3,1,3,313
24978,Individual,199,1,155.08,3,1,3,313
25043,Individual,159,1,161.59,3,1,3,313
22283,Individual,162,1,157.27,3,1,3,313
22141,Individual,156,1,166.28,3,1,3,313
15975,Individual,133,1,166.28,3,1,3,313
15090,Individual,190,1,163.99,3,1,3,313
15957,Individual,191,1,163.99,3,1,3,313
15326,Individual,169,1,172.98,3,1,3,313
29445,Individual,144,1,182.78,3,1,3,313
13530,Individual,137,1,186.28,3,1,3,313
13803,Individual,170,1,186.28,3,1,3,313
26048,Individual,188,1,191.27,3,1,3,313
21847,Individual,189,1,187.98,3,1,3,313
22754,Individual,139,1,193.98,3,1,3,313
20973,Individual,145,1,193.98,3,1,3,313
28431,Individual,161,1,197.88,3,1,3,313
20715,Individual,174,1,196.27,3,1,3,313
11509,Individual,184,1,196.29,3,1,3,313
29417,Individual,203,1,195.27,3,1,3,313
24822,Individual,175,1,195.59,3,1,3,313
12496,Individual,162,1,204.58,3,1,3,313
19675,Individual,141,1,198.99,3,1,3,313
22206,Individual,170,1,201.28,3,1,3,313
23394,Individual,143,1,539.99,3,1,3,313
27693,Individual,141,1,539.99,3,1,3,313
27689,Individual,138,1,539.99,3,1,3,313
23390,Individual,146,1,539.99,3,1,3,313
23365,Individual,145,1,539.99,3,1,3,313
23168,Individual,149,1,539.99,3,1,3,313
29182,Individual,152,1,539.99,3,1,3,313
22770,Individual,193,1,539.99,3,1,3,313
22873,Individual,192,1,539.99,3,1,3,313
27514,Individual,191,1,539.99,3,1,3,313
23264,Individual,192,1,539.99,3,1,3,313
29066,Individual,196,1,539.99,3,1,3,313
22872,Individual,195,1,539.99,3,1,3,313
18471,Individual,195,1,539.99,3,1,3,313
23257,Individual,200,1,539.99,3,1,3,313
27121,Individual,199,1,539.99,3,1,3,313
23239,Individual,199,1,539.99,3,1,3,313
24027,Individual,142,1,561.92,3,1,3,313
27582,Individual,174,1,561.92,3,1,3,313
22612,Individual,175,1,561.92,3,1,3,313
23035,Individual,168,1,561.92,3,1,3,313
23358,Individual,166,1,561.92,3,1,3,313
23142,Individual,138,1,556.93,3,1,3,313
18648,Individual,165,1,556.93,3,1,3,313
26959,Individual,133,1,563.77,3,1,3,313
23398,Individual,133,1,553.97,3,1,3,313
23242,Individual,194,1,553.97,3,1,3,313
22716,Individual,196,1,553.97,3,1,3,313
26962,Individual,194,1,553.97,3,1,3,313
26978,Individual,139,1,553.97,3,1,3,313
23395,Individual,138,1,553.97,3,1,3,313
22645,Individual,136,1,553.97,3,1,3,313
24017,Individual,143,1,553.97,3,1,3,313
27706,Individual,143,1,553.97,3,1,3,313
23372,Individual,151,1,553.97,3,1,3,313
27789,Individual,152,1,553.97,3,1,3,313
23510,Individual,150,1,553.97,3,1,3,313
23174,Individual,148,1,553.97,3,1,3,313
18653,Individual,146,1,553.97,3,1,3,313
22593,Individual,156,1,553.97,3,1,3,313
23135,Individual,155,1,553.97,3,1,3,313
23392,Individual,153,1,553.97,3,1,3,313
23047,Individual,171,1,553.97,3,1,3,313
23302,Individual,164,1,553.97,3,1,3,313
26892,Individual,189,1,553.97,3,1,3,313
23334,Individual,182,1,553.97,3,1,3,313
27583,Individual,174,1,553.97,3,1,3,313
23917,Individual,174,1,553.97,3,1,3,313
22515,Individual,172,1,553.97,3,1,3,313
22999,Individual,181,1,553.97,3,1,3,313
27598,Individual,150,1,556.26,3,1,3,313
23326,Individual,164,1,561.48,3,1,3,313
23041,Individual,171,1,561.48,3,1,3,313
23399,Individual,153,1,561.48,3,1,3,313
22603,Individual,155,1,561.48,3,1,3,313
22892,Individual,157,1,561.48,3,1,3,313
18650,Individual,157,1,561.48,3,1,3,313
23318,Individual,179,1,561.48,3,1,3,313
23016,Individual,177,1,561.48,3,1,3,313
22871,Individual,189,1,561.48,3,1,3,313
22471,Individual,190,1,561.48,3,1,3,313
27707,Individual,136,1,561.48,3,1,3,313
27890,Individual,139,1,561.48,3,1,3,313
27802,Individual,134,1,561.48,3,1,3,313
24052,Individual,137,1,548.98,3,1,3,313
19203,Individual,133,1,539.99,3,1,3,313
23034,Individual,161,1,539.99,3,1,3,313
23900,Individual,160,1,539.99,3,1,3,313
19813,Individual,158,1,539.99,3,1,3,313
22994,Individual,156,1,539.99,3,1,3,313
23352,Individual,165,1,539.99,3,1,3,313
23073,Individual,166,1,539.99,3,1,3,313
22862,Individual,185,1,539.99,3,1,3,313
27517,Individual,183,1,539.99,3,1,3,313
23903,Individual,176,1,539.99,3,1,3,313
29067,Individual,175,1,539.99,3,1,3,313
27581,Individual,172,1,539.99,3,1,3,313
27778,Individual,181,1,539.99,3,1,3,313
23982,Individual,176,1,548.98,3,1,3,313
28353,Individual,185,1,548.98,3,1,3,313
27511,Individual,188,1,548.98,3,1,3,313
23032,Individual,164,1,548.98,3,1,3,313
22490,Individual,171,1,548.98,3,1,3,313
27179,Individual,160,1,548.98,3,1,3,313
29097,Individual,162,1,548.98,3,1,3,313
19714,Individual,199,1,548.98,3,1,3,313
23450,Individual,146,1,578.46,3,1,3,313
24025,Individual,153,1,578.46,3,1,3,313
16873,Individual,190,1,578.46,3,1,3,313
22298,Individual,189,1,578.46,3,1,3,313
27501,Individual,202,1,578.46,3,1,3,313
16019,Individual,172,1,573.98,3,1,3,313
24059,Individual,148,1,583.97,3,1,3,313
26992,Individual,190,1,583.97,3,1,3,313
19718,Individual,199,1,579.97,3,1,3,313
21855,Individual,163,1,579.97,3,1,3,313
19831,Individual,140,1,579.97,3,1,3,313
16069,Individual,139,1,579.97,3,1,3,313
24837,Individual,165,1,587.92,3,1,3,313
23033,Individual,164,1,588.96,3,1,3,313
27171,Individual,171,1,588.96,3,1,3,313
26929,Individual,156,1,588.96,3,1,3,313
23058,Individual,182,1,588.96,3,1,3,313
22487,Individual,181,1,588.96,3,1,3,313
26966,Individual,186,1,588.96,3,1,3,313
23356,Individual,175,1,588.96,3,1,3,313
23226,Individual,198,1,588.96,3,1,3,313
23181,Individual,194,1,588.96,3,1,3,313
28715,Individual,195,1,588.96,3,1,3,313
22711,Individual,196,1,588.96,3,1,3,313
27690,Individual,133,1,574.98,3,1,3,313
23187,Individual,133,1,574.98,3,1,3,313
23339,Individual,173,1,574.98,3,1,3,313
29096,Individual,175,1,574.98,3,1,3,313
22790,Individual,188,1,574.98,3,1,3,313
23269,Individual,186,1,574.98,3,1,3,313
23905,Individual,162,1,574.98,3,1,3,313
27781,Individual,155,1,574.98,3,1,3,313
27141,Individual,170,1,574.98,3,1,3,313
22789,Individual,196,1,574.98,3,1,3,313
26960,Individual,196,1,574.98,3,1,3,313
24565,Individual,197,1,574.98,3,1,3,313
19723,Individual,196,1,574.98,3,1,3,313
28351,Individual,194,1,574.98,3,1,3,313
22717,Individual,204,1,574.98,3,1,3,313
23175,Individual,146,1,570.47,3,1,3,313
23296,Individual,160,1,570.47,3,1,3,313
19735,Individual,200,1,572.26,3,1,3,313
16065,Individual,141,1,572.26,3,1,3,313
27140,Individual,165,1,575.71,3,1,3,313
19721,Individual,198,1,564.26,3,1,3,313
22784,Individual,205,1,564.48,3,1,3,313
28352,Individual,205,1,562.96,3,1,3,313
27585,Individual,168,1,562.96,3,1,3,313
16220,Individual,189,1,562.96,3,1,3,313
23204,Individual,186,1,562.96,3,1,3,313
27790,Individual,146,1,562.96,3,1,3,313
23162,Individual,138,1,563.77,3,1,3,313
22654,Individual,135,1,563.77,3,1,3,313
29185,Individual,135,1,563.77,3,1,3,313
23933,Individual,173,1,563.77,3,1,3,313
23015,Individual,169,1,563.77,3,1,3,313
23017,Individual,169,1,563.77,3,1,3,313
23371,Individual,146,1,564.48,3,1,3,313
18656,Individual,147,1,564.48,3,1,3,313
22722,Individual,193,1,562.96,3,1,3,313
16068,Individual,133,1,563.96,3,1,3,313
23021,Individual,168,1,564.48,3,1,3,313
23902,Individual,167,1,564.48,3,1,3,313
22655,Individual,197,1,565.47,3,1,3,313
22601,Individual,160,1,565.47,3,1,3,313
22993,Individual,157,1,565.47,3,1,3,313
22626,Individual,175,1,565.47,3,1,3,313
26955,Individual,181,1,565.47,3,1,3,313
26949,Individual,187,1,565.47,3,1,3,313
22782,Individual,191,1,567.76,3,1,3,313
23338,Individual,165,1,567.76,3,1,3,313
23268,Individual,192,1,567.76,3,1,3,313
22719,Individual,195,1,567.76,3,1,3,313
16094,Individual,137,1,567.27,3,1,3,313
16080,Individual,143,1,567.27,3,1,3,313
27132,Individual,158,1,571.72,3,1,3,313
22864,Individual,190,1,571.72,3,1,3,313
27852,Individual,140,1,574.98,3,1,3,313
24018,Individual,138,1,574.98,3,1,3,313
27786,Individual,146,1,574.98,3,1,3,313
23136,Individual,145,1,574.98,3,1,3,313
24049,Individual,148,1,574.98,3,1,3,313
23170,Individual,148,1,574.98,3,1,3,313
23161,Individual,151,1,574.98,3,1,3,313
19722,Individual,183,1,586.46,3,1,3,313
26979,Individual,148,1,588.96,3,1,3,313
24077,Individual,139,1,588.96,3,1,3,313
16022,Individual,176,1,589.96,3,1,3,313
19740,Individual,174,1,589.96,3,1,3,313
22484,Individual,183,1,589.96,3,1,3,313
19812,Individual,155,1,589.96,3,1,3,313
23042,Individual,170,1,589.96,3,1,3,313
22641,Individual,133,1,588.96,3,1,3,313
19808,Individual,163,1,589.98,3,1,3,313
19814,Individual,179,1,589.98,3,1,3,313
27891,Individual,138,1,597.95,3,1,3,313
24580,Individual,159,1,596.96,3,1,3,313
16061,Individual,170,1,592.27,3,1,3,313
27584,Individual,161,1,599.47,3,1,3,313
23056,Individual,166,1,599.47,3,1,3,313
23163,Individual,134,1,600.46,3,1,3,313
23189,Individual,150,1,600.46,3,1,3,313
23383,Individual,146,1,600.46,3,1,3,313
23960,Individual,167,1,600.46,3,1,3,313
23028,Individual,158,1,600.46,3,1,3,313
23382,Individual,153,1,600.46,3,1,3,313
23059,Individual,172,1,600.46,3,1,3,313
22718,Individual,185,1,600.46,3,1,3,313
22685,Individual,188,1,600.46,3,1,3,313
27691,Individual,146,1,603.49,3,1,3,313
27692,Individual,150,1,603.49,3,1,3,313
23141,Individual,138,1,603.49,3,1,3,313
27599,Individual,140,1,603.49,3,1,3,313
29186,Individual,134,1,603.49,3,1,3,313
24060,Individual,133,1,603.49,3,1,3,313
23082,Individual,175,1,603.49,3,1,3,313
23355,Individual,175,1,603.49,3,1,3,313
23125,Individual,181,1,603.49,3,1,3,313
23026,Individual,162,1,603.49,3,1,3,313
18649,Individual,163,1,603.49,3,1,3,313
22749,Individual,202,1,600.46,3,1,3,313
28534,Individual,196,1,603.49,3,1,3,313
23898,Individual,199,1,603.49,3,1,3,313
19738,Individual,182,1,604.96,3,1,3,313
19838,Individual,148,1,604.96,3,1,3,313
22788,Individual,200,1,603.96,3,1,3,313
23266,Individual,200,1,603.96,3,1,3,313
24850,Individual,144,1,624.97,3,1,3,313
19730,Individual,204,1,639.45,3,1,3,313
23195,Individual,199,1,638.95,3,1,3,313
29098,Individual,180,1,628.97,3,1,3,313
19824,Individual,144,1,629.45,3,1,3,313
19737,Individual,188,1,621.96,3,1,3,313
23238,Individual,205,1,617.47,3,1,3,313
27137,Individual,166,1,617.47,3,1,3,313
23270,Individual,180,1,617.47,3,1,3,313
27709,Individual,149,1,628.97,3,1,3,313
22675,Individual,136,1,628.97,3,1,3,313
23036,Individual,166,1,624.95,3,1,3,313
19739,Individual,159,1,614.96,3,1,3,313
19780,Individual,154,1,614.96,3,1,3,313
23393,Individual,146,1,615.47,3,1,3,313
23216,Individual,185,1,613.45,3,1,3,313
27008,Individual,136,1,616.95,3,1,3,313
18904,Individual,134,1,607.96,3,1,3,313
22673,Individual,137,1,608.96,3,1,3,313
23369,Individual,141,1,608.96,3,1,3,313
22495,Individual,178,1,607.96,3,1,3,313
18651,Individual,171,1,607.96,3,1,3,313
22997,Individual,164,1,607.96,3,1,3,313
27125,Individual,165,1,607.96,3,1,3,313
23018,Individual,160,1,607.96,3,1,3,313
15995,Individual,168,1,608.96,3,1,3,313
23287,Individual,181,1,608.96,3,1,3,313
23081,Individual,179,1,608.96,3,1,3,313
16066,Individual,139,1,611.94,3,1,3,313
22679,Individual,151,1,611.96,3,1,3,313
14028,Individual,194,1,91.95,3,1,2,312
22100,Individual,174,1,90.95,3,1,2,312
25103,Individual,178,1,90.58,3,1,2,312
22285,Individual,199,1,89.97,3,1,2,312
22144,Individual,200,1,89.97,3,1,2,312
24576,Individual,202,1,89.97,3,1,2,312
15011,Individual,204,1,89.97,3,1,2,312
14571,Individual,161,1,89.97,3,1,2,312
15415,Individual,156,1,89.97,3,1,2,312
14691,Individual,149,1,89.97,3,1,2,312
21853,Individual,151,1,89.97,3,1,2,312
15745,Individual,152,1,89.97,3,1,2,312
26515,Individual,161,1,89.46,3,1,2,312
26473,Individual,177,1,89.46,3,1,2,312
17883,Individual,156,1,78.96,3,1,2,312
23620,Individual,163,1,78.96,3,1,2,312
20572,Individual,163,1,78.96,3,1,2,312
19514,Individual,190,1,78.96,3,1,2,312
22825,Individual,145,1,78.96,3,1,2,312
21536,Individual,133,1,78.96,3,1,2,312
18787,Individual,134,1,78.98,3,1,2,312
28021,Individual,204,1,78.98,3,1,2,312
28992,Individual,194,1,78.98,3,1,2,312
20128,Individual,202,1,78.98,3,1,2,312
19011,Individual,200,1,78.98,3,1,2,312
21378,Individual,196,1,78.98,3,1,2,312
18890,Individual,196,1,78.98,3,1,2,312
14111,Individual,182,1,76.97,3,1,2,312
13874,Individual,189,1,76.97,3,1,2,312
13030,Individual,142,1,76.97,3,1,2,312
21236,Individual,157,1,77.92,3,1,2,312
23261,Individual,203,1,77.92,3,1,2,312
27113,Individual,141,1,77.96,3,1,2,312
21628,Individual,146,1,77.96,3,1,2,312
27408,Individual,148,1,77.96,3,1,2,312
13589,Individual,162,1,78.48,3,1,2,312
21473,Individual,135,1,78.48,3,1,2,312
14687,Individual,143,1,80.96,3,1,2,312
13312,Individual,191,1,80.96,3,1,2,312
14435,Individual,170,1,80.96,3,1,2,312
25216,Individual,146,1,79.47,3,1,2,312
17530,Individual,190,1,79.47,3,1,2,312
18820,Individual,205,1,78.98,3,1,2,312
22511,Individual,184,1,80.47,3,1,2,312
19062,Individual,187,1,79.95,3,1,2,312
25869,Individual,163,1,79.97,3,1,2,312
19397,Individual,144,1,78.98,3,1,2,312
20754,Individual,152,1,78.98,3,1,2,312
26968,Individual,135,1,78.98,3,1,2,312
18517,Individual,135,1,78.98,3,1,2,312
20332,Individual,140,1,78.98,3,1,2,312
18825,Individual,142,1,78.98,3,1,2,312
28986,Individual,181,1,78.98,3,1,2,312
18981,Individual,176,1,78.98,3,1,2,312
19720,Individual,175,1,78.98,3,1,2,312
19528,Individual,173,1,78.98,3,1,2,312
26156,Individual,165,1,78.98,3,1,2,312
18918,Individual,164,1,78.98,3,1,2,312
18688,Individual,166,1,78.98,3,1,2,312
28996,Individual,166,1,78.98,3,1,2,312
19818,Individual,165,1,78.98,3,1,2,312
19756,Individual,168,1,78.98,3,1,2,312
29323,Individual,169,1,78.98,3,1,2,312
22002,Individual,153,1,78.98,3,1,2,312
20360,Individual,160,1,78.98,3,1,2,312
19637,Individual,159,1,78.98,3,1,2,312
12491,Individual,180,1,86.58,3,1,2,312
24767,Individual,151,1,86.58,3,1,2,312
14841,Individual,149,1,85.48,3,1,2,312
14151,Individual,135,1,85.48,3,1,2,312
13162,Individual,197,1,85.48,3,1,2,312
14352,Individual,203,1,85.48,3,1,2,312
14257,Individual,163,1,85.48,3,1,2,312
13937,Individual,177,1,85.48,3,1,2,312
13940,Individual,174,1,85.48,3,1,2,312
13757,Individual,176,1,86.96,3,1,2,312
27528,Individual,141,1,88.97,3,1,2,312
22708,Individual,141,1,88.97,3,1,2,312
28622,Individual,167,1,88.46,3,1,2,312
29472,Individual,150,1,88.98,3,1,2,312
11544,Individual,154,1,88.98,3,1,2,312
11594,Individual,165,1,88.98,3,1,2,312
27396,Individual,167,1,88.98,3,1,2,312
26035,Individual,194,1,88.98,3,1,2,312
25317,Individual,194,1,88.98,3,1,2,312
25668,Individual,160,1,88.97,3,1,2,312
26871,Individual,154,1,88.97,3,1,2,312
26803,Individual,186,1,88.97,3,1,2,312
26416,Individual,204,1,88.97,3,1,2,312
23864,Individual,184,1,84.97,3,1,2,312
17953,Individual,163,1,84.97,3,1,2,312
14000,Individual,186,1,84.92,3,1,2,312
14241,Individual,182,1,84.92,3,1,2,312
22314,Individual,181,1,84.47,3,1,2,312
27677,Individual,191,1,84.47,3,1,2,312
19925,Individual,205,1,83.97,3,1,2,312
27326,Individual,196,1,83.97,3,1,2,312
16508,Individual,159,1,83.97,3,1,2,312
28641,Individual,143,1,83.97,3,1,2,312
15930,Individual,145,1,83.97,3,1,2,312
23929,Individual,133,1,83.97,3,1,2,312
12946,Individual,134,1,81.46,3,1,2,312
27975,Individual,140,1,83.47,3,1,2,312
28059,Individual,190,1,82.47,3,1,2,312
24442,Individual,157,1,82.59,3,1,2,312
26257,Individual,148,1,82.95,3,1,2,312
19261,Individual,140,1,82.97,3,1,2,312
18029,Individual,156,1,82.97,3,1,2,312
19935,Individual,165,1,82.97,3,1,2,312
19281,Individual,151,1,67.97,3,1,2,312
16975,Individual,145,1,67.97,3,1,2,312
28718,Individual,156,1,67.97,3,1,2,312
22383,Individual,181,1,67.97,3,1,2,312
17172,Individual,175,1,68.49,3,1,2,312
17682,Individual,205,1,68.49,3,1,2,312
24322,Individual,149,1,68.49,3,1,2,312
29213,Individual,136,1,68.49,3,1,2,312
15375,Individual,204,1,67.93,3,1,2,312
24627,Individual,199,1,68.49,3,1,2,312
24073,Individual,134,1,68.49,3,1,2,312
25070,Individual,133,1,68.49,3,1,2,312
27385,Individual,135,1,68.97,3,1,2,312
12555,Individual,148,1,68.97,3,1,2,312
25688,Individual,153,1,68.97,3,1,2,312
25698,Individual,146,1,68.97,3,1,2,312
26674,Individual,195,1,68.97,3,1,2,312
27307,Individual,195,1,68.97,3,1,2,312
27314,Individual,196,1,68.97,3,1,2,312
26675,Individual,194,1,68.97,3,1,2,312
21164,Individual,175,1,68.97,3,1,2,312
26720,Individual,174,1,68.97,3,1,2,312
21625,Individual,171,1,68.97,3,1,2,312
12400,Individual,173,1,68.97,3,1,2,312
17507,Individual,181,1,68.97,3,1,2,312
27618,Individual,179,1,68.97,3,1,2,312
22922,Individual,186,1,68.97,3,1,2,312
26800,Individual,188,1,68.97,3,1,2,312
21303,Individual,185,1,68.97,3,1,2,312
29406,Individual,181,1,68.97,3,1,2,312
23766,Individual,182,1,68.97,3,1,2,312
28754,Individual,182,1,68.97,3,1,2,312
20105,Individual,162,1,68.97,3,1,2,312
23963,Individual,162,1,68.97,3,1,2,312
27098,Individual,164,1,68.97,3,1,2,312
21433,Individual,163,1,68.97,3,1,2,312
22731,Individual,204,1,69.97,3,1,2,312
20595,Individual,203,1,69.97,3,1,2,312
23734,Individual,199,1,69.97,3,1,2,312
23206,Individual,178,1,69.97,3,1,2,312
22792,Individual,173,1,69.97,3,1,2,312
20889,Individual,175,1,69.97,3,1,2,312
17749,Individual,176,1,69.97,3,1,2,312
17846,Individual,183,1,69.97,3,1,2,312
22724,Individual,185,1,69.97,3,1,2,312
22861,Individual,189,1,69.97,3,1,2,312
20229,Individual,163,1,69.97,3,1,2,312
23581,Individual,165,1,69.97,3,1,2,312
22819,Individual,166,1,69.97,3,1,2,312
23031,Individual,166,1,69.97,3,1,2,312
24554,Individual,170,1,69.97,3,1,2,312
24226,Individual,170,1,69.97,3,1,2,312
23157,Individual,167,1,69.97,3,1,2,312
23055,Individual,162,1,69.97,3,1,2,312
22967,Individual,158,1,69.97,3,1,2,312
21098,Individual,180,1,69.46,3,1,2,312
14786,Individual,171,1,66.96,3,1,2,312
13301,Individual,136,1,66.96,3,1,2,312
24531,Individual,194,1,67.49,3,1,2,312
23956,Individual,202,1,67.49,3,1,2,312
18665,Individual,181,1,67.93,3,1,2,312
24370,Individual,160,1,67.93,3,1,2,312
17863,Individual,150,1,67.93,3,1,2,312
20925,Individual,145,1,67.49,3,1,2,312
28384,Individual,175,1,67.59,3,1,2,312
20565,Individual,204,1,64.97,3,1,2,312
26079,Individual,199,1,64.97,3,1,2,312
16397,Individual,182,1,64.97,3,1,2,312
17797,Individual,180,1,64.97,3,1,2,312
19061,Individual,173,1,64.97,3,1,2,312
19068,Individual,177,1,64.97,3,1,2,312
21908,Individual,170,1,64.97,3,1,2,312
26459,Individual,156,1,64.97,3,1,2,312
25841,Individual,155,1,64.97,3,1,2,312
25862,Individual,157,1,64.97,3,1,2,312
25988,Individual,160,1,64.97,3,1,2,312
19042,Individual,160,1,64.97,3,1,2,312
15658,Individual,150,1,64.97,3,1,2,312
16456,Individual,145,1,64.97,3,1,2,312
21800,Individual,147,1,64.97,3,1,2,312
25871,Individual,145,1,64.97,3,1,2,312
26535,Individual,142,1,64.97,3,1,2,312
25846,Individual,135,1,64.97,3,1,2,312
21468,Individual,138,1,64.98,3,1,2,312
20501,Individual,185,1,64.98,3,1,2,312
14035,Individual,186,1,65.96,3,1,2,312
13331,Individual,201,1,65.96,3,1,2,312
28276,Individual,139,1,64.47,3,1,2,312
27708,Individual,151,1,64.47,3,1,2,312
28010,Individual,171,1,64.47,3,1,2,312
26682,Individual,166,1,64.47,3,1,2,312
28934,Individual,165,1,64.47,3,1,2,312
16714,Individual,178,1,64.47,3,1,2,312
15773,Individual,186,1,64.47,3,1,2,312
14917,Individual,205,1,64.47,3,1,2,312
28978,Individual,203,1,63.97,3,1,2,312
28972,Individual,157,1,63.97,3,1,2,312
14817,Individual,156,1,63.97,3,1,2,312
19249,Individual,153,1,63.97,3,1,2,312
29078,Individual,164,1,63.97,3,1,2,312
28811,Individual,171,1,63.97,3,1,2,312
28983,Individual,171,1,63.97,3,1,2,312
19279,Individual,147,1,63.97,3,1,2,312
16468,Individual,143,1,63.97,3,1,2,312
14954,Individual,194,1,70.95,3,1,2,312
24261,Individual,201,1,71.58,3,1,2,312
28398,Individual,204,1,71.58,3,1,2,312
25158,Individual,147,1,71.58,3,1,2,312
24439,Individual,151,1,71.58,3,1,2,312
24726,Individual,149,1,71.58,3,1,2,312
22761,Individual,133,1,69.97,3,1,2,312
17930,Individual,133,1,69.97,3,1,2,312
23457,Individual,144,1,69.97,3,1,2,312
19349,Individual,143,1,69.97,3,1,2,312
23133,Individual,151,1,69.97,3,1,2,312
20252,Individual,150,1,69.97,3,1,2,312
20408,Individual,150,1,69.97,3,1,2,312
23298,Individual,135,1,69.97,3,1,2,312
22783,Individual,142,1,69.97,3,1,2,312
29121,Individual,141,1,69.97,3,1,2,312
22837,Individual,139,1,69.97,3,1,2,312
19246,Individual,203,1,69.99,3,1,2,312
18814,Individual,203,1,69.99,3,1,2,312
22147,Individual,158,1,69.99,3,1,2,312
19663,Individual,157,1,69.99,3,1,2,312
19134,Individual,158,1,69.99,3,1,2,312
20289,Individual,160,1,69.99,3,1,2,312
19871,Individual,157,1,69.99,3,1,2,312
19686,Individual,169,1,69.99,3,1,2,312
26741,Individual,170,1,69.99,3,1,2,312
21237,Individual,170,1,69.99,3,1,2,312
18946,Individual,170,1,69.99,3,1,2,312
18847,Individual,163,1,69.99,3,1,2,312
19811,Individual,163,1,69.99,3,1,2,312
16586,Individual,188,1,69.99,3,1,2,312
20107,Individual,189,1,69.99,3,1,2,312
28640,Individual,190,1,69.99,3,1,2,312
19694,Individual,186,1,69.99,3,1,2,312
13512,Individual,176,1,69.99,3,1,2,312
18669,Individual,174,1,69.99,3,1,2,312
27367,Individual,174,1,69.99,3,1,2,312
28496,Individual,172,1,69.99,3,1,2,312
27656,Individual,177,1,69.99,3,1,2,312
20274,Individual,180,1,69.99,3,1,2,312
29021,Individual,180,1,69.99,3,1,2,312
18874,Individual,179,1,69.99,3,1,2,312
27522,Individual,180,1,69.99,3,1,2,312
15104,Individual,193,1,69.99,3,1,2,312
18764,Individual,193,1,69.99,3,1,2,312
27756,Individual,196,1,69.99,3,1,2,312
28575,Individual,143,1,69.99,3,1,2,312
27357,Individual,135,1,69.99,3,1,2,312
20293,Individual,136,1,69.99,3,1,2,312
20185,Individual,135,1,69.99,3,1,2,312
26428,Individual,135,1,69.99,3,1,2,312
19996,Individual,134,1,69.99,3,1,2,312
26159,Individual,137,1,69.99,3,1,2,312
19166,Individual,138,1,69.99,3,1,2,312
19007,Individual,147,1,69.99,3,1,2,312
18997,Individual,151,1,69.99,3,1,2,312
26425,Individual,152,1,69.99,3,1,2,312
22155,Individual,144,1,69.99,3,1,2,312
26137,Individual,145,1,69.99,3,1,2,312
13531,Individual,146,1,69.99,3,1,2,312
19877,Individual,148,1,69.99,3,1,2,312
15096,Individual,133,1,69.99,3,1,2,312
15470,Individual,167,1,76.96,3,1,2,312
25733,Individual,182,1,76.96,3,1,2,312
12937,Individual,178,1,75.97,3,1,2,312
19662,Individual,188,1,75.97,3,1,2,312
13479,Individual,159,1,75.97,3,1,2,312
14396,Individual,196,1,76.96,3,1,2,312
21904,Individual,145,1,75.97,3,1,2,312
23528,Individual,135,1,75.97,3,1,2,312
19470,Individual,150,1,74.98,3,1,2,312
21554,Individual,157,1,74.98,3,1,2,312
21184,Individual,155,1,74.98,3,1,2,312
14549,Individual,166,1,74.98,3,1,2,312
16577,Individual,180,1,74.98,3,1,2,312
12569,Individual,192,1,74.98,3,1,2,312
28303,Individual,195,1,74.98,3,1,2,312
27858,Individual,193,1,75.47,3,1,2,312
27652,Individual,177,1,75.47,3,1,2,312
26998,Individual,163,1,75.47,3,1,2,312
25772,Individual,177,1,75.48,3,1,2,312
21547,Individual,152,1,72.96,3,1,2,312
17837,Individual,187,1,73.96,3,1,2,312
17991,Individual,189,1,73.96,3,1,2,312
29118,Individual,177,1,73.96,3,1,2,312
21372,Individual,161,1,74.96,3,1,2,312
21430,Individual,137,1,74.46,3,1,2,312
14273,Individual,145,1,71.97,3,1,2,312
13863,Individual,143,1,71.97,3,1,2,312
14350,Individual,133,1,71.95,3,1,2,312
13334,Individual,182,1,71.95,3,1,2,312
13858,Individual,172,1,71.95,3,1,2,312
21745,Individual,172,1,71.95,3,1,2,312
13215,Individual,170,1,71.95,3,1,2,312
24616,Individual,174,1,71.58,3,1,2,312
24766,Individual,188,1,71.58,3,1,2,312
12905,Individual,168,1,71.97,3,1,2,312
13881,Individual,155,1,71.97,3,1,2,312
12744,Individual,153,1,71.97,3,1,2,312
12528,Individual,154,1,71.97,3,1,2,312
13739,Individual,158,1,71.97,3,1,2,312
13371,Individual,176,1,71.97,3,1,2,312
14376,Individual,183,1,71.97,3,1,2,312
13381,Individual,189,1,71.97,3,1,2,312
14152,Individual,188,1,71.97,3,1,2,312
21890,Individual,186,1,39.99,3,1,2,312
21177,Individual,176,1,39.99,3,1,2,312
21178,Individual,170,1,39.99,3,1,2,312
22746,Individual,196,1,40.23,3,1,2,312
17823,Individual,180,1,40.23,3,1,2,312
21960,Individual,138,1,39.99,3,1,2,312
27144,Individual,142,1,39.99,3,1,2,312
21209,Individual,144,1,39.99,3,1,2,312
21880,Individual,151,1,39.99,3,1,2,312
25416,Individual,194,1,40.22,3,1,2,312
23491,Individual,187,1,43.97,3,1,2,312
24016,Individual,192,1,44.22,3,1,2,312
26794,Individual,199,1,44.22,3,1,2,312
22823,Individual,141,1,43.97,3,1,2,312
11579,Individual,182,1,43.98,3,1,2,312
28430,Individual,177,1,42.97,3,1,2,312
26712,Individual,182,1,42.97,3,1,2,312
27135,Individual,205,1,42.97,3,1,2,312
26881,Individual,193,1,42.97,3,1,2,312
13017,Individual,163,1,42.28,3,1,2,312
22204,Individual,198,1,42.28,3,1,2,312
24821,Individual,191,1,42.84,3,1,2,312
13773,Individual,203,1,42.28,3,1,2,312
23692,Individual,203,1,42.93,3,1,2,312
21521,Individual,166,1,42.93,3,1,2,312
21726,Individual,199,1,41.95,3,1,2,312
23458,Individual,172,1,41.95,3,1,2,312
26403,Individual,145,1,41.93,3,1,2,312
22588,Individual,204,1,48.97,3,1,2,312
19762,Individual,193,1,48.97,3,1,2,312
11342,Individual,201,1,48.97,3,1,2,312
26478,Individual,196,1,49.48,3,1,2,312
26088,Individual,138,1,49.48,3,1,2,312
26525,Individual,135,1,49.48,3,1,2,312
18037,Individual,142,1,49.48,3,1,2,312
21708,Individual,178,1,49.97,3,1,2,312
20267,Individual,177,1,49.97,3,1,2,312
12591,Individual,177,1,49.97,3,1,2,312
23271,Individual,174,1,49.97,3,1,2,312
29122,Individual,183,1,49.97,3,1,2,312
12748,Individual,183,1,49.97,3,1,2,312
20474,Individual,184,1,49.97,3,1,2,312
21337,Individual,162,1,49.97,3,1,2,312
21751,Individual,159,1,49.97,3,1,2,312
20518,Individual,168,1,49.97,3,1,2,312
28100,Individual,170,1,49.97,3,1,2,312
12600,Individual,143,1,49.97,3,1,2,312
21694,Individual,137,1,49.97,3,1,2,312
26639,Individual,178,1,49.48,3,1,2,312
26345,Individual,174,1,49.48,3,1,2,312
25894,Individual,187,1,49.48,3,1,2,312
15045,Individual,188,1,49.48,3,1,2,312
26332,Individual,166,1,49.48,3,1,2,312
25933,Individual,154,1,49.48,3,1,2,312
26244,Individual,153,1,49.48,3,1,2,312
25258,Individual,161,1,49.48,3,1,2,312
22347,Individual,133,1,49.97,3,1,2,312
23248,Individual,133,1,49.97,3,1,2,312
20435,Individual,197,1,49.97,3,1,2,312
20635,Individual,198,1,49.97,3,1,2,312
12714,Individual,194,1,49.97,3,1,2,312
21397,Individual,196,1,49.97,3,1,2,312
21328,Individual,205,1,49.97,3,1,2,312
20655,Individual,150,1,47.42,3,1,2,312
29331,Individual,163,1,47.97,3,1,2,312
20057,Individual,141,1,47.97,3,1,2,312
21842,Individual,138,1,48.97,3,1,2,312
19183,Individual,144,1,48.97,3,1,2,312
14550,Individual,144,1,48.97,3,1,2,312
21086,Individual,168,1,48.97,3,1,2,312
21821,Individual,186,1,48.97,3,1,2,312
14968,Individual,183,1,48.97,3,1,2,312
16652,Individual,189,1,48.97,3,1,2,312
22545,Individual,177,1,48.97,3,1,2,312
11384,Individual,180,1,48.97,3,1,2,312
21353,Individual,199,1,44.98,3,1,2,312
13594,Individual,185,1,44.98,3,1,2,312
21801,Individual,177,1,44.98,3,1,2,312
20522,Individual,166,1,44.98,3,1,2,312
21287,Individual,167,1,44.98,3,1,2,312
23199,Individual,197,1,45.22,3,1,2,312
22364,Individual,195,1,45.22,3,1,2,312
14293,Individual,164,1,46.47,3,1,2,312
13191,Individual,152,1,46.47,3,1,2,312
15249,Individual,147,1,46.47,3,1,2,312
13061,Individual,145,1,46.47,3,1,2,312
22037,Individual,137,1,45.22,3,1,2,312
24294,Individual,139,1,45.58,3,1,2,312
24401,Individual,183,1,45.58,3,1,2,312
14358,Individual,184,1,45.95,3,1,2,312
17208,Individual,194,1,45.95,3,1,2,312
13300,Individual,152,1,45.95,3,1,2,312
23208,Individual,181,1,59.98,3,1,2,312
25355,Individual,179,1,59.98,3,1,2,312
18933,Individual,173,1,59.98,3,1,2,312
26893,Individual,189,1,59.98,3,1,2,312
23654,Individual,184,1,59.98,3,1,2,312
16017,Individual,182,1,59.98,3,1,2,312
21796,Individual,164,1,59.98,3,1,2,312
25885,Individual,158,1,59.98,3,1,2,312
17266,Individual,133,1,59.98,3,1,2,312
20095,Individual,145,1,59.98,3,1,2,312
12731,Individual,135,1,59.98,3,1,2,312
28356,Individual,134,1,59.98,3,1,2,312
20406,Individual,143,1,59.98,3,1,2,312
18100,Individual,196,1,59.98,3,1,2,312
18074,Individual,194,1,58.98,3,1,2,312
22916,Individual,141,1,58.98,3,1,2,312
16911,Individual,140,1,58.98,3,1,2,312
22385,Individual,140,1,58.98,3,1,2,312
27976,Individual,135,1,58.98,3,1,2,312
26495,Individual,136,1,58.98,3,1,2,312
20946,Individual,137,1,58.98,3,1,2,312
24151,Individual,152,1,58.98,3,1,2,312
27529,Individual,160,1,58.47,3,1,2,312
27457,Individual,153,1,58.47,3,1,2,312
26721,Individual,168,1,58.47,3,1,2,312
27481,Individual,174,1,58.47,3,1,2,312
16735,Individual,161,1,58.98,3,1,2,312
18636,Individual,154,1,58.98,3,1,2,312
22622,Individual,155,1,58.98,3,1,2,312
22919,Individual,170,1,58.98,3,1,2,312
25245,Individual,167,1,58.98,3,1,2,312
18658,Individual,187,1,58.98,3,1,2,312
21550,Individual,173,1,58.98,3,1,2,312
24591,Individual,177,1,58.98,3,1,2,312
15541,Individual,160,1,61.96,3,1,2,312
25814,Individual,150,1,61.96,3,1,2,312
16130,Individual,140,1,61.96,3,1,2,312
21573,Individual,173,1,61.97,3,1,2,312
22707,Individual,171,1,62.97,3,1,2,312
29353,Individual,150,1,63.47,3,1,2,312
29325,Individual,164,1,63.47,3,1,2,312
29273,Individual,156,1,63.47,3,1,2,312
27474,Individual,198,1,60.47,3,1,2,312
22556,Individual,200,1,60.47,3,1,2,312
25263,Individual,143,1,60.47,3,1,2,312
20254,Individual,135,1,60.47,3,1,2,312
28084,Individual,145,1,60.47,3,1,2,312
27684,Individual,148,1,60.47,3,1,2,312
25128,Individual,158,1,60.47,3,1,2,312
25773,Individual,160,1,60.47,3,1,2,312
21117,Individual,161,1,60.47,3,1,2,312
28227,Individual,155,1,60.47,3,1,2,312
28738,Individual,156,1,60.47,3,1,2,312
21127,Individual,168,1,60.47,3,1,2,312
20976,Individual,181,1,60.47,3,1,2,312
28236,Individual,187,1,60.47,3,1,2,312
21684,Individual,171,1,60.47,3,1,2,312
24080,Individual,185,1,53.98,3,1,2,312
25254,Individual,182,1,51.96,3,1,2,312
18018,Individual,143,1,51.97,3,1,2,312
12458,Individual,147,1,49.99,3,1,2,312
29047,Individual,185,1,51.46,3,1,2,312
15359,Individual,139,1,51.46,3,1,2,312
23083,Individual,178,1,49.90,3,1,2,312
28594,Individual,169,1,49.99,3,1,2,312
29328,Individual,166,1,49.99,3,1,2,312
12472,Individual,173,1,49.99,3,1,2,312
12273,Individual,181,1,49.99,3,1,2,312
16647,Individual,133,1,54.98,3,1,2,312
16780,Individual,146,1,54.98,3,1,2,312
17607,Individual,152,1,54.98,3,1,2,312
18498,Individual,143,1,54.98,3,1,2,312
16801,Individual,141,1,54.98,3,1,2,312
12029,Individual,180,1,54.97,3,1,2,312
27959,Individual,181,1,54.98,3,1,2,312
13502,Individual,164,1,54.98,3,1,2,312
29420,Individual,135,1,53.99,3,1,2,312
28334,Individual,144,1,53.99,3,1,2,312
29327,Individual,204,1,53.99,3,1,2,312
11545,Individual,200,1,53.99,3,1,2,312
29408,Individual,182,1,53.99,3,1,2,312
29405,Individual,169,1,53.99,3,1,2,312
13444,Individual,200,1,56.97,3,1,2,312
13656,Individual,199,1,56.97,3,1,2,312
13483,Individual,192,1,56.97,3,1,2,312
13654,Individual,205,1,56.97,3,1,2,312
27189,Individual,141,1,58.47,3,1,2,312
22360,Individual,186,1,58.95,3,1,2,312
24555,Individual,171,1,58.95,3,1,2,312
13597,Individual,163,1,58.96,3,1,2,312
12399,Individual,159,1,58.96,3,1,2,312
24728,Individual,158,1,57.09,3,1,2,312
17712,Individual,200,1,56.96,3,1,2,312
21998,Individual,199,1,56.98,3,1,2,312
14092,Individual,143,1,56.97,3,1,2,312
14349,Individual,140,1,56.97,3,1,2,312
18124,Individual,135,1,56.97,3,1,2,312
20547,Individual,147,1,56.97,3,1,2,312
21656,Individual,166,1,56.97,3,1,2,312
14383,Individual,171,1,56.97,3,1,2,312
23563,Individual,153,1,56.97,3,1,2,312
13740,Individual,153,1,56.97,3,1,2,312
14004,Individual,156,1,56.97,3,1,2,312
13457,Individual,177,1,56.97,3,1,2,312
22366,Individual,176,1,56.97,3,1,2,312
20341,Individual,185,1,56.97,3,1,2,312
13228,Individual,187,1,56.97,3,1,2,312
14097,Individual,188,1,56.97,3,1,2,312
12617,Individual,195,1,39.47,3,1,1,311
15510,Individual,160,1,39.98,3,1,1,311
23329,Individual,159,1,39.98,3,1,1,311
20441,Individual,157,1,39.98,3,1,1,311
28029,Individual,158,1,39.98,3,1,1,311
27954,Individual,161,1,39.98,3,1,1,311
12800,Individual,162,1,39.98,3,1,1,311
26891,Individual,162,1,39.98,3,1,1,311
23985,Individual,156,1,39.98,3,1,1,311
22911,Individual,156,1,39.98,3,1,1,311
25518,Individual,155,1,39.98,3,1,1,311
28887,Individual,153,1,39.98,3,1,1,311
15608,Individual,154,1,39.98,3,1,1,311
23087,Individual,154,1,39.98,3,1,1,311
14826,Individual,167,1,39.98,3,1,1,311
28007,Individual,167,1,39.98,3,1,1,311
21916,Individual,168,1,39.98,3,1,1,311
28213,Individual,171,1,39.98,3,1,1,311
22957,Individual,171,1,39.98,3,1,1,311
16153,Individual,170,1,39.98,3,1,1,311
21663,Individual,163,1,39.98,3,1,1,311
27812,Individual,164,1,39.98,3,1,1,311
17618,Individual,165,1,39.98,3,1,1,311
14850,Individual,165,1,39.98,3,1,1,311
24853,Individual,165,1,39.98,3,1,1,311
15513,Individual,166,1,39.98,3,1,1,311
17560,Individual,167,1,39.98,3,1,1,311
18343,Individual,166,1,39.98,3,1,1,311
23428,Individual,180,1,39.98,3,1,1,311
17471,Individual,178,1,39.98,3,1,1,311
18417,Individual,179,1,39.98,3,1,1,311
26136,Individual,172,1,39.98,3,1,1,311
24755,Individual,172,1,39.98,3,1,1,311
28060,Individual,174,1,39.98,3,1,1,311
17598,Individual,177,1,39.98,3,1,1,311
15270,Individual,176,1,39.98,3,1,1,311
22528,Individual,174,1,39.98,3,1,1,311
19273,Individual,184,1,39.98,3,1,1,311
22371,Individual,185,1,39.98,3,1,1,311
21844,Individual,185,1,39.98,3,1,1,311
25147,Individual,182,1,39.98,3,1,1,311
29338,Individual,189,1,39.98,3,1,1,311
14563,Individual,189,1,39.98,3,1,1,311
23284,Individual,190,1,39.98,3,1,1,311
15508,Individual,190,1,39.98,3,1,1,311
20070,Individual,191,1,39.98,3,1,1,311
25781,Individual,187,1,39.98,3,1,1,311
25110,Individual,187,1,39.98,3,1,1,311
18020,Individual,159,1,39.22,3,1,1,311
23786,Individual,203,1,38.98,3,1,1,311
29226,Individual,195,1,38.98,3,1,1,311
18619,Individual,200,1,38.98,3,1,1,311
23221,Individual,200,1,38.98,3,1,1,311
27491,Individual,201,1,38.98,3,1,1,311
27938,Individual,201,1,38.98,3,1,1,311
23772,Individual,198,1,38.98,3,1,1,311
25523,Individual,165,1,38.98,3,1,1,311
26970,Individual,163,1,38.98,3,1,1,311
23712,Individual,168,1,38.98,3,1,1,311
27990,Individual,168,1,38.98,3,1,1,311
29348,Individual,159,1,38.98,3,1,1,311
28891,Individual,161,1,38.98,3,1,1,311
19489,Individual,153,1,38.98,3,1,1,311
26408,Individual,154,1,38.98,3,1,1,311
29272,Individual,156,1,38.98,3,1,1,311
22688,Individual,188,1,38.98,3,1,1,311
25474,Individual,188,1,38.98,3,1,1,311
23626,Individual,189,1,38.98,3,1,1,311
29349,Individual,188,1,38.98,3,1,1,311
27785,Individual,189,1,38.98,3,1,1,311
22867,Individual,182,1,38.98,3,1,1,311
18007,Individual,186,1,38.98,3,1,1,311
23197,Individual,183,1,38.98,3,1,1,311
21820,Individual,173,1,38.98,3,1,1,311
26364,Individual,173,1,38.98,3,1,1,311
22725,Individual,179,1,38.98,3,1,1,311
23288,Individual,180,1,38.98,3,1,1,311
18235,Individual,151,1,39.98,3,1,1,311
16994,Individual,151,1,39.98,3,1,1,311
21043,Individual,152,1,39.98,3,1,1,311
22026,Individual,153,1,39.98,3,1,1,311
15408,Individual,151,1,39.98,3,1,1,311
24082,Individual,148,1,39.98,3,1,1,311
15271,Individual,148,1,39.98,3,1,1,311
18058,Individual,148,1,39.98,3,1,1,311
25652,Individual,149,1,39.98,3,1,1,311
25535,Individual,149,1,39.98,3,1,1,311
29229,Individual,144,1,39.98,3,1,1,311
24106,Individual,144,1,39.98,3,1,1,311
25679,Individual,145,1,39.98,3,1,1,311
16498,Individual,144,1,39.98,3,1,1,311
15747,Individual,146,1,39.98,3,1,1,311
15390,Individual,146,1,39.98,3,1,1,311
22657,Individual,143,1,39.98,3,1,1,311
24610,Individual,141,1,39.98,3,1,1,311
23401,Individual,139,1,39.98,3,1,1,311
25123,Individual,140,1,39.98,3,1,1,311
14600,Individual,141,1,39.98,3,1,1,311
14959,Individual,141,1,39.98,3,1,1,311
16655,Individual,138,1,39.98,3,1,1,311
20102,Individual,137,1,39.98,3,1,1,311
28291,Individual,137,1,39.98,3,1,1,311
17044,Individual,137,1,39.98,3,1,1,311
24196,Individual,195,1,39.98,3,1,1,311
18347,Individual,195,1,39.98,3,1,1,311
15772,Individual,194,1,39.98,3,1,1,311
18323,Individual,194,1,39.98,3,1,1,311
23569,Individual,194,1,39.98,3,1,1,311
22353,Individual,193,1,39.98,3,1,1,311
17577,Individual,198,1,39.98,3,1,1,311
15837,Individual,198,1,39.98,3,1,1,311
25494,Individual,197,1,39.98,3,1,1,311
21370,Individual,197,1,39.98,3,1,1,311
15545,Individual,197,1,39.98,3,1,1,311
28187,Individual,200,1,39.98,3,1,1,311
17696,Individual,204,1,39.98,3,1,1,311
15165,Individual,205,1,39.98,3,1,1,311
23253,Individual,204,1,39.98,3,1,1,311
15740,Individual,133,1,39.98,3,1,1,311
17674,Individual,133,1,39.98,3,1,1,311
29218,Individual,152,1,37.97,3,1,1,311
24935,Individual,145,1,38.88,3,1,1,311
24950,Individual,137,1,38.88,3,1,1,311
28373,Individual,177,1,38.88,3,1,1,311
24320,Individual,172,1,38.88,3,1,1,311
25276,Individual,173,1,38.88,3,1,1,311
15098,Individual,188,1,38.88,3,1,1,311
24642,Individual,153,1,38.88,3,1,1,311
25168,Individual,159,1,38.88,3,1,1,311
28440,Individual,159,1,38.88,3,1,1,311
24626,Individual,166,1,38.88,3,1,1,311
24624,Individual,200,1,38.88,3,1,1,311
25283,Individual,191,1,38.88,3,1,1,311
25914,Individual,155,1,37.93,3,1,1,311
24743,Individual,167,1,37.93,3,1,1,311
27451,Individual,182,1,37.43,3,1,1,311
21995,Individual,165,1,37.29,3,1,1,311
19673,Individual,158,1,37.29,3,1,1,311
13825,Individual,157,1,37.29,3,1,1,311
11248,Individual,199,1,38.47,3,1,1,311
11373,Individual,155,1,38.47,3,1,1,311
11411,Individual,178,1,38.47,3,1,1,311
27220,Individual,139,1,38.98,3,1,1,311
20803,Individual,138,1,38.98,3,1,1,311
24180,Individual,134,1,38.98,3,1,1,311
20954,Individual,136,1,38.98,3,1,1,311
25505,Individual,136,1,38.98,3,1,1,311
29330,Individual,142,1,38.98,3,1,1,311
25631,Individual,143,1,38.98,3,1,1,311
29199,Individual,145,1,38.98,3,1,1,311
23627,Individual,143,1,38.98,3,1,1,311
20964,Individual,152,1,38.98,3,1,1,311
27683,Individual,150,1,38.98,3,1,1,311
23596,Individual,150,1,38.98,3,1,1,311
23952,Individual,151,1,38.98,3,1,1,311
24074,Individual,133,1,38.98,3,1,1,311
18623,Individual,172,1,37.27,3,1,1,311
23027,Individual,172,1,37.27,3,1,1,311
22721,Individual,175,1,37.27,3,1,1,311
21079,Individual,190,1,37.27,3,1,1,311
21543,Individual,185,1,37.27,3,1,1,311
18025,Individual,162,1,37.27,3,1,1,311
23090,Individual,160,1,37.27,3,1,1,311
20951,Individual,171,1,37.27,3,1,1,311
24490,Individual,133,1,36.59,3,1,1,311
17341,Individual,147,1,35.96,3,1,1,311
26405,Individual,139,1,36.27,3,1,1,311
23911,Individual,143,1,36.27,3,1,1,311
25190,Individual,138,1,36.59,3,1,1,311
24650,Individual,148,1,36.59,3,1,1,311
19300,Individual,141,1,36.93,3,1,1,311
14190,Individual,197,1,36.59,3,1,1,311
24514,Individual,195,1,36.59,3,1,1,311
24312,Individual,187,1,36.59,3,1,1,311
24984,Individual,180,1,36.59,3,1,1,311
23740,Individual,179,1,36.59,3,1,1,311
24511,Individual,154,1,36.59,3,1,1,311
25195,Individual,170,1,36.59,3,1,1,311
26769,Individual,149,1,37.29,3,1,1,311
18897,Individual,150,1,37.29,3,1,1,311
17800,Individual,196,1,37.27,3,1,1,311
22304,Individual,191,1,37.27,3,1,1,311
21028,Individual,133,1,37.27,3,1,1,311
23297,Individual,148,1,37.27,3,1,1,311
12952,Individual,169,1,36.96,3,1,1,311
13835,Individual,154,1,36.96,3,1,1,311
17724,Individual,171,1,36.96,3,1,1,311
17222,Individual,199,1,36.96,3,1,1,311
13943,Individual,147,1,36.96,3,1,1,311
14635,Individual,174,1,37.21,3,1,1,311
15707,Individual,139,1,35.00,3,1,1,311
27495,Individual,133,1,35.00,3,1,1,311
16507,Individual,199,1,35.23,3,1,1,311
24871,Individual,199,1,35.72,3,1,1,311
22498,Individual,171,1,35.72,3,1,1,311
27627,Individual,171,1,36.27,3,1,1,311
27248,Individual,171,1,36.27,3,1,1,311
23927,Individual,165,1,36.27,3,1,1,311
28538,Individual,158,1,36.27,3,1,1,311
28453,Individual,179,1,36.27,3,1,1,311
27052,Individual,181,1,36.27,3,1,1,311
27386,Individual,181,1,36.27,3,1,1,311
26636,Individual,187,1,36.27,3,1,1,311
23969,Individual,199,1,36.27,3,1,1,311
26583,Individual,198,1,36.27,3,1,1,311
12223,Individual,174,1,34.99,3,1,1,311
11573,Individual,186,1,34.99,3,1,1,311
28591,Individual,186,1,34.99,3,1,1,311
28585,Individual,163,1,34.99,3,1,1,311
12236,Individual,200,1,34.99,3,1,1,311
11602,Individual,203,1,34.99,3,1,1,311
12238,Individual,204,1,34.99,3,1,1,311
11565,Individual,143,1,34.99,3,1,1,311
21175,Individual,192,1,35.00,3,1,1,311
15704,Individual,163,1,35.00,3,1,1,311
12767,Individual,159,1,35.00,3,1,1,311
17219,Individual,155,1,35.00,3,1,1,311
27145,Individual,172,1,35.00,3,1,1,311
27391,Individual,198,1,33.98,3,1,1,311
26254,Individual,199,1,33.98,3,1,1,311
29377,Individual,199,1,33.98,3,1,1,311
23440,Individual,193,1,33.98,3,1,1,311
26707,Individual,194,1,33.98,3,1,1,311
26859,Individual,195,1,33.98,3,1,1,311
27311,Individual,195,1,33.98,3,1,1,311
27619,Individual,202,1,33.98,3,1,1,311
26384,Individual,136,1,33.98,3,1,1,311
24722,Individual,134,1,33.98,3,1,1,311
26380,Individual,184,1,33.98,3,1,1,311
26383,Individual,178,1,33.98,3,1,1,311
28710,Individual,180,1,33.98,3,1,1,311
27018,Individual,169,1,33.98,3,1,1,311
19483,Individual,156,1,33.98,3,1,1,311
24524,Individual,135,1,34.89,3,1,1,311
25260,Individual,151,1,34.89,3,1,1,311
25275,Individual,167,1,34.89,3,1,1,311
24263,Individual,201,1,34.89,3,1,1,311
27822,Individual,189,1,34.47,3,1,1,311
22056,Individual,144,1,34.98,3,1,1,311
21872,Individual,134,1,34.98,3,1,1,311
23295,Individual,138,1,34.98,3,1,1,311
23564,Individual,136,1,34.98,3,1,1,311
22375,Individual,139,1,34.98,3,1,1,311
22362,Individual,141,1,34.98,3,1,1,311
20968,Individual,202,1,34.98,3,1,1,311
23191,Individual,198,1,34.98,3,1,1,311
21118,Individual,197,1,34.98,3,1,1,311
21046,Individual,166,1,34.98,3,1,1,311
23737,Individual,170,1,34.98,3,1,1,311
21196,Individual,156,1,34.98,3,1,1,311
22126,Individual,162,1,34.98,3,1,1,311
24227,Individual,186,1,34.98,3,1,1,311
23292,Individual,183,1,34.98,3,1,1,311
20865,Individual,181,1,34.98,3,1,1,311
22085,Individual,177,1,34.98,3,1,1,311
21248,Individual,172,1,34.98,3,1,1,311
23192,Individual,146,1,32.28,3,1,1,311
23149,Individual,152,1,32.28,3,1,1,311
21181,Individual,137,1,32.28,3,1,1,311
23598,Individual,141,1,32.28,3,1,1,311
17718,Individual,194,1,32.27,3,1,1,311
21511,Individual,197,1,32.27,3,1,1,311
18041,Individual,196,1,32.27,3,1,1,311
26516,Individual,200,1,32.27,3,1,1,311
17758,Individual,187,1,32.27,3,1,1,311
17707,Individual,190,1,32.27,3,1,1,311
20585,Individual,155,1,32.27,3,1,1,311
20599,Individual,169,1,32.27,3,1,1,311
23108,Individual,168,1,32.28,3,1,1,311
22812,Individual,168,1,32.28,3,1,1,311
20907,Individual,169,1,32.28,3,1,1,311
23246,Individual,166,1,32.28,3,1,1,311
17748,Individual,166,1,32.28,3,1,1,311
17836,Individual,163,1,32.28,3,1,1,311
14862,Individual,155,1,32.28,3,1,1,311
20809,Individual,155,1,32.28,3,1,1,311
23890,Individual,157,1,32.28,3,1,1,311
20143,Individual,185,1,32.28,3,1,1,311
21971,Individual,201,1,32.28,3,1,1,311
21049,Individual,197,1,32.28,3,1,1,311
24774,Individual,203,1,32.60,3,1,1,311
24951,Individual,183,1,32.60,3,1,1,311
24290,Individual,190,1,32.60,3,1,1,311
25255,Individual,175,1,32.60,3,1,1,311
25024,Individual,171,1,32.60,3,1,1,311
27430,Individual,189,1,33.43,3,1,1,311
27506,Individual,198,1,33.43,3,1,1,311
25350,Individual,139,1,32.27,3,1,1,311
17856,Individual,137,1,32.27,3,1,1,311
18044,Individual,144,1,32.27,3,1,1,311
23792,Individual,197,1,32.60,3,1,1,311
24512,Individual,200,1,32.60,3,1,1,311
14188,Individual,193,1,32.60,3,1,1,311
24962,Individual,191,1,32.60,3,1,1,311
24507,Individual,137,1,32.60,3,1,1,311
24981,Individual,138,1,32.60,3,1,1,311
14182,Individual,149,1,32.60,3,1,1,311
24999,Individual,133,1,32.60,3,1,1,311
14250,Individual,152,1,30.97,3,1,1,311
15813,Individual,139,1,30.97,3,1,1,311
13763,Individual,141,1,30.97,3,1,1,311
15819,Individual,141,1,30.97,3,1,1,311
15001,Individual,194,1,30.97,3,1,1,311
13327,Individual,193,1,30.97,3,1,1,311
14093,Individual,159,1,30.97,3,1,1,311
15245,Individual,183,1,30.97,3,1,1,311
27394,Individual,147,1,30.48,3,1,1,311
17888,Individual,142,1,29.98,3,1,1,311
25352,Individual,148,1,29.98,3,1,1,311
26476,Individual,175,1,30.48,3,1,1,311
22512,Individual,170,1,30.48,3,1,1,311
26679,Individual,198,1,29.98,3,1,1,311
19250,Individual,179,1,31.27,3,1,1,311
20593,Individual,154,1,31.27,3,1,1,311
29046,Individual,196,1,31.27,3,1,1,311
24081,Individual,144,1,31.28,3,1,1,311
19330,Individual,150,1,31.27,3,1,1,311
27679,Individual,184,1,31.73,3,1,1,311
25487,Individual,145,1,31.73,3,1,1,311
20533,Individual,178,1,31.92,3,1,1,311
17215,Individual,143,1,31.97,3,1,1,311
17884,Individual,179,1,29.98,3,1,1,311
17853,Individual,186,1,29.98,3,1,1,311
24745,Individual,188,1,29.98,3,1,1,311
25983,Individual,171,1,29.98,3,1,1,311
26519,Individual,156,1,29.98,3,1,1,311
26196,Individual,160,1,29.98,3,1,1,311
16939,Individual,160,1,29.98,3,1,1,311
21345,Individual,174,1,29.93,3,1,1,311
22764,Individual,148,1,29.99,3,1,1,311
17822,Individual,149,1,29.99,3,1,1,311
23030,Individual,152,1,29.99,3,1,1,311
23685,Individual,147,1,29.99,3,1,1,311
23814,Individual,141,1,29.99,3,1,1,311
23809,Individual,139,1,29.99,3,1,1,311
23054,Individual,199,1,29.99,3,1,1,311
23286,Individual,196,1,29.99,3,1,1,311
22838,Individual,195,1,29.99,3,1,1,311
21526,Individual,160,1,29.99,3,1,1,311
22546,Individual,161,1,29.99,3,1,1,311
17931,Individual,155,1,29.99,3,1,1,311
23025,Individual,154,1,29.99,3,1,1,311
23201,Individual,169,1,29.99,3,1,1,311
23710,Individual,166,1,29.99,3,1,1,311
22237,Individual,186,1,29.99,3,1,1,311
21221,Individual,184,1,29.99,3,1,1,311
21551,Individual,180,1,29.99,3,1,1,311
23052,Individual,178,1,29.99,3,1,1,311
23207,Individual,175,1,29.99,3,1,1,311
26198,Individual,149,1,27.28,3,1,1,311
17995,Individual,148,1,27.28,3,1,1,311
26502,Individual,147,1,27.28,3,1,1,311
19190,Individual,144,1,27.28,3,1,1,311
25353,Individual,145,1,27.28,3,1,1,311
26462,Individual,136,1,27.28,3,1,1,311
29235,Individual,166,1,27.28,3,1,1,311
26555,Individual,167,1,27.28,3,1,1,311
15609,Individual,167,1,27.28,3,1,1,311
19900,Individual,155,1,27.28,3,1,1,311
28816,Individual,161,1,27.28,3,1,1,311
29210,Individual,158,1,27.28,3,1,1,311
25931,Individual,189,1,27.28,3,1,1,311
26454,Individual,186,1,27.28,3,1,1,311
19251,Individual,176,1,27.28,3,1,1,311
24599,Individual,169,1,26.97,3,1,1,311
15522,Individual,165,1,26.97,3,1,1,311
29416,Individual,199,1,27.77,3,1,1,311
24280,Individual,196,1,27.77,3,1,1,311
27843,Individual,204,1,27.77,3,1,1,311
26912,Individual,203,1,27.77,3,1,1,311
21911,Individual,205,1,27.77,3,1,1,311
25787,Individual,205,1,27.77,3,1,1,311
27225,Individual,142,1,28.48,3,1,1,311
23637,Individual,141,1,28.48,3,1,1,311
29093,Individual,163,1,28.48,3,1,1,311
26275,Individual,203,1,27.28,3,1,1,311
25358,Individual,196,1,27.28,3,1,1,311
26451,Individual,198,1,27.28,3,1,1,311
21125,Individual,150,1,27.77,3,1,1,311
25472,Individual,177,1,27.77,3,1,1,311
26845,Individual,181,1,27.77,3,1,1,311
27433,Individual,185,1,27.77,3,1,1,311
25533,Individual,184,1,27.77,3,1,1,311
24373,Individual,183,1,27.77,3,1,1,311
28229,Individual,161,1,27.77,3,1,1,311
16322,Individual,166,1,28.98,3,1,1,311
19497,Individual,165,1,28.98,3,1,1,311
28984,Individual,190,1,28.98,3,1,1,311
16544,Individual,181,1,28.98,3,1,1,311
29234,Individual,204,1,28.98,3,1,1,311
22709,Individual,138,1,28.99,3,1,1,311
23445,Individual,138,1,28.99,3,1,1,311
27622,Individual,149,1,28.99,3,1,1,311
26798,Individual,177,1,28.99,3,1,1,311
24062,Individual,177,1,28.99,3,1,1,311
26982,Individual,178,1,28.99,3,1,1,311
27290,Individual,187,1,28.99,3,1,1,311
27306,Individual,166,1,28.99,3,1,1,311
26935,Individual,163,1,28.99,3,1,1,311
29430,Individual,158,1,28.99,3,1,1,311
26586,Individual,197,1,28.99,3,1,1,311
27303,Individual,191,1,28.99,3,1,1,311
28687,Individual,204,1,28.99,3,1,1,311
26410,Individual,202,1,28.99,3,1,1,311
26177,Individual,144,1,29.48,3,1,1,311
18396,Individual,138,1,29.48,3,1,1,311
24851,Individual,203,1,29.48,3,1,1,311
13827,Individual,196,1,29.48,3,1,1,311
17179,Individual,197,1,29.48,3,1,1,311
22390,Individual,200,1,29.48,3,1,1,311
19306,Individual,200,1,29.48,3,1,1,311
29009,Individual,199,1,28.98,3,1,1,311
26527,Individual,185,1,29.26,3,1,1,311
21073,Individual,181,1,29.48,3,1,1,311
28716,Individual,162,1,29.48,3,1,1,311
28922,Individual,161,1,29.48,3,1,1,311
19372,Individual,157,1,29.48,3,1,1,311
24126,Individual,164,1,29.48,3,1,1,311
22550,Individual,165,1,29.48,3,1,1,311
21097,Individual,163,1,29.48,3,1,1,311
24483,Individual,135,1,23.97,3,1,1,311
13379,Individual,196,1,24.27,3,1,1,311
22177,Individual,200,1,24.27,3,1,1,311
13752,Individual,168,1,24.27,3,1,1,311
13365,Individual,140,1,24.27,3,1,1,311
21467,Individual,133,1,23.97,3,1,1,311
20534,Individual,133,1,23.97,3,1,1,311
29189,Individual,165,1,23.97,3,1,1,311
23263,Individual,167,1,23.97,3,1,1,311
21338,Individual,169,1,23.97,3,1,1,311
28944,Individual,161,1,23.97,3,1,1,311
29320,Individual,153,1,23.97,3,1,1,311
21463,Individual,175,1,23.97,3,1,1,311
21799,Individual,183,1,23.97,3,1,1,311
21770,Individual,194,1,23.97,3,1,1,311
27648,Individual,201,1,23.78,3,1,1,311
28748,Individual,198,1,23.78,3,1,1,311
26969,Individual,195,1,23.78,3,1,1,311
26271,Individual,191,1,23.78,3,1,1,311
27426,Individual,178,1,23.78,3,1,1,311
22529,Individual,173,1,23.78,3,1,1,311
28231,Individual,172,1,23.78,3,1,1,311
22499,Individual,155,1,23.78,3,1,1,311
27754,Individual,160,1,23.78,3,1,1,311
26370,Individual,159,1,23.78,3,1,1,311
26880,Individual,159,1,23.78,3,1,1,311
25530,Individual,167,1,23.78,3,1,1,311
26872,Individual,165,1,23.78,3,1,1,311
27674,Individual,162,1,23.78,3,1,1,311
27813,Individual,164,1,23.78,3,1,1,311
25269,Individual,141,1,23.78,3,1,1,311
27750,Individual,135,1,23.78,3,1,1,311
24696,Individual,150,1,23.78,3,1,1,311
25806,Individual,151,1,23.78,3,1,1,311
29383,Individual,150,1,23.78,3,1,1,311
25754,Individual,144,1,23.78,3,1,1,311
27644,Individual,133,1,23.78,3,1,1,311
28812,Individual,168,1,24.99,3,1,1,311
17832,Individual,169,1,24.99,3,1,1,311
19513,Individual,165,1,24.99,3,1,1,311
29026,Individual,164,1,24.99,3,1,1,311
16323,Individual,163,1,24.99,3,1,1,311
16439,Individual,153,1,24.99,3,1,1,311
26471,Individual,154,1,24.99,3,1,1,311
18629,Individual,162,1,24.99,3,1,1,311
15066,Individual,162,1,24.99,3,1,1,311
19355,Individual,157,1,24.99,3,1,1,311
25956,Individual,186,1,24.99,3,1,1,311
20804,Individual,190,1,24.99,3,1,1,311
20724,Individual,189,1,24.99,3,1,1,311
28994,Individual,186,1,24.99,3,1,1,311
26522,Individual,176,1,24.99,3,1,1,311
19079,Individual,173,1,24.99,3,1,1,311
20721,Individual,173,1,24.99,3,1,1,311
29220,Individual,177,1,24.99,3,1,1,311
17088,Individual,193,1,24.99,3,1,1,311
21841,Individual,194,1,24.99,3,1,1,311
19175,Individual,196,1,24.99,3,1,1,311
25144,Individual,134,1,25.48,3,1,1,311
16369,Individual,149,1,26.97,3,1,1,311
11469,Individual,173,1,25.48,3,1,1,311
22561,Individual,188,1,25.48,3,1,1,311
26483,Individual,191,1,25.48,3,1,1,311
26791,Individual,162,1,25.48,3,1,1,311
27505,Individual,154,1,25.48,3,1,1,311
26779,Individual,156,1,25.48,3,1,1,311
21005,Individual,169,1,25.48,3,1,1,311
19461,Individual,143,1,24.99,3,1,1,311
25345,Individual,142,1,24.99,3,1,1,311
29171,Individual,138,1,24.99,3,1,1,311
26500,Individual,144,1,24.99,3,1,1,311
17108,Individual,147,1,24.99,3,1,1,311
14706,Individual,145,1,24.99,3,1,1,311
18033,Individual,150,1,24.99,3,1,1,311
26101,Individual,205,1,24.99,3,1,1,311
28144,Individual,196,1,15.23,3,1,1,311
28089,Individual,139,1,15.23,3,1,1,311
21636,Individual,188,1,14.98,3,1,1,311
21804,Individual,189,1,14.98,3,1,1,311
21460,Individual,191,1,14.98,3,1,1,311
21243,Individual,176,1,14.98,3,1,1,311
22070,Individual,176,1,14.98,3,1,1,311
22339,Individual,181,1,14.98,3,1,1,311
21938,Individual,169,1,14.98,3,1,1,311
20409,Individual,167,1,14.98,3,1,1,311
20390,Individual,157,1,14.98,3,1,1,311
21906,Individual,162,1,14.98,3,1,1,311
12732,Individual,160,1,14.98,3,1,1,311
21322,Individual,161,1,14.98,3,1,1,311
25017,Individual,156,1,14.98,3,1,1,311
20643,Individual,154,1,14.98,3,1,1,311
26095,Individual,170,1,15.23,3,1,1,311
15775,Individual,165,1,15.23,3,1,1,311
21907,Individual,139,1,14.98,3,1,1,311
21806,Individual,140,1,14.98,3,1,1,311
21716,Individual,142,1,14.98,3,1,1,311
21754,Individual,135,1,14.98,3,1,1,311
24269,Individual,138,1,14.98,3,1,1,311
21292,Individual,149,1,14.98,3,1,1,311
22340,Individual,149,1,14.98,3,1,1,311
12558,Individual,149,1,14.98,3,1,1,311
21612,Individual,198,1,14.98,3,1,1,311
21346,Individual,199,1,14.98,3,1,1,311
21724,Individual,201,1,14.98,3,1,1,311
21692,Individual,201,1,14.98,3,1,1,311
20790,Individual,193,1,14.98,3,1,1,311
21273,Individual,192,1,14.98,3,1,1,311
21905,Individual,195,1,14.98,3,1,1,311
28956,Individual,196,1,14.98,3,1,1,311
22025,Individual,205,1,14.98,3,1,1,311
20485,Individual,205,1,14.98,3,1,1,311
12719,Individual,203,1,14.98,3,1,1,311
21814,Individual,203,1,14.98,3,1,1,311
26448,Individual,156,1,21.49,3,1,1,311
25809,Individual,155,1,21.49,3,1,1,311
26034,Individual,154,1,21.49,3,1,1,311
11553,Individual,160,1,21.49,3,1,1,311
27832,Individual,171,1,21.49,3,1,1,311
27749,Individual,168,1,21.49,3,1,1,311
28892,Individual,168,1,21.49,3,1,1,311
27503,Individual,179,1,21.49,3,1,1,311
24867,Individual,177,1,21.49,3,1,1,311
11557,Individual,174,1,21.49,3,1,1,311
24456,Individual,190,1,21.49,3,1,1,311
27639,Individual,185,1,21.49,3,1,1,311
25685,Individual,182,1,21.49,3,1,1,311
28459,Individual,183,1,21.49,3,1,1,311
29376,Individual,181,1,21.49,3,1,1,311
28218,Individual,143,1,18.97,3,1,1,311
21578,Individual,156,1,17.27,3,1,1,311
28473,Individual,134,1,21.49,3,1,1,311
22417,Individual,135,1,21.49,3,1,1,311
27003,Individual,148,1,21.49,3,1,1,311
28463,Individual,144,1,21.49,3,1,1,311
28228,Individual,147,1,21.49,3,1,1,311
21447,Individual,203,1,21.98,3,1,1,311
12971,Individual,202,1,21.98,3,1,1,311
13876,Individual,202,1,21.98,3,1,1,311
13395,Individual,195,1,21.98,3,1,1,311
13293,Individual,193,1,21.98,3,1,1,311
13902,Individual,201,1,21.98,3,1,1,311
13861,Individual,183,1,21.98,3,1,1,311
13931,Individual,184,1,21.98,3,1,1,311
13297,Individual,187,1,21.98,3,1,1,311
12445,Individual,174,1,21.98,3,1,1,311
14027,Individual,175,1,21.98,3,1,1,311
19827,Individual,180,1,21.98,3,1,1,311
19828,Individual,163,1,21.98,3,1,1,311
23521,Individual,166,1,21.98,3,1,1,311
12794,Individual,156,1,21.98,3,1,1,311
13879,Individual,143,1,21.98,3,1,1,311
13232,Individual,144,1,21.98,3,1,1,311
12976,Individual,149,1,21.98,3,1,1,311
17223,Individual,151,1,21.98,3,1,1,311
13240,Individual,151,1,21.98,3,1,1,311
14873,Individual,139,1,21.98,3,1,1,311
14432,Individual,139,1,21.98,3,1,1,311
14462,Individual,134,1,21.98,3,1,1,311
21718,Individual,156,1,22.93,3,1,1,311
22069,Individual,184,1,22.93,3,1,1,311
27633,Individual,201,1,22.26,3,1,1,311
21771,Individual,202,1,22.93,3,1,1,311
27834,Individual,204,1,13.98,3,1,1,311
24568,Individual,203,1,13.98,3,1,1,311
16773,Individual,205,1,13.98,3,1,1,311
27230,Individual,195,1,13.98,3,1,1,311
21091,Individual,193,1,13.98,3,1,1,311
24588,Individual,193,1,13.98,3,1,1,311
11393,Individual,197,1,13.98,3,1,1,311
17692,Individual,147,1,13.98,3,1,1,311
23312,Individual,145,1,13.98,3,1,1,311
16808,Individual,135,1,13.98,3,1,1,311
27593,Individual,136,1,13.98,3,1,1,311
19358,Individual,141,1,13.98,3,1,1,311
21867,Individual,142,1,13.98,3,1,1,311
24119,Individual,139,1,13.98,3,1,1,311
22834,Individual,145,1,12.98,3,1,1,311
22815,Individual,154,1,12.98,3,1,1,311
12535,Individual,133,1,8.99,3,1,1,311
28951,Individual,198,1,9.99,3,1,1,311
21686,Individual,194,1,9.99,3,1,1,311
20780,Individual,194,1,9.99,3,1,1,311
29270,Individual,157,1,11.94,3,1,1,311
27337,Individual,154,1,11.94,3,1,1,311
20827,Individual,185,1,11.94,3,1,1,311
29160,Individual,204,1,11.94,3,1,1,311
15202,Individual,184,1,12.94,3,1,1,311
20498,Individual,183,1,12.94,3,1,1,311
17152,Individual,181,1,12.94,3,1,1,311
14918,Individual,178,1,12.94,3,1,1,311
23543,Individual,162,1,12.94,3,1,1,311
15744,Individual,166,1,12.94,3,1,1,311
28889,Individual,167,1,12.94,3,1,1,311
24188,Individual,202,1,12.94,3,1,1,311
16856,Individual,154,1,13.98,3,1,1,311
24473,Individual,153,1,13.98,3,1,1,311
19656,Individual,153,1,13.98,3,1,1,311
18087,Individual,153,1,13.98,3,1,1,311
16985,Individual,157,1,13.98,3,1,1,311
22955,Individual,156,1,13.98,3,1,1,311
26269,Individual,159,1,13.98,3,1,1,311
16913,Individual,159,1,13.98,3,1,1,311
18761,Individual,159,1,13.98,3,1,1,311
20415,Individual,169,1,13.98,3,1,1,311
25496,Individual,171,1,13.98,3,1,1,311
26318,Individual,166,1,13.98,3,1,1,311
11415,Individual,166,1,13.98,3,1,1,311
24230,Individual,163,1,13.98,3,1,1,311
24020,Individual,164,1,13.98,3,1,1,311
28350,Individual,164,1,13.98,3,1,1,311
17599,Individual,177,1,13.98,3,1,1,311
17155,Individual,180,1,13.98,3,1,1,311
18383,Individual,180,1,13.98,3,1,1,311
19906,Individual,173,1,13.98,3,1,1,311
20094,Individual,175,1,13.98,3,1,1,311
23014,Individual,174,1,13.98,3,1,1,311
27209,Individual,183,1,13.98,3,1,1,311
20153,Individual,183,1,13.98,3,1,1,311
23122,Individual,183,1,13.98,3,1,1,311
16677,Individual,182,1,13.98,3,1,1,311
22325,Individual,184,1,13.98,3,1,1,311
18663,Individual,189,1,13.98,3,1,1,311
26474,Individual,188,1,13.98,3,1,1,311
12534,Individual,143,1,8.99,3,1,1,311
11584,Individual,135,1,8.99,3,1,1,311
12518,Individual,181,1,8.99,3,1,1,311
12515,Individual,189,1,8.99,3,1,1,311
20388,Individual,147,1,9.99,3,1,1,311
21481,Individual,144,1,9.99,3,1,1,311
22352,Individual,144,1,9.99,3,1,1,311
20449,Individual,203,1,9.99,3,1,1,311
21639,Individual,171,1,9.99,3,1,1,311
21934,Individual,163,1,9.99,3,1,1,311
25233,Individual,202,1,7.28,3,1,1,311
28009,Individual,202,1,7.28,3,1,1,311
28603,Individual,148,1,7.95,3,1,1,311
28605,Individual,160,1,7.95,3,1,1,311
25491,Individual,195,1,7.28,3,1,1,311
25490,Individual,191,1,7.28,3,1,1,311
22983,Individual,192,1,7.28,3,1,1,311
16356,Individual,198,1,7.28,3,1,1,311
19039,Individual,197,1,7.28,3,1,1,311
21631,Individual,199,1,7.28,3,1,1,311
15945,Individual,182,1,7.28,3,1,1,311
25816,Individual,183,1,7.28,3,1,1,311
27962,Individual,183,1,7.28,3,1,1,311
16010,Individual,184,1,7.28,3,1,1,311
27035,Individual,188,1,7.28,3,1,1,311
28008,Individual,189,1,7.28,3,1,1,311
15858,Individual,191,1,7.28,3,1,1,311
28577,Individual,190,1,7.28,3,1,1,311
16014,Individual,180,1,7.28,3,1,1,311
23236,Individual,154,1,7.28,3,1,1,311
16064,Individual,154,1,7.28,3,1,1,311
14476,Individual,156,1,7.28,3,1,1,311
17658,Individual,156,1,7.28,3,1,1,311
28909,Individual,159,1,7.28,3,1,1,311
27994,Individual,159,1,7.28,3,1,1,311
28012,Individual,159,1,7.28,3,1,1,311
26074,Individual,157,1,7.28,3,1,1,311
17487,Individual,158,1,7.28,3,1,1,311
16715,Individual,158,1,7.28,3,1,1,311
25056,Individual,162,1,7.28,3,1,1,311
25118,Individual,162,1,7.28,3,1,1,311
16900,Individual,165,1,7.28,3,1,1,311
14742,Individual,165,1,7.28,3,1,1,311
15313,Individual,165,1,7.28,3,1,1,311
27921,Individual,163,1,7.28,3,1,1,311
24939,Individual,164,1,7.28,3,1,1,311
21494,Individual,171,1,7.28,3,1,1,311
16359,Individual,169,1,7.28,3,1,1,311
28242,Individual,169,1,7.28,3,1,1,311
15947,Individual,152,1,7.28,3,1,1,311
15896,Individual,147,1,7.28,3,1,1,311
24149,Individual,137,1,7.28,3,1,1,311
15163,Individual,138,1,7.28,3,1,1,311
17383,Individual,134,1,7.28,3,1,1,311
28157,Individual,141,1,7.28,3,1,1,311
27332,Individual,140,1,7.28,3,1,1,311
27174,Individual,141,1,7.28,3,1,1,311
28105,Individual,141,1,7.28,3,1,1,311
21489,Individual,143,1,7.28,3,1,1,311
27464,Individual,133,1,6.28,3,1,1,311
17818,Individual,135,1,3.99,3,1,1,311
23916,Individual,152,1,3.99,3,1,1,311
29051,Individual,148,1,3.99,3,1,1,311
19481,Individual,147,1,3.99,3,1,1,311
27165,Individual,170,1,3.99,3,1,1,311
23634,Individual,169,1,3.99,3,1,1,311
20840,Individual,158,1,3.99,3,1,1,311
25313,Individual,188,1,3.99,3,1,1,311
24129,Individual,184,1,3.99,3,1,1,311
24535,Individual,199,1,3.99,3,1,1,311
22568,Individual,196,1,3.99,3,1,1,311
20795,Individual,204,1,3.99,3,1,1,311
28776,Individual,198,1,2.29,3,1,1,311
28781,Individual,177,1,2.29,3,1,1,311
28968,Individual,164,1,2.29,3,1,1,311
27991,Individual,136,1,2.29,3,1,1,311
26226,Individual,204,1,4.99,3,1,1,311
17532,Individual,204,1,4.99,3,1,1,311
23935,Individual,204,1,4.99,3,1,1,311
17436,Individual,205,1,4.99,3,1,1,311
22015,Individual,205,1,4.99,3,1,1,311
28282,Individual,203,1,4.99,3,1,1,311
17432,Individual,202,1,4.99,3,1,1,311
16154,Individual,202,1,4.99,3,1,1,311
20089,Individual,196,1,4.99,3,1,1,311
27414,Individual,195,1,4.99,3,1,1,311
15164,Individual,195,1,4.99,3,1,1,311
16063,Individual,194,1,4.99,3,1,1,311
25131,Individual,192,1,4.99,3,1,1,311
18405,Individual,191,1,4.99,3,1,1,311
18061,Individual,199,1,4.99,3,1,1,311
17547,Individual,200,1,4.99,3,1,1,311
17689,Individual,199,1,4.99,3,1,1,311
21725,Individual,201,1,4.99,3,1,1,311
14729,Individual,200,1,4.99,3,1,1,311
22859,Individual,198,1,4.99,3,1,1,311
24897,Individual,198,1,4.99,3,1,1,311
23476,Individual,184,1,4.99,3,1,1,311
19927,Individual,184,1,4.99,3,1,1,311
28306,Individual,183,1,4.99,3,1,1,311
27204,Individual,186,1,4.99,3,1,1,311
16765,Individual,185,1,4.99,3,1,1,311
25349,Individual,185,1,4.99,3,1,1,311
27061,Individual,183,1,4.99,3,1,1,311
22557,Individual,182,1,4.99,3,1,1,311
14620,Individual,181,1,4.99,3,1,1,311
25016,Individual,188,1,4.99,3,1,1,311
26270,Individual,188,1,4.99,3,1,1,311
28999,Individual,188,1,4.99,3,1,1,311
22856,Individual,188,1,4.99,3,1,1,311
25825,Individual,186,1,4.99,3,1,1,311
21836,Individual,187,1,4.99,3,1,1,311
14528,Individual,186,1,4.99,3,1,1,311
16644,Individual,186,1,4.99,3,1,1,311
23345,Individual,189,1,4.99,3,1,1,311
29267,Individual,189,1,4.99,3,1,1,311
27628,Individual,177,1,4.99,3,1,1,311
28911,Individual,178,1,4.99,3,1,1,311
13786,Individual,178,1,4.99,3,1,1,311
20978,Individual,181,1,4.99,3,1,1,311
21279,Individual,181,1,4.99,3,1,1,311
18069,Individual,181,1,4.99,3,1,1,311
26678,Individual,180,1,4.99,3,1,1,311
19390,Individual,180,1,4.99,3,1,1,311
27979,Individual,180,1,4.99,3,1,1,311
21860,Individual,179,1,4.99,3,1,1,311
16905,Individual,179,1,4.99,3,1,1,311
25316,Individual,176,1,4.99,3,1,1,311
24380,Individual,175,1,4.99,3,1,1,311
17602,Individual,174,1,4.99,3,1,1,311
17440,Individual,173,1,4.99,3,1,1,311
27592,Individual,172,1,4.99,3,1,1,311
27913,Individual,171,1,4.99,3,1,1,311
17688,Individual,158,1,4.99,3,1,1,311
21376,Individual,157,1,4.99,3,1,1,311
17395,Individual,157,1,4.99,3,1,1,311
19370,Individual,159,1,4.99,3,1,1,311
24487,Individual,159,1,4.99,3,1,1,311
17408,Individual,158,1,4.99,3,1,1,311
23553,Individual,156,1,4.99,3,1,1,311
28280,Individual,156,1,4.99,3,1,1,311
16357,Individual,156,1,4.99,3,1,1,311
22589,Individual,155,1,4.99,3,1,1,311
15386,Individual,155,1,4.99,3,1,1,311
27039,Individual,153,1,4.99,3,1,1,311
18402,Individual,153,1,4.99,3,1,1,311
25534,Individual,168,1,4.99,3,1,1,311
20407,Individual,168,1,4.99,3,1,1,311
26806,Individual,167,1,4.99,3,1,1,311
15458,Individual,167,1,4.99,3,1,1,311
21852,Individual,170,1,4.99,3,1,1,311
23535,Individual,169,1,4.99,3,1,1,311
21859,Individual,164,1,4.99,3,1,1,311
17525,Individual,164,1,4.99,3,1,1,311
14763,Individual,163,1,4.99,3,1,1,311
17113,Individual,163,1,4.99,3,1,1,311
15533,Individual,163,1,4.99,3,1,1,311
24111,Individual,167,1,4.99,3,1,1,311
16501,Individual,149,1,4.99,3,1,1,311
22730,Individual,149,1,4.99,3,1,1,311
17454,Individual,148,1,4.99,3,1,1,311
20099,Individual,150,1,4.99,3,1,1,311
17265,Individual,149,1,4.99,3,1,1,311
15966,Individual,152,1,4.99,3,1,1,311
27334,Individual,150,1,4.99,3,1,1,311
25784,Individual,147,1,4.99,3,1,1,311
24607,Individual,146,1,4.99,3,1,1,311
27034,Individual,146,1,4.99,3,1,1,311
25298,Individual,146,1,4.99,3,1,1,311
23347,Individual,145,1,4.99,3,1,1,311
23012,Individual,144,1,4.99,3,1,1,311
18072,Individual,144,1,4.99,3,1,1,311
17534,Individual,144,1,4.99,3,1,1,311
29003,Individual,143,1,4.99,3,1,1,311
24825,Individual,136,1,4.99,3,1,1,311
20189,Individual,136,1,4.99,3,1,1,311
17606,Individual,135,1,4.99,3,1,1,311
25132,Individual,134,1,4.99,3,1,1,311
19938,Individual,138,1,4.99,3,1,1,311
27019,Individual,138,1,4.99,3,1,1,311
26180,Individual,137,1,4.99,3,1,1,311
18404,Individual,138,1,4.99,3,1,1,311
22801,Individual,138,1,4.99,3,1,1,311
18531,Individual,142,1,4.99,3,1,1,311
19748,Individual,141,1,4.99,3,1,1,311
18425,Individual,140,1,4.99,3,1,1,311
19644,Individual,140,1,4.99,3,1,1,311
28329,Individual,141,1,6.28,3,1,1,311
26971,Individual,136,1,6.28,3,1,1,311
19508,Individual,144,1,6.28,3,1,1,311
23914,Individual,146,1,6.28,3,1,1,311
19487,Individual,147,1,6.28,3,1,1,311
20810,Individual,152,1,6.28,3,1,1,311
23755,Individual,166,1,6.28,3,1,1,311
25755,Individual,153,1,6.28,3,1,1,311
19492,Individual,179,1,6.28,3,1,1,311
29200,Individual,189,1,6.28,3,1,1,311
24563,Individual,187,1,6.28,3,1,1,311
26834,Individual,182,1,6.28,3,1,1,311
22700,Individual,195,1,6.28,3,1,1,311
17112,Individual,195,1,6.28,3,1,1,311
19507,Individual,201,1,6.28,3,1,1,311
25689,Individual,203,1,6.28,3,1,1,311
26558,Individual,204,1,6.28,3,1,1,311
16737,Individual,134,1,4.99,3,1,1,311
22960,Individual,133,1,4.99,3,1,1,311
11416,Individual,269,3,4928.06,2,5,5,255
12738,Individual,266,3,4956.03,2,5,5,255
12806,Individual,233,3,4956.05,2,5,5,255
12397,Individual,250,3,4968.04,2,5,5,255
11479,Individual,250,3,4970.61,2,5,5,255
12463,Individual,237,3,5202.22,2,5,5,255
12742,Individual,236,3,5148.31,2,5,5,255
12381,Individual,286,3,5161.73,2,5,5,255
12462,Individual,265,3,5047.54,2,5,5,255
12391,Individual,245,3,5121.43,2,5,5,255
12461,Individual,253,3,5030.34,2,5,5,255
11403,Individual,246,3,5033.14,2,5,5,255
12390,Individual,248,3,4977.86,2,5,5,255
11481,Individual,283,3,4978.05,2,5,5,255
12287,Individual,248,3,5720.37,2,5,5,255
12271,Individual,256,3,5683.18,2,5,5,255
12402,Individual,241,3,5218.40,2,5,5,255
12404,Individual,240,3,5251.71,2,5,5,255
12286,Individual,286,3,5254.88,2,5,5,255
12380,Individual,224,3,5570.22,2,5,5,255
12459,Individual,227,3,5618.54,2,5,5,255
12283,Individual,263,3,5582.91,2,5,5,255
12289,Individual,252,3,5645.86,2,5,5,255
12382,Individual,237,3,5606.26,2,5,5,255
12394,Individual,229,3,5635.91,2,5,5,255
12284,Individual,253,3,5625.25,2,5,5,255
12460,Individual,224,3,5678.91,2,5,5,255
12264,Individual,249,3,5662.90,2,5,5,255
12473,Individual,213,3,5665.22,2,5,5,255
12277,Individual,249,3,5666.52,2,5,5,255
12486,Individual,207,3,5652.40,2,5,5,255
15688,Individual,223,3,6221.52,2,5,5,255
15700,Individual,210,3,6247.53,2,5,5,255
13541,Individual,213,3,6536.69,2,5,5,255
13559,Individual,211,3,6508.71,2,5,5,255
12634,Individual,280,3,6787.76,2,5,5,255
12640,Individual,277,3,6752.13,2,5,5,255
15927,Individual,211,3,6932.90,2,5,5,255
13407,Individual,249,3,6904.10,2,5,5,255
12647,Individual,284,3,6886.60,2,5,5,255
12653,Individual,246,3,6860.09,2,5,5,255
12658,Individual,261,3,6863.44,2,5,5,255
13251,Individual,267,3,6844.42,2,5,5,255
12637,Individual,275,3,6845.12,2,5,5,255
12644,Individual,284,3,6838.12,2,5,5,255
13411,Individual,244,3,6819.46,2,5,5,255
13252,Individual,256,3,6820.46,2,5,5,255
12630,Individual,278,3,6825.46,2,5,5,255
13408,Individual,247,3,6792.12,2,5,5,255
13404,Individual,247,3,6812.12,2,5,5,255
12648,Individual,273,3,6817.60,2,5,5,255
13254,Individual,258,3,6801.13,2,5,5,255
13253,Individual,247,3,6774.45,2,5,5,255
12332,Individual,219,4,10789.53,2,5,5,255
12632,Individual,227,4,10793.27,2,5,5,255
12631,Individual,236,4,10799.52,2,5,5,255
12650,Individual,218,4,10813.63,2,5,5,255
12333,Individual,238,4,10829.22,2,5,5,255
12323,Individual,259,4,10836.90,2,5,5,255
13263,Individual,207,4,10872.06,2,5,5,255
12655,Individual,226,4,10899.62,2,5,5,255
13600,Individual,210,3,8460.25,2,5,5,255
14830,Individual,244,3,8346.28,2,5,5,255
14775,Individual,238,3,8404.28,2,5,5,255
13581,Individual,234,3,8374.79,2,5,5,255
13583,Individual,237,3,8375.29,2,5,5,255
13602,Individual,213,3,8376.28,2,5,5,255
14207,Individual,226,3,8361.30,2,5,5,255
14939,Individual,216,3,8367.30,2,5,5,255
14181,Individual,215,3,8326.31,2,5,5,255
13576,Individual,222,3,8330.79,2,5,5,255
14425,Individual,232,3,8332.30,2,5,5,255
14189,Individual,233,3,8317.32,2,5,5,255
14426,Individual,227,3,8319.30,2,5,5,255
11101,Individual,214,3,8262.52,2,5,5,255
14198,Individual,236,3,8308.59,2,5,5,255
11457,Individual,242,3,8211.48,2,5,5,255
11109,Individual,219,3,8245.01,2,5,5,255
11058,Individual,239,3,8248.02,2,5,5,255
11000,Individual,271,3,8248.99,2,5,5,255
11451,Individual,238,3,8249.49,2,5,5,255
11894,Individual,207,3,8223.00,2,5,5,255
11054,Individual,244,3,8223.02,2,5,5,255
11456,Individual,243,3,8224.46,2,5,5,255
11762,Individual,207,3,8228.01,2,5,5,255
11099,Individual,212,3,8215.99,2,5,5,255
11446,Individual,222,3,8237.01,2,5,5,255
11904,Individual,212,3,8214.50,2,5,5,255
11056,Individual,243,3,8207.50,2,5,5,255
11080,Individual,220,3,8204.02,2,5,5,255
11004,Individual,273,3,8196.01,2,5,5,255
11452,Individual,231,3,8183.04,2,5,5,255
11117,Individual,218,3,8184.99,2,5,5,255
11453,Individual,224,3,8176.98,2,5,5,255
11072,Individual,228,3,8194.00,2,5,5,255
11093,Individual,235,3,8180.00,2,5,5,255
11103,Individual,237,3,8182.50,2,5,5,255
11104,Individual,228,3,8173.03,2,5,5,255
11450,Individual,226,3,8173.26,2,5,5,255
11107,Individual,222,3,8171.01,2,5,5,255
11077,Individual,231,3,8169.03,2,5,5,255
11076,Individual,222,3,8159.04,2,5,5,255
11055,Individual,236,3,8168.01,2,5,5,255
11459,Individual,225,3,8141.33,2,5,5,255
11455,Individual,243,3,8142.03,2,5,5,255
11003,Individual,264,3,8139.29,2,5,5,255
11460,Individual,233,3,8137.52,2,5,5,255
11444,Individual,241,3,8136.02,2,5,5,255
11448,Individual,222,3,8132.01,2,5,5,255
11108,Individual,220,3,8124.04,2,5,5,255
11464,Individual,212,3,8128.51,2,5,5,255
11764,Individual,206,3,8129.02,2,5,5,255
11124,Individual,225,3,8129.02,2,5,5,255
11061,Individual,229,3,8129.02,2,5,5,255
11449,Individual,219,3,8130.32,2,5,5,255
11052,Individual,247,3,8131.32,2,5,5,255
11070,Individual,217,3,8165.55,2,5,5,255
11905,Individual,207,3,8155.98,2,5,5,255
11095,Individual,218,3,8158.01,2,5,5,255
11060,Individual,218,3,8153.02,2,5,5,255
11009,Individual,265,3,8091.33,2,5,5,255
11069,Individual,239,3,8104.05,2,5,5,255
11105,Individual,238,3,8095.99,2,5,5,255
11445,Individual,215,3,8098.03,2,5,5,255
11106,Individual,228,3,8079.05,2,5,5,255
11010,Individual,251,3,8088.04,2,5,5,255
11057,Individual,253,3,8088.04,2,5,5,255
11454,Individual,225,3,8089.04,2,5,5,255
11092,Individual,222,3,8110.02,2,5,5,255
11006,Individual,260,3,8119.03,2,5,5,255
11005,Individual,272,3,8121.33,2,5,5,255
11447,Individual,243,3,8078.02,2,5,5,255
11075,Individual,219,3,8068.03,2,5,5,255
11239,Individual,246,4,7511.55,2,5,5,255
11238,Individual,274,4,7542.77,2,5,5,255
11240,Individual,261,4,7586.23,2,5,5,255
14791,Individual,221,3,7210.85,2,5,5,255
11243,Individual,234,4,7164.25,2,5,5,255
14976,Individual,234,3,7040.61,2,5,5,255
15082,Individual,239,3,7068.08,2,5,5,255
14790,Individual,226,3,7004.57,2,5,5,255
14773,Individual,214,3,7015.61,2,5,5,255
15626,Individual,206,3,7029.07,2,5,5,255
11388,Individual,278,3,6986.75,2,5,5,255
14931,Individual,215,3,6980.85,2,5,5,255
15684,Individual,212,3,6963.07,2,5,5,255
15697,Individual,211,3,6974.54,2,5,5,255
15100,Individual,206,3,6952.58,2,5,5,255
20860,Individual,231,3,2379.81,2,5,4,254
20722,Individual,257,3,2378.80,2,5,4,254
20861,Individual,228,3,2368.06,2,5,4,254
11074,Individual,247,3,94.19,2,5,3,253
11113,Individual,283,3,109.88,2,5,3,253
16964,Individual,220,3,108.54,2,5,3,253
13613,Individual,211,3,105.22,2,5,3,253
12993,Individual,246,3,96.25,2,5,3,253
13756,Individual,221,4,298.49,2,5,3,253
12678,Individual,247,3,341.43,2,5,3,253
12672,Individual,226,3,381.97,2,5,3,253
17119,Individual,275,3,214.90,2,5,3,253
15418,Individual,217,3,232.23,2,5,3,253
17027,Individual,239,3,230.90,2,5,3,253
12760,Individual,233,4,273.18,2,5,3,253
12165,Individual,208,4,280.64,2,5,3,253
15816,Individual,241,3,188.02,2,5,3,253
13639,Individual,222,3,188.96,2,5,3,253
15559,Individual,249,3,172.04,2,5,3,253
14655,Individual,264,3,174.96,2,5,3,253
13137,Individual,224,3,177.94,2,5,3,253
18758,Individual,248,3,158.51,2,5,3,253
16870,Individual,221,3,149.04,2,5,3,253
16085,Individual,211,3,143.53,2,5,3,253
14604,Individual,269,3,137.95,2,5,3,253
18314,Individual,210,3,115.73,2,5,3,253
14723,Individual,223,3,87.57,2,5,2,252
11125,Individual,210,3,79.69,2,5,2,252
12035,Individual,260,3,81.24,2,5,2,252
12370,Individual,241,3,61.53,2,5,2,252
24466,Individual,239,2,3337.04,2,4,5,245
24467,Individual,241,2,3337.04,2,4,5,245
23573,Individual,247,2,3337.04,2,4,5,245
14297,Individual,215,2,3335.42,2,4,5,245
24365,Individual,272,2,3331.03,2,4,5,245
14381,Individual,226,2,3330.42,2,4,5,245
14380,Individual,218,2,3330.43,2,4,5,245
14116,Individual,222,2,3317.41,2,4,5,245
14005,Individual,242,2,3319.40,2,4,5,245
14121,Individual,235,2,3319.70,2,4,5,245
14292,Individual,217,2,3319.70,2,4,5,245
14420,Individual,212,2,3320.43,2,4,5,245
14412,Individual,207,2,3320.43,2,4,5,245
14377,Individual,237,2,3320.43,2,4,5,245
14486,Individual,213,2,3310.41,2,4,5,245
24461,Individual,241,2,3302.05,2,4,5,245
24460,Individual,243,2,3302.05,2,4,5,245
24281,Individual,261,2,3302.05,2,4,5,245
23575,Individual,253,2,3302.05,2,4,5,245
24477,Individual,208,2,3302.05,2,4,5,245
13999,Individual,221,2,3295.43,2,4,5,245
14239,Individual,241,2,3295.43,2,4,5,245
14006,Individual,241,2,3295.43,2,4,5,245
14115,Individual,234,2,3297.72,2,4,5,245
24484,Individual,211,2,3563.84,2,4,5,245
14382,Individual,231,2,3373.91,2,4,5,245
14298,Individual,222,2,3365.67,2,4,5,245
24585,Individual,211,2,3366.02,2,4,5,245
14374,Individual,243,2,3362.71,2,4,5,245
14255,Individual,232,2,3379.91,2,4,5,245
14289,Individual,231,2,3376.89,2,4,5,245
14120,Individual,216,2,3376.89,2,4,5,245
14290,Individual,220,2,3377.40,2,4,5,245
14112,Individual,240,2,3361.39,2,4,5,245
14464,Individual,210,2,3357.72,2,4,5,245
14044,Individual,239,2,3357.72,2,4,5,245
14449,Individual,211,2,3355.42,2,4,5,245
24372,Individual,215,2,3356.04,2,4,5,245
24465,Individual,239,2,3356.04,2,4,5,245
24457,Individual,229,2,3356.04,2,4,5,245
14484,Individual,211,2,3345.40,2,4,5,245
14357,Individual,232,2,3337.71,2,4,5,245
23574,Individual,267,2,3337.04,2,4,5,245
23541,Individual,278,2,3337.04,2,4,5,245
23546,Individual,281,2,3337.04,2,4,5,245
23542,Individual,287,2,3337.04,2,4,5,245
14288,Individual,226,2,3351.40,2,4,5,245
14242,Individual,240,2,3351.40,2,4,5,245
14117,Individual,230,2,3352.40,2,4,5,245
14356,Individual,237,2,3352.40,2,4,5,245
14256,Individual,233,2,3342.41,2,4,5,245
14433,Individual,206,2,3342.41,2,4,5,245
14253,Individual,232,2,3394.90,2,4,5,245
14434,Individual,208,2,3396.40,2,4,5,245
14240,Individual,216,2,3391.39,2,4,5,245
24361,Individual,256,2,3391.03,2,4,5,245
19506,Individual,248,2,3480.38,2,4,5,245
19510,Individual,263,2,3451.74,2,4,5,245
19511,Individual,260,2,3524.36,2,4,5,245
24476,Individual,244,2,3563.84,2,4,5,245
14456,Individual,212,2,3405.91,2,4,5,245
24360,Individual,267,2,3626.82,2,4,5,245
23540,Individual,285,2,3626.82,2,4,5,245
23572,Individual,274,2,3617.83,2,4,5,245
23547,Individual,275,2,3598.83,2,4,5,245
24244,Individual,250,2,3617.83,2,4,5,245
24462,Individual,242,2,3617.83,2,4,5,245
18189,Individual,248,2,4118.26,2,4,5,245
23410,Individual,237,2,4016.53,2,4,5,245
12021,Individual,261,2,4043.46,2,4,5,245
20995,Individual,281,2,4127.25,2,4,5,245
12241,Individual,223,2,3989.46,2,4,5,245
20991,Individual,277,2,4118.26,2,4,5,245
14969,Individual,270,2,4118.26,2,4,5,245
12246,Individual,227,2,3947.25,2,4,5,245
12242,Individual,232,2,3948.97,2,4,5,245
12014,Individual,245,2,3949.97,2,4,5,245
17761,Individual,253,2,3941.53,2,4,5,245
23119,Individual,248,2,3945.53,2,4,5,245
23106,Individual,287,2,3956.01,2,4,5,245
12240,Individual,240,2,3964.98,2,4,5,245
12245,Individual,230,2,3967.26,2,4,5,245
17515,Individual,276,2,4143.26,2,4,5,245
23332,Individual,222,2,4144.34,2,4,5,245
23420,Individual,222,2,4144.34,2,4,5,245
17847,Individual,214,2,4144.34,2,4,5,245
23331,Individual,244,2,4144.34,2,4,5,245
23120,Individual,256,2,4144.34,2,4,5,245
23121,Individual,251,2,4144.34,2,4,5,245
17902,Individual,208,2,4158.32,2,4,5,245
23431,Individual,213,2,4158.32,2,4,5,245
20989,Individual,277,2,4148.74,2,4,5,245
22050,Individual,227,2,4160.53,2,4,5,245
17765,Individual,265,2,3926.53,2,4,5,245
22966,Individual,286,2,3917.54,2,4,5,245
23117,Individual,284,2,3931.52,2,4,5,245
17796,Individual,230,2,3921.02,2,4,5,245
23423,Individual,209,2,3936.54,2,4,5,245
17789,Individual,221,2,3936.54,2,4,5,245
23343,Individual,238,2,3936.54,2,4,5,245
23116,Individual,278,2,3936.54,2,4,5,245
17762,Individual,265,2,3936.54,2,4,5,245
14130,Individual,276,2,3814.06,2,4,5,245
23344,Individual,238,2,3882.55,2,4,5,245
23107,Individual,287,2,3896.53,2,4,5,245
17764,Individual,260,2,3896.53,2,4,5,245
17768,Individual,261,2,3907.04,2,4,5,245
17799,Individual,243,2,3907.54,2,4,5,245
17769,Individual,240,2,3909.83,2,4,5,245
23118,Individual,248,2,3913.82,2,4,5,245
12243,Individual,224,2,3914.98,2,4,5,245
17848,Individual,212,2,3917.54,2,4,5,245
23409,Individual,225,2,3917.54,2,4,5,245
15014,Individual,231,2,3860.87,2,4,5,245
17784,Individual,225,2,3891.54,2,4,5,245
15029,Individual,233,2,3826.40,2,4,5,245
15028,Individual,217,2,3826.40,2,4,5,245
14134,Individual,271,2,3835.07,2,4,5,245
14523,Individual,240,2,3807.40,2,4,5,245
15015,Individual,239,2,3804.08,2,4,5,245
14132,Individual,265,2,3804.08,2,4,5,245
24362,Individual,272,2,3600.77,2,4,5,245
14133,Individual,269,2,3764.07,2,4,5,245
14855,Individual,234,2,3759.08,2,4,5,245
19614,Individual,265,2,6217.21,2,4,5,245
19970,Individual,217,2,6099.10,2,4,5,245
20609,Individual,209,2,6117.69,2,4,5,245
19960,Individual,229,2,6120.11,2,4,5,245
22182,Individual,215,2,6006.32,2,4,5,245
11773,Individual,274,2,5983.74,2,4,5,245
12041,Individual,212,2,5998.23,2,4,5,245
22232,Individual,227,2,5985.31,2,4,5,245
11934,Individual,233,2,5994.72,2,4,5,245
11796,Individual,244,2,5995.20,2,4,5,245
11854,Individual,228,2,5985.20,2,4,5,245
22121,Individual,246,2,5997.33,2,4,5,245
22233,Individual,229,2,5997.33,2,4,5,245
19957,Individual,228,2,6035.60,2,4,5,245
20221,Individual,228,2,6035.60,2,4,5,245
22996,Individual,219,2,6035.60,2,4,5,245
20246,Individual,213,2,6035.60,2,4,5,245
19102,Individual,276,2,6029.57,2,4,5,245
17315,Individual,222,2,6030.61,2,4,5,245
17309,Individual,236,2,6030.61,2,4,5,245
19772,Individual,256,2,6030.61,2,4,5,245
19967,Individual,218,2,6029.57,2,4,5,245
19558,Individual,285,2,6029.57,2,4,5,245
17308,Individual,214,2,6021.62,2,4,5,245
19974,Individual,224,2,6021.62,2,4,5,245
19951,Individual,221,2,6021.62,2,4,5,245
20238,Individual,220,2,6021.62,2,4,5,245
19948,Individual,267,2,6021.62,2,4,5,245
19621,Individual,269,2,6021.62,2,4,5,245
19786,Individual,265,2,6021.62,2,4,5,245
12079,Individual,211,2,6008.20,2,4,5,245
20244,Individual,230,2,6021.62,2,4,5,245
19966,Individual,236,2,6021.62,2,4,5,245
19968,Individual,234,2,6021.62,2,4,5,245
19797,Individual,250,2,6021.62,2,4,5,245
17329,Individual,240,2,6021.62,2,4,5,245
19783,Individual,260,2,6021.62,2,4,5,245
19784,Individual,261,2,6021.62,2,4,5,245
17286,Individual,240,2,6029.57,2,4,5,245
19612,Individual,251,2,6029.57,2,4,5,245
17310,Individual,238,2,6029.57,2,4,5,245
20213,Individual,238,2,6029.57,2,4,5,245
19785,Individual,247,2,6076.61,2,4,5,245
20242,Individual,230,2,6068.45,2,4,5,245
11776,Individual,240,2,6079.24,2,4,5,245
22995,Individual,214,2,6060.50,2,4,5,245
20615,Individual,210,2,6060.50,2,4,5,245
20612,Individual,207,2,6060.50,2,4,5,245
19956,Individual,218,2,6060.50,2,4,5,245
19978,Individual,233,2,6060.50,2,4,5,245
20220,Individual,237,2,6060.50,2,4,5,245
20226,Individual,238,2,6067.20,2,4,5,245
17051,Individual,277,2,6060.50,2,4,5,245
19568,Individual,278,2,6060.50,2,4,5,245
19782,Individual,269,2,6089.59,2,4,5,245
19096,Individual,279,2,6090.59,2,4,5,245
19089,Individual,281,2,6093.20,2,4,5,245
18928,Individual,280,2,6095.08,2,4,5,245
19950,Individual,225,2,6098.54,2,4,5,245
19794,Individual,253,2,6098.58,2,4,5,245
20217,Individual,239,2,6089.59,2,4,5,245
19790,Individual,250,2,6089.59,2,4,5,245
19979,Individual,221,2,6090.59,2,4,5,245
20239,Individual,224,2,6093.20,2,4,5,245
20616,Individual,210,2,6093.20,2,4,5,245
20228,Individual,244,2,6093.20,2,4,5,245
19602,Individual,245,2,6093.20,2,4,5,245
19609,Individual,253,2,6093.20,2,4,5,245
19613,Individual,260,2,6093.20,2,4,5,245
17285,Individual,232,2,6093.20,2,4,5,245
20227,Individual,221,2,6054.22,2,4,5,245
19958,Individual,215,2,6056.51,2,4,5,245
19947,Individual,262,2,6056.51,2,4,5,245
19795,Individual,256,2,6044.59,2,4,5,245
19977,Individual,244,2,6044.59,2,4,5,245
20219,Individual,243,2,6044.59,2,4,5,245
19577,Individual,278,2,6037.89,2,4,5,245
18930,Individual,282,2,6035.60,2,4,5,245
19628,Individual,266,2,6035.60,2,4,5,245
11707,Individual,250,2,6025.22,2,4,5,245
19099,Individual,286,2,6038.56,2,4,5,245
19789,Individual,274,2,6058.21,2,4,5,245
19791,Individual,272,2,6058.21,2,4,5,245
19788,Individual,262,2,6056.61,2,4,5,245
19792,Individual,258,2,6056.61,2,4,5,245
19773,Individual,254,2,6056.61,2,4,5,245
19971,Individual,228,2,6056.61,2,4,5,245
20225,Individual,227,2,6056.61,2,4,5,245
19964,Individual,225,2,6056.61,2,4,5,245
19965,Individual,217,2,6056.61,2,4,5,245
19959,Individual,220,2,6056.61,2,4,5,245
19975,Individual,214,2,6056.61,2,4,5,245
19607,Individual,268,2,6054.22,2,4,5,245
19949,Individual,265,2,6054.22,2,4,5,245
19787,Individual,274,2,6054.22,2,4,5,245
22903,Individual,275,2,6054.22,2,4,5,245
19611,Individual,246,2,6054.22,2,4,5,245
19963,Individual,230,2,6054.22,2,4,5,245
19793,Individual,266,2,6056.61,2,4,5,245
19105,Individual,278,2,6056.61,2,4,5,245
19596,Individual,279,2,6056.61,2,4,5,245
19592,Individual,261,2,5377.23,2,4,5,245
19564,Individual,248,2,5293.24,2,4,5,245
20214,Individual,218,2,5304.25,2,4,5,245
19593,Individual,246,2,5306.54,2,4,5,245
19565,Individual,246,2,5308.24,2,4,5,245
20236,Individual,213,2,5279.26,2,4,5,245
19631,Individual,240,2,5279.26,2,4,5,245
20215,Individual,236,2,5279.26,2,4,5,245
19620,Individual,234,2,5279.26,2,4,5,245
19599,Individual,224,2,5279.26,2,4,5,245
19616,Individual,231,2,5279.26,2,4,5,245
19615,Individual,232,2,5279.26,2,4,5,245
18767,Individual,284,2,5314.25,2,4,5,245
18768,Individual,276,2,5314.25,2,4,5,245
23378,Individual,258,2,5317.23,2,4,5,245
19598,Individual,226,2,5310.53,2,4,5,245
19601,Individual,231,2,5314.25,2,4,5,245
19652,Individual,233,2,5314.25,2,4,5,245
19653,Individual,238,2,5314.25,2,4,5,245
19562,Individual,256,2,5314.25,2,4,5,245
19605,Individual,219,2,5314.25,2,4,5,245
20260,Individual,213,2,5314.25,2,4,5,245
19563,Individual,274,2,5333.25,2,4,5,245
20216,Individual,239,2,5338.74,2,4,5,245
23486,Individual,234,2,5343.23,2,4,5,245
20211,Individual,242,2,5333.25,2,4,5,245
25891,Individual,231,2,5759.06,2,4,5,245
25901,Individual,238,2,5793.05,2,4,5,245
25903,Individual,238,2,5773.04,2,4,5,245
25962,Individual,206,2,5819.05,2,4,5,245
25872,Individual,219,2,5819.05,2,4,5,245
26012,Individual,208,2,5794.05,2,4,5,245
25868,Individual,238,2,5798.04,2,4,5,245
25867,Individual,214,2,5784.06,2,4,5,245
26018,Individual,207,2,5869.04,2,4,5,245
12217,Individual,206,2,5873.26,2,4,5,245
11611,Individual,214,2,5873.26,2,4,5,245
11778,Individual,214,2,5873.26,2,4,5,245
11779,Individual,220,2,5873.26,2,4,5,245
11956,Individual,242,2,5873.26,2,4,5,245
11937,Individual,211,2,5888.24,2,4,5,245
11696,Individual,275,2,5873.26,2,4,5,245
11592,Individual,262,2,5875.55,2,4,5,245
11924,Individual,224,2,5897.23,2,4,5,245
11811,Individual,226,2,5898.26,2,4,5,245
11743,Individual,258,2,5898.26,2,4,5,245
12212,Individual,206,2,5898.26,2,4,5,245
12078,Individual,209,2,5975.23,2,4,5,245
11797,Individual,214,2,5972.73,2,4,5,245
11810,Individual,219,2,5973.24,2,4,5,245
11780,Individual,225,2,5973.24,2,4,5,245
11939,Individual,224,2,5976.74,2,4,5,245
12026,Individual,242,2,5976.74,2,4,5,245
11727,Individual,270,2,5962.24,2,4,5,245
11925,Individual,224,2,5968.23,2,4,5,245
11839,Individual,231,2,5955.23,2,4,5,245
11955,Individual,215,2,5953.25,2,4,5,245
11813,Individual,215,2,5953.25,2,4,5,245
11798,Individual,232,2,5953.25,2,4,5,245
11599,Individual,231,2,5957.22,2,4,5,245
11654,Individual,280,2,5955.23,2,4,5,245
11872,Individual,218,2,5948.24,2,4,5,245
11623,Individual,278,2,5948.24,2,4,5,245
11630,Individual,277,2,5933.26,2,4,5,245
11705,Individual,247,2,5940.54,2,4,5,245
11745,Individual,270,2,5948.23,2,4,5,245
11933,Individual,216,2,5933.26,2,4,5,245
11601,Individual,236,2,5932.22,2,4,5,245
12180,Individual,209,2,5930.23,2,4,5,245
12709,Individual,280,2,5933.25,2,4,5,245
11809,Individual,233,2,5929.23,2,4,5,245
11515,Individual,284,2,5930.23,2,4,5,245
11629,Individual,286,2,5930.23,2,4,5,245
11799,Individual,234,2,5921.19,2,4,5,245
11606,Individual,215,2,5922.23,2,4,5,245
11873,Individual,237,2,5923.23,2,4,5,245
11516,Individual,227,2,5915.54,2,4,5,245
11742,Individual,252,2,5915.54,2,4,5,245
11625,Individual,281,2,5913.25,2,4,5,245
12440,Individual,207,2,5913.25,2,4,5,245
11775,Individual,240,2,5913.25,2,4,5,245
11777,Individual,221,2,5915.53,2,4,5,245
11607,Individual,233,2,5913.24,2,4,5,245
12016,Individual,242,2,5913.24,2,4,5,245
11772,Individual,259,2,5913.24,2,4,5,245
11954,Individual,225,2,5910.55,2,4,5,245
12025,Individual,230,2,5910.55,2,4,5,245
12209,Individual,283,2,5908.25,2,4,5,245
11593,Individual,224,2,5908.25,2,4,5,245
11708,Individual,246,2,5908.50,2,4,5,245
11812,Individual,225,2,5900.55,2,4,5,245
11774,Individual,230,2,5900.55,2,4,5,245
12917,Individual,285,2,5898.26,2,4,5,245
11624,Individual,280,2,5898.26,2,4,5,245
12362,Individual,283,2,5904.23,2,4,5,245
11690,Individual,278,2,5904.23,2,4,5,245
11886,Individual,226,2,5897.53,2,4,5,245
11591,Individual,251,2,5895.24,2,4,5,245
16416,Individual,285,2,4971.68,2,4,5,245
16415,Individual,280,2,4930.68,2,4,5,245
16409,Individual,263,2,4925.17,2,4,5,245
16414,Individual,246,2,4919.30,2,4,5,245
16412,Individual,285,2,4921.59,2,4,5,245
13230,Individual,265,2,4905.32,2,4,5,245
13478,Individual,239,2,4898.32,2,4,5,245
23396,Individual,254,2,4891.61,2,4,5,245
13435,Individual,227,2,4838.32,2,4,5,245
13314,Individual,257,2,4854.29,2,4,5,245
23283,Individual,287,2,4828.11,2,4,5,245
23730,Individual,209,2,4828.11,2,4,5,245
23731,Individual,209,2,4828.11,2,4,5,245
23725,Individual,233,2,4828.11,2,4,5,245
23397,Individual,227,2,4828.11,2,4,5,245
23351,Individual,258,2,4828.11,2,4,5,245
12986,Individual,211,2,4823.01,2,4,5,245
23511,Individual,225,2,4843.11,2,4,5,245
13885,Individual,241,2,4844.80,2,4,5,245
13274,Individual,265,2,4837.81,2,4,5,245
13299,Individual,272,2,4835.30,2,4,5,245
23385,Individual,263,2,4829.39,2,4,5,245
23583,Individual,230,2,4829.39,2,4,5,245
12193,Individual,206,2,4833.03,2,4,5,245
13898,Individual,233,2,4835.29,2,4,5,245
12060,Individual,218,2,4811.54,2,4,5,245
12981,Individual,279,2,4809.81,2,4,5,245
13894,Individual,227,2,4810.29,2,4,5,245
13425,Individual,249,2,4810.31,2,4,5,245
13484,Individual,240,2,4813.32,2,4,5,245
13016,Individual,280,2,4813.32,2,4,5,245
13657,Individual,237,2,4819.30,2,4,5,245
12929,Individual,277,2,4820.31,2,4,5,245
11979,Individual,266,2,4813.76,2,4,5,245
12122,Individual,232,2,4814.04,2,4,5,245
23829,Individual,209,2,4802.11,2,4,5,245
13452,Individual,243,2,4800.30,2,4,5,245
13205,Individual,283,2,4803.32,2,4,5,245
13424,Individual,250,2,4807.31,2,4,5,245
13329,Individual,251,2,4807.31,2,4,5,245
13887,Individual,232,2,4763.34,2,4,5,245
13287,Individual,257,2,4763.34,2,4,5,245
13873,Individual,230,2,4765.63,2,4,5,245
16526,Individual,232,2,4758.24,2,4,5,245
17478,Individual,237,2,4758.24,2,4,5,245
13176,Individual,283,2,4753.32,2,4,5,245
16525,Individual,268,2,4752.75,2,4,5,245
16529,Individual,225,2,4752.75,2,4,5,245
16431,Individual,267,2,4769.40,2,4,5,245
11835,Individual,256,2,4772.30,2,4,5,245
13450,Individual,236,2,4773.33,2,4,5,245
13978,Individual,221,2,4775.30,2,4,5,245
13896,Individual,237,2,4775.63,2,4,5,245
13093,Individual,281,2,4778.33,2,4,5,245
13369,Individual,247,2,4778.33,2,4,5,245
13284,Individual,211,2,4767.53,2,4,5,245
16931,Individual,233,2,4767.73,2,4,5,245
13420,Individual,270,2,4798.33,2,4,5,245
13221,Individual,280,2,4795.31,2,4,5,245
12935,Individual,283,2,4794.31,2,4,5,245
28580,Individual,234,2,4793.12,2,4,5,245
13977,Individual,220,2,4788.57,2,4,5,245
13658,Individual,220,2,4787.61,2,4,5,245
13319,Individual,253,2,4647.51,2,4,5,245
13273,Individual,260,2,4657.53,2,4,5,245
16411,Individual,272,2,4659.90,2,4,5,245
16433,Individual,241,2,4696.49,2,4,5,245
16436,Individual,211,2,4696.49,2,4,5,245
17734,Individual,211,2,4698.76,2,4,5,245
16528,Individual,222,2,4698.76,2,4,5,245
16928,Individual,225,2,4698.76,2,4,5,245
17725,Individual,230,2,4698.76,2,4,5,245
17726,Individual,240,2,4721.73,2,4,5,245
12114,Individual,215,2,4719.02,2,4,5,245
13328,Individual,206,2,4708.02,2,4,5,245
12089,Individual,224,2,4710.03,2,4,5,245
16929,Individual,219,2,4733.75,2,4,5,245
16524,Individual,276,2,4733.75,2,4,5,245
12113,Individual,242,2,4737.53,2,4,5,245
13489,Individual,219,2,4740.63,2,4,5,245
17728,Individual,208,2,4730.03,2,4,5,245
11984,Individual,268,2,4730.32,2,4,5,245
17370,Individual,232,2,4742.74,2,4,5,245
17730,Individual,210,2,4752.23,2,4,5,245
16527,Individual,218,2,4752.75,2,4,5,245
13366,Individual,210,2,4749.04,2,4,5,245
13304,Individual,251,2,4612.51,2,4,5,245
13348,Individual,251,2,4615.03,2,4,5,245
13429,Individual,232,2,4587.03,2,4,5,245
13456,Individual,244,2,4582.51,2,4,5,245
13947,Individual,217,2,4605.04,2,4,5,245
13525,Individual,254,2,4607.23,2,4,5,245
13431,Individual,230,2,4592.50,2,4,5,245
13907,Individual,240,2,4596.55,2,4,5,245
13173,Individual,285,2,4598.01,2,4,5,245
16422,Individual,212,2,4632.86,2,4,5,245
13468,Individual,224,2,4626.52,2,4,5,245
16432,Individual,225,2,4633.90,2,4,5,245
16430,Individual,265,2,4638.89,2,4,5,245
13866,Individual,236,2,4639.51,2,4,5,245
13224,Individual,251,2,4536.03,2,4,5,245
13443,Individual,231,2,4536.54,2,4,5,245
13886,Individual,223,2,4536.54,2,4,5,245
13446,Individual,224,2,4536.55,2,4,5,245
13340,Individual,254,2,4546.52,2,4,5,245
13653,Individual,238,2,4546.79,2,4,5,245
13315,Individual,270,2,4541.53,2,4,5,245
13447,Individual,226,2,4533.52,2,4,5,245
13487,Individual,224,2,4533.52,2,4,5,245
13433,Individual,233,2,4533.52,2,4,5,245
13865,Individual,235,2,4533.52,2,4,5,245
13279,Individual,251,2,4533.52,2,4,5,245
13083,Individual,280,2,4532.52,2,4,5,245
13912,Individual,244,2,4548.02,2,4,5,245
13526,Individual,225,2,4549.76,2,4,5,245
13911,Individual,217,2,4548.52,2,4,5,245
13949,Individual,214,2,4548.52,2,4,5,245
13905,Individual,214,2,4548.52,2,4,5,245
13325,Individual,247,2,4558.52,2,4,5,245
13895,Individual,242,2,4558.52,2,4,5,245
13280,Individual,271,2,4558.52,2,4,5,245
13355,Individual,246,2,4558.53,2,4,5,245
13948,Individual,225,2,4562.03,2,4,5,245
19987,Individual,210,2,4564.45,2,4,5,245
13288,Individual,253,2,4573.50,2,4,5,245
13453,Individual,226,2,4576.53,2,4,5,245
13316,Individual,263,2,4576.53,2,4,5,245
13278,Individual,269,2,4578.52,2,4,5,245
13403,Individual,260,2,4578.52,2,4,5,245
28845,Individual,276,2,4320.62,2,4,5,245
29221,Individual,210,2,4320.62,2,4,5,245
29204,Individual,206,2,4320.62,2,4,5,245
20993,Individual,280,2,4262.04,2,4,5,245
29044,Individual,239,2,4320.62,2,4,5,245
29004,Individual,247,2,4320.62,2,4,5,245
29166,Individual,242,2,4334.60,2,4,5,245
24431,Individual,262,2,4334.60,2,4,5,245
17824,Individual,243,2,4334.61,2,4,5,245
24418,Individual,277,2,4329.61,2,4,5,245
29175,Individual,207,2,4334.60,2,4,5,245
29203,Individual,208,2,4334.60,2,4,5,245
29201,Individual,212,2,4334.60,2,4,5,245
29011,Individual,221,2,4334.60,2,4,5,245
28870,Individual,268,2,4334.60,2,4,5,245
17232,Individual,208,2,4347.76,2,4,5,245
17233,Individual,210,2,4347.76,2,4,5,245
17055,Individual,254,2,4347.76,2,4,5,245
17049,Individual,257,2,4347.76,2,4,5,245
29128,Individual,242,2,4349.61,2,4,5,245
24496,Individual,239,2,4349.61,2,4,5,245
12231,Individual,221,2,4354.08,2,4,5,245
12853,Individual,216,2,4354.08,2,4,5,245
14978,Individual,226,2,4209.21,2,4,5,245
23408,Individual,221,2,4218.82,2,4,5,245
15050,Individual,213,2,4206.24,2,4,5,245
14967,Individual,249,2,4194.23,2,4,5,245
14990,Individual,223,2,4173.19,2,4,5,245
23348,Individual,214,2,4167.31,2,4,5,245
20983,Individual,278,2,4178.73,2,4,5,245
17777,Individual,237,2,4179.33,2,4,5,245
14979,Individual,241,2,4183.23,2,4,5,245
22114,Individual,244,2,4183.23,2,4,5,245
12230,Individual,229,2,4401.06,2,4,5,245
12266,Individual,233,2,4401.40,2,4,5,245
12228,Individual,253,2,4401.40,2,4,5,245
14140,Individual,210,2,4397.75,2,4,5,245
14137,Individual,214,2,4397.75,2,4,5,245
14139,Individual,217,2,4397.75,2,4,5,245
12861,Individual,206,2,4394.06,2,4,5,245
13561,Individual,209,2,4393.36,2,4,5,245
12839,Individual,234,2,4392.02,2,4,5,245
29111,Individual,236,2,4389.59,2,4,5,245
29032,Individual,232,2,4389.59,2,4,5,245
12857,Individual,214,2,4384.08,2,4,5,245
17048,Individual,254,2,4382.75,2,4,5,245
11590,Individual,251,2,4384.07,2,4,5,245
29138,Individual,227,2,4374.61,2,4,5,245
12225,Individual,259,2,4381.39,2,4,5,245
11613,Individual,280,2,4381.39,2,4,5,245
13836,Individual,219,2,4380.04,2,4,5,245
13829,Individual,269,2,4380.04,2,4,5,245
11588,Individual,262,2,4369.09,2,4,5,245
13562,Individual,208,2,4369.09,2,4,5,245
12232,Individual,233,2,4376.40,2,4,5,245
29048,Individual,222,2,4355.61,2,4,5,245
29019,Individual,241,2,4355.61,2,4,5,245
28859,Individual,245,2,4355.61,2,4,5,245
28869,Individual,270,2,4355.61,2,4,5,245
28854,Individual,266,2,4355.61,2,4,5,245
12854,Individual,238,2,4367.02,2,4,5,245
12226,Individual,272,2,4368.06,2,4,5,245
13844,Individual,241,2,4355.71,2,4,5,245
12856,Individual,230,2,4460.38,2,4,5,245
14138,Individual,240,2,4444.22,2,4,5,245
12386,Individual,208,2,4447.37,2,4,5,245
17069,Individual,215,2,4426.74,2,4,5,245
12229,Individual,251,2,4415.68,2,4,5,245
12766,Individual,238,2,4417.73,2,4,5,245
17079,Individual,233,2,4417.75,2,4,5,245
17071,Individual,225,2,4417.75,2,4,5,245
17056,Individual,252,2,4417.75,2,4,5,245
17065,Individual,220,2,4417.75,2,4,5,245
16708,Individual,279,2,4406.74,2,4,5,245
13808,Individual,251,2,4406.74,2,4,5,245
13842,Individual,222,2,4404.73,2,4,5,245
12855,Individual,232,2,4414.34,2,4,5,245
28871,Individual,274,2,4414.59,2,4,5,245
13378,Individual,272,2,4522.50,2,4,5,245
13286,Individual,248,2,4516.53,2,4,5,245
13367,Individual,271,2,4516.53,2,4,5,245
13237,Individual,273,2,4516.53,2,4,5,245
13382,Individual,251,2,4525.82,2,4,5,245
13910,Individual,230,2,4526.52,2,4,5,245
13449,Individual,230,2,4526.52,2,4,5,245
13324,Individual,265,2,4526.78,2,4,5,245
12930,Individual,282,2,4513.84,2,4,5,245
13298,Individual,256,2,4511.54,2,4,5,245
13243,Individual,247,2,4511.54,2,4,5,245
13238,Individual,246,2,4511.54,2,4,5,245
13903,Individual,242,2,4511.54,2,4,5,245
13976,Individual,228,2,4511.54,2,4,5,245
13477,Individual,216,2,4511.54,2,4,5,245
13326,Individual,254,2,4511.55,2,4,5,245
17064,Individual,263,2,4506.76,2,4,5,245
13177,Individual,283,2,4498.53,2,4,5,245
13354,Individual,265,2,4498.53,2,4,5,245
13426,Individual,265,2,4498.53,2,4,5,245
13277,Individual,273,2,4498.53,2,4,5,245
13346,Individual,272,2,4498.53,2,4,5,245
13492,Individual,217,2,4500.52,2,4,5,245
13283,Individual,258,2,4498.53,2,4,5,245
13436,Individual,239,2,4498.53,2,4,5,245
13897,Individual,234,2,4498.53,2,4,5,245
17050,Individual,260,2,4496.23,2,4,5,245
13442,Individual,223,2,4500.82,2,4,5,245
13904,Individual,218,2,4501.55,2,4,5,245
13438,Individual,232,2,4501.55,2,4,5,245
13464,Individual,227,2,4501.55,2,4,5,245
13190,Individual,275,2,4501.55,2,4,5,245
13250,Individual,268,2,4501.55,2,4,5,245
12218,Individual,279,2,4472.37,2,4,5,245
17045,Individual,284,2,4480.73,2,4,5,245
13461,Individual,228,2,4476.55,2,4,5,245
13419,Individual,270,2,4476.55,2,4,5,245
13351,Individual,266,2,4476.55,2,4,5,245
13292,Individual,248,2,4478.84,2,4,5,245
12237,Individual,241,2,4470.39,2,4,5,245
17046,Individual,276,2,4467.74,2,4,5,245
13839,Individual,224,2,3242.83,2,4,4,244
20717,Individual,215,2,3240.32,2,4,4,244
20711,Individual,248,2,3240.32,2,4,4,244
20710,Individual,278,2,3240.32,2,4,4,244
20712,Individual,234,2,3261.33,2,4,4,244
13812,Individual,241,2,3262.83,2,4,4,244
13801,Individual,253,2,3262.83,2,4,4,244
16512,Individual,260,2,3262.83,2,4,4,244
13800,Individual,259,2,3262.83,2,4,4,244
20811,Individual,242,2,3270.32,2,4,4,244
14602,Individual,207,2,3150.54,2,4,4,244
15155,Individual,211,2,3148.94,2,4,4,244
17815,Individual,221,2,3123.78,2,4,4,244
13085,Individual,234,2,3089.80,2,4,4,244
17753,Individual,253,2,3080.29,2,4,4,244
13806,Individual,246,2,3075.50,2,4,4,244
13779,Individual,286,2,3063.00,2,4,4,244
21359,Individual,253,2,3032.31,2,4,4,244
13067,Individual,275,2,3059.31,2,4,4,244
17896,Individual,210,2,3044.79,2,4,4,244
22580,Individual,240,2,3051.31,2,4,4,244
17798,Individual,221,2,3058.31,2,4,4,244
14944,Individual,241,2,3040.31,2,4,4,244
17790,Individual,265,2,3039.31,2,4,4,244
14648,Individual,211,2,3024.02,2,4,4,244
17813,Individual,238,2,3020.30,2,4,4,244
17627,Individual,224,2,3021.02,2,4,4,244
18627,Individual,215,2,3027.32,2,4,4,244
16470,Individual,263,2,3021.04,2,4,4,244
22174,Individual,274,2,3007.83,2,4,4,244
17115,Individual,232,2,3008.02,2,4,4,244
22575,Individual,233,2,3018.33,2,4,4,244
22406,Individual,238,2,3018.33,2,4,4,244
22412,Individual,232,2,3018.33,2,4,4,244
25981,Individual,229,2,3018.33,2,4,4,244
21001,Individual,274,2,3018.33,2,4,4,244
22175,Individual,272,2,3018.33,2,4,4,244
16447,Individual,245,2,3001.02,2,4,4,244
16562,Individual,219,2,3001.04,2,4,4,244
17094,Individual,220,2,3001.04,2,4,4,244
13811,Individual,215,2,3001.04,2,4,4,244
16553,Individual,244,2,3001.04,2,4,4,244
17626,Individual,227,2,3001.04,2,4,4,244
21361,Individual,274,2,2997.32,2,4,4,244
22168,Individual,245,2,2997.32,2,4,4,244
15006,Individual,206,2,2994.09,2,4,4,244
22572,Individual,214,2,2997.32,2,4,4,244
21379,Individual,253,2,2992.33,2,4,4,244
21002,Individual,246,2,2992.33,2,4,4,244
17085,Individual,228,2,2986.03,2,4,4,244
17795,Individual,219,2,2983.34,2,4,4,244
22410,Individual,219,2,2983.34,2,4,4,244
25287,Individual,246,2,2983.34,2,4,4,244
22404,Individual,243,2,2983.34,2,4,4,244
22401,Individual,260,2,2983.34,2,4,4,244
14670,Individual,209,2,2919.89,2,4,4,244
21384,Individual,251,2,2921.02,2,4,4,244
22172,Individual,250,2,2932.30,2,4,4,244
26601,Individual,242,2,2862.74,2,4,4,244
26606,Individual,217,2,2890.41,2,4,4,244
26575,Individual,227,2,2890.41,2,4,4,244
17750,Individual,285,2,2888.53,2,4,4,244
26513,Individual,220,2,2848.76,2,4,4,244
26608,Individual,220,2,2881.74,2,4,4,244
26521,Individual,234,2,2821.72,2,4,4,244
26520,Individual,240,2,2827.72,2,4,4,244
26545,Individual,239,2,2822.76,2,4,4,244
26581,Individual,220,2,2822.76,2,4,4,244
26499,Individual,272,2,2848.76,2,4,4,244
25991,Individual,236,2,2845.52,2,4,4,244
17772,Individual,261,2,2846.00,2,4,4,244
26546,Individual,221,2,2847.75,2,4,4,244
22571,Individual,238,2,2835.02,2,4,4,244
26579,Individual,242,2,2840.42,2,4,4,244
21589,Individual,255,2,2589.09,2,4,4,244
21614,Individual,225,2,2589.09,2,4,4,244
21053,Individual,227,2,2542.96,2,4,4,244
20869,Individual,251,2,2542.96,2,4,4,244
21106,Individual,270,2,2537.97,2,4,4,244
21027,Individual,238,2,2537.97,2,4,4,244
21582,Individual,272,2,2638.06,2,4,4,244
21621,Individual,207,2,2616.86,2,4,4,244
15833,Individual,271,2,2611.41,2,4,4,244
21613,Individual,224,2,2610.58,2,4,4,244
21104,Individual,257,2,2566.95,2,4,4,244
21036,Individual,243,2,2547.95,2,4,4,244
17716,Individual,258,2,2701.43,2,4,4,244
23324,Individual,206,2,2730.54,2,4,4,244
22579,Individual,241,2,2730.54,2,4,4,244
25408,Individual,246,2,2735.53,2,4,4,244
22578,Individual,226,2,2735.53,2,4,4,244
22173,Individual,268,2,2735.53,2,4,4,244
21380,Individual,272,2,2735.53,2,4,4,244
17756,Individual,243,2,2715.41,2,4,4,244
17770,Individual,241,2,2715.41,2,4,4,244
22402,Individual,247,2,2721.55,2,4,4,244
21000,Individual,247,2,2721.55,2,4,4,244
25288,Individual,256,2,2721.55,2,4,4,244
22171,Individual,259,2,2721.55,2,4,4,244
25992,Individual,231,2,2721.55,2,4,4,244
22576,Individual,232,2,2721.55,2,4,4,244
22573,Individual,234,2,2721.55,2,4,4,244
16160,Individual,225,2,2644.07,2,4,4,244
21620,Individual,216,2,2620.40,2,4,4,244
21595,Individual,263,2,2649.56,2,4,4,244
17775,Individual,238,2,2793.91,2,4,4,244
14960,Individual,241,2,2803.52,2,4,4,244
17841,Individual,214,2,2803.52,2,4,4,244
14957,Individual,227,2,2807.03,2,4,4,244
20998,Individual,280,2,2806.51,2,4,4,244
26607,Individual,241,2,2813.77,2,4,4,244
26510,Individual,245,2,2813.77,2,4,4,244
26600,Individual,220,2,2800.44,2,4,4,244
26509,Individual,248,2,2800.44,2,4,4,244
26614,Individual,231,2,2791.45,2,4,4,244
26486,Individual,287,2,2800.44,2,4,4,244
26343,Individual,284,2,2800.44,2,4,4,244
14946,Individual,229,2,2778.52,2,4,4,244
17752,Individual,215,2,2776.41,2,4,4,244
22399,Individual,270,2,2785.05,2,4,4,244
14948,Individual,226,2,2786.52,2,4,4,244
21389,Individual,272,2,2770.52,2,4,4,244
22408,Individual,237,2,2770.52,2,4,4,244
22411,Individual,220,2,2770.52,2,4,4,244
17803,Individual,242,2,2761.02,2,4,4,244
17755,Individual,261,2,2768.53,2,4,4,244
17744,Individual,276,2,2765.53,2,4,4,244
22407,Individual,236,2,2756.54,2,4,4,244
26200,Individual,209,2,2756.54,2,4,4,244
17646,Individual,255,2,2751.42,2,4,4,244
17831,Individual,207,2,2750.40,2,4,4,244
17773,Individual,215,2,2751.42,2,4,4,244
14088,Individual,252,2,2755.42,2,4,4,244
17754,Individual,228,2,2755.42,2,4,4,244
22581,Individual,239,2,2749.32,2,4,4,244
25971,Individual,258,2,2749.32,2,4,4,244
22170,Individual,271,2,2745.33,2,4,4,244
25989,Individual,243,2,2744.52,2,4,4,244
21400,Individual,255,2,2688.89,2,4,4,244
17794,Individual,228,2,2745.82,2,4,4,244
22409,Individual,238,2,2746.04,2,4,4,244
13704,Individual,236,2,2736.53,2,4,4,244
22400,Individual,252,2,2737.82,2,4,4,244
17634,Individual,282,2,2736.42,2,4,4,244
17714,Individual,269,2,2736.42,2,4,4,244
17739,Individual,228,2,2736.42,2,4,4,244
17641,Individual,258,2,2736.42,2,4,4,244
22577,Individual,214,2,2743.04,2,4,4,244
17747,Individual,281,2,2743.53,2,4,4,244
21387,Individual,246,2,2745.33,2,4,4,244
21012,Individual,228,2,2497.96,2,4,4,244
21020,Individual,243,2,2497.96,2,4,4,244
20856,Individual,287,2,2483.98,2,4,4,244
21130,Individual,230,2,2483.98,2,4,4,244
21071,Individual,210,2,2533.97,2,4,4,244
21034,Individual,231,2,2533.97,2,4,4,244
21044,Individual,239,2,2533.97,2,4,4,244
21105,Individual,264,2,2533.97,2,4,4,244
20886,Individual,269,2,2533.97,2,4,4,244
21018,Individual,244,2,2515.25,2,4,4,244
20975,Individual,218,2,2515.25,2,4,4,244
21011,Individual,225,2,2527.96,2,4,4,244
20890,Individual,222,2,2527.96,2,4,4,244
21668,Individual,222,2,2518.97,2,4,4,244
20880,Individual,259,2,2518.97,2,4,4,244
20875,Individual,253,2,2518.97,2,4,4,244
20885,Individual,253,2,2518.97,2,4,4,244
20872,Individual,252,2,2518.97,2,4,4,244
20933,Individual,232,2,2518.97,2,4,4,244
20851,Individual,287,2,2518.97,2,4,4,244
20859,Individual,257,2,2508.97,2,4,4,244
27356,Individual,237,2,1336.96,2,4,4,244
27499,Individual,233,2,1331.97,2,4,4,244
27299,Individual,275,2,1322.98,2,4,4,244
27341,Individual,259,2,1322.98,2,4,4,244
27366,Individual,234,2,1322.98,2,4,4,244
27370,Individual,236,2,1322.98,2,4,4,244
27354,Individual,220,2,1322.98,2,4,4,244
27342,Individual,258,2,1348.46,2,4,4,244
27371,Individual,233,2,1350.75,2,4,4,244
27498,Individual,226,2,1350.75,2,4,4,244
27340,Individual,275,2,1350.75,2,4,4,244
15903,Individual,238,2,1372.95,2,4,4,244
15890,Individual,251,2,1375.26,2,4,4,244
27359,Individual,214,2,1344.47,2,4,4,244
27352,Individual,244,2,1357.97,2,4,4,244
27353,Individual,234,2,1371.95,2,4,4,244
27500,Individual,211,2,1371.95,2,4,4,244
27365,Individual,224,2,1371.95,2,4,4,244
27362,Individual,239,2,1407.45,2,4,4,244
14580,Individual,212,2,1468.59,2,4,4,244
15892,Individual,216,2,1401.46,2,4,4,244
15902,Individual,238,2,1397.95,2,4,4,244
15885,Individual,277,2,1397.95,2,4,4,244
15904,Individual,243,2,1394.95,2,4,4,244
27346,Individual,270,2,1390.95,2,4,4,244
27348,Individual,225,2,1382.46,2,4,4,244
15901,Individual,241,2,1376.97,2,4,4,244
19504,Individual,279,2,1382.97,2,4,4,244
27355,Individual,234,2,1383.45,2,4,4,244
14565,Individual,220,2,1503.58,2,4,4,244
14520,Individual,236,2,1503.58,2,4,4,244
18148,Individual,265,2,1518.58,2,4,4,244
18004,Individual,273,2,1518.58,2,4,4,244
14558,Individual,232,2,1528.07,2,4,4,244
14616,Individual,206,2,1538.58,2,4,4,244
14560,Individual,242,2,1538.58,2,4,4,244
14378,Individual,242,2,1809.40,2,4,4,244
14283,Individual,251,2,1799.92,2,4,4,244
14285,Individual,267,2,1804.92,2,4,4,244
14342,Individual,254,2,1804.92,2,4,4,244
14355,Individual,260,2,1804.92,2,4,4,244
14335,Individual,245,2,1804.92,2,4,4,244
14365,Individual,216,2,1804.92,2,4,4,244
14398,Individual,216,2,1804.92,2,4,4,244
14414,Individual,214,2,1793.90,2,4,4,244
14270,Individual,263,2,1794.20,2,4,4,244
14385,Individual,222,2,1777.88,2,4,4,244
14415,Individual,216,2,1769.93,2,4,4,244
14494,Individual,234,2,1769.93,2,4,4,244
14284,Individual,254,2,1769.93,2,4,4,244
21545,Individual,209,2,1631.46,2,4,4,244
14613,Individual,206,2,1601.56,2,4,4,244
19172,Individual,237,2,1609.41,2,4,4,244
19310,Individual,238,2,1611.46,2,4,4,244
19194,Individual,229,2,1589.75,2,4,4,244
26321,Individual,207,2,1554.41,2,4,4,244
15893,Individual,220,2,1428.94,2,4,4,244
14559,Individual,240,2,1547.57,2,4,4,244
14581,Individual,212,2,1563.05,2,4,4,244
25119,Individual,225,2,2148.21,2,4,4,244
24919,Individual,272,2,2212.89,2,4,4,244
19458,Individual,230,2,1957.47,2,4,4,244
20829,Individual,231,2,1962.46,2,4,4,244
19427,Individual,230,2,1967.45,2,4,4,244
20830,Individual,218,2,1966.46,2,4,4,244
20726,Individual,242,2,1941.95,2,4,4,244
19436,Individual,240,2,1942.70,2,4,4,244
20719,Individual,253,2,1947.46,2,4,4,244
25213,Individual,209,2,2184.90,2,4,4,244
25053,Individual,242,2,2183.91,2,4,4,244
25035,Individual,226,2,2183.91,2,4,4,244
24917,Individual,261,2,2179.91,2,4,4,244
24921,Individual,262,2,2180.41,2,4,4,244
24916,Individual,272,2,2169.90,2,4,4,244
25106,Individual,229,2,2170.92,2,4,4,244
25051,Individual,229,2,2174.92,2,4,4,244
25126,Individual,226,2,2174.92,2,4,4,244
25037,Individual,221,2,2174.92,2,4,4,244
25127,Individual,212,2,2174.92,2,4,4,244
24923,Individual,255,2,2159.40,2,4,4,244
25034,Individual,223,2,2164.91,2,4,4,244
25052,Individual,214,2,2155.92,2,4,4,244
25215,Individual,208,2,2155.92,2,4,4,244
25121,Individual,224,2,2155.92,2,4,4,244
25115,Individual,227,2,2155.92,2,4,4,244
25120,Individual,227,2,2155.92,2,4,4,244
25036,Individual,237,2,2120.93,2,4,4,244
24918,Individual,253,2,2120.93,2,4,4,244
25057,Individual,243,2,2120.93,2,4,4,244
24908,Individual,287,2,2155.92,2,4,4,244
24920,Individual,272,2,2155.92,2,4,4,244
24913,Individual,263,2,2155.92,2,4,4,244
24924,Individual,241,2,2143.90,2,4,4,244
25107,Individual,244,2,2143.90,2,4,4,244
24922,Individual,247,2,2145.92,2,4,4,244
25111,Individual,238,2,2145.92,2,4,4,244
24915,Individual,265,2,2145.92,2,4,4,244
24914,Individual,272,2,2149.91,2,4,4,244
24909,Individual,279,2,2149.91,2,4,4,244
20831,Individual,225,2,2012.95,2,4,4,244
14337,Individual,261,2,1815.15,2,4,4,244
14880,Individual,222,2,1819.59,2,4,4,244
14106,Individual,276,2,1839.90,2,4,4,244
14343,Individual,273,2,1839.92,2,4,4,244
14495,Individual,220,2,1839.92,2,4,4,244
14367,Individual,234,2,1839.92,2,4,4,244
14362,Individual,261,2,1845.90,2,4,4,244
14379,Individual,243,2,1854.91,2,4,4,244
14406,Individual,235,2,1851.39,2,4,4,244
14334,Individual,262,2,1848.91,2,4,4,244
14417,Individual,227,2,1848.91,2,4,4,244
14336,Individual,260,2,1893.91,2,4,4,244
14364,Individual,228,2,1893.91,2,4,4,244
14413,Individual,240,2,1889.91,2,4,4,244
14089,Individual,287,2,1893.91,2,4,4,244
19518,Individual,278,2,1894.07,2,4,4,244
14366,Individual,216,2,1897.88,2,4,4,244
14037,Individual,281,2,1898.90,2,4,4,244
14737,Individual,260,2,1873.58,2,4,4,244
20171,Individual,268,2,1938.47,2,4,4,244
20828,Individual,217,2,1938.47,2,4,4,244
20808,Individual,217,2,1938.47,2,4,4,244
19517,Individual,230,2,1938.47,2,4,4,244
20720,Individual,250,2,1938.47,2,4,4,244
14386,Individual,220,2,1918.40,2,4,4,244
20833,Individual,241,2,1903.48,2,4,4,244
19473,Individual,242,2,1917.46,2,4,4,244
19480,Individual,222,2,1934.75,2,4,4,244
19434,Individual,218,2,1934.75,2,4,4,244
14418,Individual,238,2,1928.93,2,4,4,244
17052,Individual,224,2,96.92,2,4,3,243
16200,Individual,280,2,96.95,2,4,3,243
15798,Individual,233,2,98.96,2,4,3,243
19969,Individual,237,2,98.45,2,4,3,243
11687,Individual,222,2,97.98,2,4,3,243
11662,Individual,207,2,100.27,2,4,3,243
11643,Individual,209,2,100.22,2,4,3,243
17297,Individual,251,2,100.25,2,4,3,243
18199,Individual,211,2,99.94,2,4,3,243
16192,Individual,276,2,101.45,2,4,3,243
18449,Individual,209,2,100.94,2,4,3,243
16593,Individual,255,2,101.76,2,4,3,243
12309,Individual,260,2,102.26,2,4,3,243
15806,Individual,268,2,102.85,2,4,3,243
19567,Individual,251,2,104.96,2,4,3,243
20218,Individual,271,2,104.69,2,4,3,243
17628,Individual,263,2,106.24,2,4,3,243
15681,Individual,220,2,105.56,2,4,3,243
13503,Individual,252,2,101.25,2,4,3,243
11165,Individual,238,2,102.49,2,4,3,243
16171,Individual,264,2,103.86,2,4,3,243
18325,Individual,254,2,108.85,2,4,3,243
13781,Individual,225,2,109.96,2,4,3,243
17226,Individual,238,2,109.97,2,4,3,243
11891,Individual,213,2,109.97,2,4,3,243
11783,Individual,263,2,109.97,2,4,3,243
14059,Individual,209,2,106.75,2,4,3,243
17300,Individual,239,2,94.22,2,4,3,243
11714,Individual,260,2,93.98,2,4,3,243
11828,Individual,285,2,93.98,2,4,3,243
16012,Individual,221,2,94.26,2,4,3,243
19574,Individual,263,2,96.74,2,4,3,243
15641,Individual,280,2,96.75,2,4,3,243
16615,Individual,214,2,95.84,2,4,3,243
12137,Individual,263,2,92.27,2,4,3,243
12101,Individual,237,2,92.27,2,4,3,243
16700,Individual,218,2,92.97,2,4,3,243
12563,Individual,212,2,118.96,2,4,3,243
17306,Individual,250,2,117.96,2,4,3,243
16314,Individual,211,2,111.95,2,4,3,243
17494,Individual,247,2,111.96,2,4,3,243
12627,Individual,213,2,110.94,2,4,3,243
16489,Individual,265,2,112.73,2,4,3,243
14717,Individual,265,2,113.96,2,4,3,243
12244,Individual,257,2,114.96,2,4,3,243
12865,Individual,275,2,114.23,2,4,3,243
11792,Individual,213,2,119.98,2,4,3,243
13785,Individual,226,2,121.83,2,4,3,243
15124,Individual,251,2,122.44,2,4,3,243
11304,Individual,282,2,122.21,2,4,3,243
12204,Individual,221,2,119.93,2,4,3,243
11691,Individual,255,2,119.96,2,4,3,243
19645,Individual,222,2,134.44,2,4,3,243
12073,Individual,279,2,133.96,2,4,3,243
13603,Individual,233,2,133.94,2,4,3,243
11622,Individual,228,2,133.75,2,4,3,243
11829,Individual,222,2,130.94,2,4,3,243
20106,Individual,234,2,131.95,2,4,3,243
15795,Individual,275,2,132.44,2,4,3,243
15711,Individual,208,2,126.56,2,4,3,243
20086,Individual,252,2,128.55,2,4,3,243
16734,Individual,232,2,128.97,2,4,3,243
11686,Individual,280,2,128.97,2,4,3,243
11701,Individual,270,2,128.97,2,4,3,243
11890,Individual,208,2,130.44,2,4,3,243
11725,Individual,272,2,123.91,2,4,3,243
17251,Individual,232,2,123.96,2,4,3,243
16841,Individual,245,2,126.96,2,4,3,243
16643,Individual,261,2,126.96,2,4,3,243
17484,Individual,283,2,126.96,2,4,3,243
19015,Individual,264,2,125.43,2,4,3,243
17481,Individual,271,2,126.94,2,4,3,243
15236,Individual,241,2,126.95,2,4,3,243
11700,Individual,234,2,137.96,2,4,3,243
11734,Individual,206,2,135.78,2,4,3,243
14217,Individual,209,2,139.45,2,4,3,243
16174,Individual,225,2,140.45,2,4,3,243
11014,Individual,274,2,138.45,2,4,3,243
14423,Individual,259,2,141.91,2,4,3,243
12933,Individual,214,2,142.95,2,4,3,243
18295,Individual,262,2,144.27,2,4,3,243
13641,Individual,236,2,144.74,2,4,3,243
11178,Individual,248,2,144.76,2,4,3,243
11790,Individual,252,2,146.95,2,4,3,243
11850,Individual,240,2,149.46,2,4,3,243
14553,Individual,278,2,147.95,2,4,3,243
19399,Individual,232,2,151.43,2,4,3,243
13041,Individual,224,2,153.95,2,4,3,243
15137,Individual,271,2,161.94,2,4,3,243
13015,Individual,266,2,155.00,2,4,3,243
14223,Individual,226,2,155.94,2,4,3,243
14839,Individual,235,2,156.25,2,4,3,243
14694,Individual,239,2,156.94,2,4,3,243
11233,Individual,235,2,179.43,2,4,3,243
16840,Individual,216,2,176.95,2,4,3,243
17036,Individual,243,2,176.95,2,4,3,243
18181,Individual,237,2,185.92,2,4,3,243
16846,Individual,285,2,180.95,2,4,3,243
19566,Individual,227,2,164.91,2,4,3,243
17479,Individual,238,2,163.40,2,4,3,243
14799,Individual,262,2,162.95,2,4,3,243
16338,Individual,274,2,169.43,2,4,3,243
12753,Individual,225,2,170.76,2,4,3,243
15829,Individual,232,2,187.98,2,4,3,243
13171,Individual,237,2,191.97,2,4,3,243
11499,Individual,214,2,192.21,2,4,3,243
17844,Individual,262,2,196.26,2,4,3,243
11273,Individual,251,2,273.23,2,4,3,243
14806,Individual,230,2,242.94,2,4,3,243
13170,Individual,280,2,230.96,2,4,3,243
11419,Individual,216,2,231.75,2,4,3,243
17601,Individual,218,2,225.42,2,4,3,243
16032,Individual,281,2,90.95,2,4,2,242
15148,Individual,236,2,90.75,2,4,2,242
11649,Individual,281,2,91.28,2,4,2,242
17074,Individual,218,2,90.25,2,4,2,242
16193,Individual,278,2,90.47,2,4,2,242
12051,Individual,243,2,89.98,2,4,2,242
11853,Individual,223,2,89.98,2,4,2,242
12115,Individual,222,2,89.98,2,4,2,242
11260,Individual,220,2,81.26,2,4,2,242
15612,Individual,215,2,79.97,2,4,2,242
13642,Individual,259,2,79.97,2,4,2,242
17186,Individual,209,2,77.27,2,4,2,242
12247,Individual,271,2,77.27,2,4,2,242
15128,Individual,264,2,77.27,2,4,2,242
11206,Individual,244,2,77.27,2,4,2,242
15441,Individual,241,2,77.27,2,4,2,242
14232,Individual,262,2,77.27,2,4,2,242
11508,Individual,260,2,77.27,2,4,2,242
17810,Individual,247,2,87.94,2,4,2,242
12057,Individual,206,2,87.28,2,4,2,242
11840,Individual,270,2,87.28,2,4,2,242
14857,Individual,249,2,87.97,2,4,2,242
17786,Individual,260,2,89.46,2,4,2,242
14052,Individual,238,2,86.26,2,4,2,242
12259,Individual,224,2,86.75,2,4,2,242
17291,Individual,285,2,86.27,2,4,2,242
17244,Individual,216,2,86.27,2,4,2,242
12194,Individual,265,2,82.93,2,4,2,242
11887,Individual,216,2,82.93,2,4,2,242
18573,Individual,215,2,83.74,2,4,2,242
17105,Individual,239,2,83.44,2,4,2,242
17346,Individual,218,2,81.46,2,4,2,242
11436,Individual,224,2,81.76,2,4,2,242
16625,Individual,210,2,81.81,2,4,2,242
19572,Individual,225,2,82.25,2,4,2,242
14212,Individual,235,2,82.26,2,4,2,242
17243,Individual,237,2,83.98,2,4,2,242
17227,Individual,234,2,83.97,2,4,2,242
12135,Individual,212,2,84.99,2,4,2,242
16626,Individual,254,2,71.57,2,4,2,242
17776,Individual,216,2,72.25,2,4,2,242
12306,Individual,235,2,74.97,2,4,2,242
19630,Individual,249,2,74.45,2,4,2,242
19954,Individual,228,2,74.45,2,4,2,242
11789,Individual,276,2,72.28,2,4,2,242
12376,Individual,239,2,75.47,2,4,2,242
14981,Individual,251,2,71.27,2,4,2,242
11871,Individual,245,2,69.99,2,4,2,242
11836,Individual,282,2,69.99,2,4,2,242
18090,Individual,253,2,64.91,2,4,2,242
19106,Individual,262,2,64.95,2,4,2,242
13046,Individual,211,2,64.97,2,4,2,242
19591,Individual,215,2,63.42,2,4,2,242
17483,Individual,221,2,64.50,2,4,2,242
16627,Individual,214,2,64.88,2,4,2,242
13996,Individual,213,2,66.26,2,4,2,242
18206,Individual,208,2,65.96,2,4,2,242
16282,Individual,214,2,64.25,2,4,2,242
13523,Individual,217,2,67.26,2,4,2,242
14860,Individual,219,2,67.26,2,4,2,242
18677,Individual,265,2,60.96,2,4,2,242
16036,Individual,217,2,61.96,2,4,2,242
12235,Individual,207,2,62.76,2,4,2,242
15766,Individual,223,2,62.27,2,4,2,242
15139,Individual,280,2,59.98,2,4,2,242
14074,Individual,247,2,59.88,2,4,2,242
13522,Individual,218,2,59.98,2,4,2,242
18932,Individual,259,2,59.26,2,4,2,242
13495,Individual,286,2,57.95,2,4,2,242
11284,Individual,272,2,55.48,2,4,2,242
12954,Individual,228,2,51.27,2,4,2,242
12960,Individual,247,2,51.27,2,4,2,242
12092,Individual,240,2,51.27,2,4,2,242
17313,Individual,218,2,51.92,2,4,2,242
12365,Individual,237,2,53.97,2,4,2,242
19627,Individual,278,2,41.75,2,4,2,242
11312,Individual,241,2,42.28,2,4,2,242
11866,Individual,277,2,42.95,2,4,2,242
16173,Individual,241,2,43.21,2,4,2,242
17318,Individual,278,2,43.97,2,4,2,242
13507,Individual,279,2,43.97,2,4,2,242
12046,Individual,286,2,43.99,2,4,2,242
19976,Individual,214,2,44.04,2,4,2,242
11279,Individual,221,2,44.57,2,4,2,242
11322,Individual,253,2,44.57,2,4,2,242
11504,Individual,271,2,44.57,2,4,2,242
16738,Individual,254,2,44.95,2,4,2,242
19781,Individual,253,2,46.26,2,4,2,242
11183,Individual,230,2,46.27,2,4,2,242
17355,Individual,212,2,46.47,2,4,2,242
16454,Individual,281,2,47.26,2,4,2,242
12654,Individual,217,2,45.26,2,4,2,242
13509,Individual,236,2,48.96,2,4,2,242
13493,Individual,280,2,48.96,2,4,2,242
16437,Individual,231,2,47.26,2,4,2,242
16449,Individual,249,2,47.26,2,4,2,242
12197,Individual,267,2,47.94,2,4,2,242
11926,Individual,225,2,47.94,2,4,2,242
11864,Individual,237,2,47.94,2,4,2,242
15640,Individual,273,2,34.57,2,4,1,241
15639,Individual,261,2,34.57,2,4,1,241
11321,Individual,246,2,37.29,2,4,1,241
11634,Individual,278,2,39.58,2,4,1,241
12327,Individual,207,2,13.98,2,4,1,241
18714,Individual,217,2,24.27,2,4,1,241
16185,Individual,254,2,28.98,2,4,1,241
18259,Individual,213,2,30.97,2,4,1,241
16183,Individual,261,2,31.27,2,4,1,241
17144,Individual,247,1,1891.26,2,1,4,214
13394,Individual,262,1,2318.96,2,1,4,214
13473,Individual,234,1,2318.96,2,1,4,214
13427,Individual,253,1,2294.99,2,1,4,214
12086,Individual,260,1,2294.99,2,1,4,214
11135,Individual,286,1,2334.97,2,1,4,214
13415,Individual,248,1,2325.96,2,1,4,214
12447,Individual,271,1,2331.95,2,1,4,214
12781,Individual,225,1,2329.98,2,1,4,214
12914,Individual,207,1,2329.98,2,1,4,214
13428,Individual,263,1,2316.97,2,1,4,214
13414,Individual,268,1,2319.99,2,1,4,214
13377,Individual,273,1,2319.99,2,1,4,214
17477,Individual,228,1,1700.99,2,1,4,214
17272,Individual,227,1,1714.97,2,1,4,214
25323,Individual,222,1,1714.97,2,1,4,214
17030,Individual,268,1,1700.99,2,1,4,214
17041,Individual,253,1,1700.99,2,1,4,214
17021,Individual,253,1,1700.99,2,1,4,214
13065,Individual,236,1,1700.99,2,1,4,214
24116,Individual,230,1,1700.99,2,1,4,214
24039,Individual,238,1,1700.99,2,1,4,214
16977,Individual,266,1,1709.98,2,1,4,214
17405,Individual,223,1,1725.48,2,1,4,214
17480,Individual,226,1,1725.98,2,1,4,214
17269,Individual,241,1,1728.27,2,1,4,214
17142,Individual,248,1,1728.27,2,1,4,214
17567,Individual,210,1,1709.98,2,1,4,214
17020,Individual,272,1,1714.97,2,1,4,214
17163,Individual,216,1,1732.26,2,1,4,214
25445,Individual,212,1,1735.98,2,1,4,214
20683,Individual,212,1,1735.98,2,1,4,214
17270,Individual,219,1,1735.98,2,1,4,214
17167,Individual,227,1,1735.98,2,1,4,214
17564,Individual,206,1,1735.98,2,1,4,214
16791,Individual,251,1,1729.97,2,1,4,214
17445,Individual,235,1,1729.97,2,1,4,214
17358,Individual,229,1,1728.27,2,1,4,214
25306,Individual,258,1,1769.96,2,1,4,214
17463,Individual,235,1,1773.95,2,1,4,214
16924,Individual,283,1,1775.47,2,1,4,214
17024,Individual,265,1,1775.97,2,1,4,214
17127,Individual,252,1,1778.47,2,1,4,214
17389,Individual,238,1,1779.47,2,1,4,214
13084,Individual,234,1,1798.96,2,1,4,214
17039,Individual,268,1,1799.48,2,1,4,214
21683,Individual,212,1,1779.47,2,1,4,214
17464,Individual,221,1,1784.96,2,1,4,214
16949,Individual,284,1,1789.97,2,1,4,214
24723,Individual,281,1,1793.47,2,1,4,214
17465,Individual,215,1,1764.96,2,1,4,214
17154,Individual,228,1,1764.96,2,1,4,214
17261,Individual,224,1,1764.96,2,1,4,214
17150,Individual,225,1,1764.96,2,1,4,214
22308,Individual,213,1,1768.96,2,1,4,214
17022,Individual,245,1,1763.97,2,1,4,214
16997,Individual,255,1,1763.97,2,1,4,214
17028,Individual,254,1,1763.97,2,1,4,214
16955,Individual,215,1,1760.47,2,1,4,214
17040,Individual,248,1,1760.47,2,1,4,214
16764,Individual,253,1,1760.47,2,1,4,214
17384,Individual,230,1,1760.47,2,1,4,214
17043,Individual,272,1,1760.47,2,1,4,214
17143,Individual,207,1,1763.97,2,1,4,214
17361,Individual,237,1,1759.97,2,1,4,214
16984,Individual,259,1,1759.97,2,1,4,214
17029,Individual,247,1,1759.97,2,1,4,214
25307,Individual,219,1,1759.97,2,1,4,214
25443,Individual,223,1,1750.98,2,1,4,214
20673,Individual,221,1,1754.98,2,1,4,214
16996,Individual,228,1,1754.98,2,1,4,214
25444,Individual,210,1,1754.98,2,1,4,214
16921,Individual,261,1,1754.98,2,1,4,214
17443,Individual,243,1,1754.98,2,1,4,214
20668,Individual,277,1,1750.98,2,1,4,214
17011,Individual,266,1,1750.98,2,1,4,214
20672,Individual,268,1,1750.98,2,1,4,214
17012,Individual,249,1,1750.98,2,1,4,214
16834,Individual,248,1,1750.98,2,1,4,214
17521,Individual,209,1,1750.98,2,1,4,214
16784,Individual,272,1,1735.98,2,1,4,214
20671,Individual,285,1,1735.98,2,1,4,214
17149,Individual,233,1,1735.98,2,1,4,214
17159,Individual,238,1,1735.98,2,1,4,214
16995,Individual,232,1,1735.98,2,1,4,214
17386,Individual,230,1,1735.98,2,1,4,214
17023,Individual,231,1,1735.98,2,1,4,214
24090,Individual,238,1,1735.98,2,1,4,214
16952,Individual,245,1,1735.98,2,1,4,214
17121,Individual,246,1,1735.98,2,1,4,214
17262,Individual,244,1,1735.98,2,1,4,214
17120,Individual,252,1,1735.98,2,1,4,214
17128,Individual,252,1,1735.98,2,1,4,214
16998,Individual,256,1,1735.98,2,1,4,214
17042,Individual,247,1,1735.98,2,1,4,214
17129,Individual,251,1,1735.98,2,1,4,214
16999,Individual,262,1,1735.98,2,1,4,214
17271,Individual,233,1,1725.98,2,1,4,214
24089,Individual,244,1,1744.97,2,1,4,214
24834,Individual,277,1,1744.97,2,1,4,214
17153,Individual,226,1,1744.97,2,1,4,214
23920,Individual,285,1,1735.98,2,1,4,214
25380,Individual,287,1,1249.84,2,1,4,214
25392,Individual,233,1,1249.84,2,1,4,214
25394,Individual,243,1,1249.84,2,1,4,214
25388,Individual,252,1,1249.84,2,1,4,214
26936,Individual,251,1,1249.84,2,1,4,214
25386,Individual,260,1,1249.84,2,1,4,214
25387,Individual,259,1,1249.84,2,1,4,214
25419,Individual,219,1,1249.84,2,1,4,214
25402,Individual,229,1,1249.84,2,1,4,214
23930,Individual,232,1,1243.44,2,1,4,214
25413,Individual,217,1,1228.83,2,1,4,214
19527,Individual,215,1,1219.45,2,1,4,214
25586,Individual,216,1,1223.84,2,1,4,214
25412,Individual,221,1,1223.84,2,1,4,214
26954,Individual,225,1,1223.84,2,1,4,214
25395,Individual,240,1,1223.84,2,1,4,214
25588,Individual,244,1,1223.84,2,1,4,214
25418,Individual,243,1,1223.84,2,1,4,214
25540,Individual,230,1,1223.84,2,1,4,214
26991,Individual,206,1,1264.84,2,1,4,214
25370,Individual,284,1,1263.82,2,1,4,214
25391,Individual,245,1,1256.78,2,1,4,214
26961,Individual,219,1,1268.84,2,1,4,214
26940,Individual,249,1,1273.83,2,1,4,214
25574,Individual,217,1,1273.83,2,1,4,214
26948,Individual,234,1,1293.33,2,1,4,214
25539,Individual,261,1,1277.83,2,1,4,214
25389,Individual,258,1,1303.83,2,1,4,214
25417,Individual,217,1,1308.31,2,1,4,214
25390,Individual,269,1,1274.33,2,1,4,214
25403,Individual,241,1,1283.82,2,1,4,214
19113,Individual,221,1,1184.46,2,1,4,214
19984,Individual,278,1,1183.47,2,1,4,214
19116,Individual,241,1,1183.47,2,1,4,214
21326,Individual,226,1,1179.97,2,1,4,214
20187,Individual,227,1,1179.97,2,1,4,214
20281,Individual,225,1,1179.97,2,1,4,214
19400,Individual,227,1,1179.47,2,1,4,214
24011,Individual,226,1,1179.47,2,1,4,214
20434,Individual,207,1,1170.48,2,1,4,214
20195,Individual,241,1,1174.48,2,1,4,214
20028,Individual,246,1,1174.48,2,1,4,214
20198,Individual,230,1,1174.48,2,1,4,214
20295,Individual,230,1,1174.48,2,1,4,214
19744,Individual,275,1,1179.47,2,1,4,214
23777,Individual,273,1,1179.47,2,1,4,214
23988,Individual,238,1,1179.47,2,1,4,214
19526,Individual,240,1,1179.47,2,1,4,214
26988,Individual,264,1,1179.47,2,1,4,214
19875,Individual,280,1,1199.46,2,1,4,214
23904,Individual,285,1,1198.97,2,1,4,214
18795,Individual,266,1,1198.97,2,1,4,214
21315,Individual,231,1,1189.46,2,1,4,214
20387,Individual,207,1,1194.97,2,1,4,214
23983,Individual,255,1,1195.47,2,1,4,214
20093,Individual,270,1,1179.97,2,1,4,214
20009,Individual,267,1,1184.46,2,1,4,214
23753,Individual,280,1,1193.45,2,1,4,214
20205,Individual,231,1,1184.46,2,1,4,214
20372,Individual,231,1,1184.46,2,1,4,214
23986,Individual,258,1,1184.46,2,1,4,214
20026,Individual,254,1,1212.97,2,1,4,214
24026,Individual,233,1,1212.97,2,1,4,214
24034,Individual,226,1,1203.46,2,1,4,214
27167,Individual,261,1,1203.46,2,1,4,214
20190,Individual,223,1,1204.46,2,1,4,214
25411,Individual,234,1,1214.85,2,1,4,214
26946,Individual,239,1,1214.85,2,1,4,214
25379,Individual,275,1,1214.85,2,1,4,214
27876,Individual,216,1,1214.85,2,1,4,214
20541,Individual,206,1,1174.48,2,1,4,214
24047,Individual,208,1,1174.48,2,1,4,214
20529,Individual,207,1,1174.48,2,1,4,214
27795,Individual,210,1,1174.48,2,1,4,214
20304,Individual,224,1,1170.48,2,1,4,214
20118,Individual,222,1,1170.48,2,1,4,214
19123,Individual,214,1,1170.48,2,1,4,214
24030,Individual,217,1,1170.48,2,1,4,214
27182,Individual,219,1,1174.48,2,1,4,214
20194,Individual,220,1,1174.48,2,1,4,214
19546,Individual,229,1,1174.48,2,1,4,214
20371,Individual,228,1,1174.48,2,1,4,214
23923,Individual,227,1,1174.48,2,1,4,214
24031,Individual,241,1,1170.48,2,1,4,214
20066,Individual,265,1,1170.48,2,1,4,214
20073,Individual,266,1,1170.48,2,1,4,214
27760,Individual,244,1,1169.46,2,1,4,214
20111,Individual,240,1,1169.46,2,1,4,214
24100,Individual,209,1,1169.46,2,1,4,214
20394,Individual,210,1,1158.46,2,1,4,214
23762,Individual,283,1,1164.47,2,1,4,214
27823,Individual,208,1,1164.47,2,1,4,214
20462,Individual,234,1,2512.32,2,1,4,214
13472,Individual,219,1,2518.98,2,1,4,214
22595,Individual,207,1,2519.93,2,1,4,214
24860,Individual,227,1,2520.31,2,1,4,214
20385,Individual,259,1,2528.33,2,1,4,214
20412,Individual,269,1,2528.33,2,1,4,214
20476,Individual,241,1,2521.31,2,1,4,214
20465,Individual,238,1,2514.93,2,1,4,214
24549,Individual,279,1,2514.93,2,1,4,214
24569,Individual,246,1,2479.94,2,1,4,214
24632,Individual,215,1,2483.03,2,1,4,214
24583,Individual,227,1,2487.33,2,1,4,214
24558,Individual,276,1,2487.33,2,1,4,214
24577,Individual,253,1,2487.33,2,1,4,214
20461,Individual,242,1,2492.32,2,1,4,214
22465,Individual,283,1,2492.32,2,1,4,214
16747,Individual,213,1,2479.94,2,1,4,214
27952,Individual,216,1,2479.94,2,1,4,214
25192,Individual,262,1,2480.99,2,1,4,214
22500,Individual,259,1,2481.82,2,1,4,214
25423,Individual,238,1,2478.04,2,1,4,214
16673,Individual,214,1,2466.32,2,1,4,214
22524,Individual,239,1,2478.24,2,1,4,214
20472,Individual,216,1,2482.23,2,1,4,214
20495,Individual,225,1,2482.23,2,1,4,214
24040,Individual,206,1,2482.23,2,1,4,214
20442,Individual,259,1,2482.23,2,1,4,214
16362,Individual,286,1,2482.23,2,1,4,214
16364,Individual,281,1,2482.23,2,1,4,214
20386,Individual,266,1,2482.23,2,1,4,214
20382,Individual,274,1,2482.23,2,1,4,214
24520,Individual,215,1,2462.55,2,1,4,214
23922,Individual,275,1,2466.32,2,1,4,214
24582,Individual,231,1,2466.32,2,1,4,214
24183,Individual,245,1,2461.55,2,1,4,214
24676,Individual,207,1,2461.55,2,1,4,214
25186,Individual,259,1,2462.55,2,1,4,214
25059,Individual,273,1,2462.55,2,1,4,214
20544,Individual,207,1,2457.33,2,1,4,214
24852,Individual,219,1,2457.33,2,1,4,214
27948,Individual,244,1,2457.33,2,1,4,214
23925,Individual,272,1,2457.33,2,1,4,214
25400,Individual,226,1,2469.05,2,1,4,214
24990,Individual,279,1,2468.04,2,1,4,214
25075,Individual,271,1,2469.05,2,1,4,214
25730,Individual,269,1,2469.05,2,1,4,214
24346,Individual,281,1,2473.04,2,1,4,214
16375,Individual,259,1,2478.34,2,1,4,214
16490,Individual,255,1,2478.34,2,1,4,214
16670,Individual,251,1,2478.34,2,1,4,214
28962,Individual,284,1,2477.53,2,1,4,214
20376,Individual,278,1,2475.95,2,1,4,214
28876,Individual,231,1,2475.95,2,1,4,214
29407,Individual,216,1,2452.04,2,1,4,214
29113,Individual,280,1,2453.04,2,1,4,214
25736,Individual,239,1,2453.04,2,1,4,214
25414,Individual,237,1,2453.04,2,1,4,214
25185,Individual,260,1,2453.04,2,1,4,214
25289,Individual,219,1,2453.04,2,1,4,214
25767,Individual,225,1,2453.04,2,1,4,214
28731,Individual,283,1,2452.04,2,1,4,214
29180,Individual,276,1,2452.04,2,1,4,214
29178,Individual,280,1,2452.04,2,1,4,214
28416,Individual,244,1,2442.03,2,1,4,214
22464,Individual,277,1,2443.35,2,1,4,214
27943,Individual,285,1,2443.35,2,1,4,214
20347,Individual,284,1,2443.35,2,1,4,214
16728,Individual,234,1,2443.35,2,1,4,214
20377,Individual,247,1,2443.35,2,1,4,214
20482,Individual,218,1,2443.35,2,1,4,214
23926,Individual,214,1,2443.35,2,1,4,214
24357,Individual,261,1,2443.55,2,1,4,214
24444,Individual,237,1,2443.55,2,1,4,214
16727,Individual,243,1,2451.30,2,1,4,214
24446,Individual,227,1,2447.05,2,1,4,214
29190,Individual,287,1,2447.05,2,1,4,214
25064,Individual,271,1,2447.05,2,1,4,214
29319,Individual,272,1,2447.05,2,1,4,214
24633,Individual,239,1,2447.05,2,1,4,214
27864,Individual,241,1,2447.05,2,1,4,214
25180,Individual,253,1,2447.05,2,1,4,214
27944,Individual,246,1,2578.91,2,1,4,214
20346,Individual,284,1,2564.92,2,1,4,214
24847,Individual,226,1,2552.82,2,1,4,214
20405,Individual,256,1,2563.35,2,1,4,214
24573,Individual,254,1,2563.35,2,1,4,214
22501,Individual,224,1,2566.80,2,1,4,214
12081,Individual,266,1,2366.96,2,1,4,214
13417,Individual,272,1,2369.97,2,1,4,214
13396,Individual,245,1,2362.27,2,1,4,214
12451,Individual,223,1,2367.92,2,1,4,214
12090,Individual,266,1,2350.96,2,1,4,214
12449,Individual,233,1,2351.96,2,1,4,214
13393,Individual,264,1,2351.96,2,1,4,214
13454,Individual,229,1,2344.26,2,1,4,214
13455,Individual,233,1,2349.92,2,1,4,214
13100,Individual,287,1,2376.96,2,1,4,214
24684,Individual,212,1,2393.06,2,1,4,214
25429,Individual,224,1,2393.06,2,1,4,214
25401,Individual,221,1,2393.06,2,1,4,214
29469,Individual,227,1,2393.06,2,1,4,214
25409,Individual,225,1,2384.07,2,1,4,214
25734,Individual,220,1,2384.07,2,1,4,214
29295,Individual,275,1,2384.07,2,1,4,214
29382,Individual,244,1,2384.07,2,1,4,214
24641,Individual,239,1,2384.07,2,1,4,214
25410,Individual,234,1,2384.07,2,1,4,214
29318,Individual,265,1,2384.07,2,1,4,214
25175,Individual,260,1,2384.07,2,1,4,214
25162,Individual,260,1,2384.07,2,1,4,214
29306,Individual,258,1,2384.07,2,1,4,214
25169,Individual,252,1,2384.07,2,1,4,214
24683,Individual,207,1,2393.06,2,1,4,214
25049,Individual,275,1,2393.06,2,1,4,214
28954,Individual,285,1,2393.06,2,1,4,214
24352,Individual,255,1,2393.06,2,1,4,214
25074,Individual,251,1,2393.06,2,1,4,214
25427,Individual,235,1,2393.06,2,1,4,214
25286,Individual,233,1,2393.06,2,1,4,214
25399,Individual,239,1,2393.06,2,1,4,214
24644,Individual,243,1,2393.06,2,1,4,214
27866,Individual,207,1,2398.05,2,1,4,214
25622,Individual,228,1,2398.05,2,1,4,214
28524,Individual,222,1,2398.05,2,1,4,214
28446,Individual,214,1,2398.05,2,1,4,214
25396,Individual,215,1,2398.05,2,1,4,214
25623,Individual,220,1,2398.05,2,1,4,214
25738,Individual,219,1,2398.05,2,1,4,214
29478,Individual,217,1,2398.05,2,1,4,214
25334,Individual,239,1,2398.05,2,1,4,214
25407,Individual,234,1,2398.05,2,1,4,214
28747,Individual,250,1,2398.05,2,1,4,214
24158,Individual,258,1,2398.05,2,1,4,214
28963,Individual,283,1,2398.05,2,1,4,214
24353,Individual,269,1,2398.05,2,1,4,214
24157,Individual,250,1,2419.06,2,1,4,214
29300,Individual,247,1,2419.06,2,1,4,214
28403,Individual,247,1,2419.06,2,1,4,214
25191,Individual,254,1,2419.06,2,1,4,214
29303,Individual,251,1,2419.06,2,1,4,214
29309,Individual,253,1,2419.06,2,1,4,214
29310,Individual,257,1,2419.06,2,1,4,214
25060,Individual,264,1,2419.06,2,1,4,214
29473,Individual,240,1,2419.06,2,1,4,214
25193,Individual,240,1,2419.06,2,1,4,214
25398,Individual,239,1,2419.06,2,1,4,214
24445,Individual,244,1,2419.06,2,1,4,214
25284,Individual,242,1,2419.06,2,1,4,214
24441,Individual,244,1,2419.06,2,1,4,214
25079,Individual,245,1,2419.06,2,1,4,214
25155,Individual,245,1,2419.06,2,1,4,214
22344,Individual,246,1,2419.06,2,1,4,214
25426,Individual,233,1,2419.06,2,1,4,214
27865,Individual,236,1,2419.06,2,1,4,214
28957,Individual,275,1,2419.06,2,1,4,214
25050,Individual,272,1,2419.06,2,1,4,214
28397,Individual,266,1,2419.06,2,1,4,214
25150,Individual,268,1,2419.06,2,1,4,214
29192,Individual,281,1,2419.06,2,1,4,214
24966,Individual,284,1,2419.06,2,1,4,214
24140,Individual,276,1,2419.06,2,1,4,214
25290,Individual,217,1,2419.06,2,1,4,214
25430,Individual,215,1,2419.06,2,1,4,214
24640,Individual,225,1,2419.06,2,1,4,214
24354,Individual,274,1,2418.05,2,1,4,214
24358,Individual,250,1,2418.05,2,1,4,214
24194,Individual,218,1,2418.05,2,1,4,214
24498,Individual,233,1,2407.04,2,1,4,214
28755,Individual,232,1,2407.04,2,1,4,214
25735,Individual,241,1,2407.04,2,1,4,214
12782,Individual,211,1,2400.95,2,1,4,214
28417,Individual,239,1,2426.00,2,1,4,214
25397,Individual,219,1,2427.04,2,1,4,214
29477,Individual,225,1,2428.05,2,1,4,214
24190,Individual,226,1,2428.05,2,1,4,214
29184,Individual,282,1,2420.34,2,1,4,214
28735,Individual,266,1,2420.34,2,1,4,214
24359,Individual,269,1,2420.34,2,1,4,214
28523,Individual,227,1,2433.04,2,1,4,214
25405,Individual,227,1,2433.04,2,1,4,214
25163,Individual,257,1,2433.04,2,1,4,214
25080,Individual,265,1,2433.04,2,1,4,214
29316,Individual,261,1,2433.04,2,1,4,214
25729,Individual,254,1,2433.04,2,1,4,214
25406,Individual,238,1,2433.04,2,1,4,214
25404,Individual,242,1,2433.04,2,1,4,214
25415,Individual,232,1,2433.04,2,1,4,214
24198,Individual,231,1,2433.04,2,1,4,214
29468,Individual,239,1,2428.05,2,1,4,214
28415,Individual,257,1,2428.05,2,1,4,214
27901,Individual,285,1,2433.04,2,1,4,214
25105,Individual,270,1,2433.04,2,1,4,214
28377,Individual,267,1,2433.04,2,1,4,214
28365,Individual,278,1,2433.04,2,1,4,214
25765,Individual,236,1,2438.06,2,1,4,214
25425,Individual,234,1,2438.06,2,1,4,214
25161,Individual,249,1,2438.06,2,1,4,214
29317,Individual,249,1,2438.06,2,1,4,214
24432,Individual,264,1,2438.06,2,1,4,214
25184,Individual,263,1,2438.06,2,1,4,214
25285,Individual,229,1,2438.06,2,1,4,214
24645,Individual,217,1,2438.06,2,1,4,214
24818,Individual,278,1,2438.06,2,1,4,214
29308,Individual,267,1,2438.06,2,1,4,214
19820,Individual,285,1,1155.48,2,1,3,213
20001,Individual,280,1,1155.48,2,1,3,213
19892,Individual,276,1,1155.48,2,1,3,213
20024,Individual,274,1,1155.48,2,1,3,213
19867,Individual,275,1,1155.48,2,1,3,213
23984,Individual,270,1,1155.48,2,1,3,213
20108,Individual,271,1,1155.48,2,1,3,213
20046,Individual,245,1,691.91,2,1,3,213
19689,Individual,228,1,680.94,2,1,3,213
19719,Individual,210,1,659.94,2,1,3,213
19130,Individual,270,1,664.95,2,1,3,213
22294,Individual,221,1,650.45,2,1,3,213
28313,Individual,254,1,647.94,2,1,3,213
22438,Individual,238,1,616.95,2,1,3,213
22392,Individual,238,1,642.95,2,1,3,213
22266,Individual,217,1,724.47,2,1,3,213
19698,Individual,225,1,726.27,2,1,3,213
29062,Individual,226,1,742.35,2,1,3,213
28488,Individual,226,1,742.35,2,1,3,213
29082,Individual,213,1,742.35,2,1,3,213
29084,Individual,212,1,742.35,2,1,3,213
24955,Individual,206,1,742.35,2,1,3,213
20728,Individual,238,1,709.26,2,1,3,213
26938,Individual,237,1,722.77,2,1,3,213
22778,Individual,280,1,722.77,2,1,3,213
22780,Individual,283,1,722.77,2,1,3,213
28383,Individual,235,1,742.35,2,1,3,213
28480,Individual,261,1,742.35,2,1,3,213
24752,Individual,252,1,756.33,2,1,3,213
19657,Individual,221,1,756.26,2,1,3,213
29069,Individual,219,1,756.33,2,1,3,213
27006,Individual,210,1,750.30,2,1,3,213
28472,Individual,218,1,750.30,2,1,3,213
29054,Individual,227,1,751.34,2,1,3,213
26952,Individual,229,1,751.34,2,1,3,213
28388,Individual,225,1,751.34,2,1,3,213
24956,Individual,206,1,751.34,2,1,3,213
27897,Individual,249,1,750.30,2,1,3,213
28485,Individual,260,1,751.34,2,1,3,213
28434,Individual,230,1,751.34,2,1,3,213
26964,Individual,239,1,751.34,2,1,3,213
29068,Individual,240,1,751.34,2,1,3,213
26357,Individual,276,1,777.34,2,1,3,213
26902,Individual,266,1,777.34,2,1,3,213
26950,Individual,218,1,777.34,2,1,3,213
26941,Individual,224,1,777.34,2,1,3,213
27118,Individual,210,1,777.34,2,1,3,213
24957,Individual,209,1,777.34,2,1,3,213
26975,Individual,206,1,765.32,2,1,3,213
28483,Individual,252,1,765.32,2,1,3,213
29055,Individual,243,1,765.32,2,1,3,213
28497,Individual,206,1,776.33,2,1,3,213
26965,Individual,214,1,776.33,2,1,3,213
28421,Individual,231,1,776.33,2,1,3,213
28486,Individual,235,1,776.33,2,1,3,213
28400,Individual,235,1,777.34,2,1,3,213
29065,Individual,230,1,777.34,2,1,3,213
26945,Individual,244,1,777.34,2,1,3,213
27900,Individual,256,1,777.34,2,1,3,213
26939,Individual,248,1,777.34,2,1,3,213
28369,Individual,263,1,777.34,2,1,3,213
28482,Individual,262,1,777.34,2,1,3,213
14416,Individual,254,1,769.49,2,1,3,213
27908,Individual,246,1,786.33,2,1,3,213
26953,Individual,232,1,786.33,2,1,3,213
26853,Individual,266,1,786.33,2,1,3,213
28490,Individual,206,1,778.62,2,1,3,213
28382,Individual,227,1,786.33,2,1,3,213
27883,Individual,282,1,778.62,2,1,3,213
28481,Individual,254,1,778.62,2,1,3,213
28484,Individual,246,1,778.62,2,1,3,213
24753,Individual,237,1,791.32,2,1,3,213
19207,Individual,257,1,791.32,2,1,3,213
24648,Individual,258,1,791.32,2,1,3,213
26903,Individual,249,1,800.82,2,1,3,213
14497,Individual,242,1,804.48,2,1,3,213
14496,Individual,239,1,804.48,2,1,3,213
14330,Individual,260,1,806.76,2,1,3,213
29063,Individual,236,1,801.83,2,1,3,213
28487,Individual,216,1,805.33,2,1,3,213
26856,Individual,260,1,810.32,2,1,3,213
29064,Individual,222,1,815.81,2,1,3,213
14338,Individual,257,1,828.74,2,1,3,213
28479,Individual,283,1,831.33,2,1,3,213
14110,Individual,281,1,819.46,2,1,3,213
18924,Individual,238,1,839.48,2,1,3,213
18936,Individual,240,1,839.48,2,1,3,213
27181,Individual,216,1,1155.48,2,1,3,213
18859,Individual,225,1,1155.48,2,1,3,213
20319,Individual,229,1,1155.48,2,1,3,213
20192,Individual,229,1,1155.48,2,1,3,213
20291,Individual,220,1,1151.76,2,1,3,213
20310,Individual,224,1,1149.47,2,1,3,213
20092,Individual,248,1,1149.47,2,1,3,213
26997,Individual,250,1,1149.47,2,1,3,213
27183,Individual,240,1,1147.77,2,1,3,213
23987,Individual,250,1,1147.77,2,1,3,213
23779,Individual,247,1,1147.77,2,1,3,213
20296,Individual,244,1,1145.48,2,1,3,213
19414,Individual,242,1,1145.48,2,1,3,213
18841,Individual,272,1,1145.48,2,1,3,213
19849,Individual,281,1,1147.77,2,1,3,213
21313,Individual,254,1,1155.48,2,1,3,213
18855,Individual,255,1,1155.48,2,1,3,213
20067,Individual,253,1,1155.48,2,1,3,213
20030,Individual,260,1,1155.48,2,1,3,213
20109,Individual,257,1,1155.48,2,1,3,213
20072,Individual,261,1,1155.48,2,1,3,213
20031,Individual,263,1,1155.48,2,1,3,213
20040,Individual,263,1,1155.48,2,1,3,213
18842,Individual,264,1,1155.48,2,1,3,213
20006,Individual,245,1,1155.48,2,1,3,213
19394,Individual,231,1,1155.48,2,1,3,213
24015,Individual,230,1,1155.48,2,1,3,213
27761,Individual,232,1,1155.48,2,1,3,213
20044,Individual,232,1,1155.48,2,1,3,213
20321,Individual,233,1,1155.48,2,1,3,213
20320,Individual,236,1,1155.48,2,1,3,213
23775,Individual,286,1,1155.48,2,1,3,213
14578,Individual,215,1,848.47,2,1,3,213
11513,Individual,235,1,863.95,2,1,3,213
14387,Individual,272,1,898.46,2,1,3,213
27825,Individual,279,1,901.35,2,1,3,213
28113,Individual,286,1,901.35,2,1,3,213
19983,Individual,282,1,1120.49,2,1,3,213
20097,Individual,271,1,1120.49,2,1,3,213
23907,Individual,269,1,1120.49,2,1,3,213
19118,Individual,238,1,1120.49,2,1,3,213
20193,Individual,233,1,1120.49,2,1,3,213
23938,Individual,232,1,1120.49,2,1,3,213
20110,Individual,244,1,1120.49,2,1,3,213
20374,Individual,243,1,1120.49,2,1,3,213
27797,Individual,244,1,1120.49,2,1,3,213
27127,Individual,245,1,1120.49,2,1,3,213
20068,Individual,247,1,1120.49,2,1,3,213
20032,Individual,247,1,1120.49,2,1,3,213
20400,Individual,207,1,1120.49,2,1,3,213
20196,Individual,216,1,1120.49,2,1,3,213
27775,Individual,219,1,1120.49,2,1,3,213
23940,Individual,222,1,1120.49,2,1,3,213
21327,Individual,223,1,1120.49,2,1,3,213
21323,Individual,224,1,1120.49,2,1,3,213
19536,Individual,225,1,1120.49,2,1,3,213
24019,Individual,228,1,1120.49,2,1,3,213
13719,Individual,248,1,1129.48,2,1,3,213
23924,Individual,239,1,1129.48,2,1,3,213
20029,Individual,270,1,1129.48,2,1,3,213
27129,Individual,270,1,1134.47,2,1,3,213
20207,Individual,231,1,1134.47,2,1,3,213
20191,Individual,215,1,1143.46,2,1,3,213
23747,Individual,279,1,1142.42,2,1,3,213
19768,Individual,283,1,1143.46,2,1,3,213
20005,Individual,258,1,1143.46,2,1,3,213
20197,Individual,220,1,1145.48,2,1,3,213
26260,Individual,254,1,93.46,2,1,3,213
26266,Individual,251,1,93.46,2,1,3,213
16195,Individual,252,1,92.48,2,1,3,213
23949,Individual,281,1,92.96,2,1,3,213
25174,Individual,250,1,92.08,2,1,3,213
25172,Individual,224,1,96.07,2,1,3,213
24622,Individual,251,1,96.07,2,1,3,213
24740,Individual,271,1,96.07,2,1,3,213
20478,Individual,262,1,96.46,2,1,3,213
18129,Individual,238,1,96.46,2,1,3,213
14249,Individual,244,1,96.46,2,1,3,213
13216,Individual,266,1,96.46,2,1,3,213
15277,Individual,221,1,96.44,2,1,3,213
27428,Individual,214,1,94.48,2,1,3,213
18983,Individual,226,1,94.48,2,1,3,213
28976,Individual,260,1,94.48,2,1,3,213
18823,Individual,237,1,94.48,2,1,3,213
19776,Individual,237,1,94.48,2,1,3,213
28332,Individual,236,1,94.48,2,1,3,213
18837,Individual,238,1,94.48,2,1,3,213
19692,Individual,241,1,94.48,2,1,3,213
13549,Individual,273,1,94.48,2,1,3,213
26158,Individual,272,1,94.48,2,1,3,213
19600,Individual,284,1,94.46,2,1,3,213
22191,Individual,257,1,94.46,2,1,3,213
22310,Individual,219,1,93.97,2,1,3,213
17751,Individual,257,1,93.49,2,1,3,213
23549,Individual,245,1,93.49,2,1,3,213
27603,Individual,207,1,93.46,2,1,3,213
15442,Individual,210,1,93.48,2,1,3,213
17843,Individual,276,1,93.49,2,1,3,213
23387,Individual,234,1,93.96,2,1,3,213
15912,Individual,237,1,93.97,2,1,3,213
17018,Individual,265,1,93.97,2,1,3,213
22560,Individual,281,1,93.97,2,1,3,213
21690,Individual,286,1,93.97,2,1,3,213
23470,Individual,253,1,106.93,2,1,3,213
21136,Individual,234,1,106.93,2,1,3,213
23024,Individual,261,1,106.95,2,1,3,213
16353,Individual,234,1,106.96,2,1,3,213
14768,Individual,242,1,106.96,2,1,3,213
12966,Individual,208,1,106.96,2,1,3,213
28890,Individual,207,1,109.97,2,1,3,213
21317,Individual,219,1,108.95,2,1,3,213
21135,Individual,284,1,103.95,2,1,3,213
21456,Individual,267,1,103.96,2,1,3,213
20530,Individual,274,1,103.96,2,1,3,213
29315,Individual,264,1,103.96,2,1,3,213
20103,Individual,270,1,103.48,2,1,3,213
28287,Individual,281,1,103.48,2,1,3,213
15946,Individual,282,1,103.48,2,1,3,213
27413,Individual,244,1,103.48,2,1,3,213
22176,Individual,208,1,100.46,2,1,3,213
13164,Individual,213,1,100.46,2,1,3,213
14805,Individual,221,1,101.46,2,1,3,213
24629,Individual,272,1,100.09,2,1,3,213
21952,Individual,246,1,99.47,2,1,3,213
22539,Individual,248,1,98.96,2,1,3,213
19697,Individual,217,1,539.99,2,1,3,213
17518,Individual,218,1,539.99,2,1,3,213
17557,Individual,219,1,539.99,2,1,3,213
27515,Individual,212,1,539.99,2,1,3,213
23176,Individual,214,1,539.99,2,1,3,213
22249,Individual,216,1,539.99,2,1,3,213
16021,Individual,216,1,539.99,2,1,3,213
19658,Individual,227,1,539.99,2,1,3,213
23178,Individual,222,1,539.99,2,1,3,213
22615,Individual,224,1,539.99,2,1,3,213
23148,Individual,225,1,539.99,2,1,3,213
22900,Individual,258,1,539.99,2,1,3,213
19163,Individual,250,1,539.99,2,1,3,213
23110,Individual,248,1,539.99,2,1,3,213
22972,Individual,246,1,539.99,2,1,3,213
26220,Individual,253,1,539.99,2,1,3,213
26360,Individual,254,1,539.99,2,1,3,213
23179,Individual,244,1,539.99,2,1,3,213
28316,Individual,242,1,539.99,2,1,3,213
28317,Individual,238,1,539.99,2,1,3,213
17670,Individual,238,1,539.99,2,1,3,213
26860,Individual,239,1,539.99,2,1,3,213
22257,Individual,237,1,539.99,2,1,3,213
26868,Individual,232,1,539.99,2,1,3,213
21830,Individual,233,1,539.99,2,1,3,213
28320,Individual,230,1,539.99,2,1,3,213
17672,Individual,230,1,539.99,2,1,3,213
22733,Individual,209,1,548.98,2,1,3,213
23183,Individual,209,1,548.98,2,1,3,213
27967,Individual,286,1,553.97,2,1,3,213
28314,Individual,263,1,553.97,2,1,3,213
22106,Individual,263,1,553.97,2,1,3,213
23111,Individual,246,1,553.97,2,1,3,213
22319,Individual,249,1,553.97,2,1,3,213
25750,Individual,249,1,553.97,2,1,3,213
22443,Individual,241,1,553.97,2,1,3,213
26817,Individual,240,1,553.97,2,1,3,213
22585,Individual,246,1,553.97,2,1,3,213
26830,Individual,246,1,553.97,2,1,3,213
26214,Individual,246,1,553.97,2,1,3,213
23139,Individual,237,1,553.97,2,1,3,213
16219,Individual,234,1,553.97,2,1,3,213
26934,Individual,232,1,553.97,2,1,3,213
23177,Individual,232,1,553.97,2,1,3,213
26944,Individual,232,1,553.97,2,1,3,213
22189,Individual,223,1,548.98,2,1,3,213
22258,Individual,227,1,548.98,2,1,3,213
22466,Individual,213,1,548.98,2,1,3,213
28324,Individual,220,1,548.98,2,1,3,213
22250,Individual,216,1,548.98,2,1,3,213
25656,Individual,287,1,539.99,2,1,3,213
22888,Individual,278,1,539.99,2,1,3,213
22067,Individual,278,1,539.99,2,1,3,213
22898,Individual,272,1,539.99,2,1,3,213
26842,Individual,274,1,539.99,2,1,3,213
22094,Individual,266,1,539.99,2,1,3,213
27512,Individual,211,1,539.99,2,1,3,213
22472,Individual,206,1,539.99,2,1,3,213
22587,Individual,273,1,548.98,2,1,3,213
22091,Individual,279,1,548.98,2,1,3,213
22880,Individual,277,1,548.98,2,1,3,213
22760,Individual,284,1,548.98,2,1,3,213
22874,Individual,283,1,548.98,2,1,3,213
22638,Individual,231,1,548.98,2,1,3,213
23165,Individual,230,1,548.98,2,1,3,213
26870,Individual,238,1,548.98,2,1,3,213
23144,Individual,238,1,548.98,2,1,3,213
22153,Individual,246,1,548.98,2,1,3,213
23080,Individual,258,1,548.98,2,1,3,213
26372,Individual,261,1,548.98,2,1,3,213
26837,Individual,261,1,548.98,2,1,3,213
22139,Individual,262,1,548.98,2,1,3,213
22133,Individual,255,1,556.26,2,1,3,213
21665,Individual,283,1,553.97,2,1,3,213
22074,Individual,276,1,553.97,2,1,3,213
22104,Individual,267,1,553.97,2,1,3,213
22136,Individual,268,1,553.97,2,1,3,213
22426,Individual,217,1,553.97,2,1,3,213
26869,Individual,217,1,553.97,2,1,3,213
22292,Individual,217,1,553.97,2,1,3,213
17668,Individual,219,1,553.97,2,1,3,213
22623,Individual,215,1,553.97,2,1,3,213
26895,Individual,216,1,553.97,2,1,3,213
26886,Individual,222,1,553.97,2,1,3,213
22652,Individual,225,1,553.97,2,1,3,213
22440,Individual,225,1,553.97,2,1,3,213
26858,Individual,223,1,553.97,2,1,3,213
23166,Individual,225,1,556.93,2,1,3,213
28319,Individual,222,1,556.93,2,1,3,213
19659,Individual,227,1,557.26,2,1,3,213
28315,Individual,234,1,556.93,2,1,3,213
28916,Individual,276,1,561.92,2,1,3,213
22897,Individual,266,1,561.92,2,1,3,213
22517,Individual,285,1,562.96,2,1,3,213
17118,Individual,251,1,562.96,2,1,3,213
17124,Individual,230,1,562.96,2,1,3,213
22132,Individual,246,1,562.96,2,1,3,213
22628,Individual,239,1,562.96,2,1,3,213
17123,Individual,227,1,562.96,2,1,3,213
16083,Individual,225,1,561.97,2,1,3,213
26931,Individual,234,1,561.48,2,1,3,213
22293,Individual,237,1,561.48,2,1,3,213
22131,Individual,255,1,561.48,2,1,3,213
23112,Individual,265,1,561.48,2,1,3,213
23039,Individual,258,1,561.48,2,1,3,213
28307,Individual,269,1,561.48,2,1,3,213
22306,Individual,269,1,561.48,2,1,3,213
22506,Individual,279,1,561.48,2,1,3,213
22231,Individual,244,1,608.96,2,1,3,213
23155,Individual,233,1,608.96,2,1,3,213
22270,Individual,236,1,608.96,2,1,3,213
22609,Individual,236,1,608.96,2,1,3,213
22607,Individual,230,1,609.45,2,1,3,213
25657,Individual,283,1,609.45,2,1,3,213
26956,Individual,208,1,607.96,2,1,3,213
26913,Individual,214,1,607.96,2,1,3,213
23151,Individual,224,1,607.96,2,1,3,213
26848,Individual,224,1,607.96,2,1,3,213
22316,Individual,245,1,617.47,2,1,3,213
18475,Individual,209,1,616.91,2,1,3,213
18476,Individual,209,1,616.91,2,1,3,213
22480,Individual,208,1,616.95,2,1,3,213
23156,Individual,217,1,616.95,2,1,3,213
19144,Individual,253,1,614.96,2,1,3,213
20047,Individual,245,1,614.98,2,1,3,213
22597,Individual,258,1,615.46,2,1,3,213
26866,Individual,220,1,615.46,2,1,3,213
23019,Individual,259,1,613.45,2,1,3,213
22271,Individual,224,1,612.95,2,1,3,213
17669,Individual,221,1,624.95,2,1,3,213
17664,Individual,239,1,624.95,2,1,3,213
22224,Individual,233,1,624.95,2,1,3,213
26947,Individual,240,1,624.97,2,1,3,213
22115,Individual,267,1,624.97,2,1,3,213
28116,Individual,281,1,617.47,2,1,3,213
23066,Individual,271,1,617.47,2,1,3,213
19412,Individual,255,1,618.47,2,1,3,213
19142,Individual,257,1,618.98,2,1,3,213
28212,Individual,285,1,619.46,2,1,3,213
26937,Individual,214,1,619.46,2,1,3,213
22787,Individual,208,1,620.46,2,1,3,213
19706,Individual,217,1,617.95,2,1,3,213
21671,Individual,284,1,628.97,2,1,3,213
21673,Individual,276,1,638.95,2,1,3,213
19164,Individual,257,1,629.96,2,1,3,213
19165,Individual,245,1,633.96,2,1,3,213
17676,Individual,242,1,603.49,2,1,3,213
28205,Individual,278,1,603.49,2,1,3,213
19143,Individual,253,1,605.21,2,1,3,213
22992,Individual,260,1,607.96,2,1,3,213
16668,Individual,283,1,607.96,2,1,3,213
22295,Individual,220,1,600.46,2,1,3,213
22297,Individual,227,1,600.46,2,1,3,213
22644,Individual,220,1,603.49,2,1,3,213
22225,Individual,216,1,603.49,2,1,3,213
22899,Individual,274,1,600.46,2,1,3,213
22322,Individual,271,1,600.46,2,1,3,213
22768,Individual,285,1,600.46,2,1,3,213
22791,Individual,281,1,600.46,2,1,3,213
22290,Individual,238,1,600.46,2,1,3,213
26359,Individual,254,1,600.46,2,1,3,213
23158,Individual,219,1,599.47,2,1,3,213
22255,Individual,217,1,599.47,2,1,3,213
28321,Individual,217,1,599.47,2,1,3,213
18647,Individual,207,1,599.47,2,1,3,213
16020,Individual,268,1,595.96,2,1,3,213
20891,Individual,241,1,589.98,2,1,3,213
25659,Individual,287,1,567.76,2,1,3,213
19687,Individual,244,1,592.27,2,1,3,213
19696,Individual,241,1,597.26,2,1,3,213
15993,Individual,251,1,597.26,2,1,3,213
22598,Individual,248,1,597.95,2,1,3,213
26928,Individual,239,1,597.95,2,1,3,213
22621,Individual,283,1,589.96,2,1,3,213
12763,Individual,240,1,589.96,2,1,3,213
22665,Individual,258,1,586.97,2,1,3,213
24536,Individual,242,1,586.97,2,1,3,213
19161,Individual,273,1,584.90,2,1,3,213
19141,Individual,272,1,579.97,2,1,3,213
19127,Individual,287,1,579.97,2,1,3,213
19542,Individual,233,1,579.97,2,1,3,213
22272,Individual,222,1,571.72,2,1,3,213
26824,Individual,255,1,567.76,2,1,3,213
22591,Individual,251,1,567.76,2,1,3,213
19691,Individual,242,1,569.97,2,1,3,213
22256,Individual,242,1,570.47,2,1,3,213
26219,Individual,257,1,570.47,2,1,3,213
17671,Individual,230,1,565.47,2,1,3,213
23040,Individual,250,1,565.47,2,1,3,213
23127,Individual,263,1,565.47,2,1,3,213
17498,Individual,227,1,565.47,2,1,3,213
21126,Individual,282,1,565.47,2,1,3,213
21848,Individual,228,1,564.99,2,1,3,213
23038,Individual,261,1,564.48,2,1,3,213
22216,Individual,232,1,564.48,2,1,3,213
19162,Individual,274,1,563.96,2,1,3,213
23265,Individual,209,1,562.96,2,1,3,213
19140,Individual,264,1,564.98,2,1,3,213
15996,Individual,259,1,564.99,2,1,3,213
21822,Individual,247,1,564.99,2,1,3,213
19708,Individual,233,1,564.99,2,1,3,213
22633,Individual,266,1,564.99,2,1,3,213
27513,Individual,208,1,563.77,2,1,3,213
23217,Individual,210,1,563.77,2,1,3,213
23154,Individual,229,1,563.77,2,1,3,213
22458,Individual,222,1,563.77,2,1,3,213
22116,Individual,246,1,563.77,2,1,3,213
23143,Individual,231,1,563.77,2,1,3,213
22164,Individual,233,1,563.77,2,1,3,213
22119,Individual,246,1,563.77,2,1,3,213
22099,Individual,261,1,563.77,2,1,3,213
22078,Individual,276,1,563.77,2,1,3,213
23075,Individual,269,1,563.77,2,1,3,213
15762,Individual,218,1,564.48,2,1,3,213
22395,Individual,243,1,571.72,2,1,3,213
19690,Individual,239,1,572.26,2,1,3,213
23622,Individual,222,1,572.26,2,1,3,213
22610,Individual,239,1,574.98,2,1,3,213
28325,Individual,244,1,574.98,2,1,3,213
22291,Individual,243,1,574.98,2,1,3,213
26885,Individual,235,1,574.98,2,1,3,213
22650,Individual,236,1,574.98,2,1,3,213
22130,Individual,265,1,574.98,2,1,3,213
21912,Individual,262,1,574.98,2,1,3,213
28312,Individual,261,1,574.98,2,1,3,213
22129,Individual,261,1,574.98,2,1,3,213
26356,Individual,251,1,574.98,2,1,3,213
28209,Individual,287,1,574.98,2,1,3,213
22876,Individual,286,1,574.98,2,1,3,213
22674,Individual,211,1,574.98,2,1,3,213
22694,Individual,206,1,574.98,2,1,3,213
22463,Individual,207,1,574.98,2,1,3,213
22666,Individual,227,1,574.98,2,1,3,213
26932,Individual,228,1,574.98,2,1,3,213
23145,Individual,217,1,574.98,2,1,3,213
28318,Individual,217,1,574.98,2,1,3,213
22627,Individual,218,1,588.96,2,1,3,213
26942,Individual,219,1,588.96,2,1,3,213
26890,Individual,220,1,588.96,2,1,3,213
26910,Individual,216,1,588.96,2,1,3,213
26914,Individual,223,1,588.96,2,1,3,213
23173,Individual,242,1,588.96,2,1,3,213
18459,Individual,242,1,588.96,2,1,3,213
26876,Individual,231,1,588.96,2,1,3,213
22093,Individual,258,1,588.96,2,1,3,213
22113,Individual,257,1,588.96,2,1,3,213
28308,Individual,271,1,588.96,2,1,3,213
22541,Individual,275,1,588.96,2,1,3,213
22606,Individual,268,1,588.96,2,1,3,213
16500,Individual,284,1,588.96,2,1,3,213
22423,Individual,231,1,583.97,2,1,3,213
22590,Individual,261,1,583.97,2,1,3,213
22525,Individual,285,1,574.98,2,1,3,213
22135,Individual,268,1,574.98,2,1,3,213
22887,Individual,277,1,578.46,2,1,3,213
26261,Individual,284,1,195.27,2,1,3,213
22777,Individual,238,1,193.98,2,1,3,213
25018,Individual,244,1,197.88,2,1,3,213
15696,Individual,216,1,198.99,2,1,3,213
27150,Individual,260,1,201.28,2,1,3,213
17809,Individual,208,1,205.26,2,1,3,213
19934,Individual,260,1,193.44,2,1,3,213
21818,Individual,272,1,191.28,2,1,3,213
22165,Individual,256,1,191.28,2,1,3,213
18040,Individual,214,1,193.98,2,1,3,213
16255,Individual,287,1,187.98,2,1,3,213
28633,Individual,277,1,187.98,2,1,3,213
27214,Individual,273,1,187.98,2,1,3,213
17877,Individual,257,1,187.98,2,1,3,213
29034,Individual,228,1,190.27,2,1,3,213
28639,Individual,217,1,190.27,2,1,3,213
28931,Individual,226,1,166.28,2,1,3,213
28254,Individual,222,1,166.28,2,1,3,213
25470,Individual,266,1,162.99,2,1,3,213
29107,Individual,285,1,162.99,2,1,3,213
22737,Individual,230,1,165.22,2,1,3,213
14594,Individual,276,1,163.99,2,1,3,213
14450,Individual,251,1,180.98,2,1,3,213
13337,Individual,237,1,180.98,2,1,3,213
24278,Individual,242,1,184.48,2,1,3,213
29373,Individual,264,1,184.48,2,1,3,213
23456,Individual,251,1,157.27,2,1,3,213
25292,Individual,260,1,158.88,2,1,3,213
24422,Individual,283,1,152.60,2,1,3,213
24945,Individual,262,1,152.60,2,1,3,213
23180,Individual,214,1,152.28,2,1,3,213
13674,Individual,269,1,148.47,2,1,3,213
29206,Individual,286,1,148.98,2,1,3,213
21865,Individual,244,1,148.98,2,1,3,213
25257,Individual,207,1,147.28,2,1,3,213
24751,Individual,215,1,147.28,2,1,3,213
18032,Individual,269,1,144.45,2,1,3,213
23614,Individual,256,1,144.45,2,1,3,213
19856,Individual,243,1,144.47,2,1,3,213
13488,Individual,231,1,141.98,2,1,3,213
14441,Individual,281,1,141.98,2,1,3,213
28232,Individual,209,1,143.78,2,1,3,213
19389,Individual,253,1,138.45,2,1,3,213
29301,Individual,279,1,134.98,2,1,3,213
20974,Individual,211,1,126.28,2,1,3,213
14878,Individual,283,1,125.46,2,1,3,213
23060,Individual,243,1,126.93,2,1,3,213
14491,Individual,248,1,127.28,2,1,3,213
16600,Individual,258,1,124.97,2,1,3,213
16993,Individual,218,1,124.99,2,1,3,213
15981,Individual,270,1,124.99,2,1,3,213
15514,Individual,247,1,124.99,2,1,3,213
17444,Individual,230,1,124.99,2,1,3,213
21522,Individual,211,1,123.96,2,1,3,213
26143,Individual,209,1,123.98,2,1,3,213
27351,Individual,238,1,123.98,2,1,3,213
19851,Individual,241,1,123.98,2,1,3,213
22964,Individual,247,1,123.98,2,1,3,213
26669,Individual,259,1,123.98,2,1,3,213
20763,Individual,224,1,123.98,2,1,3,213
18844,Individual,222,1,123.98,2,1,3,213
21207,Individual,249,1,123.96,2,1,3,213
21188,Individual,244,1,123.96,2,1,3,213
23936,Individual,242,1,123.96,2,1,3,213
23171,Individual,267,1,123.96,2,1,3,213
22405,Individual,267,1,123.98,2,1,3,213
27518,Individual,268,1,123.98,2,1,3,213
20358,Individual,271,1,123.98,2,1,3,213
20184,Individual,278,1,123.98,2,1,3,213
26432,Individual,278,1,123.98,2,1,3,213
18888,Individual,280,1,123.98,2,1,3,213
27284,Individual,250,1,122.96,2,1,3,213
20758,Individual,285,1,128.97,2,1,3,213
20326,Individual,276,1,128.97,2,1,3,213
19760,Individual,248,1,128.97,2,1,3,213
20384,Individual,249,1,128.97,2,1,3,213
27653,Individual,256,1,128.97,2,1,3,213
19655,Individual,257,1,128.97,2,1,3,213
28773,Individual,218,1,127.95,2,1,3,213
28786,Individual,247,1,127.95,2,1,3,213
18628,Individual,241,1,128.95,2,1,3,213
26690,Individual,248,1,132.47,2,1,3,213
18354,Individual,281,1,132.94,2,1,3,213
22681,Individual,233,1,131.95,2,1,3,213
24430,Individual,245,1,130.56,2,1,3,213
27343,Individual,207,1,132.97,2,1,3,213
28545,Individual,220,1,132.97,2,1,3,213
20315,Individual,228,1,132.97,2,1,3,213
19018,Individual,209,1,133.49,2,1,3,213
19244,Individual,272,1,133.49,2,1,3,213
26762,Individual,274,1,133.49,2,1,3,213
19543,Individual,273,1,133.49,2,1,3,213
20331,Individual,245,1,133.49,2,1,3,213
12508,Individual,243,1,132.97,2,1,3,213
22751,Individual,230,1,133.47,2,1,3,213
22096,Individual,271,1,133.47,2,1,3,213
23300,Individual,286,1,133.47,2,1,3,213
20597,Individual,233,1,119.96,2,1,3,213
19245,Individual,207,1,119.98,2,1,3,213
18992,Individual,230,1,119.98,2,1,3,213
19834,Individual,228,1,119.98,2,1,3,213
19712,Individual,224,1,119.98,2,1,3,213
28546,Individual,214,1,119.98,2,1,3,213
13672,Individual,216,1,119.98,2,1,3,213
20916,Individual,226,1,119.96,2,1,3,213
24236,Individual,270,1,121.57,2,1,3,213
14176,Individual,233,1,121.57,2,1,3,213
25896,Individual,218,1,121.57,2,1,3,213
15109,Individual,230,1,119.98,2,1,3,213
20307,Individual,234,1,119.98,2,1,3,213
20125,Individual,245,1,119.98,2,1,3,213
19660,Individual,245,1,119.98,2,1,3,213
27734,Individual,238,1,119.98,2,1,3,213
13573,Individual,261,1,119.98,2,1,3,213
18590,Individual,252,1,119.98,2,1,3,213
12525,Individual,249,1,119.98,2,1,3,213
20741,Individual,280,1,119.98,2,1,3,213
28495,Individual,267,1,119.98,2,1,3,213
18676,Individual,269,1,119.98,2,1,3,213
25810,Individual,231,1,114.46,2,1,3,213
15274,Individual,256,1,114.46,2,1,3,213
27112,Individual,217,1,114.46,2,1,3,213
25520,Individual,224,1,114.46,2,1,3,213
13809,Individual,286,1,113.96,2,1,3,213
15544,Individual,276,1,111.95,2,1,3,213
28866,Individual,276,1,117.96,2,1,3,213
20421,Individual,265,1,118.97,2,1,3,213
26059,Individual,260,1,118.96,2,1,3,213
26809,Individual,265,1,118.96,2,1,3,213
19071,Individual,271,1,115.95,2,1,3,213
20570,Individual,287,1,114.96,2,1,3,213
23200,Individual,237,1,91.95,2,1,2,212
20232,Individual,230,1,91.95,2,1,2,212
21023,Individual,258,1,91.95,2,1,2,212
24687,Individual,234,1,91.58,2,1,2,212
26882,Individual,279,1,91.26,2,1,2,212
15099,Individual,230,1,90.58,2,1,2,212
15779,Individual,253,1,90.47,2,1,2,212
14829,Individual,230,1,90.47,2,1,2,212
26071,Individual,282,1,89.46,2,1,2,212
25328,Individual,211,1,89.97,2,1,2,212
19373,Individual,208,1,89.97,2,1,2,212
25957,Individual,229,1,89.46,2,1,2,212
26498,Individual,225,1,89.46,2,1,2,212
27844,Individual,225,1,89.97,2,1,2,212
18083,Individual,213,1,89.97,2,1,2,212
29045,Individual,280,1,89.97,2,1,2,212
17486,Individual,275,1,89.97,2,1,2,212
22127,Individual,265,1,89.97,2,1,2,212
25569,Individual,234,1,89.97,2,1,2,212
22827,Individual,236,1,89.97,2,1,2,212
18975,Individual,237,1,89.97,2,1,2,212
22264,Individual,233,1,89.97,2,1,2,212
11562,Individual,217,1,84.98,2,1,2,212
22108,Individual,286,1,84.97,2,1,2,212
23067,Individual,243,1,84.97,2,1,2,212
22192,Individual,219,1,84.97,2,1,2,212
20605,Individual,279,1,84.96,2,1,2,212
27563,Individual,215,1,84.96,2,1,2,212
17492,Individual,223,1,84.47,2,1,2,212
27399,Individual,280,1,84.46,2,1,2,212
14254,Individual,211,1,81.46,2,1,2,212
12953,Individual,286,1,81.46,2,1,2,212
14294,Individual,279,1,81.46,2,1,2,212
13307,Individual,239,1,81.46,2,1,2,212
14388,Individual,246,1,81.46,2,1,2,212
13422,Individual,258,1,81.46,2,1,2,212
13291,Individual,249,1,81.46,2,1,2,212
13480,Individual,254,1,81.46,2,1,2,212
21816,Individual,212,1,83.47,2,1,2,212
24812,Individual,240,1,82.59,2,1,2,212
25183,Individual,229,1,82.59,2,1,2,212
20055,Individual,217,1,82.97,2,1,2,212
23771,Individual,261,1,82.95,2,1,2,212
14090,Individual,274,1,85.48,2,1,2,212
13891,Individual,267,1,85.48,2,1,2,212
25207,Individual,267,1,86.95,2,1,2,212
26044,Individual,284,1,86.95,2,1,2,212
17802,Individual,227,1,86.95,2,1,2,212
16556,Individual,222,1,86.95,2,1,2,212
13322,Individual,265,1,85.48,2,1,2,212
23103,Individual,257,1,85.48,2,1,2,212
22715,Individual,258,1,85.48,2,1,2,212
14409,Individual,212,1,85.48,2,1,2,212
29443,Individual,217,1,88.98,2,1,2,212
27435,Individual,265,1,88.97,2,1,2,212
24013,Individual,261,1,88.97,2,1,2,212
23441,Individual,238,1,88.97,2,1,2,212
26314,Individual,259,1,88.98,2,1,2,212
20796,Individual,229,1,88.97,2,1,2,212
28454,Individual,215,1,88.97,2,1,2,212
14135,Individual,286,1,86.96,2,1,2,212
22842,Individual,226,1,86.46,2,1,2,212
20759,Individual,223,1,77.96,2,1,2,212
20729,Individual,223,1,77.96,2,1,2,212
27194,Individual,272,1,77.96,2,1,2,212
26839,Individual,256,1,77.96,2,1,2,212
21701,Individual,235,1,77.92,2,1,2,212
26367,Individual,220,1,78.48,2,1,2,212
21270,Individual,207,1,78.48,2,1,2,212
21765,Individual,235,1,78.48,2,1,2,212
20689,Individual,242,1,78.48,2,1,2,212
21753,Individual,274,1,78.48,2,1,2,212
19669,Individual,219,1,78.98,2,1,2,212
19654,Individual,214,1,78.98,2,1,2,212
27148,Individual,213,1,78.98,2,1,2,212
19876,Individual,212,1,78.98,2,1,2,212
18772,Individual,222,1,78.98,2,1,2,212
22169,Individual,224,1,78.98,2,1,2,212
27347,Individual,229,1,78.98,2,1,2,212
18678,Individual,228,1,78.98,2,1,2,212
25326,Individual,207,1,78.97,2,1,2,212
20908,Individual,241,1,78.96,2,1,2,212
17703,Individual,243,1,78.96,2,1,2,212
15636,Individual,232,1,78.96,2,1,2,212
26145,Individual,206,1,78.98,2,1,2,212
14699,Individual,207,1,78.98,2,1,2,212
24886,Individual,214,1,80.47,2,1,2,212
15068,Individual,269,1,80.94,2,1,2,212
28359,Individual,206,1,78.98,2,1,2,212
13344,Individual,272,1,80.96,2,1,2,212
17217,Individual,277,1,80.96,2,1,2,212
25230,Individual,261,1,80.96,2,1,2,212
14835,Individual,234,1,80.96,2,1,2,212
19732,Individual,272,1,78.98,2,1,2,212
19136,Individual,271,1,78.98,2,1,2,212
19155,Individual,269,1,78.98,2,1,2,212
19019,Individual,285,1,78.98,2,1,2,212
20353,Individual,285,1,78.98,2,1,2,212
19219,Individual,282,1,78.98,2,1,2,212
20270,Individual,282,1,78.98,2,1,2,212
28725,Individual,278,1,78.98,2,1,2,212
20286,Individual,280,1,78.98,2,1,2,212
27358,Individual,277,1,78.98,2,1,2,212
28514,Individual,277,1,78.98,2,1,2,212
19861,Individual,231,1,78.98,2,1,2,212
18689,Individual,235,1,78.98,2,1,2,212
27384,Individual,237,1,78.98,2,1,2,212
20359,Individual,236,1,78.98,2,1,2,212
18683,Individual,236,1,78.98,2,1,2,212
20114,Individual,243,1,78.98,2,1,2,212
19759,Individual,245,1,78.98,2,1,2,212
19707,Individual,241,1,78.98,2,1,2,212
27520,Individual,256,1,78.98,2,1,2,212
27369,Individual,254,1,78.98,2,1,2,212
18773,Individual,255,1,78.98,2,1,2,212
26592,Individual,248,1,78.98,2,1,2,212
26665,Individual,249,1,78.98,2,1,2,212
21241,Individual,264,1,78.98,2,1,2,212
18599,Individual,264,1,78.98,2,1,2,212
18659,Individual,263,1,78.98,2,1,2,212
27466,Individual,234,1,66.97,2,1,2,212
25676,Individual,261,1,66.97,2,1,2,212
25304,Individual,264,1,67.49,2,1,2,212
27219,Individual,247,1,67.49,2,1,2,212
29164,Individual,234,1,67.49,2,1,2,212
29074,Individual,235,1,67.49,2,1,2,212
17224,Individual,256,1,66.96,2,1,2,212
13901,Individual,232,1,66.96,2,1,2,212
25182,Individual,223,1,67.59,2,1,2,212
17699,Individual,211,1,67.93,2,1,2,212
28570,Individual,209,1,67.49,2,1,2,212
26242,Individual,283,1,67.93,2,1,2,212
23094,Individual,277,1,67.93,2,1,2,212
17695,Individual,272,1,67.93,2,1,2,212
23307,Individual,263,1,67.93,2,1,2,212
29217,Individual,284,1,63.97,2,1,2,212
17936,Individual,286,1,64.97,2,1,2,212
20369,Individual,266,1,64.97,2,1,2,212
25348,Individual,270,1,64.97,2,1,2,212
19075,Individual,277,1,64.97,2,1,2,212
24929,Individual,227,1,64.97,2,1,2,212
25859,Individual,229,1,64.97,2,1,2,212
15445,Individual,216,1,64.97,2,1,2,212
25341,Individual,217,1,64.97,2,1,2,212
26346,Individual,220,1,64.97,2,1,2,212
16186,Individual,214,1,64.97,2,1,2,212
18154,Individual,247,1,66.44,2,1,2,212
13659,Individual,238,1,65.96,2,1,2,212
20502,Individual,284,1,64.98,2,1,2,212
22076,Individual,248,1,65.95,2,1,2,212
25850,Individual,249,1,64.47,2,1,2,212
25124,Individual,248,1,64.47,2,1,2,212
28290,Individual,262,1,64.47,2,1,2,212
15817,Individual,261,1,64.47,2,1,2,212
18112,Individual,233,1,64.47,2,1,2,212
16385,Individual,238,1,64.47,2,1,2,212
23641,Individual,236,1,64.47,2,1,2,212
17089,Individual,235,1,64.97,2,1,2,212
26124,Individual,232,1,64.97,2,1,2,212
17791,Individual,231,1,64.97,2,1,2,212
25882,Individual,245,1,64.97,2,1,2,212
15679,Individual,263,1,64.97,2,1,2,212
26047,Individual,254,1,64.97,2,1,2,212
21419,Individual,252,1,64.97,2,1,2,212
14812,Individual,245,1,63.97,2,1,2,212
19909,Individual,244,1,63.97,2,1,2,212
19522,Individual,258,1,63.97,2,1,2,212
18034,Individual,253,1,63.97,2,1,2,212
19466,Individual,254,1,63.97,2,1,2,212
14743,Individual,207,1,64.47,2,1,2,212
16971,Individual,218,1,64.47,2,1,2,212
26085,Individual,226,1,64.47,2,1,2,212
27596,Individual,284,1,64.47,2,1,2,212
26699,Individual,274,1,64.47,2,1,2,212
22944,Individual,267,1,64.47,2,1,2,212
17935,Individual,221,1,63.97,2,1,2,212
28867,Individual,216,1,63.97,2,1,2,212
16281,Individual,216,1,63.97,2,1,2,212
16266,Individual,208,1,63.97,2,1,2,212
21058,Individual,220,1,69.46,2,1,2,212
11475,Individual,281,1,69.46,2,1,2,212
21616,Individual,287,1,68.97,2,1,2,212
20524,Individual,246,1,68.97,2,1,2,212
26391,Individual,247,1,68.97,2,1,2,212
27247,Individual,256,1,68.97,2,1,2,212
20730,Individual,240,1,68.97,2,1,2,212
26737,Individual,243,1,68.97,2,1,2,212
26577,Individual,242,1,68.97,2,1,2,212
20398,Individual,234,1,68.97,2,1,2,212
29435,Individual,282,1,68.97,2,1,2,212
21324,Individual,284,1,68.97,2,1,2,212
28945,Individual,284,1,68.97,2,1,2,212
22870,Individual,280,1,68.97,2,1,2,212
26696,Individual,276,1,68.97,2,1,2,212
17698,Individual,270,1,68.97,2,1,2,212
21712,Individual,268,1,68.97,2,1,2,212
29312,Individual,259,1,69.97,2,1,2,212
23628,Individual,256,1,69.97,2,1,2,212
22989,Individual,258,1,69.97,2,1,2,212
21134,Individual,264,1,69.97,2,1,2,212
23205,Individual,265,1,69.97,2,1,2,212
22891,Individual,262,1,69.97,2,1,2,212
20903,Individual,247,1,69.97,2,1,2,212
22977,Individual,247,1,69.97,2,1,2,212
22103,Individual,251,1,69.97,2,1,2,212
21302,Individual,252,1,69.97,2,1,2,212
20583,Individual,235,1,69.97,2,1,2,212
24540,Individual,234,1,69.97,2,1,2,212
22166,Individual,231,1,69.97,2,1,2,212
23241,Individual,230,1,69.97,2,1,2,212
22369,Individual,232,1,69.97,2,1,2,212
21519,Individual,232,1,69.97,2,1,2,212
23863,Individual,233,1,69.97,2,1,2,212
20132,Individual,233,1,69.97,2,1,2,212
21514,Individual,243,1,69.97,2,1,2,212
22776,Individual,244,1,69.97,2,1,2,212
24557,Individual,245,1,69.97,2,1,2,212
21917,Individual,240,1,69.97,2,1,2,212
21900,Individual,241,1,69.97,2,1,2,212
16434,Individual,241,1,69.97,2,1,2,212
22162,Individual,238,1,69.97,2,1,2,212
17711,Individual,208,1,69.97,2,1,2,212
29188,Individual,209,1,69.97,2,1,2,212
23065,Individual,219,1,69.97,2,1,2,212
20135,Individual,212,1,69.97,2,1,2,212
23694,Individual,213,1,69.97,2,1,2,212
22098,Individual,215,1,69.97,2,1,2,212
20924,Individual,215,1,69.97,2,1,2,212
23367,Individual,227,1,69.97,2,1,2,212
22351,Individual,224,1,69.97,2,1,2,212
17997,Individual,286,1,69.97,2,1,2,212
21261,Individual,285,1,69.97,2,1,2,212
17713,Individual,285,1,69.97,2,1,2,212
22367,Individual,278,1,69.97,2,1,2,212
21325,Individual,280,1,69.97,2,1,2,212
22756,Individual,273,1,69.97,2,1,2,212
20233,Individual,271,1,69.97,2,1,2,212
27458,Individual,211,1,68.97,2,1,2,212
27065,Individual,212,1,68.97,2,1,2,212
27637,Individual,209,1,68.97,2,1,2,212
26248,Individual,207,1,68.97,2,1,2,212
20477,Individual,206,1,68.97,2,1,2,212
26128,Individual,206,1,68.97,2,1,2,212
26702,Individual,220,1,68.97,2,1,2,212
26777,Individual,218,1,68.97,2,1,2,212
23761,Individual,221,1,68.97,2,1,2,212
26262,Individual,226,1,68.97,2,1,2,212
14536,Individual,210,1,68.49,2,1,2,212
16986,Individual,210,1,68.49,2,1,2,212
19676,Individual,254,1,67.97,2,1,2,212
26185,Individual,241,1,67.97,2,1,2,212
18776,Individual,243,1,67.97,2,1,2,212
20417,Individual,287,1,67.97,2,1,2,212
18071,Individual,279,1,68.49,2,1,2,212
20500,Individual,281,1,68.49,2,1,2,212
23803,Individual,238,1,68.49,2,1,2,212
15633,Individual,253,1,68.49,2,1,2,212
15958,Individual,251,1,68.49,2,1,2,212
22017,Individual,238,1,69.99,2,1,2,212
26670,Individual,238,1,69.99,2,1,2,212
19243,Individual,239,1,69.99,2,1,2,212
21377,Individual,239,1,69.99,2,1,2,212
22574,Individual,240,1,69.99,2,1,2,212
19153,Individual,241,1,69.99,2,1,2,212
28447,Individual,245,1,69.99,2,1,2,212
19894,Individual,244,1,69.99,2,1,2,212
20124,Individual,235,1,69.99,2,1,2,212
27419,Individual,235,1,69.99,2,1,2,212
18912,Individual,236,1,69.99,2,1,2,212
20301,Individual,251,1,69.99,2,1,2,212
19702,Individual,253,1,69.99,2,1,2,212
19139,Individual,253,1,69.99,2,1,2,212
27344,Individual,253,1,69.99,2,1,2,212
15705,Individual,254,1,69.99,2,1,2,212
19859,Individual,255,1,69.99,2,1,2,212
28767,Individual,248,1,69.99,2,1,2,212
27380,Individual,249,1,69.99,2,1,2,212
19238,Individual,261,1,69.99,2,1,2,212
18877,Individual,266,1,69.99,2,1,2,212
19107,Individual,264,1,69.99,2,1,2,212
29071,Individual,258,1,69.99,2,1,2,212
20327,Individual,256,1,69.99,2,1,2,212
12493,Individual,259,1,69.99,2,1,2,212
29124,Individual,260,1,69.99,2,1,2,212
27739,Individual,259,1,69.99,2,1,2,212
20411,Individual,260,1,69.47,2,1,2,212
24961,Individual,209,1,71.58,2,1,2,212
25069,Individual,219,1,71.58,2,1,2,212
25374,Individual,214,1,71.58,2,1,2,212
23791,Individual,213,1,71.58,2,1,2,212
25764,Individual,229,1,71.58,2,1,2,212
24965,Individual,221,1,71.58,2,1,2,212
25422,Individual,221,1,71.58,2,1,2,212
24651,Individual,237,1,71.58,2,1,2,212
24500,Individual,231,1,71.58,2,1,2,212
24736,Individual,243,1,71.58,2,1,2,212
24932,Individual,245,1,71.58,2,1,2,212
24973,Individual,239,1,71.58,2,1,2,212
25441,Individual,286,1,71.58,2,1,2,212
24419,Individual,277,1,71.58,2,1,2,212
24318,Individual,279,1,71.58,2,1,2,212
24350,Individual,271,1,71.58,2,1,2,212
20349,Individual,209,1,69.99,2,1,2,212
26164,Individual,208,1,69.99,2,1,2,212
28342,Individual,207,1,69.99,2,1,2,212
19800,Individual,222,1,69.99,2,1,2,212
20357,Individual,223,1,69.99,2,1,2,212
26434,Individual,222,1,69.99,2,1,2,212
19825,Individual,227,1,69.99,2,1,2,212
20018,Individual,228,1,69.99,2,1,2,212
19231,Individual,215,1,69.99,2,1,2,212
19864,Individual,212,1,69.99,2,1,2,212
19779,Individual,213,1,69.99,2,1,2,212
22148,Individual,221,1,69.99,2,1,2,212
19805,Individual,220,1,69.99,2,1,2,212
26151,Individual,218,1,69.99,2,1,2,212
28551,Individual,272,1,69.99,2,1,2,212
20306,Individual,273,1,69.99,2,1,2,212
28035,Individual,275,1,69.99,2,1,2,212
27401,Individual,274,1,69.99,2,1,2,212
20139,Individual,270,1,69.99,2,1,2,212
22403,Individual,269,1,69.99,2,1,2,212
29037,Individual,267,1,69.99,2,1,2,212
20368,Individual,268,1,69.99,2,1,2,212
28964,Individual,280,1,69.99,2,1,2,212
18853,Individual,278,1,69.99,2,1,2,212
19242,Individual,276,1,69.99,2,1,2,212
18964,Individual,284,1,69.99,2,1,2,212
18845,Individual,282,1,69.99,2,1,2,212
19809,Individual,282,1,69.99,2,1,2,212
19857,Individual,282,1,69.99,2,1,2,212
13703,Individual,268,1,74.98,2,1,2,212
28632,Individual,270,1,74.98,2,1,2,212
22001,Individual,270,1,74.98,2,1,2,212
22209,Individual,271,1,74.98,2,1,2,212
18896,Individual,285,1,74.98,2,1,2,212
19191,Individual,235,1,74.98,2,1,2,212
21896,Individual,237,1,74.98,2,1,2,212
13147,Individual,237,1,74.98,2,1,2,212
21977,Individual,232,1,74.98,2,1,2,212
28977,Individual,244,1,74.98,2,1,2,212
27146,Individual,238,1,74.98,2,1,2,212
12758,Individual,248,1,74.98,2,1,2,212
21564,Individual,264,1,74.98,2,1,2,212
13717,Individual,257,1,74.98,2,1,2,212
26785,Individual,257,1,74.98,2,1,2,212
28055,Individual,227,1,75.48,2,1,2,212
25768,Individual,286,1,75.47,2,1,2,212
27751,Individual,245,1,75.48,2,1,2,212
25300,Individual,237,1,75.48,2,1,2,212
24862,Individual,234,1,75.48,2,1,2,212
20801,Individual,223,1,74.98,2,1,2,212
21405,Individual,216,1,74.98,2,1,2,212
17081,Individual,206,1,74.98,2,1,2,212
13476,Individual,226,1,75.97,2,1,2,212
14373,Individual,222,1,75.97,2,1,2,212
12845,Individual,252,1,75.97,2,1,2,212
26076,Individual,222,1,76.96,2,1,2,212
22018,Individual,231,1,76.97,2,1,2,212
20517,Individual,223,1,76.97,2,1,2,212
17804,Individual,216,1,73.96,2,1,2,212
21635,Individual,222,1,73.96,2,1,2,212
22071,Individual,267,1,73.96,2,1,2,212
20457,Individual,246,1,73.96,2,1,2,212
12848,Individual,245,1,73.96,2,1,2,212
28347,Individual,262,1,73.96,2,1,2,212
20515,Individual,223,1,74.46,2,1,2,212
22073,Individual,251,1,74.46,2,1,2,212
21790,Individual,234,1,74.46,2,1,2,212
14076,Individual,271,1,71.97,2,1,2,212
13098,Individual,266,1,71.97,2,1,2,212
13305,Individual,270,1,71.97,2,1,2,212
13914,Individual,278,1,71.97,2,1,2,212
13748,Individual,284,1,71.97,2,1,2,212
22714,Individual,218,1,71.95,2,1,2,212
22949,Individual,286,1,71.97,2,1,2,212
14872,Individual,247,1,71.97,2,1,2,212
13347,Individual,238,1,71.97,2,1,2,212
22107,Individual,231,1,71.97,2,1,2,212
13750,Individual,235,1,71.97,2,1,2,212
19693,Individual,254,1,71.95,2,1,2,212
14136,Individual,251,1,71.95,2,1,2,212
20631,Individual,214,1,71.96,2,1,2,212
13193,Individual,207,1,71.97,2,1,2,212
13880,Individual,206,1,71.97,2,1,2,212
26552,Individual,222,1,47.96,2,1,2,212
24130,Individual,234,1,47.97,2,1,2,212
25699,Individual,237,1,47.97,2,1,2,212
28338,Individual,238,1,47.97,2,1,2,212
24243,Individual,228,1,48.97,2,1,2,212
22507,Individual,219,1,48.97,2,1,2,212
26208,Individual,218,1,48.97,2,1,2,212
25503,Individual,206,1,48.97,2,1,2,212
13569,Individual,243,1,48.97,2,1,2,212
27840,Individual,244,1,48.97,2,1,2,212
19045,Individual,247,1,48.97,2,1,2,212
27816,Individual,250,1,48.97,2,1,2,212
24133,Individual,262,1,48.97,2,1,2,212
14153,Individual,263,1,48.97,2,1,2,212
22796,Individual,258,1,48.97,2,1,2,212
24313,Individual,256,1,45.58,2,1,2,212
19449,Individual,216,1,45.22,2,1,2,212
23184,Individual,246,1,45.22,2,1,2,212
19388,Individual,287,1,45.22,2,1,2,212
21693,Individual,243,1,44.98,2,1,2,212
24435,Individual,286,1,46.83,2,1,2,212
25160,Individual,228,1,46.83,2,1,2,212
23790,Individual,206,1,46.83,2,1,2,212
13245,Individual,206,1,46.47,2,1,2,212
14369,Individual,207,1,46.47,2,1,2,212
13761,Individual,219,1,46.47,2,1,2,212
15173,Individual,283,1,45.95,2,1,2,212
14296,Individual,246,1,45.95,2,1,2,212
25001,Individual,206,1,49.97,2,1,2,212
21157,Individual,234,1,49.97,2,1,2,212
29120,Individual,235,1,49.97,2,1,2,212
12720,Individual,231,1,49.97,2,1,2,212
21244,Individual,239,1,49.97,2,1,2,212
21624,Individual,264,1,49.97,2,1,2,212
12812,Individual,258,1,49.97,2,1,2,212
21784,Individual,260,1,49.97,2,1,2,212
29321,Individual,249,1,49.97,2,1,2,212
24268,Individual,247,1,49.97,2,1,2,212
20458,Individual,275,1,49.97,2,1,2,212
21743,Individual,275,1,49.97,2,1,2,212
20370,Individual,266,1,49.97,2,1,2,212
12557,Individual,267,1,49.97,2,1,2,212
24876,Individual,284,1,49.97,2,1,2,212
20489,Individual,281,1,49.97,2,1,2,212
21782,Individual,276,1,49.97,2,1,2,212
12379,Individual,283,1,49.99,2,1,2,212
29337,Individual,259,1,49.99,2,1,2,212
21458,Individual,228,1,49.97,2,1,2,212
20507,Individual,229,1,49.97,2,1,2,212
28943,Individual,212,1,49.97,2,1,2,212
21452,Individual,214,1,49.97,2,1,2,212
26064,Individual,215,1,49.48,2,1,2,212
25003,Individual,227,1,49.48,2,1,2,212
16304,Individual,274,1,49.48,2,1,2,212
26062,Individual,256,1,49.48,2,1,2,212
26508,Individual,264,1,49.48,2,1,2,212
21515,Individual,237,1,49.48,2,1,2,212
22553,Individual,207,1,48.97,2,1,2,212
18187,Individual,240,1,44.91,2,1,2,212
21580,Individual,232,1,44.91,2,1,2,212
24968,Individual,216,1,44.54,2,1,2,212
23745,Individual,274,1,44.22,2,1,2,212
26557,Individual,263,1,44.22,2,1,2,212
26804,Individual,219,1,44.22,2,1,2,212
23490,Individual,261,1,43.97,2,1,2,212
23689,Individual,209,1,43.97,2,1,2,212
21074,Individual,219,1,43.97,2,1,2,212
12269,Individual,216,1,43.98,2,1,2,212
12227,Individual,275,1,43.98,2,1,2,212
11424,Individual,283,1,43.98,2,1,2,212
27630,Individual,255,1,42.97,2,1,2,212
27610,Individual,256,1,42.97,2,1,2,212
28455,Individual,262,1,42.97,2,1,2,212
12436,Individual,227,1,42.28,2,1,2,212
12497,Individual,212,1,42.28,2,1,2,212
20873,Individual,269,1,42.93,2,1,2,212
23736,Individual,270,1,42.93,2,1,2,212
24398,Individual,286,1,42.84,2,1,2,212
24391,Individual,244,1,42.84,2,1,2,212
24992,Individual,238,1,42.84,2,1,2,212
14543,Individual,208,1,42.28,2,1,2,212
14537,Individual,206,1,42.28,2,1,2,212
15854,Individual,230,1,41.95,2,1,2,212
22704,Individual,228,1,41.93,2,1,2,212
19266,Individual,249,1,42.28,2,1,2,212
27496,Individual,275,1,42.28,2,1,2,212
29372,Individual,221,1,39.99,2,1,2,212
11514,Individual,219,1,39.99,2,1,2,212
12498,Individual,214,1,39.99,2,1,2,212
12416,Individual,214,1,39.99,2,1,2,212
22853,Individual,247,1,39.99,2,1,2,212
12427,Individual,239,1,39.99,2,1,2,212
14810,Individual,239,1,39.99,2,1,2,212
26105,Individual,231,1,40.22,2,1,2,212
22212,Individual,271,1,39.99,2,1,2,212
21963,Individual,269,1,39.99,2,1,2,212
21533,Individual,209,1,40.22,2,1,2,212
21972,Individual,246,1,40.23,2,1,2,212
25900,Individual,256,1,41.59,2,1,2,212
24543,Individual,220,1,53.98,2,1,2,212
19505,Individual,226,1,53.47,2,1,2,212
12978,Individual,208,1,50.23,2,1,2,212
23048,Individual,273,1,51.46,2,1,2,212
12377,Individual,219,1,49.99,2,1,2,212
12278,Individual,221,1,49.99,2,1,2,212
16774,Individual,228,1,54.98,2,1,2,212
16371,Individual,228,1,54.98,2,1,2,212
27243,Individual,287,1,54.98,2,1,2,212
19216,Individual,275,1,54.98,2,1,2,212
17407,Individual,266,1,54.98,2,1,2,212
16857,Individual,270,1,54.98,2,1,2,212
16796,Individual,257,1,54.98,2,1,2,212
15317,Individual,265,1,54.98,2,1,2,212
21446,Individual,265,1,54.98,2,1,2,212
14508,Individual,246,1,54.98,2,1,2,212
28343,Individual,228,1,53.99,2,1,2,212
25740,Individual,228,1,53.99,2,1,2,212
11407,Individual,220,1,53.99,2,1,2,212
11563,Individual,208,1,53.99,2,1,2,212
29162,Individual,254,1,53.98,2,1,2,212
26850,Individual,236,1,53.98,2,1,2,212
29283,Individual,242,1,53.99,2,1,2,212
11471,Individual,257,1,53.99,2,1,2,212
11478,Individual,285,1,53.99,2,1,2,212
15611,Individual,229,1,54.25,2,1,2,212
25266,Individual,208,1,57.98,2,1,2,212
22701,Individual,209,1,57.98,2,1,2,212
24694,Individual,266,1,57.98,2,1,2,212
22683,Individual,256,1,58.47,2,1,2,212
26713,Individual,238,1,58.47,2,1,2,212
27233,Individual,271,1,58.47,2,1,2,212
12788,Individual,208,1,56.97,2,1,2,212
22003,Individual,206,1,56.97,2,1,2,212
13352,Individual,222,1,56.97,2,1,2,212
12797,Individual,220,1,56.97,2,1,2,212
22363,Individual,217,1,56.97,2,1,2,212
14295,Individual,246,1,56.97,2,1,2,212
13867,Individual,242,1,56.97,2,1,2,212
23527,Individual,243,1,56.97,2,1,2,212
16333,Individual,239,1,56.97,2,1,2,212
13850,Individual,240,1,56.97,2,1,2,212
13364,Individual,259,1,56.97,2,1,2,212
13439,Individual,256,1,56.97,2,1,2,212
15250,Individual,269,1,56.97,2,1,2,212
13926,Individual,269,1,56.97,2,1,2,212
15838,Individual,275,1,56.97,2,1,2,212
13074,Individual,272,1,56.97,2,1,2,212
14280,Individual,284,1,56.97,2,1,2,212
13980,Individual,283,1,56.97,2,1,2,212
14075,Individual,281,1,56.97,2,1,2,212
20251,Individual,282,1,59.47,2,1,2,212
23823,Individual,256,1,59.47,2,1,2,212
16463,Individual,232,1,59.91,2,1,2,212
22629,Individual,237,1,59.98,2,1,2,212
18509,Individual,253,1,59.98,2,1,2,212
13787,Individual,258,1,59.98,2,1,2,212
23008,Individual,258,1,59.98,2,1,2,212
24195,Individual,260,1,59.98,2,1,2,212
22027,Individual,263,1,59.98,2,1,2,212
15294,Individual,282,1,59.98,2,1,2,212
27028,Individual,284,1,59.98,2,1,2,212
24146,Individual,277,1,59.98,2,1,2,212
21661,Individual,216,1,58.98,2,1,2,212
18666,Individual,216,1,58.98,2,1,2,212
23893,Individual,226,1,58.98,2,1,2,212
22941,Individual,209,1,58.98,2,1,2,212
26915,Individual,211,1,58.98,2,1,2,212
26812,Individual,206,1,58.47,2,1,2,212
23919,Individual,212,1,58.47,2,1,2,212
16736,Individual,228,1,59.98,2,1,2,212
19633,Individual,228,1,59.98,2,1,2,212
25677,Individual,222,1,59.98,2,1,2,212
16990,Individual,216,1,59.98,2,1,2,212
15853,Individual,216,1,59.98,2,1,2,212
20155,Individual,214,1,59.98,2,1,2,212
17459,Individual,217,1,59.98,2,1,2,212
22497,Individual,242,1,58.98,2,1,2,212
25782,Individual,246,1,58.98,2,1,2,212
17489,Individual,245,1,58.98,2,1,2,212
22421,Individual,237,1,58.98,2,1,2,212
22928,Individual,230,1,58.98,2,1,2,212
27718,Individual,232,1,58.98,2,1,2,212
24729,Individual,255,1,58.98,2,1,2,212
12467,Individual,283,1,58.98,2,1,2,212
19677,Individual,285,1,58.98,2,1,2,212
23624,Individual,251,1,62.97,2,1,2,212
28969,Individual,262,1,62.98,2,1,2,212
11473,Individual,241,1,62.98,2,1,2,212
25912,Individual,216,1,63.47,2,1,2,212
29253,Individual,227,1,63.47,2,1,2,212
15895,Individual,219,1,61.96,2,1,2,212
14825,Individual,224,1,61.45,2,1,2,212
24440,Individual,280,1,61.08,2,1,2,212
12504,Individual,279,1,61.08,2,1,2,212
28292,Individual,275,1,61.96,2,1,2,212
12015,Individual,282,1,61.97,2,1,2,212
26273,Individual,213,1,60.47,2,1,2,212
27409,Individual,224,1,60.47,2,1,2,212
18319,Individual,280,1,60.47,2,1,2,212
20266,Individual,284,1,60.47,2,1,2,212
21063,Individual,283,1,60.47,2,1,2,212
26268,Individual,270,1,60.47,2,1,2,212
27755,Individual,268,1,60.47,2,1,2,212
28468,Individual,262,1,60.47,2,1,2,212
20243,Individual,252,1,60.47,2,1,2,212
20231,Individual,251,1,60.47,2,1,2,212
27564,Individual,248,1,60.47,2,1,2,212
27157,Individual,232,1,60.47,2,1,2,212
28225,Individual,208,1,60.47,2,1,2,212
28146,Individual,206,1,60.47,2,1,2,212
23997,Individual,287,1,39.98,2,1,1,211
17605,Individual,286,1,39.98,2,1,1,211
15091,Individual,268,1,39.98,2,1,1,211
28278,Individual,268,1,39.98,2,1,1,211
14570,Individual,269,1,39.98,2,1,1,211
14758,Individual,270,1,39.98,2,1,1,211
12809,Individual,267,1,39.98,2,1,1,211
15884,Individual,267,1,39.98,2,1,1,211
28020,Individual,266,1,39.98,2,1,1,211
21691,Individual,274,1,39.98,2,1,1,211
22831,Individual,273,1,39.98,2,1,1,211
22948,Individual,273,1,39.98,2,1,1,211
24470,Individual,273,1,39.98,2,1,1,211
16248,Individual,272,1,39.98,2,1,1,211
17162,Individual,273,1,39.98,2,1,1,211
17418,Individual,271,1,39.98,2,1,1,211
14908,Individual,283,1,39.98,2,1,1,211
15777,Individual,284,1,39.98,2,1,1,211
21914,Individual,284,1,39.98,2,1,1,211
25469,Individual,284,1,39.98,2,1,1,211
15951,Individual,283,1,39.98,2,1,1,211
14608,Individual,283,1,39.98,2,1,1,211
21208,Individual,276,1,39.98,2,1,1,211
25217,Individual,279,1,39.98,2,1,1,211
23219,Individual,280,1,39.98,2,1,1,211
28043,Individual,280,1,39.98,2,1,1,211
27887,Individual,269,1,39.47,2,1,1,211
14375,Individual,211,1,39.98,2,1,1,211
15939,Individual,211,1,39.98,2,1,1,211
19082,Individual,209,1,39.98,2,1,1,211
16049,Individual,208,1,39.98,2,1,1,211
22354,Individual,207,1,39.98,2,1,1,211
16720,Individual,212,1,39.98,2,1,1,211
23128,Individual,216,1,39.98,2,1,1,211
16082,Individual,216,1,39.98,2,1,1,211
16091,Individual,217,1,39.98,2,1,1,211
21131,Individual,217,1,39.98,2,1,1,211
22384,Individual,218,1,39.98,2,1,1,211
16875,Individual,219,1,39.98,2,1,1,211
25580,Individual,223,1,39.98,2,1,1,211
15486,Individual,222,1,39.98,2,1,1,211
15403,Individual,221,1,39.98,2,1,1,211
12799,Individual,221,1,39.98,2,1,1,211
23245,Individual,221,1,39.98,2,1,1,211
25495,Individual,225,1,39.98,2,1,1,211
23084,Individual,224,1,39.98,2,1,1,211
15971,Individual,224,1,39.98,2,1,1,211
28915,Individual,229,1,39.98,2,1,1,211
28881,Individual,230,1,39.98,2,1,1,211
16037,Individual,230,1,39.98,2,1,1,211
19077,Individual,229,1,39.98,2,1,1,211
27329,Individual,228,1,39.98,2,1,1,211
22332,Individual,227,1,39.98,2,1,1,211
15297,Individual,206,1,39.98,2,1,1,211
24547,Individual,219,1,38.98,2,1,1,211
20161,Individual,217,1,38.98,2,1,1,211
27955,Individual,223,1,38.98,2,1,1,211
20064,Individual,225,1,38.98,2,1,1,211
19495,Individual,221,1,38.98,2,1,1,211
20957,Individual,222,1,38.98,2,1,1,211
13737,Individual,212,1,39.25,2,1,1,211
23196,Individual,237,1,39.98,2,1,1,211
25884,Individual,233,1,39.98,2,1,1,211
14487,Individual,234,1,39.98,2,1,1,211
15955,Individual,234,1,39.98,2,1,1,211
23536,Individual,232,1,39.98,2,1,1,211
28537,Individual,232,1,39.98,2,1,1,211
17610,Individual,233,1,39.98,2,1,1,211
15392,Individual,232,1,39.98,2,1,1,211
23567,Individual,230,1,39.98,2,1,1,211
12835,Individual,241,1,39.98,2,1,1,211
24947,Individual,241,1,39.98,2,1,1,211
14971,Individual,240,1,39.98,2,1,1,211
25666,Individual,240,1,39.98,2,1,1,211
18365,Individual,240,1,39.98,2,1,1,211
15970,Individual,246,1,39.98,2,1,1,211
25643,Individual,245,1,39.98,2,1,1,211
17428,Individual,243,1,39.98,2,1,1,211
25116,Individual,244,1,39.98,2,1,1,211
25332,Individual,244,1,39.98,2,1,1,211
22962,Individual,244,1,39.98,2,1,1,211
27700,Individual,263,1,39.98,2,1,1,211
17653,Individual,264,1,39.98,2,1,1,211
14467,Individual,264,1,39.98,2,1,1,211
17390,Individual,266,1,39.98,2,1,1,211
14544,Individual,263,1,39.98,2,1,1,211
27803,Individual,261,1,39.98,2,1,1,211
25800,Individual,261,1,39.98,2,1,1,211
23244,Individual,261,1,39.98,2,1,1,211
14483,Individual,258,1,39.98,2,1,1,211
16107,Individual,260,1,39.98,2,1,1,211
26099,Individual,258,1,39.98,2,1,1,211
16074,Individual,258,1,39.98,2,1,1,211
14503,Individual,256,1,39.98,2,1,1,211
13494,Individual,256,1,39.98,2,1,1,211
17611,Individual,256,1,39.98,2,1,1,211
13501,Individual,257,1,39.98,2,1,1,211
24730,Individual,257,1,39.98,2,1,1,211
17343,Individual,254,1,39.98,2,1,1,211
15504,Individual,255,1,39.98,2,1,1,211
24079,Individual,253,1,39.98,2,1,1,211
23576,Individual,253,1,39.98,2,1,1,211
14659,Individual,247,1,39.98,2,1,1,211
23650,Individual,247,1,39.98,2,1,1,211
17397,Individual,247,1,39.98,2,1,1,211
18342,Individual,248,1,39.98,2,1,1,211
16006,Individual,247,1,39.98,2,1,1,211
28122,Individual,249,1,39.98,2,1,1,211
16943,Individual,211,1,37.93,2,1,1,211
25870,Individual,239,1,37.93,2,1,1,211
25898,Individual,206,1,38.88,2,1,1,211
24970,Individual,228,1,38.88,2,1,1,211
24938,Individual,215,1,38.88,2,1,1,211
24262,Individual,219,1,38.88,2,1,1,211
25023,Individual,287,1,38.88,2,1,1,211
11397,Individual,206,1,38.47,2,1,1,211
20147,Individual,224,1,37.97,2,1,1,211
16535,Individual,240,1,37.97,2,1,1,211
29250,Individual,279,1,37.97,2,1,1,211
24396,Individual,278,1,38.88,2,1,1,211
24946,Individual,283,1,38.88,2,1,1,211
24412,Individual,268,1,38.88,2,1,1,211
24725,Individual,269,1,38.88,2,1,1,211
25624,Individual,260,1,38.88,2,1,1,211
24449,Individual,260,1,38.88,2,1,1,211
24658,Individual,252,1,38.88,2,1,1,211
14173,Individual,249,1,38.88,2,1,1,211
17886,Individual,277,1,38.97,2,1,1,211
24539,Individual,283,1,38.98,2,1,1,211
25592,Individual,270,1,38.98,2,1,1,211
26849,Individual,270,1,38.98,2,1,1,211
21026,Individual,270,1,38.98,2,1,1,211
25690,Individual,268,1,38.98,2,1,1,211
29073,Individual,274,1,38.98,2,1,1,211
23757,Individual,275,1,38.98,2,1,1,211
20574,Individual,275,1,38.98,2,1,1,211
18006,Individual,273,1,38.98,2,1,1,211
23965,Individual,274,1,38.98,2,1,1,211
27373,Individual,250,1,38.98,2,1,1,211
25682,Individual,247,1,38.98,2,1,1,211
22358,Individual,252,1,38.98,2,1,1,211
24548,Individual,255,1,38.98,2,1,1,211
20969,Individual,260,1,38.98,2,1,1,211
29053,Individual,259,1,38.98,2,1,1,211
26559,Individual,259,1,38.98,2,1,1,211
26973,Individual,262,1,38.98,2,1,1,211
29271,Individual,263,1,38.98,2,1,1,211
27940,Individual,263,1,38.98,2,1,1,211
19519,Individual,241,1,38.98,2,1,1,211
22821,Individual,236,1,38.98,2,1,1,211
25164,Individual,256,1,34.89,2,1,1,211
28429,Individual,248,1,34.89,2,1,1,211
24656,Individual,254,1,34.89,2,1,1,211
24617,Individual,271,1,34.89,2,1,1,211
24982,Individual,276,1,34.89,2,1,1,211
24643,Individual,206,1,34.89,2,1,1,211
11542,Individual,263,1,34.47,2,1,1,211
22584,Individual,217,1,33.98,2,1,1,211
29424,Individual,219,1,33.98,2,1,1,211
26419,Individual,219,1,33.98,2,1,1,211
29442,Individual,285,1,33.98,2,1,1,211
27313,Individual,269,1,33.98,2,1,1,211
26253,Individual,232,1,33.98,2,1,1,211
25695,Individual,237,1,33.98,2,1,1,211
29438,Individual,263,1,33.98,2,1,1,211
27327,Individual,249,1,33.98,2,1,1,211
15459,Individual,214,1,34.92,2,1,1,211
23613,Individual,219,1,34.98,2,1,1,211
22361,Individual,220,1,34.98,2,1,1,211
23727,Individual,217,1,34.98,2,1,1,211
23045,Individual,228,1,34.98,2,1,1,211
20554,Individual,277,1,34.98,2,1,1,211
23451,Individual,280,1,34.98,2,1,1,211
22735,Individual,272,1,34.98,2,1,1,211
18043,Individual,254,1,34.98,2,1,1,211
17954,Individual,254,1,34.98,2,1,1,211
22286,Individual,262,1,34.98,2,1,1,211
20563,Individual,230,1,34.98,2,1,1,211
23500,Individual,240,1,34.98,2,1,1,211
22991,Individual,240,1,34.98,2,1,1,211
25194,Individual,211,1,32.60,2,1,1,211
24285,Individual,208,1,32.60,2,1,1,211
24390,Individual,222,1,32.60,2,1,1,211
20950,Individual,268,1,32.28,2,1,1,211
23003,Individual,282,1,32.28,2,1,1,211
23005,Individual,284,1,32.28,2,1,1,211
24768,Individual,281,1,32.60,2,1,1,211
24963,Individual,283,1,32.60,2,1,1,211
14202,Individual,276,1,32.60,2,1,1,211
22239,Individual,212,1,32.28,2,1,1,211
21187,Individual,212,1,32.28,2,1,1,211
23483,Individual,220,1,32.28,2,1,1,211
23193,Individual,218,1,32.28,2,1,1,211
17805,Individual,244,1,32.28,2,1,1,211
23504,Individual,246,1,32.28,2,1,1,211
22240,Individual,239,1,32.28,2,1,1,211
23071,Individual,235,1,32.28,2,1,1,211
20230,Individual,230,1,32.28,2,1,1,211
22752,Individual,256,1,32.28,2,1,1,211
22280,Individual,257,1,32.28,2,1,1,211
22968,Individual,249,1,32.28,2,1,1,211
23810,Individual,252,1,32.28,2,1,1,211
24499,Individual,253,1,32.60,2,1,1,211
24803,Individual,249,1,32.60,2,1,1,211
24315,Individual,258,1,32.60,2,1,1,211
24677,Individual,260,1,32.60,2,1,1,211
14180,Individual,265,1,32.60,2,1,1,211
24618,Individual,230,1,32.60,2,1,1,211
24980,Individual,239,1,32.60,2,1,1,211
13819,Individual,221,1,35.00,2,1,1,211
13695,Individual,225,1,35.00,2,1,1,211
18901,Individual,228,1,35.00,2,1,1,211
12739,Individual,215,1,35.00,2,1,1,211
11555,Individual,266,1,34.99,2,1,1,211
11600,Individual,268,1,34.99,2,1,1,211
11554,Individual,266,1,34.99,2,1,1,211
12234,Individual,278,1,34.99,2,1,1,211
28783,Individual,276,1,34.99,2,1,1,211
28785,Individual,222,1,34.99,2,1,1,211
26418,Individual,206,1,36.27,2,1,1,211
27609,Individual,211,1,36.27,2,1,1,211
20053,Individual,218,1,36.27,2,1,1,211
26389,Individual,277,1,36.27,2,1,1,211
26927,Individual,282,1,36.27,2,1,1,211
29396,Individual,268,1,36.27,2,1,1,211
26118,Individual,225,1,35.23,2,1,1,211
26287,Individual,258,1,35.23,2,1,1,211
26628,Individual,262,1,36.27,2,1,1,211
26556,Individual,256,1,36.27,2,1,1,211
26714,Individual,256,1,36.27,2,1,1,211
27197,Individual,248,1,36.27,2,1,1,211
26596,Individual,234,1,36.27,2,1,1,211
27638,Individual,241,1,36.27,2,1,1,211
21409,Individual,280,1,35.00,2,1,1,211
21186,Individual,278,1,35.00,2,1,1,211
21953,Individual,283,1,35.00,2,1,1,211
15689,Individual,270,1,35.00,2,1,1,211
13817,Individual,230,1,35.00,2,1,1,211
22210,Individual,232,1,35.00,2,1,1,211
12419,Individual,233,1,35.00,2,1,1,211
11935,Individual,237,1,35.00,2,1,1,211
25428,Individual,236,1,36.59,2,1,1,211
25044,Individual,254,1,36.59,2,1,1,211
14193,Individual,251,1,36.59,2,1,1,211
25197,Individual,262,1,36.59,2,1,1,211
24355,Individual,259,1,36.59,2,1,1,211
13496,Individual,287,1,36.59,2,1,1,211
15092,Individual,286,1,36.59,2,1,1,211
25818,Individual,281,1,35.96,2,1,1,211
19822,Individual,214,1,36.96,2,1,1,211
25173,Individual,225,1,36.96,2,1,1,211
20282,Individual,208,1,37.27,2,1,1,211
22775,Individual,210,1,37.27,2,1,1,211
20250,Individual,286,1,37.27,2,1,1,211
22138,Individual,287,1,37.27,2,1,1,211
27497,Individual,230,1,37.29,2,1,1,211
22847,Individual,263,1,37.29,2,1,1,211
21171,Individual,268,1,37.29,2,1,1,211
21978,Individual,282,1,37.29,2,1,1,211
23072,Individual,283,1,37.27,2,1,1,211
23282,Individual,273,1,37.27,2,1,1,211
23588,Individual,273,1,37.27,2,1,1,211
23389,Individual,275,1,37.27,2,1,1,211
22547,Individual,267,1,37.27,2,1,1,211
23822,Individual,269,1,37.27,2,1,1,211
22211,Individual,259,1,37.27,2,1,1,211
22040,Individual,258,1,37.27,2,1,1,211
22158,Individual,237,1,37.27,2,1,1,211
17759,Individual,232,1,37.27,2,1,1,211
22160,Individual,240,1,37.27,2,1,1,211
23294,Individual,242,1,37.27,2,1,1,211
24530,Individual,273,1,36.59,2,1,1,211
25171,Individual,278,1,36.59,2,1,1,211
24394,Individual,212,1,36.59,2,1,1,211
24931,Individual,206,1,36.59,2,1,1,211
23796,Individual,208,1,36.59,2,1,1,211
24518,Individual,206,1,36.59,2,1,1,211
15009,Individual,261,1,36.96,2,1,1,211
14085,Individual,280,1,36.96,2,1,1,211
28980,Individual,253,1,36.93,2,1,1,211
22759,Individual,225,1,37.27,2,1,1,211
17816,Individual,212,1,37.27,2,1,1,211
26475,Individual,226,1,30.48,2,1,1,211
22863,Individual,285,1,29.99,2,1,1,211
23469,Individual,287,1,29.99,2,1,1,211
13052,Individual,269,1,30.97,2,1,1,211
13652,Individual,266,1,30.97,2,1,1,211
21742,Individual,275,1,30.97,2,1,1,211
13985,Individual,282,1,30.97,2,1,1,211
13146,Individual,256,1,30.97,2,1,1,211
13471,Individual,254,1,30.97,2,1,1,211
13163,Individual,244,1,30.97,2,1,1,211
19498,Individual,215,1,31.27,2,1,1,211
19914,Individual,229,1,31.27,2,1,1,211
28865,Individual,229,1,31.27,2,1,1,211
29033,Individual,229,1,31.27,2,1,1,211
14444,Individual,219,1,30.97,2,1,1,211
28995,Individual,242,1,31.27,2,1,1,211
20058,Individual,243,1,31.27,2,1,1,211
19425,Individual,235,1,31.27,2,1,1,211
16330,Individual,254,1,31.27,2,1,1,211
19523,Individual,257,1,31.27,2,1,1,211
28572,Individual,266,1,31.27,2,1,1,211
19342,Individual,268,1,31.27,2,1,1,211
27072,Individual,272,1,31.28,2,1,1,211
14040,Individual,231,1,31.97,2,1,1,211
20354,Individual,247,1,32.22,2,1,1,211
26117,Individual,251,1,32.27,2,1,1,211
25965,Individual,260,1,32.27,2,1,1,211
15446,Individual,259,1,32.27,2,1,1,211
17745,Individual,233,1,32.27,2,1,1,211
26458,Individual,236,1,32.27,2,1,1,211
26000,Individual,242,1,32.27,2,1,1,211
23330,Individual,228,1,31.97,2,1,1,211
19553,Individual,229,1,31.97,2,1,1,211
21095,Individual,278,1,31.73,2,1,1,211
14989,Individual,221,1,32.27,2,1,1,211
26680,Individual,274,1,32.27,2,1,1,211
26333,Individual,268,1,32.27,2,1,1,211
24584,Individual,237,1,30.48,2,1,1,211
25653,Individual,260,1,30.48,2,1,1,211
20965,Individual,206,1,29.99,2,1,1,211
23687,Individual,209,1,29.99,2,1,1,211
23561,Individual,210,1,29.99,2,1,1,211
23808,Individual,223,1,29.99,2,1,1,211
23817,Individual,221,1,29.99,2,1,1,211
22376,Individual,229,1,29.99,2,1,1,211
23092,Individual,218,1,29.99,2,1,1,211
23481,Individual,218,1,29.99,2,1,1,211
23594,Individual,216,1,29.99,2,1,1,211
22990,Individual,280,1,29.99,2,1,1,211
23512,Individual,272,1,29.99,2,1,1,211
20140,Individual,270,1,29.99,2,1,1,211
22123,Individual,250,1,29.99,2,1,1,211
23717,Individual,248,1,29.99,2,1,1,211
22766,Individual,254,1,29.99,2,1,1,211
17899,Individual,252,1,29.99,2,1,1,211
17737,Individual,241,1,29.99,2,1,1,211
23891,Individual,237,1,29.99,2,1,1,211
23672,Individual,235,1,29.99,2,1,1,211
22769,Individual,235,1,29.99,2,1,1,211
22086,Individual,231,1,29.99,2,1,1,211
23691,Individual,231,1,29.99,2,1,1,211
13924,Individual,215,1,29.93,2,1,1,211
25006,Individual,214,1,29.98,2,1,1,211
25967,Individual,212,1,29.98,2,1,1,211
26289,Individual,218,1,29.98,2,1,1,211
26514,Individual,226,1,29.98,2,1,1,211
25930,Individual,238,1,29.98,2,1,1,211
26594,Individual,236,1,29.98,2,1,1,211
26455,Individual,246,1,29.98,2,1,1,211
14994,Individual,244,1,29.98,2,1,1,211
26125,Individual,240,1,29.98,2,1,1,211
25852,Individual,249,1,29.98,2,1,1,211
26240,Individual,277,1,29.98,2,1,1,211
26337,Individual,279,1,29.98,2,1,1,211
26492,Individual,281,1,29.98,2,1,1,211
20133,Individual,209,1,28.98,2,1,1,211
26144,Individual,269,1,27.77,2,1,1,211
21864,Individual,215,1,28.98,2,1,1,211
14622,Individual,261,1,28.96,2,1,1,211
28860,Individual,259,1,28.98,2,1,1,211
17876,Individual,259,1,28.98,2,1,1,211
20568,Individual,246,1,28.98,2,1,1,211
13805,Individual,245,1,28.98,2,1,1,211
27217,Individual,245,1,28.98,2,1,1,211
29177,Individual,276,1,28.98,2,1,1,211
19259,Individual,281,1,28.98,2,1,1,211
26402,Individual,226,1,28.99,2,1,1,211
14526,Individual,228,1,29.48,2,1,1,211
22672,Individual,212,1,29.48,2,1,1,211
24095,Individual,218,1,29.48,2,1,1,211
27980,Individual,258,1,29.48,2,1,1,211
28256,Individual,247,1,29.48,2,1,1,211
27033,Individual,247,1,29.48,2,1,1,211
28015,Individual,247,1,29.48,2,1,1,211
19189,Individual,249,1,29.48,2,1,1,211
22381,Individual,256,1,29.48,2,1,1,211
28900,Individual,245,1,29.48,2,1,1,211
28717,Individual,274,1,29.48,2,1,1,211
12814,Individual,276,1,29.48,2,1,1,211
22540,Individual,280,1,29.48,2,1,1,211
29436,Individual,274,1,28.99,2,1,1,211
27237,Individual,275,1,28.99,2,1,1,211
26697,Individual,272,1,28.99,2,1,1,211
27241,Individual,242,1,28.99,2,1,1,211
26576,Individual,243,1,28.99,2,1,1,211
27246,Individual,260,1,28.99,2,1,1,211
13308,Individual,277,1,29.93,2,1,1,211
13187,Individual,274,1,29.93,2,1,1,211
12877,Individual,230,1,29.93,2,1,1,211
23424,Individual,286,1,29.48,2,1,1,211
25966,Individual,206,1,27.28,2,1,1,211
17951,Individual,208,1,27.28,2,1,1,211
27438,Individual,253,1,27.77,2,1,1,211
28914,Individual,264,1,27.77,2,1,1,211
26821,Individual,238,1,27.77,2,1,1,211
27442,Individual,246,1,27.77,2,1,1,211
22397,Individual,246,1,27.77,2,1,1,211
20262,Individual,212,1,27.77,2,1,1,211
24875,Individual,216,1,27.77,2,1,1,211
27675,Individual,229,1,27.77,2,1,1,211
25680,Individual,228,1,27.77,2,1,1,211
27566,Individual,224,1,27.77,2,1,1,211
15013,Individual,271,1,26.97,2,1,1,211
25842,Individual,273,1,27.28,2,1,1,211
25338,Individual,273,1,27.28,2,1,1,211
28982,Individual,270,1,27.28,2,1,1,211
25007,Individual,279,1,27.28,2,1,1,211
29173,Individual,277,1,27.28,2,1,1,211
28803,Individual,277,1,27.28,2,1,1,211
16536,Individual,243,1,27.28,2,1,1,211
26507,Individual,241,1,27.28,2,1,1,211
25854,Individual,241,1,27.28,2,1,1,211
26171,Individual,238,1,27.28,2,1,1,211
28642,Individual,230,1,27.28,2,1,1,211
24953,Individual,230,1,27.28,2,1,1,211
25208,Individual,253,1,27.28,2,1,1,211
15613,Individual,251,1,27.28,2,1,1,211
26531,Individual,251,1,27.28,2,1,1,211
25954,Individual,247,1,27.28,2,1,1,211
13688,Individual,214,1,27.28,2,1,1,211
28801,Individual,218,1,27.28,2,1,1,211
25843,Individual,220,1,27.28,2,1,1,211
20566,Individual,206,1,27.28,2,1,1,211
20806,Individual,206,1,27.28,2,1,1,211
25356,Individual,286,1,27.28,2,1,1,211
14372,Individual,232,1,24.27,2,1,1,211
15839,Individual,268,1,24.27,2,1,1,211
13421,Individual,277,1,24.27,2,1,1,211
21776,Individual,272,1,23.97,2,1,1,211
22024,Individual,271,1,23.97,2,1,1,211
12604,Individual,244,1,23.97,2,1,1,211
21304,Individual,252,1,23.97,2,1,1,211
20733,Individual,249,1,23.97,2,1,1,211
20698,Individual,247,1,23.97,2,1,1,211
21477,Individual,222,1,23.97,2,1,1,211
21451,Individual,219,1,23.97,2,1,1,211
22435,Individual,257,1,23.78,2,1,1,211
26358,Individual,259,1,23.78,2,1,1,211
24893,Individual,254,1,23.78,2,1,1,211
24878,Individual,255,1,23.78,2,1,1,211
27410,Individual,255,1,23.78,2,1,1,211
27737,Individual,252,1,23.78,2,1,1,211
27411,Individual,239,1,23.78,2,1,1,211
22420,Individual,245,1,23.78,2,1,1,211
25210,Individual,235,1,23.78,2,1,1,211
22567,Individual,234,1,23.78,2,1,1,211
24846,Individual,236,1,23.78,2,1,1,211
28408,Individual,268,1,23.78,2,1,1,211
26874,Individual,273,1,23.78,2,1,1,211
25667,Individual,276,1,23.78,2,1,1,211
27443,Individual,277,1,23.78,2,1,1,211
29379,Individual,279,1,23.78,2,1,1,211
22513,Individual,280,1,23.78,2,1,1,211
19350,Individual,284,1,23.78,2,1,1,211
27826,Individual,283,1,23.78,2,1,1,211
25629,Individual,282,1,23.78,2,1,1,211
20603,Individual,282,1,23.78,2,1,1,211
12847,Individual,217,1,24.99,2,1,1,211
28808,Individual,213,1,24.99,2,1,1,211
17857,Individual,214,1,24.99,2,1,1,211
16042,Individual,214,1,24.99,2,1,1,211
27936,Individual,226,1,24.99,2,1,1,211
20769,Individual,261,1,25.22,2,1,1,211
28230,Individual,251,1,25.48,2,1,1,211
26776,Individual,252,1,25.48,2,1,1,211
21112,Individual,243,1,25.48,2,1,1,211
25031,Individual,272,1,25.48,2,1,1,211
26687,Individual,211,1,24.99,2,1,1,211
25893,Individual,278,1,24.99,2,1,1,211
16438,Individual,278,1,24.99,2,1,1,211
16302,Individual,281,1,24.99,2,1,1,211
25336,Individual,278,1,24.99,2,1,1,211
19178,Individual,284,1,24.99,2,1,1,211
22798,Individual,267,1,24.99,2,1,1,211
25342,Individual,270,1,24.99,2,1,1,211
29129,Individual,271,1,24.99,2,1,1,211
19923,Individual,274,1,24.99,2,1,1,211
15654,Individual,233,1,24.99,2,1,1,211
26341,Individual,230,1,24.99,2,1,1,211
25837,Individual,236,1,24.99,2,1,1,211
26007,Individual,236,1,24.99,2,1,1,211
14987,Individual,236,1,24.99,2,1,1,211
26080,Individual,234,1,24.99,2,1,1,211
20179,Individual,242,1,24.99,2,1,1,211
20586,Individual,245,1,24.99,2,1,1,211
26466,Individual,240,1,24.99,2,1,1,211
16537,Individual,248,1,24.99,2,1,1,211
15447,Individual,247,1,24.99,2,1,1,211
29015,Individual,250,1,24.99,2,1,1,211
25359,Individual,252,1,24.99,2,1,1,211
26052,Individual,255,1,24.99,2,1,1,211
26541,Individual,255,1,24.99,2,1,1,211
18031,Individual,258,1,24.99,2,1,1,211
17875,Individual,257,1,24.99,2,1,1,211
20550,Individual,264,1,24.99,2,1,1,211
24267,Individual,219,1,22.93,2,1,1,211
20464,Individual,220,1,22.93,2,1,1,211
21245,Individual,221,1,22.93,2,1,1,211
13229,Individual,210,1,21.98,2,1,1,211
13864,Individual,207,1,21.98,2,1,1,211
29302,Individual,268,1,22.93,2,1,1,211
21444,Individual,249,1,22.93,2,1,1,211
21340,Individual,265,1,22.93,2,1,1,211
20776,Individual,256,1,22.93,2,1,1,211
20761,Individual,257,1,22.93,2,1,1,211
19524,Individual,218,1,23.22,2,1,1,211
20454,Individual,213,1,23.78,2,1,1,211
27477,Individual,213,1,23.78,2,1,1,211
27842,Individual,215,1,23.78,2,1,1,211
25145,Individual,222,1,23.78,2,1,1,211
27847,Individual,225,1,23.78,2,1,1,211
29384,Individual,229,1,23.78,2,1,1,211
24842,Individual,227,1,23.78,2,1,1,211
24854,Individual,207,1,23.78,2,1,1,211
29439,Individual,208,1,23.78,2,1,1,211
21077,Individual,209,1,23.78,2,1,1,211
13893,Individual,224,1,21.98,2,1,1,211
22179,Individual,228,1,21.98,2,1,1,211
14890,Individual,229,1,21.98,2,1,1,211
14996,Individual,213,1,21.98,2,1,1,211
13749,Individual,219,1,21.98,2,1,1,211
12759,Individual,217,1,21.98,2,1,1,211
13186,Individual,265,1,21.98,2,1,1,211
13467,Individual,264,1,21.98,2,1,1,211
14021,Individual,264,1,21.98,2,1,1,211
15246,Individual,247,1,21.98,2,1,1,211
12453,Individual,254,1,21.98,2,1,1,211
12967,Individual,234,1,21.98,2,1,1,211
12775,Individual,235,1,21.98,2,1,1,211
13448,Individual,242,1,21.98,2,1,1,211
14113,Individual,267,1,21.98,2,1,1,211
23570,Individual,275,1,21.98,2,1,1,211
13900,Individual,285,1,21.98,2,1,1,211
13309,Individual,285,1,21.98,2,1,1,211
17200,Individual,280,1,21.98,2,1,1,211
14094,Individual,278,1,21.98,2,1,1,211
15519,Individual,277,1,21.98,2,1,1,211
21662,Individual,282,1,21.49,2,1,1,211
26544,Individual,266,1,21.49,2,1,1,211
28077,Individual,239,1,21.49,2,1,1,211
21132,Individual,238,1,21.49,2,1,1,211
26857,Individual,232,1,21.49,2,1,1,211
24454,Individual,232,1,21.49,2,1,1,211
18445,Individual,232,1,21.49,2,1,1,211
18310,Individual,231,1,21.49,2,1,1,211
29387,Individual,231,1,21.49,2,1,1,211
27665,Individual,246,1,21.49,2,1,1,211
26274,Individual,250,1,21.49,2,1,1,211
18447,Individual,257,1,21.49,2,1,1,211
29427,Individual,257,1,21.49,2,1,1,211
28233,Individual,258,1,21.49,2,1,1,211
21099,Individual,261,1,21.49,2,1,1,211
26878,Individual,265,1,21.49,2,1,1,211
21627,Individual,218,1,17.27,2,1,1,211
14401,Individual,252,1,15.23,2,1,1,211
24720,Individual,239,1,15.23,2,1,1,211
29176,Individual,286,1,15.23,2,1,1,211
28893,Individual,269,1,15.23,2,1,1,211
15405,Individual,275,1,15.23,2,1,1,211
15305,Individual,283,1,15.23,2,1,1,211
22552,Individual,215,1,21.49,2,1,1,211
26393,Individual,230,1,21.49,2,1,1,211
26030,Individual,228,1,21.49,2,1,1,211
27030,Individual,220,1,21.49,2,1,1,211
27905,Individual,225,1,21.49,2,1,1,211
25541,Individual,209,1,21.49,2,1,1,211
12628,Individual,206,1,14.98,2,1,1,211
23258,Individual,221,1,14.98,2,1,1,211
12727,Individual,218,1,14.98,2,1,1,211
21413,Individual,219,1,14.98,2,1,1,211
21368,Individual,214,1,14.98,2,1,1,211
23011,Individual,213,1,14.98,2,1,1,211
22012,Individual,213,1,14.98,2,1,1,211
27941,Individual,219,1,15.23,2,1,1,211
13682,Individual,230,1,15.23,2,1,1,211
23078,Individual,206,1,15.23,2,1,1,211
20797,Individual,234,1,14.23,2,1,1,211
17652,Individual,281,1,14.23,2,1,1,211
18572,Individual,262,1,13.98,2,1,1,211
21862,Individual,251,1,13.98,2,1,1,211
17531,Individual,230,1,13.98,2,1,1,211
16234,Individual,241,1,13.98,2,1,1,211
28905,Individual,279,1,13.98,2,1,1,211
24379,Individual,280,1,13.98,2,1,1,211
16134,Individual,278,1,13.98,2,1,1,211
19352,Individual,283,1,13.98,2,1,1,211
11352,Individual,273,1,13.98,2,1,1,211
16249,Individual,275,1,13.98,2,1,1,211
25925,Individual,275,1,13.98,2,1,1,211
25188,Individual,272,1,13.98,2,1,1,211
17274,Individual,267,1,13.98,2,1,1,211
21657,Individual,282,1,14.98,2,1,1,211
21288,Individual,277,1,14.98,2,1,1,211
21250,Individual,280,1,14.98,2,1,1,211
28959,Individual,281,1,14.98,2,1,1,211
21789,Individual,267,1,14.98,2,1,1,211
23280,Individual,267,1,14.98,2,1,1,211
12721,Individual,270,1,14.98,2,1,1,211
22049,Individual,269,1,14.98,2,1,1,211
20503,Individual,287,1,14.98,2,1,1,211
28947,Individual,235,1,14.98,2,1,1,211
13410,Individual,236,1,14.98,2,1,1,211
20475,Individual,233,1,14.98,2,1,1,211
21579,Individual,240,1,14.98,2,1,1,211
11589,Individual,239,1,14.98,2,1,1,211
21492,Individual,243,1,14.98,2,1,1,211
21140,Individual,252,1,14.98,2,1,1,211
21449,Individual,255,1,14.98,2,1,1,211
12616,Individual,254,1,14.98,2,1,1,211
22348,Individual,248,1,14.98,2,1,1,211
21713,Individual,247,1,14.98,2,1,1,211
23379,Individual,247,1,14.98,2,1,1,211
21773,Individual,247,1,14.98,2,1,1,211
21455,Individual,262,1,14.98,2,1,1,211
21285,Individual,258,1,14.98,2,1,1,211
18652,Individual,214,1,13.98,2,1,1,211
19272,Individual,214,1,13.98,2,1,1,211
29020,Individual,216,1,13.98,2,1,1,211
17177,Individual,219,1,13.98,2,1,1,211
13566,Individual,220,1,13.98,2,1,1,211
22915,Individual,216,1,13.98,2,1,1,211
17562,Individual,222,1,13.98,2,1,1,211
18093,Individual,227,1,13.98,2,1,1,211
16294,Individual,208,1,13.98,2,1,1,211
11385,Individual,207,1,13.98,2,1,1,211
23646,Individual,210,1,13.98,2,1,1,211
28253,Individual,211,1,13.98,2,1,1,211
18380,Individual,208,1,12.94,2,1,1,211
23013,Individual,223,1,12.94,2,1,1,211
17396,Individual,213,1,12.94,2,1,1,211
21425,Individual,206,1,9.99,2,1,1,211
27465,Individual,234,1,11.94,2,1,1,211
23609,Individual,258,1,12.98,2,1,1,211
27945,Individual,278,1,12.98,2,1,1,211
20041,Individual,280,1,12.98,2,1,1,211
16246,Individual,236,1,12.94,2,1,1,211
28858,Individual,236,1,12.94,2,1,1,211
14876,Individual,262,1,12.94,2,1,1,211
18180,Individual,264,1,12.94,2,1,1,211
24071,Individual,253,1,12.94,2,1,1,211
24621,Individual,252,1,12.94,2,1,1,211
17821,Individual,286,1,6.28,2,1,1,211
15935,Individual,286,1,7.28,2,1,1,211
14475,Individual,287,1,7.28,2,1,1,211
23096,Individual,275,1,7.28,2,1,1,211
14919,Individual,274,1,7.28,2,1,1,211
22359,Individual,271,1,7.28,2,1,1,211
27163,Individual,271,1,7.28,2,1,1,211
17455,Individual,272,1,7.28,2,1,1,211
23305,Individual,270,1,7.28,2,1,1,211
17505,Individual,268,1,7.28,2,1,1,211
15331,Individual,281,1,7.28,2,1,1,211
20380,Individual,283,1,7.28,2,1,1,211
14492,Individual,284,1,7.28,2,1,1,211
27960,Individual,284,1,7.28,2,1,1,211
15269,Individual,277,1,7.28,2,1,1,211
15431,Individual,278,1,7.28,2,1,1,211
21365,Individual,277,1,7.28,2,1,1,211
25554,Individual,277,1,7.28,2,1,1,211
28281,Individual,277,1,7.28,2,1,1,211
28011,Individual,280,1,7.28,2,1,1,211
24898,Individual,280,1,7.28,2,1,1,211
26700,Individual,278,1,7.28,2,1,1,211
25514,Individual,228,1,7.28,2,1,1,211
14593,Individual,226,1,7.28,2,1,1,211
27454,Individual,229,1,7.28,2,1,1,211
16672,Individual,225,1,7.28,2,1,1,211
28937,Individual,221,1,7.28,2,1,1,211
15505,Individual,220,1,7.28,2,1,1,211
16242,Individual,220,1,7.28,2,1,1,211
21239,Individual,213,1,7.28,2,1,1,211
14751,Individual,213,1,7.28,2,1,1,211
14627,Individual,214,1,7.28,2,1,1,211
27716,Individual,214,1,7.28,2,1,1,211
28260,Individual,215,1,7.28,2,1,1,211
18315,Individual,216,1,7.28,2,1,1,211
24123,Individual,206,1,7.28,2,1,1,211
25549,Individual,206,1,7.28,2,1,1,211
28599,Individual,276,1,7.95,2,1,1,211
21371,Individual,207,1,7.28,2,1,1,211
23079,Individual,206,1,7.28,2,1,1,211
15516,Individual,210,1,7.28,2,1,1,211
25157,Individual,210,1,7.28,2,1,1,211
28597,Individual,286,1,7.95,2,1,1,211
28780,Individual,230,1,7.95,2,1,1,211
20487,Individual,273,1,9.99,2,1,1,211
20509,Individual,273,1,9.99,2,1,1,211
20440,Individual,248,1,9.99,2,1,1,211
24246,Individual,265,1,9.99,2,1,1,211
12553,Individual,263,1,9.99,2,1,1,211
12605,Individual,262,1,9.99,2,1,1,211
20637,Individual,262,1,9.99,2,1,1,211
29117,Individual,240,1,9.99,2,1,1,211
20791,Individual,242,1,9.99,2,1,1,211
22355,Individual,239,1,9.99,2,1,1,211
23278,Individual,229,1,9.99,2,1,1,211
12511,Individual,215,1,8.99,2,1,1,211
12537,Individual,219,1,8.99,2,1,1,211
12541,Individual,228,1,8.99,2,1,1,211
29057,Individual,225,1,8.99,2,1,1,211
28612,Individual,230,1,8.99,2,1,1,211
12524,Individual,230,1,8.99,2,1,1,211
12642,Individual,259,1,8.99,2,1,1,211
28614,Individual,259,1,8.99,2,1,1,211
12656,Individual,257,1,8.99,2,1,1,211
12538,Individual,247,1,8.99,2,1,1,211
28615,Individual,271,1,8.99,2,1,1,211
12543,Individual,270,1,8.99,2,1,1,211
23601,Individual,219,1,6.28,2,1,1,211
24556,Individual,220,1,6.28,2,1,1,211
26887,Individual,226,1,6.28,2,1,1,211
26833,Individual,226,1,6.28,2,1,1,211
23979,Individual,228,1,6.28,2,1,1,211
23446,Individual,266,1,6.28,2,1,1,211
27964,Individual,270,1,6.28,2,1,1,211
29109,Individual,273,1,6.28,2,1,1,211
24096,Individual,251,1,7.28,2,1,1,211
23022,Individual,250,1,7.28,2,1,1,211
18161,Individual,250,1,7.28,2,1,1,211
28073,Individual,250,1,7.28,2,1,1,211
20734,Individual,246,1,7.28,2,1,1,211
14642,Individual,248,1,7.28,2,1,1,211
14587,Individual,247,1,7.28,2,1,1,211
24229,Individual,251,1,7.28,2,1,1,211
15524,Individual,253,1,7.28,2,1,1,211
16088,Individual,253,1,7.28,2,1,1,211
14562,Individual,255,1,7.28,2,1,1,211
15870,Individual,256,1,7.28,2,1,1,211
23557,Individual,260,1,7.28,2,1,1,211
28882,Individual,262,1,7.28,2,1,1,211
28279,Individual,264,1,7.28,2,1,1,211
15247,Individual,265,1,7.28,2,1,1,211
25130,Individual,265,1,7.28,2,1,1,211
28087,Individual,245,1,7.28,2,1,1,211
28360,Individual,242,1,7.28,2,1,1,211
15849,Individual,230,1,7.28,2,1,1,211
16284,Individual,231,1,7.28,2,1,1,211
25322,Individual,230,1,7.28,2,1,1,211
15295,Individual,231,1,7.28,2,1,1,211
17578,Individual,234,1,7.28,2,1,1,211
28006,Individual,234,1,7.28,2,1,1,211
27111,Individual,235,1,7.28,2,1,1,211
25238,Individual,237,1,7.28,2,1,1,211
25331,Individual,237,1,7.28,2,1,1,211
23942,Individual,232,1,6.28,2,1,1,211
20177,Individual,232,1,6.28,2,1,1,211
20802,Individual,233,1,6.28,2,1,1,211
26417,Individual,240,1,6.28,2,1,1,211
24137,Individual,244,1,6.28,2,1,1,211
29092,Individual,244,1,6.28,2,1,1,211
24072,Individual,244,1,6.28,2,1,1,211
29112,Individual,263,1,6.28,2,1,1,211
20960,Individual,256,1,6.28,2,1,1,211
24088,Individual,260,1,6.28,2,1,1,211
27156,Individual,251,1,6.28,2,1,1,211
25325,Individual,250,1,6.28,2,1,1,211
26905,Individual,250,1,6.28,2,1,1,211
14942,Individual,211,1,4.99,2,1,1,211
25002,Individual,211,1,4.99,2,1,1,211
23368,Individual,211,1,4.99,2,1,1,211
23554,Individual,209,1,4.99,2,1,1,211
15680,Individual,208,1,4.99,2,1,1,211
23967,Individual,206,1,4.99,2,1,1,211
27993,Individual,269,1,2.29,2,1,1,211
28095,Individual,216,1,2.29,2,1,1,211
18179,Individual,287,1,4.99,2,1,1,211
15344,Individual,287,1,4.99,2,1,1,211
17616,Individual,279,1,4.99,2,1,1,211
28286,Individual,279,1,4.99,2,1,1,211
16299,Individual,280,1,4.99,2,1,1,211
17357,Individual,277,1,4.99,2,1,1,211
22488,Individual,277,1,4.99,2,1,1,211
21363,Individual,277,1,4.99,2,1,1,211
17694,Individual,285,1,4.99,2,1,1,211
14920,Individual,285,1,4.99,2,1,1,211
23346,Individual,284,1,4.99,2,1,1,211
21115,Individual,283,1,4.99,2,1,1,211
18106,Individual,283,1,4.99,2,1,1,211
19351,Individual,282,1,4.99,2,1,1,211
26232,Individual,281,1,4.99,2,1,1,211
17335,Individual,281,1,4.99,2,1,1,211
22457,Individual,281,1,4.99,2,1,1,211
23643,Individual,270,1,4.99,2,1,1,211
19928,Individual,271,1,4.99,2,1,1,211
20277,Individual,271,1,4.99,2,1,1,211
27049,Individual,271,1,4.99,2,1,1,211
26173,Individual,274,1,4.99,2,1,1,211
25665,Individual,275,1,4.99,2,1,1,211
27022,Individual,274,1,4.99,2,1,1,211
18510,Individual,273,1,4.99,2,1,1,211
15400,Individual,273,1,4.99,2,1,1,211
23129,Individual,268,1,4.99,2,1,1,211
20312,Individual,268,1,4.99,2,1,1,211
17015,Individual,271,1,4.99,2,1,1,211
24218,Individual,269,1,4.99,2,1,1,211
17434,Individual,222,1,4.99,2,1,1,211
25327,Individual,222,1,4.99,2,1,1,211
27703,Individual,221,1,4.99,2,1,1,211
23095,Individual,225,1,4.99,2,1,1,211
17174,Individual,225,1,4.99,2,1,1,211
25241,Individual,224,1,4.99,2,1,1,211
14609,Individual,224,1,4.99,2,1,1,211
28251,Individual,229,1,4.99,2,1,1,211
24464,Individual,229,1,4.99,2,1,1,211
17538,Individual,227,1,4.99,2,1,1,211
16899,Individual,227,1,4.99,2,1,1,211
20402,Individual,227,1,4.99,2,1,1,211
21010,Individual,226,1,4.99,2,1,1,211
24805,Individual,216,1,4.99,2,1,1,211
14762,Individual,216,1,4.99,2,1,1,211
25648,Individual,215,1,4.99,2,1,1,211
28151,Individual,215,1,4.99,2,1,1,211
24816,Individual,215,1,4.99,2,1,1,211
21128,Individual,215,1,4.99,2,1,1,211
24857,Individual,214,1,4.99,2,1,1,211
23430,Individual,213,1,4.99,2,1,1,211
16293,Individual,212,1,4.99,2,1,1,211
26802,Individual,212,1,4.99,2,1,1,211
17426,Individual,219,1,4.99,2,1,1,211
15979,Individual,217,1,4.99,2,1,1,211
23611,Individual,229,1,3.99,2,1,1,211
25477,Individual,222,1,3.99,2,1,1,211
27730,Individual,268,1,3.99,2,1,1,211
27221,Individual,275,1,3.99,2,1,1,211
23953,Individual,271,1,3.99,2,1,1,211
24108,Individual,278,1,3.99,2,1,1,211
25109,Individual,247,1,4.99,2,1,1,211
22558,Individual,248,1,4.99,2,1,1,211
26350,Individual,247,1,4.99,2,1,1,211
15776,Individual,248,1,4.99,2,1,1,211
25473,Individual,248,1,4.99,2,1,1,211
19465,Individual,255,1,4.99,2,1,1,211
23673,Individual,254,1,4.99,2,1,1,211
28874,Individual,252,1,4.99,2,1,1,211
17430,Individual,252,1,4.99,2,1,1,211
15967,Individual,259,1,4.99,2,1,1,211
16874,Individual,258,1,4.99,2,1,1,211
19363,Individual,258,1,4.99,2,1,1,211
16503,Individual,257,1,4.99,2,1,1,211
19919,Individual,261,1,4.99,2,1,1,211
25141,Individual,264,1,4.99,2,1,1,211
15560,Individual,263,1,4.99,2,1,1,211
23562,Individual,245,1,4.99,2,1,1,211
24630,Individual,245,1,4.99,2,1,1,211
17541,Individual,244,1,4.99,2,1,1,211
14592,Individual,241,1,4.99,2,1,1,211
28085,Individual,241,1,4.99,2,1,1,211
20967,Individual,241,1,4.99,2,1,1,211
17467,Individual,239,1,4.99,2,1,1,211
24649,Individual,239,1,4.99,2,1,1,211
23892,Individual,238,1,4.99,2,1,1,211
21263,Individual,237,1,4.99,2,1,1,211
20088,Individual,236,1,4.99,2,1,1,211
17376,Individual,235,1,4.99,2,1,1,211
17168,Individual,234,1,4.99,2,1,1,211
28345,Individual,233,1,4.99,2,1,1,211
18099,Individual,233,1,4.99,2,1,1,211
21838,Individual,232,1,4.99,2,1,1,211
17456,Individual,231,1,4.99,2,1,1,211
24881,Individual,231,1,4.99,2,1,1,211
22516,Individual,230,1,4.99,2,1,1,211
14899,Individual,230,1,4.99,2,1,1,211
25466,Individual,230,1,4.99,2,1,1,211
17820,Individual,286,1,3.99,2,1,1,211
22710,Individual,286,1,3.99,2,1,1,211
27164,Individual,262,1,3.99,2,1,1,211
29153,Individual,260,1,3.99,2,1,1,211
24691,Individual,247,1,3.99,2,1,1,211
11484,Individual,305,3,4985.38,1,5,5,155
11401,Individual,327,3,5020.87,1,5,5,155
12385,Individual,301,3,5118.75,1,5,5,155
12282,Individual,297,3,5111.44,1,5,5,155
12384,Individual,294,3,5056.53,1,5,5,155
11402,Individual,302,3,5059.33,1,5,5,155
12272,Individual,296,3,5139.73,1,5,5,155
11615,Individual,291,3,5205.71,1,5,5,155
12281,Individual,301,3,5169.36,1,5,5,155
11616,Individual,289,3,5253.65,1,5,5,155
11550,Individual,319,3,5241.43,1,5,5,155
12328,Individual,314,3,6792.11,1,5,5,155
12316,Individual,316,3,6799.45,1,5,5,155
12315,Individual,321,3,6803.13,1,5,5,155
12318,Individual,327,3,6808.15,1,5,5,155
12317,Individual,311,3,6823.42,1,5,5,155
12645,Individual,290,3,6847.76,1,5,5,155
12335,Individual,313,3,6912.60,1,5,5,155
11387,Individual,303,3,6958.80,1,5,5,155
11008,Individual,333,3,8106.31,1,5,5,155
11002,Individual,340,3,8114.04,1,5,5,155
11011,Individual,316,3,8133.04,1,5,5,155
11007,Individual,316,3,8211.00,1,5,5,155
11059,Individual,319,3,116.93,1,5,3,153
14353,Individual,299,3,128.84,1,5,3,153
17387,Individual,301,3,148.19,1,5,3,153
16958,Individual,301,3,168.02,1,5,3,153
17026,Individual,315,3,261.39,1,5,3,153
18242,Individual,369,2,6121.71,1,4,5,145
18496,Individual,317,2,6121.71,1,4,5,145
18746,Individual,329,2,6135.09,1,4,5,145
19560,Individual,289,2,6117.69,1,4,5,145
18296,Individual,347,2,6117.69,1,4,5,145
18297,Individual,337,2,6119.59,1,4,5,145
19555,Individual,288,2,6110.60,1,4,5,145
18273,Individual,344,2,6104.21,1,4,5,145
18696,Individual,329,2,6149.57,1,4,5,145
16741,Individual,315,2,6056.61,1,4,5,145
18491,Individual,306,2,6056.61,1,4,5,145
19586,Individual,302,2,6056.61,1,4,5,145
19588,Individual,302,2,6056.61,1,4,5,145
19559,Individual,298,2,6056.61,1,4,5,145
19095,Individual,295,2,6056.61,1,4,5,145
22112,Individual,343,2,6047.32,1,4,5,145
18243,Individual,387,2,6058.21,1,4,5,145
18250,Individual,364,2,6058.21,1,4,5,145
18241,Individual,376,2,6058.21,1,4,5,145
11295,Individual,385,2,6058.25,1,4,5,145
19576,Individual,289,2,6058.21,1,4,5,145
18308,Individual,360,2,6037.89,1,4,5,145
18494,Individual,325,2,6037.89,1,4,5,145
18248,Individual,338,2,6037.89,1,4,5,145
18219,Individual,375,2,6038.56,1,4,5,145
11325,Individual,363,2,6044.20,1,4,5,145
18222,Individual,375,2,6044.59,1,4,5,145
18210,Individual,374,2,6044.59,1,4,5,145
18249,Individual,358,2,6044.59,1,4,5,145
18725,Individual,309,2,6044.59,1,4,5,145
16742,Individual,321,2,6044.59,1,4,5,145
22893,Individual,350,2,6056.51,1,4,5,145
18708,Individual,326,2,6056.51,1,4,5,145
18724,Individual,330,2,6056.51,1,4,5,145
18488,Individual,331,2,6056.61,1,4,5,145
18740,Individual,324,2,6056.61,1,4,5,145
18483,Individual,350,2,6056.61,1,4,5,145
18217,Individual,382,2,6056.61,1,4,5,145
18272,Individual,361,2,6056.61,1,4,5,145
18301,Individual,366,2,6056.61,1,4,5,145
18209,Individual,385,2,6056.61,1,4,5,145
18205,Individual,385,2,6056.61,1,4,5,145
18207,Individual,372,2,6089.59,1,4,5,145
17280,Individual,301,2,6089.59,1,4,5,145
18738,Individual,313,2,6089.59,1,4,5,145
18747,Individual,318,2,6089.59,1,4,5,145
18710,Individual,318,2,6098.58,1,4,5,145
18240,Individual,386,2,6098.58,1,4,5,145
16740,Individual,349,2,6099.10,1,4,5,145
19595,Individual,292,2,6095.08,1,4,5,145
18709,Individual,311,2,6098.54,1,4,5,145
19084,Individual,298,2,6093.20,1,4,5,145
18309,Individual,365,2,6090.59,1,4,5,145
16703,Individual,360,2,6090.59,1,4,5,145
18908,Individual,324,2,6090.59,1,4,5,145
16713,Individual,355,2,6090.59,1,4,5,145
18484,Individual,358,2,6093.20,1,4,5,145
18288,Individual,358,2,6093.20,1,4,5,145
18214,Individual,383,2,6093.20,1,4,5,145
18706,Individual,313,2,6060.50,1,4,5,145
18931,Individual,288,2,6060.50,1,4,5,145
16693,Individual,391,2,6060.50,1,4,5,145
18731,Individual,315,2,6054.06,1,4,5,145
18485,Individual,337,2,6063.21,1,4,5,145
11741,Individual,343,2,6079.24,1,4,5,145
18489,Individual,333,2,6081.10,1,4,5,145
16688,Individual,396,2,6081.10,1,4,5,145
16744,Individual,327,2,6070.59,1,4,5,145
16687,Individual,378,2,6070.59,1,4,5,145
18213,Individual,378,2,6070.59,1,4,5,145
18691,Individual,314,2,6070.59,1,4,5,145
16743,Individual,306,2,6070.59,1,4,5,145
11323,Individual,364,2,6074.54,1,4,5,145
12050,Individual,357,2,6023.73,1,4,5,145
11299,Individual,339,2,6015.24,1,4,5,145
18490,Individual,309,2,6029.57,1,4,5,145
18493,Individual,316,2,6029.57,1,4,5,145
18695,Individual,310,2,6029.57,1,4,5,145
18246,Individual,388,2,6030.61,1,4,5,145
18239,Individual,397,2,6030.61,1,4,5,145
18238,Individual,369,2,6030.61,1,4,5,145
18482,Individual,359,2,6030.61,1,4,5,145
18303,Individual,344,2,6030.61,1,4,5,145
18302,Individual,358,2,6029.57,1,4,5,145
18284,Individual,337,2,6029.57,1,4,5,145
22895,Individual,366,2,6029.57,1,4,5,145
18212,Individual,391,2,6029.57,1,4,5,145
22785,Individual,393,2,6029.57,1,4,5,145
18929,Individual,289,2,6029.57,1,4,5,145
18260,Individual,337,2,6035.60,1,4,5,145
18692,Individual,335,2,6035.60,1,4,5,145
18694,Individual,332,2,6035.60,1,4,5,145
18251,Individual,360,2,6035.60,1,4,5,145
18208,Individual,395,2,6035.60,1,4,5,145
18718,Individual,315,2,6035.60,1,4,5,145
18736,Individual,314,2,6035.60,1,4,5,145
18909,Individual,306,2,6035.60,1,4,5,145
19093,Individual,304,2,6035.60,1,4,5,145
19556,Individual,290,2,6035.60,1,4,5,145
12103,Individual,314,2,5997.73,1,4,5,145
11539,Individual,310,2,5997.73,1,4,5,145
11270,Individual,387,2,5984.22,1,4,5,145
12171,Individual,328,2,5983.74,1,4,5,145
12105,Individual,331,2,5993.26,1,4,5,145
12083,Individual,333,2,5993.26,1,4,5,145
12143,Individual,316,2,5993.26,1,4,5,145
11282,Individual,392,2,5998.73,1,4,5,145
18486,Individual,332,2,6021.62,1,4,5,145
18735,Individual,334,2,6021.62,1,4,5,145
18716,Individual,333,2,6021.62,1,4,5,145
18469,Individual,349,2,6021.62,1,4,5,145
18252,Individual,355,2,6021.62,1,4,5,145
18275,Individual,359,2,6021.62,1,4,5,145
18307,Individual,356,2,6021.62,1,4,5,145
16702,Individual,389,2,6021.62,1,4,5,145
18220,Individual,387,2,6021.62,1,4,5,145
18218,Individual,385,2,6021.62,1,4,5,145
18244,Individual,381,2,6021.62,1,4,5,145
18470,Individual,364,2,6021.62,1,4,5,145
18254,Individual,360,2,6021.62,1,4,5,145
16745,Individual,314,2,6021.62,1,4,5,145
18693,Individual,317,2,6021.62,1,4,5,145
18487,Individual,316,2,6021.62,1,4,5,145
18737,Individual,318,2,6021.62,1,4,5,145
18495,Individual,317,2,6021.62,1,4,5,145
19561,Individual,294,2,6021.62,1,4,5,145
19083,Individual,293,2,6021.62,1,4,5,145
19594,Individual,292,2,6021.62,1,4,5,145
17279,Individual,294,2,6021.62,1,4,5,145
19094,Individual,301,2,6021.62,1,4,5,145
18467,Individual,394,2,5279.26,1,4,5,145
18697,Individual,391,2,5279.26,1,4,5,145
18723,Individual,335,2,5279.26,1,4,5,145
18699,Individual,363,2,5308.24,1,4,5,145
18701,Individual,355,2,5357.74,1,4,5,145
19557,Individual,289,2,5358.24,1,4,5,145
18722,Individual,316,2,5333.25,1,4,5,145
18721,Individual,307,2,5333.25,1,4,5,145
18700,Individual,360,2,5328.23,1,4,5,145
22998,Individual,397,2,5329.25,1,4,5,145
18468,Individual,391,2,5333.25,1,4,5,145
18729,Individual,325,2,5333.25,1,4,5,145
18702,Individual,338,2,5333.25,1,4,5,145
18769,Individual,302,2,5304.25,1,4,5,145
18698,Individual,375,2,5314.25,1,4,5,145
18726,Individual,331,2,5314.25,1,4,5,145
23376,Individual,301,2,5314.25,1,4,5,145
18703,Individual,306,2,5314.25,1,4,5,145
23137,Individual,311,2,5314.25,1,4,5,145
18739,Individual,318,2,5371.74,1,4,5,145
11683,Individual,356,2,5897.23,1,4,5,145
12069,Individual,336,2,5897.53,1,4,5,145
11296,Individual,365,2,5897.53,1,4,5,145
11274,Individual,339,2,5888.24,1,4,5,145
11522,Individual,362,2,5888.24,1,4,5,145
12190,Individual,331,2,5890.53,1,4,5,145
12151,Individual,329,2,5895.24,1,4,5,145
11538,Individual,334,2,5895.24,1,4,5,145
11380,Individual,360,2,5837.91,1,4,5,145
11291,Individual,375,2,5873.26,1,4,5,145
11129,Individual,385,2,5873.26,1,4,5,145
11317,Individual,345,2,5873.26,1,4,5,145
11983,Individual,342,2,5873.26,1,4,5,145
12076,Individual,320,2,5873.26,1,4,5,145
11537,Individual,311,2,5873.26,1,4,5,145
12174,Individual,313,2,5873.26,1,4,5,145
12184,Individual,317,2,5875.55,1,4,5,145
11628,Individual,304,2,5875.55,1,4,5,145
12207,Individual,293,2,5875.55,1,4,5,145
11303,Individual,340,2,5875.55,1,4,5,145
11531,Individual,355,2,5875.55,1,4,5,145
11332,Individual,388,2,5754.97,1,4,5,145
11335,Individual,390,2,5744.25,1,4,5,145
11338,Individual,395,2,5744.95,1,4,5,145
11395,Individual,343,2,5729.97,1,4,5,145
12102,Individual,335,2,5903.19,1,4,5,145
11289,Individual,378,2,5905.48,1,4,5,145
11278,Individual,391,2,5908.25,1,4,5,145
12187,Individual,324,2,5908.25,1,4,5,145
12104,Individual,327,2,5908.25,1,4,5,145
12206,Individual,327,2,5908.25,1,4,5,145
11834,Individual,350,2,5908.25,1,4,5,145
11825,Individual,351,2,5900.55,1,4,5,145
11678,Individual,358,2,5900.55,1,4,5,145
11885,Individual,359,2,5900.55,1,4,5,145
11675,Individual,354,2,5898.26,1,4,5,145
11817,Individual,351,2,5898.26,1,4,5,145
11329,Individual,353,2,5898.26,1,4,5,145
11826,Individual,348,2,5898.26,1,4,5,145
12438,Individual,298,2,5898.26,1,4,5,145
12364,Individual,304,2,5898.26,1,4,5,145
11227,Individual,353,2,5910.22,1,4,5,145
11292,Individual,394,2,5910.22,1,4,5,145
12186,Individual,327,2,5913.24,1,4,5,145
12082,Individual,310,2,5913.24,1,4,5,145
12162,Individual,310,2,5913.24,1,4,5,145
12170,Individual,327,2,5908.26,1,4,5,145
12164,Individual,334,2,5908.26,1,4,5,145
11536,Individual,314,2,5915.54,1,4,5,145
11327,Individual,362,2,5915.54,1,4,5,145
12156,Individual,331,2,5920.24,1,4,5,145
11281,Individual,383,2,5921.19,1,4,5,145
11266,Individual,374,2,5922.23,1,4,5,145
11298,Individual,342,2,5922.23,1,4,5,145
11535,Individual,320,2,5919.21,1,4,5,145
11534,Individual,349,2,5919.73,1,4,5,145
11837,Individual,343,2,5923.23,1,4,5,145
12173,Individual,330,2,5929.23,1,4,5,145
11319,Individual,339,2,5930.23,1,4,5,145
12059,Individual,341,2,5930.23,1,4,5,145
11665,Individual,349,2,5930.23,1,4,5,145
11830,Individual,364,2,5930.23,1,4,5,145
12112,Individual,317,2,5930.23,1,4,5,145
12172,Individual,317,2,5930.23,1,4,5,145
12155,Individual,309,2,5930.23,1,4,5,145
12188,Individual,325,2,5933.25,1,4,5,145
12116,Individual,313,2,5933.25,1,4,5,145
11290,Individual,367,2,5933.25,1,4,5,145
11816,Individual,343,2,5933.25,1,4,5,145
11831,Individual,353,2,5933.25,1,4,5,145
12178,Individual,333,2,5933.25,1,4,5,145
12707,Individual,291,2,5948.23,1,4,5,145
12142,Individual,333,2,5945.21,1,4,5,145
12160,Individual,327,2,5945.23,1,4,5,145
11324,Individual,358,2,5945.23,1,4,5,145
11529,Individual,359,2,5944.21,1,4,5,145
11189,Individual,358,2,5944.22,1,4,5,145
12163,Individual,331,2,5944.73,1,4,5,145
11267,Individual,387,2,5943.23,1,4,5,145
11302,Individual,361,2,5938.19,1,4,5,145
12153,Individual,331,2,5938.23,1,4,5,145
11617,Individual,297,2,5935.55,1,4,5,145
11525,Individual,341,2,5935.55,1,4,5,145
12200,Individual,326,2,5935.55,1,4,5,145
12052,Individual,354,2,5935.55,1,4,5,145
12058,Individual,360,2,5936.20,1,4,5,145
12152,Individual,328,2,5937.73,1,4,5,145
12169,Individual,317,2,5948.24,1,4,5,145
11666,Individual,356,2,5948.24,1,4,5,145
11216,Individual,358,2,5948.24,1,4,5,145
11326,Individual,343,2,5948.24,1,4,5,145
11297,Individual,343,2,5948.24,1,4,5,145
11663,Individual,348,2,5948.24,1,4,5,145
11664,Individual,342,2,5948.24,1,4,5,145
11815,Individual,339,2,5948.24,1,4,5,145
11275,Individual,382,2,5955.23,1,4,5,145
11540,Individual,314,2,5958.18,1,4,5,145
12181,Individual,323,2,5958.74,1,4,5,145
11626,Individual,297,2,5958.74,1,4,5,145
11818,Individual,364,2,5954.22,1,4,5,145
11286,Individual,374,2,5954.22,1,4,5,145
12208,Individual,288,2,5954.22,1,4,5,145
12189,Individual,318,2,5950.23,1,4,5,145
12072,Individual,323,2,5951.18,1,4,5,145
11217,Individual,349,2,5953.25,1,4,5,145
11671,Individual,296,2,5970.23,1,4,5,145
22109,Individual,384,2,5971.33,1,4,5,145
11688,Individual,349,2,5967.23,1,4,5,145
22120,Individual,331,2,5962.34,1,4,5,145
11528,Individual,344,2,5959.71,1,4,5,145
11307,Individual,355,2,5964.22,1,4,5,145
12167,Individual,322,2,5975.23,1,4,5,145
11272,Individual,381,2,5975.23,1,4,5,145
12141,Individual,325,2,5979.22,1,4,5,145
11271,Individual,372,2,5973.24,1,4,5,145
12053,Individual,364,2,5973.24,1,4,5,145
12071,Individual,346,2,5973.24,1,4,5,145
11541,Individual,291,2,5973.24,1,4,5,145
16313,Individual,397,2,4985.66,1,4,5,145
23267,Individual,316,2,4862.09,1,4,5,145
16291,Individual,373,2,4921.69,1,4,5,145
16400,Individual,367,2,4958.28,1,4,5,145
12926,Individual,300,2,4795.31,1,4,5,145
16482,Individual,343,2,4783.74,1,4,5,145
16519,Individual,295,2,4752.75,1,4,5,145
11739,Individual,288,2,4758.03,1,4,5,145
13189,Individual,290,2,4765.63,1,4,5,145
16514,Individual,353,2,4761.74,1,4,5,145
12918,Individual,292,2,4763.34,1,4,5,145
23172,Individual,354,2,4809.39,1,4,5,145
23164,Individual,351,2,4807.10,1,4,5,145
23209,Individual,351,2,4802.11,1,4,5,145
12941,Individual,301,2,4818.33,1,4,5,145
13208,Individual,293,2,4813.32,1,4,5,145
23306,Individual,294,2,4828.11,1,4,5,145
23281,Individual,312,2,4828.11,1,4,5,145
28298,Individual,388,2,4828.11,1,4,5,145
13202,Individual,299,2,4558.52,1,4,5,145
13174,Individual,295,2,4558.52,1,4,5,145
11598,Individual,311,2,4548.70,1,4,5,145
13520,Individual,337,2,4551.36,1,4,5,145
12980,Individual,300,2,4552.52,1,4,5,145
12934,Individual,294,2,4551.53,1,4,5,145
11587,Individual,295,2,4540.38,1,4,5,145
16389,Individual,289,2,4638.89,1,4,5,145
16391,Individual,376,2,4624.91,1,4,5,145
16520,Individual,298,2,4727.74,1,4,5,145
13032,Individual,299,2,4740.63,1,4,5,145
16516,Individual,322,2,4733.75,1,4,5,145
16515,Individual,317,2,4733.75,1,4,5,145
23858,Individual,342,2,4712.74,1,4,5,145
11328,Individual,297,2,4718.04,1,4,5,145
16517,Individual,313,2,4698.76,1,4,5,145
16521,Individual,303,2,4698.76,1,4,5,145
16518,Individual,309,2,4698.76,1,4,5,145
16522,Individual,296,2,4698.76,1,4,5,145
16523,Individual,298,2,4698.76,1,4,5,145
16408,Individual,316,2,4692.88,1,4,5,145
13220,Individual,303,2,4682.53,1,4,5,145
16388,Individual,384,2,4673.88,1,4,5,145
16327,Individual,368,2,4647.88,1,4,5,145
16390,Individual,294,2,4657.51,1,4,5,145
16394,Individual,384,2,4659.90,1,4,5,145
16316,Individual,378,2,4659.80,1,4,5,145
16691,Individual,322,2,4471.74,1,4,5,145
16663,Individual,351,2,4471.74,1,4,5,145
11576,Individual,312,2,4486.41,1,4,5,145
13203,Individual,298,2,4491.53,1,4,5,145
13519,Individual,395,2,4492.45,1,4,5,145
12942,Individual,291,2,4501.55,1,4,5,145
13178,Individual,288,2,4498.53,1,4,5,145
11346,Individual,352,2,4503.05,1,4,5,145
16696,Individual,328,2,4506.76,1,4,5,145
13807,Individual,302,2,4506.76,1,4,5,145
13521,Individual,360,2,4514.77,1,4,5,145
13524,Individual,288,2,4528.75,1,4,5,145
11340,Individual,392,2,4413.06,1,4,5,145
11578,Individual,323,2,4406.39,1,4,5,145
11406,Individual,354,2,4415.04,1,4,5,145
16712,Individual,289,2,4417.75,1,4,5,145
16701,Individual,315,2,4426.74,1,4,5,145
28674,Individual,342,2,4430.09,1,4,5,145
12213,Individual,303,2,4419.06,1,4,5,145
11379,Individual,337,2,4426.06,1,4,5,145
11378,Individual,349,2,4436.39,1,4,5,145
11614,Individual,299,2,4438.06,1,4,5,145
11336,Individual,389,2,4441.38,1,4,5,145
11572,Individual,327,2,4450.37,1,4,5,145
11409,Individual,366,2,4444.07,1,4,5,145
11546,Individual,323,2,4460.38,1,4,5,145
11410,Individual,359,2,4464.07,1,4,5,145
28770,Individual,345,2,4355.61,1,4,5,145
28672,Individual,384,2,4355.61,1,4,5,145
16662,Individual,377,2,4355.71,1,4,5,145
13795,Individual,332,2,4357.75,1,4,5,145
28847,Individual,292,2,4355.61,1,4,5,145
16664,Individual,364,2,4377.75,1,4,5,145
16707,Individual,298,2,4377.75,1,4,5,145
11582,Individual,312,2,4379.08,1,4,5,145
11339,Individual,369,2,4379.08,1,4,5,145
28667,Individual,384,2,4370.61,1,4,5,145
11564,Individual,317,2,4369.09,1,4,5,145
28673,Individual,354,2,4380.10,1,4,5,145
11583,Individual,296,2,4381.39,1,4,5,145
16675,Individual,347,2,4385.03,1,4,5,145
11571,Individual,315,2,4390.68,1,4,5,145
11570,Individual,321,2,4391.41,1,4,5,145
13774,Individual,389,2,4392.74,1,4,5,145
28842,Individual,323,2,4393.58,1,4,5,145
13789,Individual,387,2,4397.75,1,4,5,145
13778,Individual,369,2,4397.75,1,4,5,145
13790,Individual,360,2,4397.75,1,4,5,145
28840,Individual,333,2,4399.10,1,4,5,145
11492,Individual,344,2,4404.08,1,4,5,145
11345,Individual,394,2,4404.09,1,4,5,145
24661,Individual,369,2,4181.76,1,4,5,145
20819,Individual,322,2,4181.76,1,4,5,145
20423,Individual,314,2,4177.74,1,4,5,145
22954,Individual,312,2,4179.33,1,4,5,145
17107,Individual,358,2,4179.33,1,4,5,145
22932,Individual,380,2,4169.33,1,4,5,145
17512,Individual,390,2,4170.54,1,4,5,145
17629,Individual,359,2,4173.32,1,4,5,145
17086,Individual,350,2,4194.33,1,4,5,145
14927,Individual,370,2,4190.23,1,4,5,145
20994,Individual,302,2,4191.72,1,4,5,145
20814,Individual,321,2,4186.23,1,4,5,145
18902,Individual,371,2,4186.23,1,4,5,145
20418,Individual,338,2,4207.24,1,4,5,145
22940,Individual,389,2,4207.32,1,4,5,145
17742,Individual,304,2,4198.33,1,4,5,145
20990,Individual,293,2,4196.22,1,4,5,145
16570,Individual,376,2,4219.32,1,4,5,145
20816,Individual,319,2,4228.72,1,4,5,145
20823,Individual,303,2,4216.75,1,4,5,145
18906,Individual,396,2,4217.22,1,4,5,145
17741,Individual,310,2,4217.30,1,4,5,145
28844,Individual,312,2,4337.56,1,4,5,145
28678,Individual,352,2,4337.56,1,4,5,145
17047,Individual,302,2,4347.76,1,4,5,145
12764,Individual,300,2,4347.76,1,4,5,145
28841,Individual,318,2,4334.60,1,4,5,145
24392,Individual,292,2,4329.61,1,4,5,145
11382,Individual,347,2,4344.09,1,4,5,145
11470,Individual,342,2,4344.09,1,4,5,145
11605,Individual,335,2,4344.09,1,4,5,145
11561,Individual,324,2,4344.09,1,4,5,145
11577,Individual,323,2,4344.09,1,4,5,145
24344,Individual,337,2,4329.61,1,4,5,145
28769,Individual,351,2,4329.61,1,4,5,145
28828,Individual,319,2,4329.61,1,4,5,145
28846,Individual,305,2,4320.62,1,4,5,145
28671,Individual,376,2,4320.62,1,4,5,145
20818,Individual,320,2,4230.73,1,4,5,145
20160,Individual,341,2,4237.22,1,4,5,145
22951,Individual,312,2,4242.31,1,4,5,145
16944,Individual,391,2,4253.81,1,4,5,145
17513,Individual,383,2,4260.24,1,4,5,145
14945,Individual,383,2,4260.24,1,4,5,145
13917,Individual,334,2,3282.81,1,4,5,145
16324,Individual,354,2,3282.81,1,4,5,145
13882,Individual,358,2,3282.81,1,4,5,145
13745,Individual,385,2,3282.81,1,4,5,145
13870,Individual,343,2,3282.83,1,4,5,145
13984,Individual,326,2,3282.83,1,4,5,145
13979,Individual,307,2,3282.83,1,4,5,145
23525,Individual,311,2,3302.05,1,4,5,145
23310,Individual,387,2,3333.32,1,4,5,145
23311,Individual,362,2,3337.04,1,4,5,145
23523,Individual,332,2,3337.04,1,4,5,145
14007,Individual,386,2,3772.41,1,4,5,145
14125,Individual,350,2,3772.41,1,4,5,145
14129,Individual,289,2,3750.09,1,4,5,145
14131,Individual,305,2,3807.40,1,4,5,145
14128,Individual,330,2,3836.38,1,4,5,145
14011,Individual,350,2,3831.89,1,4,5,145
14127,Individual,324,2,3809.57,1,4,5,145
22961,Individual,311,2,3891.54,1,4,5,145
17082,Individual,347,2,3891.54,1,4,5,145
14010,Individual,336,2,3861.39,1,4,5,145
22931,Individual,375,2,3882.55,1,4,5,145
17722,Individual,323,2,3882.55,1,4,5,145
22950,Individual,361,2,3917.54,1,4,5,145
22946,Individual,341,2,3911.53,1,4,5,145
22953,Individual,309,2,3899.49,1,4,5,145
16937,Individual,378,2,3926.53,1,4,5,145
29399,Individual,325,2,3936.47,1,4,5,145
16569,Individual,389,2,3936.54,1,4,5,145
21939,Individual,295,2,4163.24,1,4,5,145
18907,Individual,379,2,4167.23,1,4,5,145
20159,Individual,356,2,4167.23,1,4,5,145
19771,Individual,357,2,4167.23,1,4,5,145
19766,Individual,353,2,4167.23,1,4,5,145
20996,Individual,292,2,4149.99,1,4,5,145
17511,Individual,374,2,4150.53,1,4,5,145
14956,Individual,317,2,4145.54,1,4,5,145
20151,Individual,338,2,4152.73,1,4,5,145
14951,Individual,358,2,4153.25,1,4,5,145
20154,Individual,349,2,4153.25,1,4,5,145
19271,Individual,374,2,4153.25,1,4,5,145
20158,Individual,363,2,4153.25,1,4,5,145
19763,Individual,386,2,4153.25,1,4,5,145
23859,Individual,394,2,4153.25,1,4,5,145
20984,Individual,303,2,4153.25,1,4,5,145
14952,Individual,316,2,4153.25,1,4,5,145
17635,Individual,317,2,4153.33,1,4,5,145
20152,Individual,358,2,4142.75,1,4,5,145
20820,Individual,322,2,4143.74,1,4,5,145
24386,Individual,391,2,4143.74,1,4,5,145
18903,Individual,383,2,4143.74,1,4,5,145
17096,Individual,358,2,4144.34,1,4,5,145
17514,Individual,360,2,4142.23,1,4,5,145
20822,Individual,326,2,4134.53,1,4,5,145
20426,Individual,326,2,4139.75,1,4,5,145
20156,Individual,338,2,4139.75,1,4,5,145
20992,Individual,299,2,4139.75,1,4,5,145
29398,Individual,355,2,3964.47,1,4,5,145
12013,Individual,326,2,3949.97,1,4,5,145
29391,Individual,349,2,3949.97,1,4,5,145
20157,Individual,356,2,4118.26,1,4,5,145
20815,Individual,329,2,4118.26,1,4,5,145
20425,Individual,331,2,4118.26,1,4,5,145
20416,Individual,336,2,4118.26,1,4,5,145
18899,Individual,379,2,4118.26,1,4,5,145
19269,Individual,370,2,4118.26,1,4,5,145
29403,Individual,301,2,3991.94,1,4,5,145
29400,Individual,319,2,3992.46,1,4,5,145
20987,Individual,289,2,4132.24,1,4,5,145
20424,Individual,319,2,4132.24,1,4,5,145
20420,Individual,331,2,4132.24,1,4,5,145
19765,Individual,395,2,4132.24,1,4,5,145
18900,Individual,373,2,4132.24,1,4,5,145
19264,Individual,368,2,4132.24,1,4,5,145
19270,Individual,386,2,4127.25,1,4,5,145
20812,Individual,335,2,4127.25,1,4,5,145
21741,Individual,333,2,4127.25,1,4,5,145
19770,Individual,342,2,4127.25,1,4,5,145
20817,Individual,320,2,4118.26,1,4,5,145
20988,Individual,303,2,4118.26,1,4,5,145
20821,Individual,306,2,4118.26,1,4,5,145
20985,Individual,299,2,4118.26,1,4,5,145
21768,Individual,290,2,4118.26,1,4,5,145
23416,Individual,334,2,3598.83,1,4,5,145
23413,Individual,336,2,3617.83,1,4,5,145
23529,Individual,329,2,3617.83,1,4,5,145
24605,Individual,374,2,3627.81,1,4,5,145
24604,Individual,395,2,3681.80,1,4,5,145
23524,Individual,324,2,3598.83,1,4,5,145
23412,Individual,344,2,3586.81,1,4,5,145
23415,Individual,311,2,3588.83,1,4,5,145
19477,Individual,364,2,3533.77,1,4,5,145
19448,Individual,348,2,3543.88,1,4,5,145
23526,Individual,308,2,3563.84,1,4,5,145
23571,Individual,305,2,3563.84,1,4,5,145
19360,Individual,393,2,3511.76,1,4,5,145
19424,Individual,374,2,3511.76,1,4,5,145
19493,Individual,359,2,3515.37,1,4,5,145
19435,Individual,367,2,3457.77,1,4,5,145
19418,Individual,391,2,3476.39,1,4,5,145
19416,Individual,384,2,3476.39,1,4,5,145
19359,Individual,387,2,3478.78,1,4,5,145
19361,Individual,369,2,3478.78,1,4,5,145
19433,Individual,378,2,3478.78,1,4,5,145
19459,Individual,349,2,3478.78,1,4,5,145
19455,Individual,354,2,3478.78,1,4,5,145
19471,Individual,323,2,3478.78,1,4,5,145
19500,Individual,312,2,3478.78,1,4,5,145
19437,Individual,384,2,3480.38,1,4,5,145
19467,Individual,330,2,3485.38,1,4,5,145
23104,Individual,374,2,3490.03,1,4,5,145
19499,Individual,360,2,3492.76,1,4,5,145
19440,Individual,342,2,3492.76,1,4,5,145
19341,Individual,391,2,3498.78,1,4,5,145
19382,Individual,374,2,3443.79,1,4,5,145
19362,Individual,375,2,3443.79,1,4,5,145
19479,Individual,333,2,3443.79,1,4,5,145
14081,Individual,345,2,3451.74,1,4,5,145
23414,Individual,318,2,3391.03,1,4,5,145
23418,Individual,320,2,3400.02,1,4,5,145
23532,Individual,323,2,3337.04,1,4,5,145
23417,Individual,307,2,3337.04,1,4,5,145
23531,Individual,330,2,3337.28,1,4,5,145
20054,Individual,293,2,3338.04,1,4,5,145
23105,Individual,393,2,3361.53,1,4,5,145
19502,Individual,327,2,3565.36,1,4,5,145
23411,Individual,363,2,3577.82,1,4,5,145
16444,Individual,324,2,3271.82,1,4,4,144
16405,Individual,350,2,3262.83,1,4,4,144
20150,Individual,297,2,3264.02,1,4,4,144
13746,Individual,371,2,3250.11,1,4,4,144
13854,Individual,354,2,3247.82,1,4,4,144
20052,Individual,316,2,3214.03,1,4,4,144
13925,Individual,327,2,3220.79,1,4,4,144
16406,Individual,363,2,3110.05,1,4,4,144
20042,Individual,332,2,3150.40,1,4,4,144
16339,Individual,387,2,3169.59,1,4,4,144
20173,Individual,290,2,3181.33,1,4,4,144
17717,Individual,324,2,2840.01,1,4,4,144
28904,Individual,318,2,2848.58,1,4,4,144
26307,Individual,382,2,2848.76,1,4,4,144
26315,Individual,342,2,2825.43,1,4,4,144
26311,Individual,378,2,2822.76,1,4,4,144
17715,Individual,358,2,2831.53,1,4,4,144
26330,Individual,328,2,2821.72,1,4,4,144
13068,Individual,298,2,2815.52,1,4,4,144
26308,Individual,371,2,2867.76,1,4,4,144
26312,Individual,388,2,2881.74,1,4,4,144
24778,Individual,342,2,2858.49,1,4,4,144
26329,Individual,319,2,2860.42,1,4,4,144
26317,Individual,349,2,2862.74,1,4,4,144
26322,Individual,336,2,2912.26,1,4,4,144
13862,Individual,346,2,2986.04,1,4,4,144
13742,Individual,368,2,2988.32,1,4,4,144
16311,Individual,390,2,2988.32,1,4,4,144
16427,Individual,363,2,2975.02,1,4,4,144
13856,Individual,347,2,2982.02,1,4,4,144
13890,Individual,317,2,2982.02,1,4,4,144
13744,Individual,371,2,2959.00,1,4,4,144
13741,Individual,386,2,2951.05,1,4,4,144
21349,Individual,383,2,2989.38,1,4,4,144
25104,Individual,292,2,3018.33,1,4,4,144
24960,Individual,315,2,3008.82,1,4,4,144
13799,Individual,297,2,3010.03,1,4,4,144
13667,Individual,347,2,3001.04,1,4,4,144
13766,Individual,334,2,3001.04,1,4,4,144
13793,Individual,302,2,3021.04,1,4,4,144
13927,Individual,315,2,3021.04,1,4,4,144
13906,Individual,312,2,3021.04,1,4,4,144
13662,Individual,377,2,3021.04,1,4,4,144
13883,Individual,364,2,3021.04,1,4,4,144
13892,Individual,332,2,3021.04,1,4,4,144
17644,Individual,389,2,3017.33,1,4,4,144
13066,Individual,317,2,3033.31,1,4,4,144
18621,Individual,326,2,3033.33,1,4,4,144
13877,Individual,336,2,3030.03,1,4,4,144
13058,Individual,374,2,3032.31,1,4,4,144
13884,Individual,352,2,3043.00,1,4,4,144
13915,Individual,333,2,3045.53,1,4,4,144
13747,Individual,374,2,3045.53,1,4,4,144
25048,Individual,314,2,3046.84,1,4,4,144
14926,Individual,321,2,3058.31,1,4,4,144
13871,Individual,340,2,3060.52,1,4,4,144
13938,Individual,318,2,3071.01,1,4,4,144
13059,Individual,395,2,3089.80,1,4,4,144
13849,Individual,384,2,3084.54,1,4,4,144
13889,Individual,338,2,3084.02,1,4,4,144
13939,Individual,326,2,3084.02,1,4,4,144
13855,Individual,337,2,3095.52,1,4,4,144
20834,Individual,381,2,2566.95,1,4,4,144
21040,Individual,370,2,2566.95,1,4,4,144
29390,Individual,323,2,2589.09,1,4,4,144
29389,Individual,322,2,2589.09,1,4,4,144
20850,Individual,320,2,2556.94,1,4,4,144
20848,Individual,338,2,2558.46,1,4,4,144
20982,Individual,394,2,2546.96,1,4,4,144
20852,Individual,288,2,2546.96,1,4,4,144
20837,Individual,368,2,2547.95,1,4,4,144
21056,Individual,371,2,2547.95,1,4,4,144
21618,Individual,362,2,2611.07,1,4,4,144
28757,Individual,371,2,2611.41,1,4,4,144
15832,Individual,298,2,2611.41,1,4,4,144
28758,Individual,389,2,2603.07,1,4,4,144
21332,Individual,354,2,2616.86,1,4,4,144
21336,Individual,289,2,2628.35,1,4,4,144
21352,Individual,295,2,2625.39,1,4,4,144
29388,Individual,360,2,2639.18,1,4,4,144
21501,Individual,385,2,2661.40,1,4,4,144
21655,Individual,311,2,2648.07,1,4,4,144
15792,Individual,309,2,2645.40,1,4,4,144
21652,Individual,364,2,2646.06,1,4,4,144
15831,Individual,330,2,2646.36,1,4,4,144
21354,Individual,299,2,2646.40,1,4,4,144
15790,Individual,336,2,2668.38,1,4,4,144
15830,Individual,306,2,2680.38,1,4,4,144
21331,Individual,383,2,2670.89,1,4,4,144
29412,Individual,313,2,2671.88,1,4,4,144
20999,Individual,289,2,2735.53,1,4,4,144
17633,Individual,299,2,2732.70,1,4,4,144
17080,Individual,337,2,2732.70,1,4,4,144
13069,Individual,298,2,2731.54,1,4,4,144
17099,Individual,322,2,2701.43,1,4,4,144
14925,Individual,306,2,2721.55,1,4,4,144
14930,Individual,305,2,2721.55,1,4,4,144
20997,Individual,298,2,2744.52,1,4,4,144
14848,Individual,351,2,2746.55,1,4,4,144
16942,Individual,346,2,2751.42,1,4,4,144
14083,Individual,319,2,2751.42,1,4,4,144
17098,Individual,378,2,2768.53,1,4,4,144
17095,Individual,320,2,2760.41,1,4,4,144
17109,Individual,326,2,2769.40,1,4,4,144
17720,Individual,288,2,2790.53,1,4,4,144
26344,Individual,290,2,2791.45,1,4,4,144
26309,Individual,374,2,2800.44,1,4,4,144
26306,Individual,368,2,2800.44,1,4,4,144
17743,Individual,304,2,2793.52,1,4,4,144
14851,Individual,340,2,2802.49,1,4,4,144
26331,Individual,296,2,2800.44,1,4,4,144
26351,Individual,293,2,2800.44,1,4,4,144
26485,Individual,288,2,2813.77,1,4,4,144
26484,Individual,288,2,2813.77,1,4,4,144
13060,Individual,355,2,2808.00,1,4,4,144
17700,Individual,376,2,2805.53,1,4,4,144
21039,Individual,371,2,2483.98,1,4,4,144
21093,Individual,333,2,2515.25,1,4,4,144
20832,Individual,370,2,2533.97,1,4,4,144
20824,Individual,396,2,2512.96,1,4,4,144
20838,Individual,349,2,2541.94,1,4,4,144
21103,Individual,317,2,2506.95,1,4,4,144
21092,Individual,350,2,2511.26,1,4,4,144
20839,Individual,355,2,2511.26,1,4,4,144
15017,Individual,374,2,1307.06,1,4,4,144
17975,Individual,354,2,1518.58,1,4,4,144
17982,Individual,300,2,1538.56,1,4,4,144
26673,Individual,348,2,1505.76,1,4,4,144
15763,Individual,312,2,1387.95,1,4,4,144
15862,Individual,331,2,1379.95,1,4,4,144
26667,Individual,353,2,1390.95,1,4,4,144
26658,Individual,383,2,1390.95,1,4,4,144
19503,Individual,334,2,1391.95,1,4,4,144
19475,Individual,377,2,1394.93,1,4,4,144
15865,Individual,290,2,1416.95,1,4,4,144
15827,Individual,308,2,1418.92,1,4,4,144
15886,Individual,293,2,1422.46,1,4,4,144
15552,Individual,369,2,1426.46,1,4,4,144
15558,Individual,359,2,1362.96,1,4,4,144
26743,Individual,343,2,1371.95,1,4,4,144
15555,Individual,378,2,1371.95,1,4,4,144
26768,Individual,314,2,1371.95,1,4,4,144
15551,Individual,393,2,1375.26,1,4,4,144
15561,Individual,343,2,1375.26,1,4,4,144
15882,Individual,289,2,1372.46,1,4,4,144
15553,Individual,389,2,1372.95,1,4,4,144
15276,Individual,374,2,1346.76,1,4,4,144
26654,Individual,379,2,1346.76,1,4,4,144
15562,Individual,364,2,1347.97,1,4,4,144
15554,Individual,370,2,1357.97,1,4,4,144
26657,Individual,379,2,1357.97,1,4,4,144
26748,Individual,343,2,1357.97,1,4,4,144
26774,Individual,318,2,1331.97,1,4,4,144
26767,Individual,310,2,1331.97,1,4,4,144
26749,Individual,365,2,1322.98,1,4,4,144
26655,Individual,388,2,1322.98,1,4,4,144
15834,Individual,327,2,1322.98,1,4,4,144
26758,Individual,324,2,1322.98,1,4,4,144
15860,Individual,318,2,1322.98,1,4,4,144
26760,Individual,321,2,1322.98,1,4,4,144
15557,Individual,386,2,1337.96,1,4,4,144
15548,Individual,367,2,1337.96,1,4,4,144
15570,Individual,336,2,1344.96,1,4,4,144
26656,Individual,373,2,1345.95,1,4,4,144
27338,Individual,304,2,1339.92,1,4,4,144
26757,Individual,313,2,1344.47,1,4,4,144
27339,Individual,301,2,1336.96,1,4,4,144
26967,Individual,329,2,1336.96,1,4,4,144
26666,Individual,389,2,1336.96,1,4,4,144
14095,Individual,293,2,1802.21,1,4,4,144
13992,Individual,292,2,1802.21,1,4,4,144
13993,Individual,298,2,1804.92,1,4,4,144
14105,Individual,293,2,1784.91,1,4,4,144
21534,Individual,392,2,1622.45,1,4,4,144
24887,Individual,324,2,2218.90,1,4,4,144
24611,Individual,365,2,2219.42,1,4,4,144
24889,Individual,317,2,2269.91,1,4,4,144
24904,Individual,315,2,2199.90,1,4,4,144
24612,Individual,347,2,2152.20,1,4,4,144
24900,Individual,329,2,2155.92,1,4,4,144
24615,Individual,328,2,2155.92,1,4,4,144
24606,Individual,381,2,2155.92,1,4,4,144
24613,Individual,360,2,2148.21,1,4,4,144
24903,Individual,326,2,2164.91,1,4,4,144
24888,Individual,310,2,2174.92,1,4,4,144
24901,Individual,330,2,2174.92,1,4,4,144
24907,Individual,298,2,2183.91,1,4,4,144
24910,Individual,293,2,2183.91,1,4,4,144
24905,Individual,303,2,2195.91,1,4,4,144
19336,Individual,349,2,1957.47,1,4,4,144
19335,Individual,388,2,1957.47,1,4,4,144
19343,Individual,338,2,1952.45,1,4,4,144
19381,Individual,349,2,1953.47,1,4,4,144
20162,Individual,294,2,1966.46,1,4,4,144
20166,Individual,299,2,1967.45,1,4,4,144
24902,Individual,309,2,2120.93,1,4,4,144
24912,Individual,291,2,2120.93,1,4,4,144
24609,Individual,360,2,2120.93,1,4,4,144
24614,Individual,347,2,2120.93,1,4,4,144
24608,Individual,345,2,2120.93,1,4,4,144
19320,Individual,389,2,1981.96,1,4,4,144
20062,Individual,305,2,1997.45,1,4,4,144
13990,Individual,309,2,1893.91,1,4,4,144
13986,Individual,312,2,1893.91,1,4,4,144
14024,Individual,299,2,1902.90,1,4,4,144
20163,Individual,288,2,1903.48,1,4,4,144
19326,Individual,370,2,1903.48,1,4,4,144
19443,Individual,357,2,1863.57,1,4,4,144
19428,Individual,385,2,1878.57,1,4,4,144
19451,Individual,351,2,1869.58,1,4,4,144
19432,Individual,348,2,1869.58,1,4,4,144
19450,Individual,342,2,1887.56,1,4,4,144
14104,Individual,303,2,1889.91,1,4,4,144
19496,Individual,314,2,1854.58,1,4,4,144
14735,Individual,317,2,1854.58,1,4,4,144
19482,Individual,320,2,1854.58,1,4,4,144
19472,Individual,324,2,1854.58,1,4,4,144
19417,Individual,390,2,1854.58,1,4,4,144
14734,Individual,335,2,1854.58,1,4,4,144
19429,Individual,338,2,1854.58,1,4,4,144
14733,Individual,338,2,1854.58,1,4,4,144
14098,Individual,292,2,1845.90,1,4,4,144
14080,Individual,298,2,1848.91,1,4,4,144
14017,Individual,304,2,1848.91,1,4,4,144
14036,Individual,302,2,1839.92,1,4,4,144
19501,Individual,309,2,1819.59,1,4,4,144
19422,Individual,370,2,1819.59,1,4,4,144
19421,Individual,324,2,1930.76,1,4,4,144
19380,Individual,346,2,1934.75,1,4,4,144
19386,Individual,325,2,1938.47,1,4,4,144
19426,Individual,294,2,1938.47,1,4,4,144
19423,Individual,323,2,1938.47,1,4,4,144
12533,Individual,291,2,271.95,1,4,3,143
13814,Individual,291,2,230.04,1,4,3,143
16609,Individual,301,2,344.04,1,4,3,143
18919,Individual,317,2,300.94,1,4,3,143
17078,Individual,316,2,186.94,1,4,3,143
14531,Individual,307,2,190.54,1,4,3,143
11673,Individual,332,2,191.95,1,4,3,143
14953,Individual,313,2,202.46,1,4,3,143
13183,Individual,307,2,195.97,1,4,3,143
14982,Individual,301,2,152.45,1,4,3,143
18554,Individual,301,2,155.45,1,4,3,143
17238,Individual,306,2,147.48,1,4,3,143
17254,Individual,294,2,147.48,1,4,3,143
14814,Individual,327,2,128.46,1,4,3,143
17307,Individual,340,2,132.95,1,4,3,143
14535,Individual,318,2,123.47,1,4,3,143
17070,Individual,343,2,123.96,1,4,3,143
19584,Individual,300,2,116.74,1,4,3,143
11843,Individual,327,2,116.76,1,4,3,143
12262,Individual,304,2,119.45,1,4,3,143
15018,Individual,338,2,112.46,1,4,3,143
11255,Individual,304,2,113.96,1,4,3,143
12065,Individual,303,2,92.27,1,4,3,143
21252,Individual,348,2,94.45,1,4,3,143
11198,Individual,350,2,98.47,1,4,3,143
11718,Individual,314,2,100.27,1,4,3,143
17063,Individual,304,2,100.25,1,4,3,143
15216,Individual,297,2,101.74,1,4,3,143
18811,Individual,311,2,100.96,1,4,3,143
18391,Individual,299,2,100.96,1,4,3,143
11793,Individual,353,2,101.96,1,4,3,143
16679,Individual,304,2,106.56,1,4,3,143
11081,Individual,291,2,104.26,1,4,3,143
11153,Individual,306,2,109.77,1,4,3,143
17062,Individual,325,2,91.26,1,4,2,142
16168,Individual,306,2,80.11,1,4,2,142
18755,Individual,308,2,86.96,1,4,2,142
18871,Individual,344,2,86.96,1,4,2,142
11973,Individual,325,2,88.96,1,4,2,142
14053,Individual,355,2,86.26,1,4,2,142
14061,Individual,305,2,82.26,1,4,2,142
11293,Individual,320,2,85.22,1,4,2,142
18287,Individual,316,2,72.16,1,4,2,142
18293,Individual,363,2,74.24,1,4,2,142
12392,Individual,320,2,75.47,1,4,2,142
13776,Individual,319,2,70.57,1,4,2,142
19726,Individual,337,2,64.24,1,4,2,142
16610,Individual,298,2,67.58,1,4,2,142
20104,Individual,336,2,66.53,1,4,2,142
12568,Individual,318,2,67.46,1,4,2,142
17785,Individual,315,2,67.26,1,4,2,142
19087,Individual,357,2,47.20,1,4,2,142
16459,Individual,300,2,47.26,1,4,2,142
12185,Individual,289,2,50.23,1,4,2,142
11889,Individual,331,2,50.23,1,4,2,142
19625,Individual,295,2,52.77,1,4,2,142
15579,Individual,325,2,34.98,1,4,1,141
11226,Individual,304,2,37.29,1,4,1,141
11637,Individual,348,2,39.58,1,4,1,141
18733,Individual,292,2,24.27,1,4,1,141
24493,Individual,789,1,3578.27,1,1,5,115
24491,Individual,774,1,3578.27,1,1,5,115
24646,Individual,770,1,3578.27,1,1,5,115
24501,Individual,764,1,3578.27,1,1,5,115
28652,Individual,873,1,3578.27,1,1,5,115
28363,Individual,907,1,3578.27,1,1,5,115
23566,Individual,848,1,3578.27,1,1,5,115
23806,Individual,825,1,3578.27,1,1,5,115
28178,Individual,907,1,3578.27,1,1,5,115
29352,Individual,905,1,3578.27,1,1,5,115
29326,Individual,903,1,3578.27,1,1,5,115
29285,Individual,903,1,3578.27,1,1,5,115
28197,Individual,902,1,3578.27,1,1,5,115
28092,Individual,902,1,3578.27,1,1,5,115
28161,Individual,902,1,3578.27,1,1,5,115
28620,Individual,902,1,3578.27,1,1,5,115
28165,Individual,901,1,3578.27,1,1,5,115
28198,Individual,901,1,3578.27,1,1,5,115
29156,Individual,922,1,3578.27,1,1,5,115
29208,Individual,921,1,3578.27,1,1,5,115
29207,Individual,920,1,3578.27,1,1,5,115
29144,Individual,920,1,3578.27,1,1,5,115
29147,Individual,917,1,3578.27,1,1,5,115
29155,Individual,916,1,3578.27,1,1,5,115
29150,Individual,913,1,3578.27,1,1,5,115
28648,Individual,912,1,3578.27,1,1,5,115
28778,Individual,911,1,3578.27,1,1,5,115
28630,Individual,911,1,3578.27,1,1,5,115
29070,Individual,945,1,3578.27,1,1,5,115
28839,Individual,944,1,3578.27,1,1,5,115
28822,Individual,944,1,3578.27,1,1,5,115
28036,Individual,910,1,3578.27,1,1,5,115
27605,Individual,1099,1,3578.27,1,1,5,115
27611,Individual,1099,1,3578.27,1,1,5,115
28176,Individual,900,1,3578.27,1,1,5,115
28129,Individual,900,1,3578.27,1,1,5,115
28013,Individual,900,1,3578.27,1,1,5,115
29334,Individual,899,1,3578.27,1,1,5,115
28169,Individual,899,1,3578.27,1,1,5,115
28130,Individual,899,1,3578.27,1,1,5,115
29350,Individual,898,1,3578.27,1,1,5,115
29335,Individual,898,1,3578.27,1,1,5,115
28624,Individual,896,1,3578.27,1,1,5,115
27752,Individual,894,1,3578.27,1,1,5,115
28646,Individual,893,1,3578.27,1,1,5,115
28647,Individual,893,1,3578.27,1,1,5,115
28177,Individual,891,1,3578.27,1,1,5,115
29280,Individual,891,1,3578.27,1,1,5,115
29354,Individual,890,1,3578.27,1,1,5,115
27672,Individual,888,1,3578.27,1,1,5,115
28626,Individual,887,1,3578.27,1,1,5,115
28173,Individual,887,1,3578.27,1,1,5,115
29340,Individual,887,1,3578.27,1,1,5,115
28354,Individual,887,1,3578.27,1,1,5,115
28574,Individual,887,1,3578.27,1,1,5,115
28051,Individual,885,1,3578.27,1,1,5,115
28656,Individual,884,1,3578.27,1,1,5,115
28661,Individual,976,1,3578.27,1,1,5,115
28829,Individual,974,1,3578.27,1,1,5,115
29126,Individual,973,1,3578.27,1,1,5,115
28988,Individual,973,1,3578.27,1,1,5,115
28853,Individual,972,1,3578.27,1,1,5,115
28827,Individual,972,1,3578.27,1,1,5,115
28997,Individual,971,1,3578.27,1,1,5,115
28804,Individual,970,1,3578.27,1,1,5,115
28857,Individual,969,1,3578.27,1,1,5,115
28825,Individual,969,1,3578.27,1,1,5,115
29058,Individual,968,1,3578.27,1,1,5,115
29139,Individual,968,1,3578.27,1,1,5,115
28852,Individual,966,1,3578.27,1,1,5,115
28833,Individual,964,1,3578.27,1,1,5,115
29056,Individual,964,1,3578.27,1,1,5,115
28807,Individual,964,1,3578.27,1,1,5,115
29136,Individual,964,1,3578.27,1,1,5,115
29108,Individual,963,1,3578.27,1,1,5,115
28821,Individual,963,1,3578.27,1,1,5,115
28838,Individual,963,1,3578.27,1,1,5,115
28856,Individual,962,1,3578.27,1,1,5,115
28966,Individual,960,1,3578.27,1,1,5,115
28670,Individual,984,1,3578.27,1,1,5,115
28618,Individual,981,1,3578.27,1,1,5,115
28649,Individual,981,1,3578.27,1,1,5,115
28657,Individual,979,1,3578.27,1,1,5,115
28625,Individual,978,1,3578.27,1,1,5,115
28573,Individual,1014,1,3578.27,1,1,5,115
28294,Individual,1009,1,3578.27,1,1,5,115
28293,Individual,1009,1,3578.27,1,1,5,115
28295,Individual,1009,1,3578.27,1,1,5,115
28619,Individual,991,1,3578.27,1,1,5,115
28775,Individual,990,1,3578.27,1,1,5,115
28621,Individual,989,1,3578.27,1,1,5,115
28795,Individual,989,1,3578.27,1,1,5,115
28763,Individual,989,1,3578.27,1,1,5,115
28635,Individual,988,1,3578.27,1,1,5,115
28799,Individual,986,1,3578.27,1,1,5,115
28643,Individual,986,1,3578.27,1,1,5,115
28797,Individual,986,1,3578.27,1,1,5,115
28676,Individual,984,1,3578.27,1,1,5,115
28831,Individual,954,1,3578.27,1,1,5,115
29060,Individual,954,1,3578.27,1,1,5,115
29016,Individual,953,1,3578.27,1,1,5,115
28820,Individual,953,1,3578.27,1,1,5,115
28989,Individual,953,1,3578.27,1,1,5,115
29010,Individual,952,1,3578.27,1,1,5,115
28823,Individual,952,1,3578.27,1,1,5,115
28824,Individual,952,1,3578.27,1,1,5,115
29008,Individual,951,1,3578.27,1,1,5,115
29132,Individual,951,1,3578.27,1,1,5,115
28805,Individual,949,1,3578.27,1,1,5,115
29106,Individual,948,1,3578.27,1,1,5,115
29059,Individual,948,1,3578.27,1,1,5,115
28826,Individual,946,1,3578.27,1,1,5,115
29017,Individual,959,1,3578.27,1,1,5,115
28830,Individual,958,1,3578.27,1,1,5,115
29110,Individual,957,1,3578.27,1,1,5,115
28849,Individual,957,1,3578.27,1,1,5,115
28993,Individual,956,1,3578.27,1,1,5,115
28851,Individual,956,1,3578.27,1,1,5,115
28843,Individual,955,1,3578.27,1,1,5,115
28990,Individual,955,1,3578.27,1,1,5,115
28835,Individual,955,1,3578.27,1,1,5,115
29143,Individual,942,1,3578.27,1,1,5,115
29170,Individual,941,1,3578.27,1,1,5,115
29151,Individual,940,1,3578.27,1,1,5,115
29140,Individual,938,1,3578.27,1,1,5,115
29142,Individual,938,1,3578.27,1,1,5,115
22975,Individual,938,1,3578.27,1,1,5,115
29141,Individual,936,1,3578.27,1,1,5,115
29146,Individual,936,1,3578.27,1,1,5,115
22971,Individual,935,1,3578.27,1,1,5,115
29169,Individual,935,1,3578.27,1,1,5,115
29158,Individual,934,1,3578.27,1,1,5,115
29163,Individual,933,1,3578.27,1,1,5,115
29198,Individual,927,1,3578.27,1,1,5,115
29157,Individual,927,1,3578.27,1,1,5,115
29254,Individual,927,1,3578.27,1,1,5,115
29145,Individual,925,1,3578.27,1,1,5,115
29148,Individual,923,1,3578.27,1,1,5,115
27601,Individual,1123,1,3578.27,1,1,5,115
27612,Individual,1122,1,3578.27,1,1,5,115
27666,Individual,1119,1,3578.27,1,1,5,115
27577,Individual,1119,1,3578.27,1,1,5,115
27604,Individual,1118,1,3578.27,1,1,5,115
27578,Individual,1111,1,3578.27,1,1,5,115
27614,Individual,1109,1,3578.27,1,1,5,115
27649,Individual,1109,1,3578.27,1,1,5,115
27673,Individual,1097,1,3578.27,1,1,5,115
28018,Individual,1095,1,3578.27,1,1,5,115
28014,Individual,1090,1,3578.27,1,1,5,115
27726,Individual,1090,1,3578.27,1,1,5,115
28040,Individual,1086,1,3578.27,1,1,5,115
28039,Individual,1085,1,3578.27,1,1,5,115
28017,Individual,1083,1,3578.27,1,1,5,115
28042,Individual,1082,1,3578.27,1,1,5,115
28022,Individual,1079,1,3578.27,1,1,5,115
27681,Individual,1079,1,3578.27,1,1,5,115
28047,Individual,1079,1,3578.27,1,1,5,115
28044,Individual,1078,1,3578.27,1,1,5,115
27678,Individual,1077,1,3578.27,1,1,5,115
27759,Individual,1077,1,3578.27,1,1,5,115
27917,Individual,1076,1,3578.27,1,1,5,115
28041,Individual,1067,1,3578.27,1,1,5,115
28145,Individual,1064,1,3578.27,1,1,5,115
28172,Individual,1063,1,3578.27,1,1,5,115
28181,Individual,1062,1,3578.27,1,1,5,115
28168,Individual,1062,1,3578.27,1,1,5,115
28182,Individual,1061,1,3578.27,1,1,5,115
28186,Individual,1061,1,3578.27,1,1,5,115
28185,Individual,1060,1,3578.27,1,1,5,115
28088,Individual,1060,1,3578.27,1,1,5,115
28179,Individual,1059,1,3578.27,1,1,5,115
28183,Individual,1059,1,3578.27,1,1,5,115
28112,Individual,1059,1,3578.27,1,1,5,115
28097,Individual,1057,1,3578.27,1,1,5,115
28164,Individual,1052,1,3578.27,1,1,5,115
28150,Individual,1051,1,3578.27,1,1,5,115
28096,Individual,1051,1,3578.27,1,1,5,115
28149,Individual,1050,1,3578.27,1,1,5,115
28162,Individual,1049,1,3578.27,1,1,5,115
28170,Individual,1048,1,3578.27,1,1,5,115
28180,Individual,1047,1,3578.27,1,1,5,115
28148,Individual,1047,1,3578.27,1,1,5,115
28166,Individual,1046,1,3578.27,1,1,5,115
28660,Individual,1004,1,3578.27,1,1,5,115
28653,Individual,1003,1,3578.27,1,1,5,115
28794,Individual,1001,1,3578.27,1,1,5,115
28790,Individual,1001,1,3578.27,1,1,5,115
28627,Individual,1001,1,3578.27,1,1,5,115
28645,Individual,1000,1,3578.27,1,1,5,115
28761,Individual,1000,1,3578.27,1,1,5,115
28792,Individual,999,1,3578.27,1,1,5,115
28772,Individual,998,1,3578.27,1,1,5,115
28774,Individual,998,1,3578.27,1,1,5,115
28654,Individual,997,1,3578.27,1,1,5,115
28628,Individual,997,1,3578.27,1,1,5,115
28675,Individual,997,1,3578.27,1,1,5,115
28650,Individual,997,1,3578.27,1,1,5,115
28655,Individual,997,1,3578.27,1,1,5,115
28658,Individual,995,1,3578.27,1,1,5,115
28629,Individual,994,1,3578.27,1,1,5,115
28765,Individual,994,1,3578.27,1,1,5,115
28651,Individual,993,1,3578.27,1,1,5,115
28644,Individual,993,1,3578.27,1,1,5,115
28184,Individual,1044,1,3578.27,1,1,5,115
28163,Individual,1043,1,3578.27,1,1,5,115
28167,Individual,1041,1,3578.27,1,1,5,115
28142,Individual,1040,1,3578.27,1,1,5,115
28171,Individual,1039,1,3578.27,1,1,5,115
28147,Individual,1036,1,3578.27,1,1,5,115
28222,Individual,1035,1,3578.27,1,1,5,115
28598,Individual,1033,1,3578.27,1,1,5,115
28199,Individual,1033,1,3578.27,1,1,5,115
28200,Individual,1029,1,3578.27,1,1,5,115
28271,Individual,1028,1,3578.27,1,1,5,115
28587,Individual,1024,1,3578.27,1,1,5,115
28339,Individual,1023,1,3578.27,1,1,5,115
28588,Individual,1022,1,3578.27,1,1,5,115
28221,Individual,1020,1,3578.27,1,1,5,115
28299,Individual,1020,1,3578.27,1,1,5,115
28223,Individual,1019,1,3578.27,1,1,5,115
28584,Individual,1019,1,3578.27,1,1,5,115
28355,Individual,1018,1,3578.27,1,1,5,115
28340,Individual,1018,1,3578.27,1,1,5,115
28586,Individual,1017,1,3578.27,1,1,5,115
28362,Individual,1016,1,3578.27,1,1,5,115
28583,Individual,1016,1,3578.27,1,1,5,115
28270,Individual,1015,1,3578.27,1,1,5,115
28458,Individual,874,1,3374.99,1,1,5,115
28492,Individual,812,1,3374.99,1,1,5,115
28491,Individual,802,1,3374.99,1,1,5,115
28504,Individual,774,1,3374.99,1,1,5,115
28449,Individual,908,1,3374.99,1,1,5,115
28478,Individual,872,1,3374.99,1,1,5,115
28471,Individual,861,1,3374.99,1,1,5,115
28390,Individual,1101,1,3374.99,1,1,5,115
28443,Individual,910,1,3374.99,1,1,5,115
29481,Individual,900,1,3374.99,1,1,5,115
29466,Individual,959,1,3374.99,1,1,5,115
29474,Individual,955,1,3374.99,1,1,5,115
29467,Individual,970,1,3374.99,1,1,5,115
28407,Individual,991,1,3374.99,1,1,5,115
19802,Individual,1098,1,3374.99,1,1,5,115
28401,Individual,1045,1,3374.99,1,1,5,115
29448,Individual,1004,1,3399.99,1,1,5,115
25861,Individual,1119,1,3399.99,1,1,5,115
28389,Individual,1127,1,3399.99,1,1,5,115
25857,Individual,1106,1,3399.99,1,1,5,115
29385,Individual,1106,1,3399.99,1,1,5,115
28414,Individual,984,1,3399.99,1,1,5,115
29410,Individual,977,1,3399.99,1,1,5,115
29475,Individual,945,1,3399.99,1,1,5,115
29476,Individual,923,1,3399.99,1,1,5,115
29449,Individual,992,1,3399.99,1,1,5,115
28470,Individual,878,1,3399.99,1,1,5,115
20075,Individual,789,1,3399.99,1,1,5,115
24537,Individual,334,1,2511.32,1,1,4,114
20348,Individual,296,1,2511.32,1,1,4,114
20303,Individual,311,1,2512.32,1,1,4,114
16361,Individual,324,1,2514.93,1,1,4,114
16237,Individual,333,1,2514.93,1,1,4,114
22449,Individual,339,1,2514.93,1,1,4,114
25769,Individual,372,1,2514.93,1,1,4,114
20345,Individual,292,1,2520.83,1,1,4,114
26381,Individual,374,1,2520.83,1,1,4,114
24534,Individual,332,1,2533.93,1,1,4,114
23765,Individual,311,1,2535.81,1,1,4,114
23608,Individual,340,1,2510.94,1,1,4,114
16231,Individual,383,1,2525.94,1,1,4,114
27924,Individual,306,1,2525.94,1,1,4,114
16140,Individual,310,1,2528.33,1,1,4,114
20339,Individual,308,1,2528.33,1,1,4,114
21857,Individual,370,1,2487.33,1,1,4,114
24883,Individual,390,1,2487.33,1,1,4,114
22445,Individual,370,1,2490.18,1,1,4,114
24523,Individual,356,1,2492.02,1,1,4,114
24734,Individual,318,1,2492.02,1,1,4,114
20323,Individual,314,1,2492.32,1,1,4,114
21858,Individual,374,1,2492.32,1,1,4,114
20180,Individual,393,1,2487.89,1,1,4,114
24662,Individual,350,1,2493.54,1,1,4,114
20199,Individual,343,1,2502.83,1,1,4,114
11015,Individual,376,1,2500.97,1,1,4,114
24522,Individual,359,1,2482.56,1,1,4,114
16372,Individual,300,1,2482.23,1,1,4,114
23597,Individual,367,1,2482.23,1,1,4,114
25795,Individual,386,1,2482.23,1,1,4,114
24735,Individual,321,1,2478.04,1,1,4,114
22312,Individual,383,1,2478.24,1,1,4,114
23636,Individual,341,1,2479.94,1,1,4,114
22448,Individual,342,1,2479.94,1,1,4,114
25780,Individual,372,1,2479.94,1,1,4,114
20200,Individual,366,1,2479.94,1,1,4,114
25793,Individual,394,1,2479.94,1,1,4,114
25779,Individual,391,1,2479.94,1,1,4,114
23630,Individual,349,1,2481.82,1,1,4,114
23618,Individual,355,1,2481.82,1,1,4,114
16363,Individual,316,1,2481.82,1,1,4,114
29043,Individual,378,1,2447.05,1,1,4,114
24421,Individual,368,1,2447.05,1,1,4,114
29247,Individual,348,1,2447.05,1,1,4,114
20183,Individual,365,1,2451.30,1,1,4,114
23607,Individual,380,1,2451.30,1,1,4,114
22828,Individual,380,1,2451.30,1,1,4,114
20302,Individual,311,1,2451.30,1,1,4,114
24348,Individual,290,1,2443.55,1,1,4,114
24343,Individual,327,1,2443.55,1,1,4,114
25724,Individual,297,1,2442.03,1,1,4,114
28729,Individual,297,1,2452.04,1,1,4,114
20337,Individual,331,1,2452.34,1,1,4,114
23635,Individual,359,1,2452.34,1,1,4,114
24681,Individual,329,1,2453.04,1,1,4,114
24341,Individual,339,1,2453.04,1,1,4,114
16232,Individual,346,1,2475.95,1,1,4,114
22822,Individual,394,1,2475.95,1,1,4,114
20204,Individual,364,1,2475.95,1,1,4,114
23759,Individual,373,1,2475.95,1,1,4,114
28961,Individual,292,1,2478.04,1,1,4,114
22808,Individual,375,1,2478.34,1,1,4,114
23234,Individual,395,1,2478.34,1,1,4,114
20210,Individual,346,1,2478.34,1,1,4,114
23776,Individual,318,1,2478.34,1,1,4,114
28952,Individual,309,1,2473.04,1,1,4,114
28949,Individual,320,1,2473.05,1,1,4,114
28928,Individual,306,1,2473.05,1,1,4,114
24807,Individual,292,1,2469.05,1,1,4,114
25025,Individual,300,1,2469.05,1,1,4,114
24417,Individual,386,1,2467.02,1,1,4,114
23764,Individual,342,1,2457.33,1,1,4,114
27309,Individual,334,1,2457.33,1,1,4,114
20039,Individual,376,1,2457.33,1,1,4,114
16132,Individual,376,1,2459.62,1,1,4,114
28207,Individual,389,1,2461.55,1,1,4,114
25015,Individual,297,1,2461.55,1,1,4,114
28953,Individual,312,1,2462.55,1,1,4,114
20297,Individual,323,1,2466.32,1,1,4,114
24093,Individual,361,1,2466.32,1,1,4,114
23629,Individual,356,1,2466.32,1,1,4,114
23921,Individual,293,1,2465.28,1,1,4,114
22430,Individual,397,1,2638.94,1,1,4,114
27937,Individual,317,1,2641.23,1,1,4,114
20036,Individual,378,1,2618.62,1,1,4,114
16373,Individual,288,1,2578.43,1,1,4,114
20037,Individual,367,1,2595.95,1,1,4,114
20324,Individual,306,1,2543.44,1,1,4,114
26399,Individual,336,1,2543.44,1,1,4,114
23606,Individual,378,1,2543.44,1,1,4,114
24815,Individual,295,1,2438.06,1,1,4,114
29196,Individual,295,1,2438.06,1,1,4,114
24998,Individual,302,1,2438.06,1,1,4,114
24436,Individual,338,1,2438.06,1,1,4,114
24433,Individual,369,1,2442.54,1,1,4,114
28326,Individual,350,1,2442.54,1,1,4,114
26420,Individual,356,1,2443.35,1,1,4,114
22323,Individual,373,1,2443.35,1,1,4,114
26382,Individual,368,1,2443.35,1,1,4,114
20038,Individual,394,1,2443.35,1,1,4,114
20181,Individual,384,1,2443.35,1,1,4,114
26294,Individual,455,1,2443.35,1,1,4,114
25995,Individual,582,1,2443.35,1,1,4,114
26013,Individual,561,1,2443.35,1,1,4,114
28663,Individual,757,1,2443.35,1,1,4,114
25094,Individual,748,1,2443.35,1,1,4,114
25892,Individual,717,1,2443.35,1,1,4,114
28836,Individual,714,1,2443.35,1,1,4,114
25875,Individual,713,1,2443.35,1,1,4,114
25883,Individual,715,1,2443.35,1,1,4,114
25100,Individual,726,1,2443.35,1,1,4,114
28850,Individual,726,1,2443.35,1,1,4,114
25363,Individual,721,1,2443.35,1,1,4,114
25864,Individual,720,1,2443.35,1,1,4,114
28766,Individual,755,1,2443.35,1,1,4,114
25061,Individual,738,1,2443.35,1,1,4,114
24786,Individual,744,1,2443.35,1,1,4,114
28802,Individual,728,1,2443.35,1,1,4,114
25095,Individual,728,1,2443.35,1,1,4,114
28659,Individual,736,1,2443.35,1,1,4,114
25361,Individual,727,1,2443.35,1,1,4,114
29159,Individual,646,1,2443.35,1,1,4,114
29281,Individual,644,1,2443.35,1,1,4,114
29149,Individual,683,1,2443.35,1,1,4,114
25393,Individual,705,1,2443.35,1,1,4,114
28798,Individual,705,1,2443.35,1,1,4,114
28834,Individual,712,1,2443.35,1,1,4,114
16235,Individual,345,1,2443.35,1,1,4,114
27316,Individual,332,1,2443.35,1,1,4,114
20340,Individual,304,1,2443.35,1,1,4,114
23906,Individual,294,1,2443.35,1,1,4,114
28535,Individual,358,1,2433.04,1,1,4,114
24063,Individual,365,1,2433.04,1,1,4,114
25625,Individual,394,1,2433.04,1,1,4,114
28714,Individual,338,1,2433.04,1,1,4,114
25640,Individual,346,1,2428.05,1,1,4,114
24673,Individual,308,1,2428.05,1,1,4,114
27821,Individual,351,1,2428.05,1,1,4,114
29289,Individual,301,1,2433.04,1,1,4,114
25720,Individual,303,1,2433.04,1,1,4,114
24528,Individual,359,1,2420.34,1,1,4,114
29042,Individual,383,1,2420.34,1,1,4,114
24437,Individual,342,1,2427.04,1,1,4,114
22343,Individual,300,1,2422.54,1,1,4,114
28217,Individual,338,1,2408.29,1,1,4,114
24061,Individual,389,1,2413.06,1,1,4,114
24136,Individual,302,1,2413.06,1,1,4,114
24806,Individual,302,1,2413.06,1,1,4,114
24413,Individual,382,1,2407.04,1,1,4,114
28327,Individual,348,1,2407.04,1,1,4,114
24084,Individual,327,1,2407.04,1,1,4,114
29165,Individual,337,1,2407.04,1,1,4,114
24802,Individual,302,1,2407.04,1,1,4,114
24808,Individual,297,1,2407.04,1,1,4,114
29115,Individual,291,1,2407.04,1,1,4,114
24153,Individual,290,1,2418.05,1,1,4,114
24680,Individual,314,1,2418.05,1,1,4,114
24959,Individual,288,1,2419.06,1,1,4,114
29194,Individual,289,1,2419.06,1,1,4,114
24809,Individual,295,1,2419.06,1,1,4,114
24349,Individual,301,1,2419.06,1,1,4,114
29103,Individual,303,1,2419.06,1,1,4,114
24347,Individual,298,1,2419.06,1,1,4,114
29195,Individual,298,1,2419.06,1,1,4,114
25725,Individual,299,1,2419.06,1,1,4,114
24988,Individual,300,1,2419.06,1,1,4,114
28723,Individual,300,1,2419.06,1,1,4,114
24779,Individual,311,1,2419.06,1,1,4,114
25702,Individual,306,1,2419.06,1,1,4,114
24135,Individual,307,1,2419.06,1,1,4,114
24670,Individual,309,1,2419.06,1,1,4,114
27839,Individual,322,1,2419.06,1,1,4,114
28935,Individual,317,1,2419.06,1,1,4,114
24105,Individual,319,1,2419.06,1,1,4,114
24526,Individual,338,1,2419.06,1,1,4,114
24527,Individual,336,1,2419.06,1,1,4,114
28309,Individual,343,1,2419.06,1,1,4,114
25674,Individual,328,1,2419.06,1,1,4,114
28927,Individual,330,1,2419.06,1,1,4,114
28948,Individual,334,1,2419.06,1,1,4,114
29277,Individual,333,1,2419.06,1,1,4,114
28709,Individual,332,1,2419.06,1,1,4,114
24675,Individual,331,1,2419.06,1,1,4,114
24425,Individual,390,1,2419.06,1,1,4,114
28204,Individual,394,1,2419.06,1,1,4,114
27820,Individual,396,1,2419.06,1,1,4,114
28202,Individual,395,1,2419.06,1,1,4,114
27819,Individual,380,1,2419.06,1,1,4,114
28201,Individual,375,1,2419.06,1,1,4,114
24083,Individual,348,1,2419.06,1,1,4,114
24521,Individual,347,1,2419.06,1,1,4,114
29137,Individual,369,1,2419.06,1,1,4,114
24405,Individual,372,1,2419.06,1,1,4,114
24660,Individual,362,1,2419.06,1,1,4,114
24669,Individual,358,1,2419.06,1,1,4,114
28720,Individual,361,1,2419.06,1,1,4,114
24434,Individual,386,1,2398.05,1,1,4,114
25618,Individual,393,1,2398.05,1,1,4,114
24414,Individual,374,1,2398.05,1,1,4,114
28206,Individual,370,1,2398.05,1,1,4,114
24529,Individual,359,1,2398.05,1,1,4,114
24345,Individual,321,1,2398.05,1,1,4,114
28208,Individual,340,1,2398.05,1,1,4,114
25681,Individual,335,1,2398.05,1,1,4,114
11144,Individual,369,1,2399.97,1,1,4,114
24427,Individual,376,1,2400.34,1,1,4,114
11158,Individual,375,1,2395.96,1,1,4,114
24403,Individual,388,1,2393.06,1,1,4,114
28694,Individual,379,1,2393.06,1,1,4,114
24420,Individual,371,1,2393.06,1,1,4,114
28311,Individual,366,1,2393.06,1,1,4,114
24340,Individual,339,1,2393.06,1,1,4,114
24110,Individual,316,1,2393.06,1,1,4,114
29256,Individual,316,1,2393.06,1,1,4,114
28923,Individual,320,1,2393.06,1,1,4,114
28940,Individual,310,1,2393.06,1,1,4,114
29179,Individual,305,1,2393.06,1,1,4,114
27880,Individual,293,1,2393.06,1,1,4,114
29183,Individual,291,1,2393.06,1,1,4,114
28712,Individual,292,1,2393.06,1,1,4,114
24819,Individual,290,1,2393.06,1,1,4,114
29191,Individual,288,1,2393.06,1,1,4,114
24351,Individual,298,1,2393.06,1,1,4,114
29292,Individual,297,1,2393.06,1,1,4,114
24784,Individual,301,1,2393.06,1,1,4,114
13102,Individual,296,1,2386.94,1,1,4,114
11156,Individual,386,1,2389.97,1,1,4,114
11526,Individual,360,1,2376.96,1,1,4,114
11523,Individual,348,1,2376.96,1,1,4,114
11888,Individual,317,1,2376.96,1,1,4,114
11041,Individual,380,1,2380.47,1,1,4,114
11136,Individual,391,1,2380.47,1,1,4,114
28136,Individual,392,1,2384.07,1,1,4,114
24339,Individual,397,1,2384.07,1,1,4,114
28203,Individual,389,1,2384.07,1,1,4,114
28323,Individual,349,1,2384.07,1,1,4,114
28719,Individual,359,1,2384.07,1,1,4,114
24404,Individual,372,1,2384.07,1,1,4,114
24674,Individual,328,1,2384.07,1,1,4,114
24780,Individual,328,1,2384.07,1,1,4,114
29293,Individual,290,1,2384.07,1,1,4,114
29114,Individual,291,1,2384.07,1,1,4,114
29102,Individual,303,1,2384.07,1,1,4,114
24804,Individual,299,1,2384.07,1,1,4,114
11316,Individual,382,1,2349.98,1,1,4,114
12017,Individual,315,1,2339.97,1,1,4,114
11062,Individual,387,1,2351.96,1,1,4,114
11265,Individual,391,1,2351.96,1,1,4,114
11040,Individual,301,1,2350.96,1,1,4,114
11036,Individual,372,1,2354.98,1,1,4,114
12080,Individual,304,1,2354.99,1,1,4,114
11647,Individual,348,1,2365.94,1,1,4,114
11618,Individual,354,1,2369.96,1,1,4,114
11037,Individual,374,1,2374.23,1,1,4,114
11063,Individual,382,1,2372.95,1,1,4,114
11132,Individual,295,1,2371.94,1,1,4,114
11021,Individual,371,1,2371.96,1,1,4,114
16973,Individual,288,1,1857.92,1,1,4,114
27431,Individual,430,1,2049.10,1,1,4,114
28739,Individual,592,1,2049.10,1,1,4,114
28728,Individual,591,1,2049.10,1,1,4,114
28749,Individual,586,1,2049.10,1,1,4,114
26711,Individual,567,1,2049.10,1,1,4,114
26734,Individual,566,1,2049.10,1,1,4,114
26814,Individual,565,1,2049.10,1,1,4,114
26801,Individual,568,1,2049.10,1,1,4,114
26725,Individual,560,1,2049.10,1,1,4,114
26724,Individual,559,1,2049.10,1,1,4,114
29364,Individual,555,1,2049.10,1,1,4,114
26731,Individual,548,1,2049.10,1,1,4,114
26815,Individual,546,1,2049.10,1,1,4,114
29415,Individual,545,1,2049.10,1,1,4,114
27090,Individual,492,1,2049.10,1,1,4,114
27089,Individual,489,1,2049.10,1,1,4,114
27193,Individual,487,1,2049.10,1,1,4,114
27251,Individual,484,1,2049.10,1,1,4,114
27231,Individual,482,1,2049.10,1,1,4,114
27226,Individual,481,1,2049.10,1,1,4,114
27083,Individual,508,1,2049.10,1,1,4,114
29483,Individual,507,1,2049.10,1,1,4,114
27081,Individual,506,1,2049.10,1,1,4,114
27095,Individual,502,1,2049.10,1,1,4,114
27086,Individual,500,1,2049.10,1,1,4,114
29450,Individual,500,1,2049.10,1,1,4,114
27068,Individual,531,1,2049.10,1,1,4,114
27045,Individual,530,1,2049.10,1,1,4,114
29404,Individual,542,1,2049.10,1,1,4,114
27058,Individual,542,1,2049.10,1,1,4,114
29397,Individual,539,1,2049.10,1,1,4,114
27069,Individual,529,1,2049.10,1,1,4,114
27047,Individual,528,1,2049.10,1,1,4,114
27067,Individual,527,1,2049.10,1,1,4,114
27051,Individual,527,1,2049.10,1,1,4,114
27044,Individual,520,1,2049.10,1,1,4,114
29479,Individual,512,1,2049.10,1,1,4,114
27263,Individual,455,1,2049.10,1,1,4,114
27292,Individual,455,1,2049.10,1,1,4,114
27260,Individual,454,1,2049.10,1,1,4,114
27425,Individual,457,1,2049.10,1,1,4,114
27272,Individual,447,1,2049.10,1,1,4,114
27269,Individual,445,1,2049.10,1,1,4,114
29482,Individual,498,1,2049.10,1,1,4,114
27240,Individual,478,1,2049.10,1,1,4,114
27232,Individual,476,1,2049.10,1,1,4,114
27255,Individual,476,1,2049.10,1,1,4,114
27254,Individual,466,1,2049.10,1,1,4,114
27235,Individual,465,1,2049.10,1,1,4,114
27276,Individual,433,1,2049.10,1,1,4,114
27205,Individual,463,1,2049.10,1,1,4,114
27424,Individual,435,1,2049.10,1,1,4,114
27268,Individual,451,1,2049.10,1,1,4,114
27421,Individual,450,1,2049.10,1,1,4,114
27261,Individual,437,1,2049.10,1,1,4,114
27275,Individual,428,1,2049.10,1,1,4,114
27262,Individual,433,1,2049.10,1,1,4,114
27416,Individual,432,1,2049.10,1,1,4,114
27535,Individual,420,1,2049.10,1,1,4,114
27558,Individual,419,1,2049.10,1,1,4,114
27551,Individual,419,1,2049.10,1,1,4,114
27553,Individual,426,1,2049.10,1,1,4,114
27555,Individual,415,1,2049.10,1,1,4,114
27523,Individual,406,1,2049.10,1,1,4,114
27467,Individual,405,1,2049.10,1,1,4,114
27546,Individual,404,1,2049.10,1,1,4,114
27524,Individual,402,1,2049.10,1,1,4,114
27559,Individual,401,1,2049.10,1,1,4,114
27556,Individual,399,1,2049.10,1,1,4,114
28540,Individual,712,1,2049.10,1,1,4,114
28529,Individual,703,1,2049.10,1,1,4,114
28685,Individual,698,1,2049.10,1,1,4,114
28512,Individual,708,1,2049.10,1,1,4,114
28519,Individual,708,1,2049.10,1,1,4,114
28559,Individual,690,1,2049.10,1,1,4,114
28683,Individual,687,1,2049.10,1,1,4,114
28690,Individual,641,1,2049.10,1,1,4,114
28724,Individual,646,1,2049.10,1,1,4,114
28689,Individual,650,1,2049.10,1,1,4,114
28547,Individual,721,1,2049.10,1,1,4,114
28541,Individual,726,1,2049.10,1,1,4,114
26127,Individual,754,1,2049.10,1,1,4,114
26174,Individual,752,1,2071.42,1,1,4,114
26249,Individual,751,1,2071.42,1,1,4,114
28510,Individual,745,1,2071.42,1,1,4,114
26183,Individual,736,1,2071.42,1,1,4,114
28532,Individual,728,1,2071.42,1,1,4,114
26481,Individual,650,1,2071.42,1,1,4,114
28711,Individual,665,1,2071.42,1,1,4,114
28708,Individual,662,1,2071.42,1,1,4,114
28707,Individual,655,1,2071.42,1,1,4,114
28727,Individual,611,1,2071.42,1,1,4,114
28560,Individual,697,1,2071.42,1,1,4,114
27576,Individual,414,1,2071.42,1,1,4,114
27531,Individual,413,1,2071.42,1,1,4,114
27508,Individual,411,1,2071.42,1,1,4,114
27554,Individual,409,1,2071.42,1,1,4,114
27468,Individual,409,1,2071.42,1,1,4,114
27575,Individual,425,1,2071.42,1,1,4,114
27547,Individual,422,1,2071.42,1,1,4,114
27277,Individual,430,1,2071.42,1,1,4,114
27552,Individual,418,1,2071.42,1,1,4,114
27504,Individual,418,1,2071.42,1,1,4,114
27534,Individual,418,1,2071.42,1,1,4,114
27271,Individual,432,1,2071.42,1,1,4,114
27549,Individual,427,1,2071.42,1,1,4,114
27448,Individual,436,1,2071.42,1,1,4,114
27286,Individual,435,1,2071.42,1,1,4,114
27256,Individual,465,1,2071.42,1,1,4,114
27227,Individual,464,1,2071.42,1,1,4,114
27234,Individual,475,1,2071.42,1,1,4,114
27212,Individual,474,1,2071.42,1,1,4,114
27206,Individual,473,1,2071.42,1,1,4,114
27239,Individual,470,1,2071.42,1,1,4,114
27228,Individual,477,1,2071.42,1,1,4,114
27094,Individual,495,1,2071.42,1,1,4,114
27091,Individual,494,1,2071.42,1,1,4,114
27423,Individual,440,1,2071.42,1,1,4,114
27264,Individual,439,1,2071.42,1,1,4,114
27266,Individual,453,1,2071.42,1,1,4,114
27258,Individual,453,1,2071.42,1,1,4,114
27405,Individual,456,1,2071.42,1,1,4,114
27257,Individual,459,1,2071.42,1,1,4,114
27289,Individual,457,1,2071.42,1,1,4,114
27088,Individual,512,1,2071.42,1,1,4,114
27087,Individual,518,1,2071.42,1,1,4,114
27021,Individual,524,1,2071.42,1,1,4,114
29414,Individual,527,1,2071.42,1,1,4,114
27056,Individual,539,1,2071.42,1,1,4,114
27077,Individual,536,1,2071.42,1,1,4,114
27050,Individual,536,1,2071.42,1,1,4,114
27076,Individual,529,1,2071.42,1,1,4,114
27063,Individual,533,1,2071.42,1,1,4,114
27108,Individual,505,1,2071.42,1,1,4,114
27080,Individual,507,1,2071.42,1,1,4,114
27079,Individual,508,1,2071.42,1,1,4,114
27211,Individual,478,1,2071.42,1,1,4,114
27020,Individual,544,1,2071.42,1,1,4,114
27078,Individual,543,1,2071.42,1,1,4,114
27054,Individual,547,1,2071.42,1,1,4,114
27064,Individual,547,1,2071.42,1,1,4,114
29380,Individual,553,1,2071.42,1,1,4,114
26726,Individual,558,1,2071.42,1,1,4,114
26811,Individual,567,1,2071.42,1,1,4,114
26735,Individual,564,1,2071.42,1,1,4,114
26710,Individual,562,1,2071.42,1,1,4,114
28736,Individual,580,1,2071.42,1,1,4,114
29361,Individual,571,1,2071.42,1,1,4,114
26717,Individual,571,1,2071.42,1,1,4,114
26786,Individual,570,1,2071.42,1,1,4,114
26805,Individual,570,1,2071.42,1,1,4,114
27544,Individual,406,1,2071.42,1,1,4,114
26049,Individual,576,1,2181.56,1,1,4,114
25999,Individual,583,1,2181.56,1,1,4,114
26310,Individual,457,1,2181.56,1,1,4,114
26235,Individual,476,1,2181.56,1,1,4,114
26279,Individual,431,1,2181.56,1,1,4,114
29135,Individual,707,1,2181.56,1,1,4,114
25911,Individual,671,1,2181.56,1,1,4,114
29013,Individual,708,1,2181.56,1,1,4,114
29152,Individual,682,1,2181.56,1,1,4,114
29154,Individual,644,1,2181.56,1,1,4,114
29336,Individual,647,1,2181.56,1,1,4,114
28669,Individual,737,1,2181.56,1,1,4,114
24832,Individual,733,1,2181.56,1,1,4,114
24817,Individual,743,1,2181.56,1,1,4,114
24781,Individual,756,1,2181.56,1,1,4,114
25093,Individual,746,1,2181.56,1,1,4,114
24824,Individual,745,1,2181.56,1,1,4,114
28819,Individual,726,1,2181.56,1,1,4,114
28832,Individual,725,1,2181.56,1,1,4,114
25371,Individual,715,1,2181.56,1,1,4,114
28837,Individual,720,1,2181.56,1,1,4,114
28848,Individual,718,1,2181.56,1,1,4,114
28818,Individual,717,1,2181.56,1,1,4,114
24977,Individual,749,1,2181.56,1,1,4,114
25046,Individual,758,1,2181.56,1,1,4,114
24976,Individual,758,1,2181.56,1,1,4,114
11152,Individual,385,1,2294.99,1,1,4,114
11693,Individual,366,1,2294.99,1,1,4,114
11064,Individual,369,1,2304.98,1,1,4,114
11145,Individual,369,1,2309.97,1,1,4,114
11020,Individual,396,1,2316.97,1,1,4,114
11155,Individual,388,1,2319.99,1,1,4,114
11154,Individual,384,1,2319.99,1,1,4,114
11022,Individual,374,1,2322.28,1,1,4,114
11160,Individual,342,1,2322.28,1,1,4,114
11162,Individual,345,1,2329.98,1,1,4,114
11053,Individual,377,1,2329.98,1,1,4,114
11016,Individual,354,1,2332.28,1,1,4,114
25305,Individual,291,1,1725.98,1,1,4,114
16974,Individual,295,1,1729.97,1,1,4,114
16886,Individual,359,1,1729.97,1,1,4,114
16889,Individual,325,1,1729.97,1,1,4,114
24210,Individual,310,1,1729.97,1,1,4,114
24710,Individual,322,1,1732.26,1,1,4,114
16797,Individual,386,1,1732.26,1,1,4,114
16792,Individual,377,1,1735.98,1,1,4,114
16812,Individual,347,1,1735.98,1,1,4,114
23763,Individual,314,1,1735.98,1,1,4,114
16878,Individual,340,1,1735.98,1,1,4,114
20666,Individual,335,1,1714.97,1,1,4,114
16896,Individual,319,1,1714.97,1,1,4,114
16879,Individual,337,1,1728.27,1,1,4,114
16807,Individual,380,1,1728.27,1,1,4,114
16804,Individual,379,1,1728.27,1,1,4,114
23939,Individual,298,1,1709.98,1,1,4,114
16799,Individual,371,1,1700.99,1,1,4,114
16920,Individual,311,1,1700.99,1,1,4,114
16811,Individual,336,1,1700.99,1,1,4,114
16763,Individual,293,1,1700.99,1,1,4,114
16956,Individual,293,1,1700.99,1,1,4,114
24102,Individual,369,1,1779.47,1,1,4,114
20667,Individual,293,1,1775.97,1,1,4,114
16887,Individual,343,1,1769.96,1,1,4,114
16890,Individual,321,1,1808.45,1,1,4,114
16793,Individual,387,1,1788.95,1,1,4,114
16794,Individual,379,1,1785.97,1,1,4,114
16976,Individual,304,1,1785.97,1,1,4,114
16803,Individual,380,1,1759.97,1,1,4,114
16895,Individual,316,1,1760.47,1,1,4,114
16897,Individual,334,1,1763.97,1,1,4,114
16894,Individual,328,1,1763.97,1,1,4,114
16805,Individual,379,1,1768.96,1,1,4,114
20664,Individual,317,1,1764.96,1,1,4,114
16798,Individual,378,1,1764.96,1,1,4,114
16925,Individual,295,1,1764.96,1,1,4,114
16947,Individual,288,1,1735.98,1,1,4,114
16951,Individual,301,1,1735.98,1,1,4,114
20663,Individual,341,1,1750.98,1,1,4,114
23780,Individual,307,1,1750.98,1,1,4,114
16898,Individual,309,1,1750.98,1,1,4,114
24711,Individual,322,1,1750.98,1,1,4,114
12765,Individual,317,1,1750.98,1,1,4,114
20662,Individual,397,1,1750.98,1,1,4,114
24718,Individual,297,1,1750.98,1,1,4,114
16970,Individual,292,1,1754.98,1,1,4,114
16972,Individual,292,1,1754.98,1,1,4,114
23758,Individual,349,1,1754.98,1,1,4,114
16888,Individual,355,1,1754.98,1,1,4,114
22693,Individual,361,1,1754.98,1,1,4,114
24206,Individual,346,1,1754.98,1,1,4,114
24103,Individual,346,1,1754.98,1,1,4,114
29432,Individual,297,1,1307.31,1,1,4,114
25086,Individual,395,1,1308.31,1,1,4,114
25382,Individual,305,1,1283.82,1,1,4,114
25368,Individual,300,1,1283.82,1,1,4,114
27874,Individual,324,1,1288.31,1,1,4,114
29433,Individual,299,1,1289.33,1,1,4,114
26884,Individual,338,1,1273.83,1,1,4,114
26864,Individual,396,1,1268.84,1,1,4,114
25097,Individual,350,1,1268.84,1,1,4,114
27875,Individual,324,1,1268.84,1,1,4,114
19550,Individual,325,1,1269.47,1,1,4,114
25092,Individual,387,1,1257.82,1,1,4,114
26930,Individual,315,1,1263.82,1,1,4,114
26831,Individual,381,1,1264.84,1,1,4,114
19225,Individual,394,1,1218.98,1,1,4,114
25383,Individual,294,1,1228.83,1,1,4,114
25381,Individual,292,1,1228.83,1,1,4,114
25538,Individual,309,1,1228.83,1,1,4,114
26825,Individual,367,1,1228.83,1,1,4,114
25085,Individual,374,1,1228.83,1,1,4,114
25366,Individual,319,1,1243.84,1,1,4,114
22686,Individual,324,1,1243.44,1,1,4,114
26826,Individual,395,1,1237.82,1,1,4,114
23774,Individual,299,1,1234.45,1,1,4,114
25096,Individual,351,1,1236.78,1,1,4,114
25204,Individual,317,1,1249.84,1,1,4,114
25199,Individual,322,1,1249.84,1,1,4,114
25281,Individual,309,1,1249.84,1,1,4,114
25384,Individual,305,1,1249.84,1,1,4,114
25198,Individual,314,1,1249.84,1,1,4,114
29431,Individual,328,1,1249.84,1,1,4,114
25148,Individual,335,1,1249.84,1,1,4,114
25099,Individual,340,1,1249.84,1,1,4,114
27873,Individual,397,1,1249.84,1,1,4,114
26862,Individual,378,1,1249.84,1,1,4,114
25088,Individual,381,1,1249.84,1,1,4,114
26873,Individual,347,1,1249.84,1,1,4,114
25087,Individual,372,1,1249.84,1,1,4,114
25385,Individual,302,1,1249.84,1,1,4,114
25098,Individual,341,1,1251.12,1,1,4,114
19402,Individual,353,1,1254.47,1,1,4,114
23752,Individual,298,1,1164.47,1,1,4,114
26985,Individual,351,1,1164.47,1,1,4,114
22630,Individual,375,1,1164.47,1,1,4,114
19529,Individual,353,1,1169.46,1,1,4,114
22656,Individual,313,1,1169.46,1,1,4,114
27143,Individual,319,1,1169.46,1,1,4,114
18549,Individual,343,1,1169.46,1,1,4,114
19396,Individual,336,1,1169.46,1,1,4,114
18580,Individual,291,1,1170.48,1,1,4,114
19401,Individual,341,1,1170.48,1,1,4,114
19680,Individual,312,1,1170.48,1,1,4,114
19671,Individual,309,1,1170.48,1,1,4,114
19405,Individual,354,1,1170.48,1,1,4,114
19535,Individual,348,1,1170.48,1,1,4,114
19169,Individual,369,1,1170.48,1,1,4,114
19202,Individual,379,1,1170.48,1,1,4,114
22667,Individual,391,1,1170.48,1,1,4,114
19171,Individual,383,1,1174.48,1,1,4,114
19212,Individual,382,1,1174.48,1,1,4,114
22668,Individual,378,1,1174.48,1,1,4,114
27799,Individual,376,1,1174.48,1,1,4,114
23220,Individual,309,1,1174.48,1,1,4,114
22695,Individual,325,1,1174.48,1,1,4,114
18570,Individual,326,1,1174.48,1,1,4,114
19891,Individual,289,1,1174.48,1,1,4,114
19985,Individual,296,1,1174.48,1,1,4,114
19745,Individual,301,1,1174.48,1,1,4,114
23954,Individual,296,1,1178.45,1,1,4,114
23688,Individual,382,1,1214.85,1,1,4,114
25146,Individual,363,1,1223.84,1,1,4,114
29401,Individual,372,1,1223.84,1,1,4,114
29411,Individual,349,1,1223.84,1,1,4,114
25532,Individual,326,1,1223.84,1,1,4,114
25485,Individual,322,1,1223.84,1,1,4,114
25203,Individual,322,1,1223.84,1,1,4,114
25339,Individual,316,1,1223.84,1,1,4,114
26933,Individual,303,1,1223.84,1,1,4,114
18603,Individual,300,1,1205.47,1,1,4,114
19532,Individual,363,1,1205.47,1,1,4,114
19993,Individual,298,1,1184.46,1,1,4,114
19406,Individual,337,1,1188.46,1,1,4,114
22653,Individual,352,1,1188.46,1,1,4,114
19986,Individual,302,1,1189.46,1,1,4,114
19743,Individual,294,1,1194.97,1,1,4,114
22642,Individual,349,1,1198.97,1,1,4,114
19545,Individual,326,1,1179.47,1,1,4,114
18557,Individual,352,1,1179.47,1,1,4,114
19534,Individual,356,1,1179.47,1,1,4,114
19531,Individual,355,1,1179.97,1,1,4,114
19547,Individual,316,1,1179.97,1,1,4,114
19725,Individual,315,1,1179.97,1,1,4,114
19549,Individual,317,1,1183.47,1,1,4,114
19548,Individual,323,1,1183.47,1,1,4,114
19409,Individual,355,1,1183.47,1,1,4,114
21309,Individual,354,1,1183.47,1,1,4,114
23224,Individual,361,1,1183.47,1,1,4,114
19160,Individual,375,1,1183.47,1,1,4,114
22613,Individual,384,1,1183.47,1,1,4,114
19775,Individual,299,1,1183.47,1,1,4,114
23760,Individual,290,1,1183.47,1,1,4,114
23225,Individual,355,1,1184.46,1,1,4,114
19701,Individual,313,1,1184.46,1,1,4,114
19683,Individual,334,1,1143.46,1,1,3,113
19717,Individual,320,1,1137.43,1,1,3,113
13148,Individual,317,1,1137.43,1,1,3,113
19408,Individual,343,1,1129.48,1,1,3,113
19670,Individual,322,1,1134.47,1,1,3,113
19199,Individual,370,1,1134.47,1,1,3,113
19393,Individual,387,1,1134.47,1,1,3,113
26994,Individual,389,1,1134.47,1,1,3,113
22669,Individual,375,1,1120.49,1,1,3,113
19159,Individual,381,1,1120.49,1,1,3,113
21300,Individual,380,1,1120.49,1,1,3,113
19167,Individual,393,1,1120.49,1,1,3,113
27800,Individual,361,1,1120.49,1,1,3,113
19211,Individual,370,1,1120.49,1,1,3,113
19201,Individual,367,1,1120.49,1,1,3,113
19678,Individual,314,1,1120.49,1,1,3,113
19539,Individual,323,1,1120.49,1,1,3,113
18571,Individual,316,1,1120.49,1,1,3,113
19530,Individual,338,1,1120.49,1,1,3,113
19410,Individual,338,1,1120.49,1,1,3,113
22643,Individual,341,1,1120.49,1,1,3,113
21310,Individual,333,1,1120.49,1,1,3,113
18641,Individual,298,1,1120.49,1,1,3,113
23232,Individual,298,1,1120.49,1,1,3,113
26582,Individual,434,1,1000.44,1,1,3,113
26615,Individual,448,1,1000.44,1,1,3,113
26572,Individual,455,1,1000.44,1,1,3,113
26503,Individual,605,1,1000.44,1,1,3,113
26512,Individual,602,1,1000.44,1,1,3,113
26504,Individual,594,1,1000.44,1,1,3,113
26496,Individual,613,1,1000.44,1,1,3,113
26482,Individual,619,1,1000.44,1,1,3,113
26316,Individual,713,1,1000.44,1,1,3,113
28111,Individual,308,1,865.31,1,1,3,113
23944,Individual,302,1,1155.48,1,1,3,113
19981,Individual,300,1,1155.48,1,1,3,113
19865,Individual,300,1,1155.48,1,1,3,113
19998,Individual,300,1,1155.48,1,1,3,113
22614,Individual,376,1,1155.48,1,1,3,113
19213,Individual,375,1,1155.48,1,1,3,113
19198,Individual,378,1,1155.48,1,1,3,113
18544,Individual,393,1,1155.48,1,1,3,113
22687,Individual,396,1,1155.48,1,1,3,113
23223,Individual,348,1,1155.48,1,1,3,113
22646,Individual,347,1,1155.48,1,1,3,113
23750,Individual,356,1,1155.48,1,1,3,113
19240,Individual,373,1,1155.48,1,1,3,113
19403,Individual,364,1,1155.48,1,1,3,113
19724,Individual,335,1,1155.48,1,1,3,113
22671,Individual,330,1,1155.48,1,1,3,113
19538,Individual,327,1,1155.48,1,1,3,113
19679,Individual,325,1,1155.48,1,1,3,113
22639,Individual,343,1,1155.48,1,1,3,113
27128,Individual,341,1,1155.48,1,1,3,113
19407,Individual,341,1,1155.48,1,1,3,113
19533,Individual,346,1,1155.48,1,1,3,113
27126,Individual,337,1,1155.48,1,1,3,113
19395,Individual,339,1,1155.48,1,1,3,113
19682,Individual,321,1,1155.48,1,1,3,113
26986,Individual,322,1,1155.48,1,1,3,113
23751,Individual,324,1,1155.48,1,1,3,113
19537,Individual,315,1,1155.48,1,1,3,113
26987,Individual,313,1,1155.48,1,1,3,113
23230,Individual,308,1,1155.48,1,1,3,113
19716,Individual,306,1,1155.48,1,1,3,113
19999,Individual,303,1,1147.77,1,1,3,113
18617,Individual,292,1,1147.77,1,1,3,113
26995,Individual,386,1,1145.48,1,1,3,113
19413,Individual,366,1,1145.48,1,1,3,113
22640,Individual,350,1,1149.47,1,1,3,113
22631,Individual,388,1,1149.47,1,1,3,113
19170,Individual,378,1,1151.76,1,1,3,113
28110,Individual,323,1,845.31,1,1,3,113
24275,Individual,337,1,831.33,1,1,3,113
14078,Individual,376,1,839.48,1,1,3,113
14108,Individual,296,1,839.48,1,1,3,113
27766,Individual,391,1,827.33,1,1,3,113
14107,Individual,316,1,819.46,1,1,3,113
28107,Individual,349,1,810.32,1,1,3,113
18923,Individual,308,1,804.48,1,1,3,113
24492,Individual,332,1,791.32,1,1,3,113
27777,Individual,343,1,778.62,1,1,3,113
28109,Individual,323,1,778.62,1,1,3,113
27882,Individual,292,1,791.32,1,1,3,113
25743,Individual,351,1,786.33,1,1,3,113
27774,Individual,343,1,771.34,1,1,3,113
27602,Individual,408,1,782.99,1,1,3,113
27265,Individual,605,1,782.99,1,1,3,113
27259,Individual,590,1,782.99,1,1,3,113
27242,Individual,584,1,782.99,1,1,3,113
27252,Individual,581,1,782.99,1,1,3,113
27253,Individual,581,1,782.99,1,1,3,113
27267,Individual,533,1,782.99,1,1,3,113
27298,Individual,494,1,782.99,1,1,3,113
27297,Individual,493,1,782.99,1,1,3,113
27404,Individual,493,1,782.99,1,1,3,113
27285,Individual,499,1,782.99,1,1,3,113
27270,Individual,496,1,782.99,1,1,3,113
27429,Individual,463,1,782.99,1,1,3,113
27557,Individual,453,1,782.99,1,1,3,113
27560,Individual,433,1,782.99,1,1,3,113
27536,Individual,430,1,782.99,1,1,3,113
27550,Individual,428,1,782.99,1,1,3,113
27545,Individual,430,1,782.99,1,1,3,113
27613,Individual,421,1,782.99,1,1,3,113
27027,Individual,724,1,782.99,1,1,3,113
27043,Individual,715,1,782.99,1,1,3,113
27071,Individual,693,1,782.99,1,1,3,113
27053,Individual,685,1,782.99,1,1,3,113
27060,Individual,675,1,782.99,1,1,3,113
27062,Individual,673,1,782.99,1,1,3,113
27084,Individual,670,1,782.99,1,1,3,113
27082,Individual,647,1,782.99,1,1,3,113
27085,Individual,613,1,782.99,1,1,3,113
27099,Individual,613,1,782.99,1,1,3,113
27101,Individual,613,1,782.99,1,1,3,113
27102,Individual,612,1,782.99,1,1,3,113
27859,Individual,292,1,777.34,1,1,3,113
27767,Individual,397,1,776.33,1,1,3,113
25723,Individual,388,1,777.34,1,1,3,113
25722,Individual,385,1,777.34,1,1,3,113
27801,Individual,335,1,777.34,1,1,3,113
26224,Individual,331,1,777.34,1,1,3,113
27791,Individual,333,1,777.34,1,1,3,113
27770,Individual,341,1,751.34,1,1,3,113
28108,Individual,328,1,751.34,1,1,3,113
24447,Individual,330,1,751.34,1,1,3,113
27792,Individual,325,1,751.34,1,1,3,113
27884,Individual,289,1,756.33,1,1,3,113
25752,Individual,359,1,756.33,1,1,3,113
26225,Individual,333,1,742.35,1,1,3,113
25759,Individual,341,1,742.35,1,1,3,113
27765,Individual,374,1,742.35,1,1,3,113
25749,Individual,363,1,742.35,1,1,3,113
15913,Individual,308,1,712.27,1,1,3,113
26620,Individual,1098,1,699.10,1,1,3,113
26629,Individual,1078,1,699.10,1,1,3,113
26630,Individual,1014,1,699.10,1,1,3,113
26643,Individual,978,1,699.10,1,1,3,113
26782,Individual,943,1,699.10,1,1,3,113
26789,Individual,907,1,699.10,1,1,3,113
27026,Individual,790,1,699.10,1,1,3,113
15900,Individual,327,1,699.97,1,1,3,113
19024,Individual,310,1,699.97,1,1,3,113
27744,Individual,373,1,643.95,1,1,3,113
19128,Individual,291,1,642.91,1,1,3,113
19129,Individual,301,1,639.45,1,1,3,113
19121,Individual,301,1,656.94,1,1,3,113
25726,Individual,330,1,663.44,1,1,3,113
27939,Individual,294,1,92.97,1,1,3,113
27229,Individual,341,1,93.46,1,1,3,113
21298,Individual,309,1,93.46,1,1,3,113
23577,Individual,336,1,94.46,1,1,3,113
22122,Individual,291,1,94.46,1,1,3,113
28141,Individual,341,1,94.48,1,1,3,113
19005,Individual,341,1,94.48,1,1,3,113
18984,Individual,312,1,94.48,1,1,3,113
13510,Individual,361,1,94.48,1,1,3,113
15112,Individual,352,1,94.48,1,1,3,113
18687,Individual,354,1,94.48,1,1,3,113
19695,Individual,356,1,94.48,1,1,3,113
18014,Individual,298,1,93.49,1,1,3,113
19252,Individual,305,1,94.97,1,1,3,113
15709,Individual,311,1,94.98,1,1,3,113
24830,Individual,291,1,96.07,1,1,3,113
14704,Individual,359,1,95.94,1,1,3,113
27815,Individual,348,1,110.46,1,1,3,113
18885,Individual,354,1,110.46,1,1,3,113
17729,Individual,302,1,110.46,1,1,3,113
25839,Individual,358,1,107.94,1,1,3,113
28543,Individual,305,1,108.46,1,1,3,113
13336,Individual,296,1,106.96,1,1,3,113
12757,Individual,301,1,106.96,1,1,3,113
13416,Individual,325,1,106.96,1,1,3,113
13388,Individual,330,1,106.96,1,1,3,113
13153,Individual,351,1,106.96,1,1,3,113
24899,Individual,343,1,105.45,1,1,3,113
16597,Individual,333,1,103.49,1,1,3,113
25223,Individual,308,1,102.96,1,1,3,113
18384,Individual,354,1,103.48,1,1,3,113
15273,Individual,298,1,103.48,1,1,3,113
29079,Individual,366,1,102.48,1,1,3,113
14445,Individual,298,1,100.46,1,1,3,113
13759,Individual,301,1,100.46,1,1,3,113
12983,Individual,332,1,100.46,1,1,3,113
14842,Individual,327,1,99.94,1,1,3,113
25329,Individual,322,1,100.09,1,1,3,113
17631,Individual,317,1,97.96,1,1,3,113
23357,Individual,289,1,98.48,1,1,3,113
27202,Individual,326,1,96.92,1,1,3,113
14749,Individual,319,1,98.96,1,1,3,113
21549,Individual,331,1,98.96,1,1,3,113
17130,Individual,330,1,98.96,1,1,3,113
17016,Individual,347,1,98.96,1,1,3,113
21990,Individual,298,1,99.47,1,1,3,113
22475,Individual,294,1,98.96,1,1,3,113
18530,Individual,345,1,113.97,1,1,3,113
26852,Individual,361,1,114.46,1,1,3,113
29049,Individual,299,1,113.46,1,1,3,113
21445,Individual,335,1,113.47,1,1,3,113
27059,Individual,338,1,118.96,1,1,3,113
26472,Individual,315,1,114.96,1,1,3,113
20120,Individual,295,1,119.98,1,1,3,113
18602,Individual,294,1,119.98,1,1,3,113
28539,Individual,292,1,119.98,1,1,3,113
20129,Individual,300,1,119.98,1,1,3,113
18799,Individual,300,1,119.98,1,1,3,113
21233,Individual,300,1,119.98,1,1,3,113
18786,Individual,301,1,119.98,1,1,3,113
26668,Individual,300,1,119.98,1,1,3,113
18809,Individual,303,1,119.98,1,1,3,113
23029,Individual,301,1,120.46,1,1,3,113
19375,Individual,288,1,120.46,1,1,3,113
23522,Individual,293,1,120.47,1,1,3,113
12793,Individual,344,1,120.47,1,1,3,113
23188,Individual,337,1,119.96,1,1,3,113
16208,Individual,331,1,119.96,1,1,3,113
19383,Individual,329,1,119.96,1,1,3,113
20138,Individual,357,1,119.96,1,1,3,113
19168,Individual,360,1,119.98,1,1,3,113
18987,Individual,364,1,119.98,1,1,3,113
12506,Individual,352,1,119.98,1,1,3,113
27283,Individual,354,1,119.98,1,1,3,113
18583,Individual,355,1,119.98,1,1,3,113
20378,Individual,348,1,119.98,1,1,3,113
18591,Individual,329,1,119.98,1,1,3,113
15356,Individual,328,1,119.98,1,1,3,113
20344,Individual,327,1,119.98,1,1,3,113
20116,Individual,331,1,119.98,1,1,3,113
20115,Individual,332,1,119.98,1,1,3,113
19728,Individual,335,1,119.98,1,1,3,113
15105,Individual,333,1,119.98,1,1,3,113
13568,Individual,345,1,119.98,1,1,3,113
21234,Individual,345,1,119.98,1,1,3,113
21240,Individual,315,1,119.98,1,1,3,113
18752,Individual,313,1,119.98,1,1,3,113
28600,Individual,305,1,119.98,1,1,3,113
18807,Individual,308,1,119.98,1,1,3,113
19025,Individual,321,1,119.98,1,1,3,113
28460,Individual,320,1,119.98,1,1,3,113
18521,Individual,317,1,119.98,1,1,3,113
20290,Individual,295,1,123.98,1,1,3,113
20748,Individual,288,1,123.98,1,1,3,113
18109,Individual,340,1,123.48,1,1,3,113
27772,Individual,328,1,123.48,1,1,3,113
18584,Individual,327,1,123.98,1,1,3,113
19643,Individual,346,1,123.98,1,1,3,113
27393,Individual,323,1,123.98,1,1,3,113
26664,Individual,308,1,123.98,1,1,3,113
28475,Individual,310,1,123.98,1,1,3,113
28444,Individual,315,1,123.98,1,1,3,113
26163,Individual,311,1,123.98,1,1,3,113
22167,Individual,353,1,123.98,1,1,3,113
15774,Individual,296,1,124.99,1,1,3,113
15156,Individual,309,1,124.99,1,1,3,113
18364,Individual,325,1,124.99,1,1,3,113
16777,Individual,339,1,124.99,1,1,3,113
17379,Individual,328,1,124.99,1,1,3,113
14579,Individual,332,1,124.99,1,1,3,113
12439,Individual,310,1,124.97,1,1,3,113
21283,Individual,290,1,124.94,1,1,3,113
21574,Individual,351,1,124.45,1,1,3,113
26865,Individual,344,1,123.99,1,1,3,113
22544,Individual,359,1,127.28,1,1,3,113
24944,Individual,305,1,125.57,1,1,3,113
26407,Individual,333,1,126.28,1,1,3,113
20941,Individual,342,1,126.28,1,1,3,113
27368,Individual,329,1,132.97,1,1,3,113
19860,Individual,337,1,132.97,1,1,3,113
19218,Individual,324,1,132.97,1,1,3,113
27757,Individual,310,1,132.97,1,1,3,113
18967,Individual,354,1,132.97,1,1,3,113
19544,Individual,349,1,132.97,1,1,3,113
24399,Individual,307,1,132.94,1,1,3,113
15880,Individual,319,1,132.94,1,1,3,113
23473,Individual,335,1,132.95,1,1,3,113
26400,Individual,328,1,132.98,1,1,3,113
13499,Individual,350,1,133.49,1,1,3,113
21510,Individual,302,1,128.95,1,1,3,113
13508,Individual,359,1,128.97,1,1,3,113
18836,Individual,308,1,128.97,1,1,3,113
28241,Individual,329,1,130.46,1,1,3,113
18675,Individual,290,1,128.97,1,1,3,113
20694,Individual,334,1,146.97,1,1,3,113
16059,Individual,317,1,146.97,1,1,3,113
26102,Individual,304,1,147.28,1,1,3,113
24429,Individual,346,1,146.06,1,1,3,113
21122,Individual,293,1,143.78,1,1,3,113
24551,Individual,338,1,142.45,1,1,3,113
20279,Individual,319,1,144.47,1,1,3,113
28631,Individual,353,1,144.47,1,1,3,113
13571,Individual,366,1,144.47,1,1,3,113
28411,Individual,338,1,134.95,1,1,3,113
16295,Individual,318,1,138.45,1,1,3,113
12907,Individual,316,1,141.98,1,1,3,113
13341,Individual,348,1,141.98,1,1,3,113
26250,Individual,349,1,156.27,1,1,3,113
27904,Individual,339,1,156.76,1,1,3,113
23132,Individual,318,1,160.23,1,1,3,113
28301,Individual,356,1,161.29,1,1,3,113
20949,Individual,305,1,154.98,1,1,3,113
23861,Individual,347,1,152.60,1,1,3,113
23756,Individual,303,1,151.28,1,1,3,113
23695,Individual,357,1,150.93,1,1,3,113
18816,Individual,335,1,148.47,1,1,3,113
19747,Individual,335,1,148.47,1,1,3,113
19774,Individual,332,1,148.47,1,1,3,113
19241,Individual,348,1,148.47,1,1,3,113
22728,Individual,339,1,149.93,1,1,3,113
17637,Individual,351,1,149.98,1,1,3,113
18024,Individual,303,1,149.98,1,1,3,113
14961,Individual,297,1,151.27,1,1,3,113
24772,Individual,294,1,195.59,1,1,3,113
27325,Individual,322,1,201.27,1,1,3,113
24927,Individual,300,1,191.27,1,1,3,113
20714,Individual,323,1,187.98,1,1,3,113
19344,Individual,366,1,186.28,1,1,3,113
26792,Individual,304,1,184.48,1,1,3,113
28921,Individual,313,1,184.48,1,1,3,113
12979,Individual,343,1,180.98,1,1,3,113
13872,Individual,362,1,180.98,1,1,3,113
27525,Individual,327,1,182.78,1,1,3,113
27814,Individual,319,1,182.78,1,1,3,113
26898,Individual,332,1,173.95,1,1,3,113
29232,Individual,303,1,173.47,1,1,3,113
24695,Individual,325,1,166.28,1,1,3,113
27688,Individual,366,1,166.28,1,1,3,113
28086,Individual,296,1,166.28,1,1,3,113
27783,Individual,302,1,165.28,1,1,3,113
29332,Individual,319,1,165.28,1,1,3,113
23632,Individual,296,1,162.99,1,1,3,113
18635,Individual,349,1,162.99,1,1,3,113
22522,Individual,294,1,539.99,1,1,3,113
28211,Individual,293,1,539.99,1,1,3,113
14886,Individual,310,1,539.99,1,1,3,113
25747,Individual,321,1,539.99,1,1,3,113
21072,Individual,321,1,539.99,1,1,3,113
25748,Individual,323,1,539.99,1,1,3,113
21766,Individual,325,1,539.99,1,1,3,113
22042,Individual,317,1,539.99,1,1,3,113
25727,Individual,315,1,539.99,1,1,3,113
25739,Individual,316,1,539.99,1,1,3,113
21747,Individual,335,1,539.99,1,1,3,113
22287,Individual,345,1,539.99,1,1,3,113
21022,Individual,344,1,539.99,1,1,3,113
22301,Individual,357,1,539.99,1,1,3,113
22398,Individual,368,1,539.99,1,1,3,113
22459,Individual,374,1,539.99,1,1,3,113
25608,Individual,372,1,539.99,1,1,3,113
22262,Individual,372,1,539.99,1,1,3,113
25646,Individual,346,1,539.99,1,1,3,113
22281,Individual,348,1,539.99,1,1,3,113
21030,Individual,353,1,539.99,1,1,3,113
25616,Individual,353,1,539.99,1,1,3,113
21439,Individual,388,1,539.99,1,1,3,113
20944,Individual,357,1,226.49,1,1,3,113
23696,Individual,314,1,233.23,1,1,3,113
24424,Individual,314,1,249.58,1,1,3,113
25746,Individual,310,1,561.48,1,1,3,113
26222,Individual,305,1,561.48,1,1,3,113
16222,Individual,349,1,561.48,1,1,3,113
22289,Individual,357,1,561.48,1,1,3,113
22288,Individual,356,1,561.48,1,1,3,113
21004,Individual,388,1,561.48,1,1,3,113
25641,Individual,395,1,561.48,1,1,3,113
22261,Individual,397,1,561.48,1,1,3,113
21438,Individual,384,1,561.48,1,1,3,113
21597,Individual,375,1,561.48,1,1,3,113
21089,Individual,292,1,561.48,1,1,3,113
18990,Individual,350,1,561.97,1,1,3,113
16223,Individual,349,1,562.96,1,1,3,113
21470,Individual,376,1,562.96,1,1,3,113
21440,Individual,396,1,562.96,1,1,3,113
22259,Individual,386,1,562.96,1,1,3,113
22543,Individual,315,1,562.96,1,1,3,113
21024,Individual,346,1,562.96,1,1,3,113
21810,Individual,334,1,562.96,1,1,3,113
28115,Individual,326,1,562.96,1,1,3,113
22879,Individual,290,1,562.96,1,1,3,113
22758,Individual,300,1,562.96,1,1,3,113
25761,Individual,302,1,562.96,1,1,3,113
22045,Individual,291,1,561.92,1,1,3,113
21619,Individual,346,1,556.26,1,1,3,113
21466,Individual,371,1,556.26,1,1,3,113
16224,Individual,337,1,556.26,1,1,3,113
22875,Individual,291,1,556.26,1,1,3,113
21575,Individual,395,1,548.98,1,1,3,113
21487,Individual,378,1,548.98,1,1,3,113
25626,Individual,356,1,548.98,1,1,3,113
22328,Individual,355,1,548.98,1,1,3,113
25675,Individual,348,1,548.98,1,1,3,113
27953,Individual,351,1,548.98,1,1,3,113
21648,Individual,350,1,548.98,1,1,3,113
21576,Individual,369,1,548.98,1,1,3,113
21013,Individual,367,1,548.98,1,1,3,113
21602,Individual,358,1,548.98,1,1,3,113
22334,Individual,340,1,548.98,1,1,3,113
22300,Individual,341,1,548.98,1,1,3,113
21610,Individual,336,1,548.98,1,1,3,113
21903,Individual,318,1,548.98,1,1,3,113
25731,Individual,310,1,548.98,1,1,3,113
21090,Individual,305,1,548.98,1,1,3,113
22885,Individual,305,1,548.98,1,1,3,113
22048,Individual,295,1,548.98,1,1,3,113
22066,Individual,303,1,539.99,1,1,3,113
22878,Individual,295,1,553.97,1,1,3,113
26210,Individual,302,1,553.97,1,1,3,113
22089,Individual,296,1,553.97,1,1,3,113
21064,Individual,315,1,553.97,1,1,3,113
22478,Individual,316,1,553.97,1,1,3,113
21649,Individual,345,1,553.97,1,1,3,113
27956,Individual,342,1,553.97,1,1,3,113
21756,Individual,334,1,553.97,1,1,3,113
16360,Individual,334,1,553.97,1,1,3,113
16225,Individual,332,1,553.97,1,1,3,113
16226,Individual,332,1,553.97,1,1,3,113
21609,Individual,359,1,553.97,1,1,3,113
21650,Individual,348,1,553.97,1,1,3,113
22462,Individual,355,1,553.97,1,1,3,113
21033,Individual,352,1,553.97,1,1,3,113
22254,Individual,381,1,553.97,1,1,3,113
27949,Individual,390,1,553.97,1,1,3,113
21048,Individual,346,1,578.46,1,1,3,113
22335,Individual,324,1,578.46,1,1,3,113
21017,Individual,382,1,578.46,1,1,3,113
22432,Individual,389,1,578.46,1,1,3,113
22620,Individual,354,1,573.98,1,1,3,113
25642,Individual,339,1,583.97,1,1,3,113
25721,Individual,312,1,583.97,1,1,3,113
21050,Individual,349,1,583.97,1,1,3,113
19023,Individual,327,1,579.97,1,1,3,113
19122,Individual,301,1,588.96,1,1,3,113
22043,Individual,298,1,588.96,1,1,3,113
16504,Individual,299,1,588.96,1,1,3,113
22745,Individual,326,1,588.96,1,1,3,113
15556,Individual,332,1,588.96,1,1,3,113
22486,Individual,314,1,588.96,1,1,3,113
21653,Individual,306,1,588.96,1,1,3,113
16221,Individual,348,1,588.96,1,1,3,113
21469,Individual,384,1,588.96,1,1,3,113
22393,Individual,377,1,588.96,1,1,3,113
25612,Individual,356,1,574.98,1,1,3,113
27910,Individual,350,1,574.98,1,1,3,113
22327,Individual,347,1,574.98,1,1,3,113
25615,Individual,347,1,574.98,1,1,3,113
16015,Individual,373,1,574.98,1,1,3,113
22274,Individual,373,1,574.98,1,1,3,113
22282,Individual,364,1,574.98,1,1,3,113
22414,Individual,386,1,574.98,1,1,3,113
20977,Individual,376,1,574.98,1,1,3,113
22273,Individual,377,1,574.98,1,1,3,113
21465,Individual,384,1,574.98,1,1,3,113
15549,Individual,383,1,574.98,1,1,3,113
16218,Individual,382,1,574.98,1,1,3,113
21791,Individual,306,1,574.98,1,1,3,113
22329,Individual,339,1,574.98,1,1,3,113
21608,Individual,341,1,574.98,1,1,3,113
22477,Individual,331,1,574.98,1,1,3,113
22346,Individual,334,1,574.98,1,1,3,113
16354,Individual,326,1,574.98,1,1,3,113
25728,Individual,327,1,574.98,1,1,3,113
22372,Individual,328,1,574.98,1,1,3,113
21942,Individual,331,1,574.98,1,1,3,113
22082,Individual,291,1,574.98,1,1,3,113
22046,Individual,299,1,563.77,1,1,3,113
22092,Individual,292,1,563.77,1,1,3,113
22054,Individual,292,1,563.77,1,1,3,113
21646,Individual,345,1,563.77,1,1,3,113
22469,Individual,320,1,563.77,1,1,3,113
21062,Individual,322,1,563.77,1,1,3,113
21909,Individual,322,1,563.77,1,1,3,113
25647,Individual,311,1,563.77,1,1,3,113
22260,Individual,387,1,563.77,1,1,3,113
21600,Individual,394,1,563.77,1,1,3,113
15881,Individual,327,1,564.99,1,1,3,113
28210,Individual,289,1,564.48,1,1,3,113
25611,Individual,385,1,564.48,1,1,3,113
21448,Individual,374,1,564.48,1,1,3,113
22481,Individual,334,1,564.48,1,1,3,113
26211,Individual,294,1,565.47,1,1,3,113
28117,Individual,296,1,565.47,1,1,3,113
18958,Individual,389,1,565.21,1,1,3,113
25609,Individual,394,1,565.47,1,1,3,113
27965,Individual,326,1,565.47,1,1,3,113
18973,Individual,341,1,567.27,1,1,3,113
18962,Individual,360,1,567.27,1,1,3,113
21603,Individual,360,1,567.76,1,1,3,113
29355,Individual,394,1,567.76,1,1,3,113
25741,Individual,331,1,567.76,1,1,3,113
22088,Individual,290,1,570.47,1,1,3,113
28114,Individual,338,1,570.47,1,1,3,113
21915,Individual,324,1,570.47,1,1,3,113
25760,Individual,301,1,567.76,1,1,3,113
21940,Individual,314,1,571.72,1,1,3,113
25655,Individual,314,1,571.72,1,1,3,113
18974,Individual,338,1,585.94,1,1,3,113
18957,Individual,370,1,589.26,1,1,3,113
21041,Individual,359,1,589.96,1,1,3,113
21601,Individual,343,1,589.96,1,1,3,113
28215,Individual,300,1,589.96,1,1,3,113
22441,Individual,371,1,597.95,1,1,3,113
21031,Individual,349,1,597.95,1,1,3,113
18963,Individual,344,1,589.98,1,1,3,113
20045,Individual,301,1,596.96,1,1,3,113
22276,Individual,361,1,599.47,1,1,3,113
22886,Individual,288,1,599.47,1,1,3,113
22896,Individual,303,1,600.46,1,1,3,113
22284,Individual,366,1,600.46,1,1,3,113
25701,Individual,352,1,600.46,1,1,3,113
25605,Individual,381,1,600.46,1,1,3,113
21748,Individual,331,1,600.46,1,1,3,113
22374,Individual,308,1,600.46,1,1,3,113
22336,Individual,309,1,600.46,1,1,3,113
22479,Individual,313,1,600.46,1,1,3,113
21769,Individual,332,1,603.49,1,1,3,113
22044,Individual,293,1,607.96,1,1,3,113
25703,Individual,337,1,607.96,1,1,3,113
22473,Individual,313,1,607.96,1,1,3,113
22436,Individual,379,1,607.96,1,1,3,113
21014,Individual,378,1,607.96,1,1,3,113
21061,Individual,353,1,607.96,1,1,3,113
21654,Individual,319,1,603.96,1,1,3,113
19110,Individual,333,1,604.96,1,1,3,113
25732,Individual,328,1,638.95,1,1,3,113
21488,Individual,382,1,638.95,1,1,3,113
19013,Individual,310,1,636.45,1,1,3,113
28880,Individual,296,1,637.96,1,1,3,113
25757,Individual,298,1,628.97,1,1,3,113
21021,Individual,358,1,628.97,1,1,3,113
29356,Individual,390,1,628.97,1,1,3,113
27746,Individual,336,1,628.97,1,1,3,113
18960,Individual,363,1,618.98,1,1,3,113
27745,Individual,388,1,617.47,1,1,3,113
21611,Individual,339,1,617.47,1,1,3,113
21795,Individual,323,1,613.45,1,1,3,113
19021,Individual,317,1,614.96,1,1,3,113
12032,Individual,343,1,614.96,1,1,3,113
22072,Individual,304,1,617.47,1,1,3,113
21059,Individual,359,1,616.95,1,1,3,113
22368,Individual,313,1,615.47,1,1,3,113
22275,Individual,355,1,615.47,1,1,3,113
22415,Individual,387,1,615.47,1,1,3,113
19111,Individual,298,1,609.95,1,1,3,113
21647,Individual,353,1,608.96,1,1,3,113
22330,Individual,366,1,608.96,1,1,3,113
16340,Individual,307,1,608.96,1,1,3,113
21651,Individual,325,1,608.96,1,1,3,113
19920,Individual,344,1,91.96,1,1,2,112
28304,Individual,328,1,91.97,1,1,2,112
22924,Individual,352,1,90.95,1,1,2,112
24652,Individual,362,1,91.58,1,1,2,112
24776,Individual,343,1,91.58,1,1,2,112
14329,Individual,366,1,91.95,1,1,2,112
16018,Individual,359,1,89.97,1,1,2,112
27184,Individual,362,1,89.97,1,1,2,112
16982,Individual,366,1,89.97,1,1,2,112
26348,Individual,355,1,89.97,1,1,2,112
21254,Individual,352,1,89.97,1,1,2,112
16355,Individual,315,1,89.97,1,1,2,112
15759,Individual,314,1,89.97,1,1,2,112
16013,Individual,346,1,89.97,1,1,2,112
15487,Individual,328,1,89.97,1,1,2,112
26335,Individual,292,1,89.46,1,1,2,112
15883,Individual,300,1,89.95,1,1,2,112
14511,Individual,299,1,89.97,1,1,2,112
15894,Individual,299,1,89.97,1,1,2,112
15963,Individual,301,1,89.97,1,1,2,112
26457,Individual,324,1,89.46,1,1,2,112
26017,Individual,360,1,89.46,1,1,2,112
15683,Individual,322,1,89.98,1,1,2,112
11430,Individual,316,1,84.98,1,1,2,112
16334,Individual,364,1,84.92,1,1,2,112
22038,Individual,359,1,84.95,1,1,2,112
27561,Individual,337,1,84.96,1,1,2,112
12471,Individual,319,1,83.97,1,1,2,112
26972,Individual,308,1,83.97,1,1,2,112
19606,Individual,312,1,83.97,1,1,2,112
11377,Individual,335,1,83.97,1,1,2,112
22697,Individual,329,1,83.97,1,1,2,112
16539,Individual,357,1,83.97,1,1,2,112
27323,Individual,360,1,83.97,1,1,2,112
27388,Individual,292,1,83.97,1,1,2,112
12938,Individual,344,1,81.46,1,1,2,112
19332,Individual,322,1,82.97,1,1,2,112
23801,Individual,348,1,82.59,1,1,2,112
18128,Individual,289,1,85.48,1,1,2,112
14002,Individual,320,1,85.48,1,1,2,112
12908,Individual,329,1,85.48,1,1,2,112
14736,Individual,334,1,85.48,1,1,2,112
24298,Individual,323,1,86.58,1,1,2,112
17852,Individual,296,1,86.95,1,1,2,112
19946,Individual,289,1,86.95,1,1,2,112
14887,Individual,297,1,86.95,1,1,2,112
14870,Individual,366,1,85.95,1,1,2,112
19512,Individual,294,1,86.26,1,1,2,112
25811,Individual,365,1,86.45,1,1,2,112
27109,Individual,321,1,88.97,1,1,2,112
26175,Individual,318,1,88.97,1,1,2,112
26784,Individual,317,1,88.97,1,1,2,112
27293,Individual,344,1,88.97,1,1,2,112
23773,Individual,304,1,88.97,1,1,2,112
19520,Individual,322,1,87.97,1,1,2,112
20602,Individual,294,1,80.47,1,1,2,112
13802,Individual,341,1,79.46,1,1,2,112
26424,Individual,332,1,79.47,1,1,2,112
13437,Individual,333,1,80.96,1,1,2,112
14519,Individual,322,1,80.96,1,1,2,112
16227,Individual,364,1,80.96,1,1,2,112
21068,Individual,299,1,81.45,1,1,2,112
18520,Individual,288,1,78.98,1,1,2,112
20352,Individual,288,1,78.98,1,1,2,112
19886,Individual,292,1,78.98,1,1,2,112
27437,Individual,302,1,78.98,1,1,2,112
19152,Individual,297,1,78.98,1,1,2,112
28668,Individual,312,1,78.98,1,1,2,112
19684,Individual,312,1,78.98,1,1,2,112
20117,Individual,309,1,78.98,1,1,2,112
19881,Individual,306,1,78.98,1,1,2,112
20014,Individual,307,1,78.98,1,1,2,112
26765,Individual,322,1,78.98,1,1,2,112
21242,Individual,323,1,78.98,1,1,2,112
20071,Individual,332,1,78.98,1,1,2,112
27364,Individual,334,1,78.98,1,1,2,112
28302,Individual,329,1,78.98,1,1,2,112
19758,Individual,329,1,78.98,1,1,2,112
18966,Individual,327,1,78.98,1,1,2,112
20739,Individual,325,1,78.98,1,1,2,112
28810,Individual,342,1,78.98,1,1,2,112
28498,Individual,346,1,78.98,1,1,2,112
28542,Individual,345,1,78.98,1,1,2,112
19713,Individual,362,1,78.98,1,1,2,112
18835,Individual,365,1,78.98,1,1,2,112
17993,Individual,360,1,78.98,1,1,2,112
18889,Individual,362,1,78.98,1,1,2,112
27441,Individual,357,1,78.98,1,1,2,112
19010,Individual,347,1,78.98,1,1,2,112
28101,Individual,353,1,78.98,1,1,2,112
26141,Individual,356,1,78.98,1,1,2,112
18757,Individual,355,1,78.98,1,1,2,112
22970,Individual,348,1,78.96,1,1,2,112
17850,Individual,347,1,78.96,1,1,2,112
21762,Individual,363,1,78.96,1,1,2,112
22023,Individual,315,1,78.96,1,1,2,112
20871,Individual,304,1,78.96,1,1,2,112
22215,Individual,290,1,78.96,1,1,2,112
11440,Individual,308,1,78.48,1,1,2,112
21299,Individual,332,1,78.48,1,1,2,112
12716,Individual,351,1,78.48,1,1,2,112
21780,Individual,298,1,77.92,1,1,2,112
29434,Individual,301,1,77.96,1,1,2,112
21802,Individual,303,1,77.96,1,1,2,112
22625,Individual,338,1,77.96,1,1,2,112
26909,Individual,334,1,77.96,1,1,2,112
26841,Individual,318,1,77.96,1,1,2,112
29075,Individual,302,1,67.49,1,1,2,112
26409,Individual,321,1,67.49,1,1,2,112
25692,Individual,326,1,66.97,1,1,2,112
23002,Individual,292,1,67.20,1,1,2,112
14782,Individual,344,1,66.96,1,1,2,112
23798,Individual,317,1,67.93,1,1,2,112
29002,Individual,316,1,67.93,1,1,2,112
14463,Individual,327,1,67.93,1,1,2,112
25256,Individual,336,1,67.93,1,1,2,112
27996,Individual,354,1,67.93,1,1,2,112
24450,Individual,318,1,67.59,1,1,2,112
23797,Individual,292,1,67.59,1,1,2,112
22743,Individual,334,1,65.95,1,1,2,112
21633,Individual,312,1,64.98,1,1,2,112
16055,Individual,291,1,66.44,1,1,2,112
15673,Individual,294,1,64.97,1,1,2,112
16781,Individual,365,1,64.47,1,1,2,112
23559,Individual,363,1,64.47,1,1,2,112
24469,Individual,347,1,64.47,1,1,2,112
19639,Individual,349,1,64.47,1,1,2,112
20679,Individual,310,1,64.47,1,1,2,112
23879,Individual,306,1,64.47,1,1,2,112
17569,Individual,337,1,64.47,1,1,2,112
20528,Individual,329,1,64.47,1,1,2,112
16863,Individual,330,1,64.47,1,1,2,112
14623,Individual,329,1,64.47,1,1,2,112
28267,Individual,335,1,64.47,1,1,2,112
16746,Individual,335,1,64.47,1,1,2,112
20505,Individual,300,1,64.97,1,1,2,112
26688,Individual,305,1,64.97,1,1,2,112
17788,Individual,303,1,64.97,1,1,2,112
16040,Individual,332,1,64.97,1,1,2,112
18030,Individual,329,1,64.97,1,1,2,112
26469,Individual,330,1,64.97,1,1,2,112
26078,Individual,339,1,64.97,1,1,2,112
26506,Individual,340,1,64.97,1,1,2,112
26340,Individual,341,1,64.97,1,1,2,112
26493,Individual,346,1,64.97,1,1,2,112
17806,Individual,346,1,64.97,1,1,2,112
25902,Individual,341,1,64.97,1,1,2,112
25005,Individual,305,1,64.97,1,1,2,112
26081,Individual,323,1,64.97,1,1,2,112
24930,Individual,351,1,64.97,1,1,2,112
26123,Individual,353,1,64.97,1,1,2,112
16041,Individual,365,1,64.97,1,1,2,112
14718,Individual,329,1,63.97,1,1,2,112
16936,Individual,345,1,63.97,1,1,2,112
16395,Individual,336,1,63.97,1,1,2,112
18022,Individual,336,1,63.97,1,1,2,112
28682,Individual,318,1,63.97,1,1,2,112
19334,Individual,323,1,63.97,1,1,2,112
19929,Individual,305,1,63.97,1,1,2,112
28991,Individual,306,1,63.97,1,1,2,112
28806,Individual,314,1,63.97,1,1,2,112
29014,Individual,359,1,63.97,1,1,2,112
27970,Individual,300,1,64.47,1,1,2,112
14469,Individual,304,1,64.47,1,1,2,112
21815,Individual,299,1,64.47,1,1,2,112
28028,Individual,296,1,64.47,1,1,2,112
19369,Individual,304,1,63.97,1,1,2,112
28796,Individual,302,1,63.97,1,1,2,112
19921,Individual,291,1,63.97,1,1,2,112
16469,Individual,288,1,63.97,1,1,2,112
27196,Individual,315,1,68.49,1,1,2,112
16044,Individual,318,1,68.49,1,1,2,112
22388,Individual,310,1,68.49,1,1,2,112
18094,Individual,344,1,68.49,1,1,2,112
18454,Individual,365,1,68.49,1,1,2,112
20958,Individual,365,1,68.49,1,1,2,112
20981,Individual,357,1,68.49,1,1,2,112
11348,Individual,304,1,67.97,1,1,2,112
17276,Individual,363,1,67.97,1,1,2,112
22492,Individual,344,1,67.97,1,1,2,112
22795,Individual,342,1,67.97,1,1,2,112
16760,Individual,325,1,67.97,1,1,2,112
17367,Individual,296,1,68.49,1,1,2,112
19641,Individual,291,1,68.49,1,1,2,112
26807,Individual,358,1,68.97,1,1,2,112
26573,Individual,359,1,68.97,1,1,2,112
25697,Individual,359,1,68.97,1,1,2,112
22338,Individual,361,1,68.97,1,1,2,112
21918,Individual,364,1,68.97,1,1,2,112
28450,Individual,351,1,68.97,1,1,2,112
23237,Individual,341,1,68.97,1,1,2,112
17570,Individual,337,1,68.97,1,1,2,112
28374,Individual,327,1,68.97,1,1,2,112
28465,Individual,325,1,68.97,1,1,2,112
12723,Individual,336,1,68.97,1,1,2,112
20506,Individual,332,1,68.97,1,1,2,112
24589,Individual,315,1,68.97,1,1,2,112
23918,Individual,316,1,68.97,1,1,2,112
23439,Individual,320,1,68.97,1,1,2,112
27155,Individual,320,1,68.97,1,1,2,112
23580,Individual,338,1,69.97,1,1,2,112
20591,Individual,337,1,69.97,1,1,2,112
23639,Individual,337,1,69.97,1,1,2,112
21350,Individual,340,1,69.97,1,1,2,112
22982,Individual,330,1,69.97,1,1,2,112
22333,Individual,331,1,69.97,1,1,2,112
23354,Individual,335,1,69.97,1,1,2,112
23405,Individual,315,1,69.97,1,1,2,112
23894,Individual,318,1,69.97,1,1,2,112
22767,Individual,310,1,69.97,1,1,2,112
23380,Individual,309,1,69.97,1,1,2,112
23069,Individual,349,1,69.97,1,1,2,112
23824,Individual,357,1,69.97,1,1,2,112
16568,Individual,352,1,69.97,1,1,2,112
23831,Individual,362,1,69.97,1,1,2,112
23050,Individual,359,1,69.97,1,1,2,112
17771,Individual,357,1,69.97,1,1,2,112
23697,Individual,290,1,69.97,1,1,2,112
20705,Individual,303,1,69.47,1,1,2,112
21775,Individual,304,1,69.97,1,1,2,112
19345,Individual,304,1,69.97,1,1,2,112
22035,Individual,304,1,69.97,1,1,2,112
23862,Individual,304,1,69.97,1,1,2,112
17721,Individual,306,1,69.97,1,1,2,112
22729,Individual,298,1,69.97,1,1,2,112
20438,Individual,293,1,69.97,1,1,2,112
23496,Individual,294,1,69.97,1,1,2,112
20909,Individual,294,1,69.97,1,1,2,112
23728,Individual,294,1,69.97,1,1,2,112
28053,Individual,289,1,68.97,1,1,2,112
11374,Individual,289,1,68.97,1,1,2,112
22698,Individual,291,1,68.97,1,1,2,112
26259,Individual,303,1,68.97,1,1,2,112
21750,Individual,302,1,68.97,1,1,2,112
28898,Individual,329,1,69.46,1,1,2,112
27787,Individual,338,1,69.46,1,1,2,112
25102,Individual,344,1,71.58,1,1,2,112
25899,Individual,324,1,71.58,1,1,2,112
23795,Individual,316,1,71.58,1,1,2,112
24411,Individual,313,1,71.58,1,1,2,112
23804,Individual,311,1,71.58,1,1,2,112
23787,Individual,310,1,71.58,1,1,2,112
25065,Individual,305,1,71.58,1,1,2,112
25261,Individual,310,1,71.58,1,1,2,112
24952,Individual,350,1,71.58,1,1,2,112
28402,Individual,351,1,71.58,1,1,2,112
24777,Individual,351,1,71.58,1,1,2,112
25439,Individual,362,1,71.58,1,1,2,112
14204,Individual,366,1,71.58,1,1,2,112
23729,Individual,360,1,71.58,1,1,2,112
24497,Individual,359,1,71.58,1,1,2,112
24813,Individual,291,1,71.58,1,1,2,112
27360,Individual,290,1,69.99,1,1,2,112
28452,Individual,289,1,69.99,1,1,2,112
19233,Individual,295,1,69.99,1,1,2,112
28589,Individual,294,1,69.99,1,1,2,112
20127,Individual,292,1,69.99,1,1,2,112
19833,Individual,292,1,69.99,1,1,2,112
19135,Individual,298,1,69.99,1,1,2,112
27350,Individual,303,1,69.99,1,1,2,112
20343,Individual,357,1,69.99,1,1,2,112
19733,Individual,359,1,69.99,1,1,2,112
22028,Individual,361,1,69.99,1,1,2,112
18775,Individual,361,1,69.99,1,1,2,112
28456,Individual,359,1,69.99,1,1,2,112
19727,Individual,360,1,69.99,1,1,2,112
27400,Individual,360,1,69.99,1,1,2,112
27502,Individual,364,1,69.99,1,1,2,112
18935,Individual,362,1,69.99,1,1,2,112
27415,Individual,362,1,69.99,1,1,2,112
27420,Individual,354,1,69.99,1,1,2,112
21382,Individual,354,1,69.99,1,1,2,112
20361,Individual,349,1,69.99,1,1,2,112
20334,Individual,350,1,69.99,1,1,2,112
28737,Individual,350,1,69.99,1,1,2,112
22064,Individual,347,1,69.99,1,1,2,112
28462,Individual,309,1,69.99,1,1,2,112
15107,Individual,309,1,69.99,1,1,2,112
19880,Individual,305,1,69.99,1,1,2,112
19896,Individual,307,1,69.99,1,1,2,112
28442,Individual,308,1,69.99,1,1,2,112
27758,Individual,310,1,69.99,1,1,2,112
18681,Individual,311,1,69.99,1,1,2,112
18522,Individual,311,1,69.99,1,1,2,112
15352,Individual,312,1,69.99,1,1,2,112
13550,Individual,314,1,69.99,1,1,2,112
19852,Individual,318,1,69.99,1,1,2,112
26773,Individual,318,1,69.99,1,1,2,112
18893,Individual,319,1,69.99,1,1,2,112
18601,Individual,317,1,69.99,1,1,2,112
20308,Individual,317,1,69.99,1,1,2,112
20121,Individual,317,1,69.99,1,1,2,112
26771,Individual,320,1,69.99,1,1,2,112
19227,Individual,322,1,69.99,1,1,2,112
18754,Individual,324,1,69.99,1,1,2,112
19552,Individual,323,1,69.99,1,1,2,112
22150,Individual,324,1,69.99,1,1,2,112
20497,Individual,335,1,69.99,1,1,2,112
19879,Individual,331,1,69.99,1,1,2,112
18593,Individual,331,1,69.99,1,1,2,112
20278,Individual,332,1,69.99,1,1,2,112
18577,Individual,330,1,69.99,1,1,2,112
29005,Individual,330,1,69.99,1,1,2,112
22156,Individual,329,1,69.99,1,1,2,112
18671,Individual,327,1,69.99,1,1,2,112
20366,Individual,339,1,69.99,1,1,2,112
22065,Individual,337,1,69.99,1,1,2,112
28817,Individual,342,1,69.99,1,1,2,112
19778,Individual,343,1,69.99,1,1,2,112
19703,Individual,345,1,69.99,1,1,2,112
21220,Individual,305,1,74.98,1,1,2,112
22527,Individual,315,1,75.48,1,1,2,112
27659,Individual,366,1,75.48,1,1,2,112
20255,Individual,353,1,75.48,1,1,2,112
22424,Individual,297,1,75.48,1,1,2,112
24455,Individual,289,1,75.47,1,1,2,112
28032,Individual,342,1,75.47,1,1,2,112
12433,Individual,305,1,74.98,1,1,2,112
20559,Individual,320,1,74.98,1,1,2,112
13764,Individual,318,1,74.98,1,1,2,112
21406,Individual,317,1,74.98,1,1,2,112
12421,Individual,323,1,74.98,1,1,2,112
16592,Individual,321,1,74.98,1,1,2,112
21212,Individual,342,1,74.98,1,1,2,112
14688,Individual,340,1,74.98,1,1,2,112
15708,Individual,340,1,74.98,1,1,2,112
21993,Individual,327,1,74.98,1,1,2,112
18898,Individual,327,1,74.98,1,1,2,112
13813,Individual,332,1,74.98,1,1,2,112
22846,Individual,364,1,74.98,1,1,2,112
15703,Individual,366,1,74.98,1,1,2,112
14828,Individual,290,1,75.97,1,1,2,112
15824,Individual,319,1,75.97,1,1,2,112
22947,Individual,332,1,75.97,1,1,2,112
17485,Individual,315,1,76.96,1,1,2,112
18151,Individual,312,1,76.97,1,1,2,112
13313,Individual,322,1,76.97,1,1,2,112
13053,Individual,328,1,76.97,1,1,2,112
18150,Individual,342,1,76.97,1,1,2,112
18152,Individual,337,1,76.97,1,1,2,112
12948,Individual,349,1,76.97,1,1,2,112
13372,Individual,359,1,76.97,1,1,2,112
21159,Individual,343,1,74.46,1,1,2,112
20513,Individual,306,1,74.46,1,1,2,112
23732,Individual,299,1,74.45,1,1,2,112
25012,Individual,291,1,74.46,1,1,2,112
12659,Individual,288,1,73.97,1,1,2,112
22345,Individual,346,1,73.97,1,1,2,112
25253,Individual,316,1,73.96,1,1,2,112
22734,Individual,339,1,73.96,1,1,2,112
20696,Individual,359,1,73.96,1,1,2,112
27850,Individual,308,1,72.96,1,1,2,112
16301,Individual,319,1,72.96,1,1,2,112
14166,Individual,349,1,71.97,1,1,2,112
19826,Individual,352,1,71.97,1,1,2,112
18145,Individual,353,1,71.97,1,1,2,112
15820,Individual,361,1,71.97,1,1,2,112
20492,Individual,363,1,71.97,1,1,2,112
14246,Individual,333,1,71.97,1,1,2,112
13363,Individual,335,1,71.97,1,1,2,112
12977,Individual,329,1,71.97,1,1,2,112
14711,Individual,308,1,71.97,1,1,2,112
13166,Individual,313,1,71.97,1,1,2,112
12796,Individual,300,1,71.97,1,1,2,112
14243,Individual,298,1,71.97,1,1,2,112
13195,Individual,295,1,71.97,1,1,2,112
13227,Individual,290,1,71.97,1,1,2,112
22142,Individual,308,1,71.94,1,1,2,112
22742,Individual,331,1,71.94,1,1,2,112
15069,Individual,332,1,71.95,1,1,2,112
14339,Individual,351,1,71.95,1,1,2,112
12454,Individual,296,1,71.95,1,1,2,112
13373,Individual,304,1,71.95,1,1,2,112
19047,Individual,299,1,71.95,1,1,2,112
28985,Individual,312,1,53.47,1,1,2,112
16398,Individual,324,1,53.47,1,1,2,112
17083,Individual,308,1,51.96,1,1,2,112
25632,Individual,329,1,53.98,1,1,2,112
19521,Individual,349,1,53.98,1,1,2,112
22804,Individual,298,1,53.98,1,1,2,112
26069,Individual,330,1,51.46,1,1,2,112
14568,Individual,297,1,54.96,1,1,2,112
28333,Individual,357,1,53.99,1,1,2,112
28331,Individual,328,1,53.99,1,1,2,112
11551,Individual,334,1,53.99,1,1,2,112
11567,Individual,320,1,53.99,1,1,2,112
11490,Individual,300,1,53.99,1,1,2,112
28344,Individual,299,1,53.99,1,1,2,112
11405,Individual,304,1,53.99,1,1,2,112
12828,Individual,317,1,54.98,1,1,2,112
25265,Individual,316,1,54.98,1,1,2,112
18063,Individual,309,1,54.98,1,1,2,112
18534,Individual,332,1,54.98,1,1,2,112
29333,Individual,327,1,54.98,1,1,2,112
18760,Individual,336,1,54.98,1,1,2,112
13923,Individual,294,1,56.97,1,1,2,112
20299,Individual,291,1,56.97,1,1,2,112
14849,Individual,303,1,56.97,1,1,2,112
14245,Individual,364,1,56.97,1,1,2,112
13360,Individual,359,1,56.97,1,1,2,112
12965,Individual,359,1,56.97,1,1,2,112
15278,Individual,360,1,56.97,1,1,2,112
18986,Individual,353,1,56.97,1,1,2,112
14266,Individual,336,1,56.97,1,1,2,112
13933,Individual,337,1,56.97,1,1,2,112
13235,Individual,345,1,56.97,1,1,2,112
13942,Individual,328,1,56.97,1,1,2,112
14043,Individual,330,1,56.97,1,1,2,112
13935,Individual,333,1,56.97,1,1,2,112
13302,Individual,334,1,56.97,1,1,2,112
13432,Individual,308,1,56.97,1,1,2,112
12844,Individual,310,1,56.97,1,1,2,112
14351,Individual,315,1,56.97,1,1,2,112
13070,Individual,317,1,56.97,1,1,2,112
13490,Individual,324,1,56.97,1,1,2,112
13945,Individual,320,1,56.97,1,1,2,112
26414,Individual,357,1,58.47,1,1,2,112
12562,Individual,321,1,58.96,1,1,2,112
12466,Individual,316,1,58.98,1,1,2,112
20317,Individual,307,1,58.98,1,1,2,112
22963,Individual,312,1,58.98,1,1,2,112
17519,Individual,313,1,58.98,1,1,2,112
18064,Individual,313,1,58.98,1,1,2,112
26411,Individual,334,1,58.98,1,1,2,112
16383,Individual,332,1,58.98,1,1,2,112
23783,Individual,332,1,58.98,1,1,2,112
17437,Individual,332,1,58.98,1,1,2,112
18095,Individual,358,1,58.98,1,1,2,112
20050,Individual,362,1,58.98,1,1,2,112
23989,Individual,352,1,58.98,1,1,2,112
17035,Individual,348,1,58.98,1,1,2,112
19185,Individual,348,1,58.98,1,1,2,112
21223,Individual,310,1,56.98,1,1,2,112
19632,Individual,342,1,56.98,1,1,2,112
24314,Individual,318,1,57.09,1,1,2,112
22818,Individual,365,1,56.96,1,1,2,112
25129,Individual,342,1,60.47,1,1,2,112
28410,Individual,343,1,60.47,1,1,2,112
25788,Individual,346,1,60.47,1,1,2,112
28082,Individual,333,1,60.47,1,1,2,112
22431,Individual,329,1,60.47,1,1,2,112
27173,Individual,328,1,60.47,1,1,2,112
27509,Individual,315,1,60.47,1,1,2,112
27841,Individual,316,1,60.47,1,1,2,112
25526,Individual,319,1,60.47,1,1,2,112
27837,Individual,348,1,60.47,1,1,2,112
25719,Individual,350,1,60.47,1,1,2,112
26272,Individual,357,1,60.47,1,1,2,112
28226,Individual,362,1,60.47,1,1,2,112
25310,Individual,365,1,60.47,1,1,2,112
27664,Individual,289,1,60.47,1,1,2,112
27023,Individual,291,1,60.47,1,1,2,112
26392,Individual,295,1,60.47,1,1,2,112
26739,Individual,331,1,61.97,1,1,2,112
14505,Individual,349,1,61.96,1,1,2,112
22097,Individual,347,1,61.96,1,1,2,112
16002,Individual,332,1,61.96,1,1,2,112
14903,Individual,290,1,61.96,1,1,2,112
24595,Individual,300,1,61.96,1,1,2,112
24906,Individual,300,1,61.96,1,1,2,112
28379,Individual,294,1,61.08,1,1,2,112
13848,Individual,354,1,61.45,1,1,2,112
26365,Individual,335,1,62.98,1,1,2,112
19490,Individual,300,1,62.97,1,1,2,112
23228,Individual,304,1,62.97,1,1,2,112
17122,Individual,299,1,58.98,1,1,2,112
23366,Individual,297,1,59.25,1,1,2,112
16382,Individual,297,1,59.98,1,1,2,112
12728,Individual,297,1,59.98,1,1,2,112
22914,Individual,300,1,59.98,1,1,2,112
26452,Individual,293,1,59.98,1,1,2,112
21075,Individual,288,1,59.98,1,1,2,112
25347,Individual,290,1,59.98,1,1,2,112
25335,Individual,358,1,59.98,1,1,2,112
21412,Individual,358,1,59.98,1,1,2,112
26505,Individual,359,1,59.98,1,1,2,112
29214,Individual,348,1,59.98,1,1,2,112
23682,Individual,353,1,59.98,1,1,2,112
16767,Individual,321,1,59.98,1,1,2,112
23309,Individual,324,1,59.98,1,1,2,112
28872,Individual,324,1,59.98,1,1,2,112
17138,Individual,312,1,59.98,1,1,2,112
25953,Individual,307,1,59.98,1,1,2,112
17161,Individual,308,1,59.98,1,1,2,112
24771,Individual,333,1,59.98,1,1,2,112
15366,Individual,341,1,59.98,1,1,2,112
15617,Individual,362,1,59.91,1,1,2,112
28590,Individual,316,1,59.48,1,1,2,112
22213,Individual,336,1,59.27,1,1,2,112
24737,Individual,302,1,46.83,1,1,2,112
15260,Individual,300,1,45.95,1,1,2,112
12878,Individual,340,1,46.47,1,1,2,112
15000,Individual,339,1,46.47,1,1,2,112
17189,Individual,326,1,46.47,1,1,2,112
13989,Individual,316,1,46.47,1,1,2,112
21474,Individual,339,1,44.98,1,1,2,112
13610,Individual,314,1,44.98,1,1,2,112
23251,Individual,318,1,44.98,1,1,2,112
28412,Individual,340,1,45.58,1,1,2,112
24389,Individual,349,1,45.58,1,1,2,112
25820,Individual,352,1,48.97,1,1,2,112
26233,Individual,359,1,48.97,1,1,2,112
21120,Individual,361,1,48.97,1,1,2,112
13696,Individual,342,1,48.97,1,1,2,112
21680,Individual,329,1,48.97,1,1,2,112
22569,Individual,316,1,48.97,1,1,2,112
27782,Individual,338,1,47.97,1,1,2,112
29347,Individual,337,1,47.97,1,1,2,112
25627,Individual,354,1,47.97,1,1,2,112
17211,Individual,349,1,47.94,1,1,2,112
29428,Individual,358,1,47.96,1,1,2,112
27530,Individual,311,1,47.96,1,1,2,112
21565,Individual,346,1,48.98,1,1,2,112
22843,Individual,292,1,48.98,1,1,2,112
16320,Individual,334,1,49.48,1,1,2,112
16194,Individual,311,1,49.48,1,1,2,112
25351,Individual,299,1,49.48,1,1,2,112
12639,Individual,345,1,49.99,1,1,2,112
12331,Individual,330,1,49.99,1,1,2,112
12635,Individual,313,1,49.99,1,1,2,112
12268,Individual,288,1,49.99,1,1,2,112
28595,Individual,295,1,49.99,1,1,2,112
12661,Individual,304,1,49.97,1,1,2,112
20410,Individual,294,1,49.97,1,1,2,112
21805,Individual,289,1,49.97,1,1,2,112
20413,Individual,312,1,49.97,1,1,2,112
21321,Individual,320,1,49.97,1,1,2,112
21158,Individual,331,1,49.97,1,1,2,112
21472,Individual,330,1,49.97,1,1,2,112
21443,Individual,337,1,49.97,1,1,2,112
23274,Individual,336,1,49.97,1,1,2,112
21783,Individual,338,1,49.97,1,1,2,112
23249,Individual,360,1,49.97,1,1,2,112
21003,Individual,353,1,49.97,1,1,2,112
22844,Individual,304,1,39.99,1,1,2,112
22848,Individual,358,1,39.99,1,1,2,112
21887,Individual,359,1,39.99,1,1,2,112
13818,Individual,363,1,39.99,1,1,2,112
21563,Individual,334,1,39.99,1,1,2,112
11140,Individual,316,1,39.99,1,1,2,112
21210,Individual,311,1,39.99,1,1,2,112
25855,Individual,338,1,40.22,1,1,2,112
22208,Individual,304,1,42.28,1,1,2,112
11936,Individual,299,1,42.28,1,1,2,112
14696,Individual,292,1,42.28,1,1,2,112
27704,Individual,326,1,42.28,1,1,2,112
21961,Individual,333,1,42.28,1,1,2,112
21566,Individual,339,1,42.28,1,1,2,112
14703,Individual,346,1,42.28,1,1,2,112
22006,Individual,317,1,42.28,1,1,2,112
21172,Individual,323,1,42.28,1,1,2,112
12420,Individual,320,1,42.28,1,1,2,112
21407,Individual,366,1,42.28,1,1,2,112
21883,Individual,361,1,42.28,1,1,2,112
21190,Individual,355,1,42.28,1,1,2,112
27016,Individual,328,1,41.93,1,1,2,112
20594,Individual,305,1,42.93,1,1,2,112
23670,Individual,365,1,42.93,1,1,2,112
21678,Individual,326,1,42.93,1,1,2,112
20963,Individual,329,1,42.93,1,1,2,112
27835,Individual,340,1,43.46,1,1,2,112
27153,Individual,309,1,42.97,1,1,2,112
20731,Individual,305,1,42.97,1,1,2,112
23714,Individual,329,1,44.54,1,1,2,112
12896,Individual,305,1,44.91,1,1,2,112
13458,Individual,356,1,44.91,1,1,2,112
12737,Individual,297,1,44.98,1,1,2,112
28950,Individual,288,1,44.98,1,1,2,112
16788,Individual,289,1,39.98,1,1,1,111
16048,Individual,288,1,39.98,1,1,1,111
25219,Individual,298,1,39.98,1,1,1,111
19926,Individual,298,1,39.98,1,1,1,111
16884,Individual,298,1,39.98,1,1,1,111
29266,Individual,299,1,39.98,1,1,1,111
25136,Individual,299,1,39.98,1,1,1,111
17342,Individual,300,1,39.98,1,1,1,111
28090,Individual,303,1,39.98,1,1,1,111
25638,Individual,305,1,39.98,1,1,1,111
15307,Individual,305,1,39.98,1,1,1,111
25630,Individual,302,1,39.98,1,1,1,111
16963,Individual,302,1,39.98,1,1,1,111
28002,Individual,303,1,39.98,1,1,1,111
26701,Individual,302,1,39.98,1,1,1,111
24858,Individual,292,1,39.98,1,1,1,111
27914,Individual,292,1,39.98,1,1,1,111
16980,Individual,293,1,39.98,1,1,1,111
18358,Individual,294,1,39.98,1,1,1,111
25620,Individual,294,1,39.98,1,1,1,111
12741,Individual,294,1,39.98,1,1,1,111
27851,Individual,296,1,39.98,1,1,1,111
21863,Individual,296,1,39.98,1,1,1,111
23272,Individual,313,1,39.47,1,1,1,111
12722,Individual,298,1,39.47,1,1,1,111
20789,Individual,292,1,39.47,1,1,1,111
22839,Individual,358,1,39.25,1,1,1,111
18097,Individual,313,1,39.98,1,1,1,111
15910,Individual,313,1,39.98,1,1,1,111
17158,Individual,313,1,39.98,1,1,1,111
21849,Individual,313,1,39.98,1,1,1,111
19182,Individual,314,1,39.98,1,1,1,111
16991,Individual,314,1,39.98,1,1,1,111
15281,Individual,315,1,39.98,1,1,1,111
17260,Individual,315,1,39.98,1,1,1,111
27966,Individual,311,1,39.98,1,1,1,111
20691,Individual,312,1,39.98,1,1,1,111
12832,Individual,312,1,39.98,1,1,1,111
25579,Individual,308,1,39.98,1,1,1,111
18105,Individual,309,1,39.98,1,1,1,111
24256,Individual,310,1,39.98,1,1,1,111
18349,Individual,310,1,39.98,1,1,1,111
18574,Individual,306,1,39.98,1,1,1,111
15871,Individual,306,1,39.98,1,1,1,111
27857,Individual,321,1,39.98,1,1,1,111
14924,Individual,322,1,39.98,1,1,1,111
17366,Individual,320,1,39.98,1,1,1,111
21846,Individual,320,1,39.98,1,1,1,111
22670,Individual,321,1,39.98,1,1,1,111
27594,Individual,323,1,39.98,1,1,1,111
17380,Individual,323,1,39.98,1,1,1,111
15485,Individual,323,1,39.98,1,1,1,111
16885,Individual,319,1,39.98,1,1,1,111
16965,Individual,317,1,39.98,1,1,1,111
15285,Individual,319,1,39.98,1,1,1,111
24113,Individual,320,1,39.98,1,1,1,111
15509,Individual,320,1,39.98,1,1,1,111
15496,Individual,330,1,39.98,1,1,1,111
17359,Individual,330,1,39.98,1,1,1,111
18170,Individual,327,1,39.98,1,1,1,111
17419,Individual,328,1,39.98,1,1,1,111
24085,Individual,326,1,39.98,1,1,1,111
18640,Individual,327,1,39.98,1,1,1,111
21375,Individual,333,1,39.98,1,1,1,111
27720,Individual,333,1,39.98,1,1,1,111
28080,Individual,335,1,39.98,1,1,1,111
13497,Individual,339,1,39.98,1,1,1,111
23743,Individual,339,1,39.98,1,1,1,111
23255,Individual,341,1,39.98,1,1,1,111
22952,Individual,340,1,39.98,1,1,1,111
24748,Individual,340,1,39.98,1,1,1,111
12840,Individual,337,1,39.98,1,1,1,111
29209,Individual,337,1,39.98,1,1,1,111
20316,Individual,337,1,39.98,1,1,1,111
24594,Individual,336,1,39.98,1,1,1,111
25324,Individual,338,1,39.98,1,1,1,111
18223,Individual,338,1,39.98,1,1,1,111
15397,Individual,345,1,39.98,1,1,1,111
24890,Individual,356,1,39.98,1,1,1,111
15330,Individual,354,1,39.98,1,1,1,111
15469,Individual,354,1,39.98,1,1,1,111
16057,Individual,351,1,39.98,1,1,1,111
19277,Individual,353,1,39.98,1,1,1,111
16477,Individual,348,1,39.98,1,1,1,111
18751,Individual,348,1,39.98,1,1,1,111
16877,Individual,348,1,39.98,1,1,1,111
15742,Individual,347,1,39.98,1,1,1,111
22143,Individual,348,1,39.98,1,1,1,111
14507,Individual,351,1,39.98,1,1,1,111
15158,Individual,350,1,39.98,1,1,1,111
17554,Individual,348,1,39.98,1,1,1,111
17583,Individual,349,1,39.98,1,1,1,111
25815,Individual,349,1,39.98,1,1,1,111
24094,Individual,365,1,39.98,1,1,1,111
27981,Individual,363,1,39.98,1,1,1,111
26132,Individual,363,1,39.98,1,1,1,111
21861,Individual,363,1,39.98,1,1,1,111
13574,Individual,364,1,39.98,1,1,1,111
23235,Individual,359,1,39.98,1,1,1,111
23679,Individual,357,1,39.98,1,1,1,111
29040,Individual,357,1,39.98,1,1,1,111
14512,Individual,357,1,39.98,1,1,1,111
21339,Individual,360,1,39.98,1,1,1,111
15430,Individual,360,1,39.98,1,1,1,111
14761,Individual,360,1,39.98,1,1,1,111
21366,Individual,362,1,39.98,1,1,1,111
27968,Individual,361,1,39.98,1,1,1,111
16814,Individual,360,1,39.98,1,1,1,111
15257,Individual,360,1,39.98,1,1,1,111
19056,Individual,345,1,37.93,1,1,1,111
16413,Individual,330,1,37.93,1,1,1,111
28813,Individual,322,1,37.97,1,1,1,111
28979,Individual,311,1,37.97,1,1,1,111
11350,Individual,358,1,38.47,1,1,1,111
24820,Individual,359,1,38.88,1,1,1,111
25045,Individual,362,1,38.88,1,1,1,111
24516,Individual,355,1,38.88,1,1,1,111
24292,Individual,350,1,38.88,1,1,1,111
24297,Individual,347,1,38.88,1,1,1,111
27903,Individual,307,1,38.88,1,1,1,111
24299,Individual,321,1,38.88,1,1,1,111
24397,Individual,333,1,38.88,1,1,1,111
14174,Individual,341,1,38.88,1,1,1,111
25378,Individual,342,1,38.88,1,1,1,111
24513,Individual,293,1,38.88,1,1,1,111
24451,Individual,291,1,38.88,1,1,1,111
25434,Individual,288,1,38.88,1,1,1,111
23793,Individual,288,1,38.88,1,1,1,111
28638,Individual,297,1,37.97,1,1,1,111
14422,Individual,298,1,38.88,1,1,1,111
26037,Individual,342,1,38.98,1,1,1,111
19177,Individual,343,1,38.98,1,1,1,111
29268,Individual,344,1,38.98,1,1,1,111
23937,Individual,344,1,38.98,1,1,1,111
23959,Individual,339,1,38.98,1,1,1,111
27482,Individual,329,1,38.98,1,1,1,111
22835,Individual,321,1,38.98,1,1,1,111
25512,Individual,320,1,38.98,1,1,1,111
23897,Individual,321,1,38.98,1,1,1,111
22185,Individual,309,1,38.98,1,1,1,111
17740,Individual,309,1,38.98,1,1,1,111
26179,Individual,309,1,38.98,1,1,1,111
26897,Individual,313,1,38.98,1,1,1,111
23140,Individual,347,1,38.98,1,1,1,111
23602,Individual,348,1,38.98,1,1,1,111
26401,Individual,351,1,38.98,1,1,1,111
20940,Individual,351,1,38.98,1,1,1,111
22705,Individual,352,1,38.98,1,1,1,111
27002,Individual,353,1,38.98,1,1,1,111
23690,Individual,362,1,38.98,1,1,1,111
23941,Individual,366,1,38.98,1,1,1,111
29324,Individual,301,1,38.98,1,1,1,111
25669,Individual,302,1,38.98,1,1,1,111
27152,Individual,304,1,38.98,1,1,1,111
29052,Individual,303,1,38.98,1,1,1,111
23784,Individual,357,1,34.98,1,1,1,111
21110,Individual,349,1,34.98,1,1,1,111
23289,Individual,350,1,34.98,1,1,1,111
22826,Individual,320,1,34.98,1,1,1,111
22226,Individual,317,1,34.98,1,1,1,111
23051,Individual,317,1,34.98,1,1,1,111
22125,Individual,324,1,34.98,1,1,1,111
23465,Individual,309,1,34.98,1,1,1,111
22227,Individual,309,1,34.98,1,1,1,111
23153,Individual,314,1,34.98,1,1,1,111
23555,Individual,310,1,34.98,1,1,1,111
22741,Individual,311,1,34.98,1,1,1,111
23711,Individual,342,1,34.98,1,1,1,111
23888,Individual,329,1,34.98,1,1,1,111
23869,Individual,325,1,34.98,1,1,1,111
23735,Individual,333,1,34.98,1,1,1,111
23049,Individual,333,1,34.98,1,1,1,111
23115,Individual,333,1,34.98,1,1,1,111
22549,Individual,333,1,34.98,1,1,1,111
11574,Individual,320,1,34.99,1,1,1,111
12374,Individual,356,1,34.99,1,1,1,111
11438,Individual,358,1,34.99,1,1,1,111
23198,Individual,303,1,34.98,1,1,1,111
22727,Individual,298,1,34.98,1,1,1,111
26139,Individual,333,1,34.47,1,1,1,111
11408,Individual,330,1,34.47,1,1,1,111
24969,Individual,339,1,34.89,1,1,1,111
24317,Individual,343,1,34.89,1,1,1,111
25152,Individual,318,1,34.89,1,1,1,111
24829,Individual,355,1,34.89,1,1,1,111
24994,Individual,366,1,34.89,1,1,1,111
24940,Individual,366,1,34.89,1,1,1,111
24293,Individual,366,1,34.89,1,1,1,111
24827,Individual,297,1,34.89,1,1,1,111
24991,Individual,291,1,34.89,1,1,1,111
24289,Individual,300,1,32.60,1,1,1,111
24933,Individual,304,1,32.60,1,1,1,111
25372,Individual,301,1,32.60,1,1,1,111
23452,Individual,359,1,32.28,1,1,1,111
23088,Individual,355,1,32.28,1,1,1,111
22365,Individual,356,1,32.28,1,1,1,111
22090,Individual,354,1,32.28,1,1,1,111
23502,Individual,351,1,32.28,1,1,1,111
23130,Individual,347,1,32.28,1,1,1,111
19590,Individual,334,1,32.28,1,1,1,111
22894,Individual,328,1,32.28,1,1,1,111
21819,Individual,326,1,32.28,1,1,1,111
23472,Individual,327,1,32.28,1,1,1,111
21255,Individual,327,1,32.28,1,1,1,111
20234,Individual,340,1,32.28,1,1,1,111
23722,Individual,316,1,32.28,1,1,1,111
23336,Individual,323,1,32.28,1,1,1,111
20265,Individual,322,1,32.28,1,1,1,111
14863,Individual,320,1,32.28,1,1,1,111
23023,Individual,310,1,32.28,1,1,1,111
16292,Individual,310,1,32.28,1,1,1,111
24941,Individual,313,1,32.60,1,1,1,111
14205,Individual,316,1,32.60,1,1,1,111
24423,Individual,307,1,32.60,1,1,1,111
24619,Individual,321,1,32.60,1,1,1,111
12868,Individual,316,1,32.60,1,1,1,111
24452,Individual,329,1,32.60,1,1,1,111
25181,Individual,331,1,32.60,1,1,1,111
28391,Individual,348,1,32.60,1,1,1,111
12869,Individual,350,1,32.60,1,1,1,111
24741,Individual,365,1,32.60,1,1,1,111
23826,Individual,293,1,32.28,1,1,1,111
22747,Individual,289,1,32.28,1,1,1,111
23364,Individual,297,1,32.28,1,1,1,111
24223,Individual,298,1,32.28,1,1,1,111
24839,Individual,365,1,33.43,1,1,1,111
28237,Individual,365,1,33.43,1,1,1,111
28908,Individual,362,1,33.43,1,1,1,111
27565,Individual,336,1,33.43,1,1,1,111
26722,Individual,333,1,33.98,1,1,1,111
23981,Individual,339,1,33.98,1,1,1,111
27055,Individual,315,1,33.98,1,1,1,111
27631,Individual,318,1,33.98,1,1,1,111
28423,Individual,318,1,33.98,1,1,1,111
27387,Individual,308,1,33.98,1,1,1,111
27066,Individual,364,1,33.98,1,1,1,111
26584,Individual,365,1,33.98,1,1,1,111
26598,Individual,359,1,33.98,1,1,1,111
27192,Individual,350,1,33.98,1,1,1,111
11404,Individual,353,1,33.98,1,1,1,111
20580,Individual,322,1,36.93,1,1,1,111
14811,Individual,318,1,36.93,1,1,1,111
12838,Individual,305,1,36.96,1,1,1,111
21453,Individual,327,1,36.96,1,1,1,111
13485,Individual,348,1,36.96,1,1,1,111
22154,Individual,359,1,36.96,1,1,1,111
13234,Individual,363,1,36.96,1,1,1,111
14943,Individual,298,1,36.96,1,1,1,111
24550,Individual,359,1,37.27,1,1,1,111
23785,Individual,360,1,37.27,1,1,1,111
22163,Individual,359,1,37.27,1,1,1,111
23046,Individual,347,1,37.27,1,1,1,111
14820,Individual,349,1,37.27,1,1,1,111
21111,Individual,355,1,37.27,1,1,1,111
17092,Individual,354,1,37.27,1,1,1,111
20929,Individual,328,1,37.27,1,1,1,111
22242,Individual,329,1,37.27,1,1,1,111
22060,Individual,328,1,37.27,1,1,1,111
23109,Individual,346,1,37.27,1,1,1,111
22145,Individual,313,1,37.27,1,1,1,111
23578,Individual,319,1,37.27,1,1,1,111
17842,Individual,316,1,37.27,1,1,1,111
23089,Individual,324,1,37.27,1,1,1,111
14707,Individual,351,1,37.29,1,1,1,111
24546,Individual,289,1,37.27,1,1,1,111
23044,Individual,295,1,37.27,1,1,1,111
20868,Individual,300,1,37.27,1,1,1,111
21739,Individual,300,1,37.27,1,1,1,111
24395,Individual,304,1,36.59,1,1,1,111
25091,Individual,297,1,36.59,1,1,1,111
24989,Individual,360,1,36.59,1,1,1,111
24486,Individual,362,1,36.59,1,1,1,111
24393,Individual,356,1,36.59,1,1,1,111
25156,Individual,352,1,36.59,1,1,1,111
25435,Individual,344,1,36.59,1,1,1,111
12505,Individual,334,1,36.59,1,1,1,111
24742,Individual,307,1,36.59,1,1,1,111
27680,Individual,297,1,35.72,1,1,1,111
17908,Individual,324,1,35.72,1,1,1,111
21176,Individual,364,1,35.00,1,1,1,111
11511,Individual,322,1,35.00,1,1,1,111
15706,Individual,323,1,35.00,1,1,1,111
21989,Individual,309,1,35.00,1,1,1,111
13831,Individual,329,1,35.00,1,1,1,111
12429,Individual,330,1,35.00,1,1,1,111
22841,Individual,330,1,35.00,1,1,1,111
16582,Individual,341,1,35.00,1,1,1,111
21962,Individual,336,1,35.00,1,1,1,111
26470,Individual,320,1,35.23,1,1,1,111
26291,Individual,324,1,35.23,1,1,1,111
25849,Individual,357,1,35.23,1,1,1,111
29394,Individual,313,1,36.27,1,1,1,111
23964,Individual,338,1,36.27,1,1,1,111
26838,Individual,346,1,36.27,1,1,1,111
26788,Individual,359,1,36.27,1,1,1,111
26861,Individual,359,1,36.27,1,1,1,111
23928,Individual,297,1,36.27,1,1,1,111
26184,Individual,297,1,36.27,1,1,1,111
27322,Individual,302,1,36.27,1,1,1,111
27930,Individual,303,1,36.27,1,1,1,111
27046,Individual,288,1,36.27,1,1,1,111
27382,Individual,291,1,36.27,1,1,1,111
27336,Individual,292,1,36.27,1,1,1,111
29409,Individual,292,1,36.27,1,1,1,111
11426,Individual,295,1,34.99,1,1,1,111
11580,Individual,288,1,34.99,1,1,1,111
12457,Individual,300,1,24.27,1,1,1,111
22068,Individual,292,1,23.97,1,1,1,111
29304,Individual,302,1,23.97,1,1,1,111
15065,Individual,333,1,24.27,1,1,1,111
13832,Individual,315,1,24.27,1,1,1,111
21581,Individual,357,1,24.27,1,1,1,111
14145,Individual,357,1,24.27,1,1,1,111
22055,Individual,353,1,23.97,1,1,1,111
20391,Individual,355,1,23.97,1,1,1,111
20537,Individual,365,1,23.97,1,1,1,111
21307,Individual,305,1,23.97,1,1,1,111
24276,Individual,327,1,23.97,1,1,1,111
28746,Individual,296,1,23.78,1,1,1,111
26990,Individual,288,1,23.78,1,1,1,111
28753,Individual,337,1,23.78,1,1,1,111
27661,Individual,339,1,23.78,1,1,1,111
26899,Individual,340,1,23.78,1,1,1,111
28918,Individual,341,1,23.78,1,1,1,111
24872,Individual,320,1,23.78,1,1,1,111
27463,Individual,324,1,23.78,1,1,1,111
24882,Individual,324,1,23.78,1,1,1,111
25220,Individual,325,1,23.78,1,1,1,111
27025,Individual,318,1,23.78,1,1,1,111
27479,Individual,307,1,23.78,1,1,1,111
26894,Individual,305,1,23.78,1,1,1,111
27526,Individual,313,1,23.78,1,1,1,111
29425,Individual,359,1,23.78,1,1,1,111
28392,Individual,359,1,23.78,1,1,1,111
28730,Individual,360,1,23.78,1,1,1,111
29393,Individual,365,1,23.78,1,1,1,111
26480,Individual,350,1,23.78,1,1,1,111
28903,Individual,352,1,23.78,1,1,1,111
25844,Individual,355,1,24.99,1,1,1,111
19262,Individual,351,1,24.99,1,1,1,111
19247,Individual,350,1,24.99,1,1,1,111
16441,Individual,348,1,24.99,1,1,1,111
25890,Individual,348,1,24.99,1,1,1,111
21507,Individual,359,1,24.99,1,1,1,111
26489,Individual,361,1,24.99,1,1,1,111
26199,Individual,363,1,24.99,1,1,1,111
15452,Individual,315,1,24.99,1,1,1,111
22324,Individual,307,1,24.99,1,1,1,111
16458,Individual,308,1,24.99,1,1,1,111
29241,Individual,307,1,24.99,1,1,1,111
18036,Individual,307,1,24.99,1,1,1,111
16474,Individual,307,1,24.99,1,1,1,111
26517,Individual,314,1,24.99,1,1,1,111
17783,Individual,314,1,24.99,1,1,1,111
16558,Individual,311,1,24.99,1,1,1,111
26010,Individual,333,1,24.99,1,1,1,111
17845,Individual,330,1,24.99,1,1,1,111
28862,Individual,338,1,24.99,1,1,1,111
29228,Individual,345,1,24.99,1,1,1,111
17640,Individual,343,1,24.99,1,1,1,111
29249,Individual,346,1,24.99,1,1,1,111
18017,Individual,346,1,24.99,1,1,1,111
28793,Individual,342,1,24.99,1,1,1,111
16254,Individual,342,1,24.99,1,1,1,111
17738,Individual,342,1,24.99,1,1,1,111
27533,Individual,288,1,25.48,1,1,1,111
25524,Individual,298,1,25.48,1,1,1,111
24855,Individual,346,1,25.48,1,1,1,111
27794,Individual,332,1,25.48,1,1,1,111
25267,Individual,312,1,25.48,1,1,1,111
27753,Individual,314,1,25.48,1,1,1,111
28054,Individual,305,1,25.48,1,1,1,111
27740,Individual,318,1,25.48,1,1,1,111
26989,Individual,361,1,25.48,1,1,1,111
26736,Individual,348,1,25.48,1,1,1,111
26395,Individual,352,1,25.48,1,1,1,111
29451,Individual,355,1,25.48,1,1,1,111
25206,Individual,303,1,24.99,1,1,1,111
26054,Individual,304,1,24.99,1,1,1,111
15618,Individual,303,1,24.99,1,1,1,111
28809,Individual,299,1,24.99,1,1,1,111
19184,Individual,296,1,24.99,1,1,1,111
25343,Individual,297,1,24.99,1,1,1,111
16326,Individual,295,1,24.99,1,1,1,111
15301,Individual,342,1,15.23,1,1,1,111
21373,Individual,323,1,15.23,1,1,1,111
13663,Individual,361,1,15.23,1,1,1,111
24141,Individual,354,1,15.23,1,1,1,111
27176,Individual,345,1,21.49,1,1,1,111
25529,Individual,339,1,21.49,1,1,1,111
19348,Individual,336,1,21.49,1,1,1,111
20618,Individual,330,1,21.49,1,1,1,111
28896,Individual,316,1,21.49,1,1,1,111
25516,Individual,306,1,21.49,1,1,1,111
27654,Individual,307,1,21.49,1,1,1,111
28057,Individual,310,1,21.49,1,1,1,111
26130,Individual,312,1,21.49,1,1,1,111
26981,Individual,313,1,21.49,1,1,1,111
20460,Individual,353,1,21.49,1,1,1,111
25645,Individual,355,1,21.49,1,1,1,111
19346,Individual,361,1,21.49,1,1,1,111
20237,Individual,362,1,21.49,1,1,1,111
20453,Individual,362,1,21.49,1,1,1,111
21121,Individual,288,1,21.49,1,1,1,111
16214,Individual,304,1,15.23,1,1,1,111
18312,Individual,302,1,15.23,1,1,1,111
15875,Individual,296,1,15.23,1,1,1,111
29116,Individual,296,1,17.27,1,1,1,111
21787,Individual,344,1,17.27,1,1,1,111
25244,Individual,332,1,21.93,1,1,1,111
13213,Individual,327,1,21.98,1,1,1,111
22265,Individual,325,1,21.98,1,1,1,111
14271,Individual,327,1,21.98,1,1,1,111
13320,Individual,337,1,21.98,1,1,1,111
14443,Individual,314,1,21.98,1,1,1,111
13031,Individual,310,1,21.98,1,1,1,111
13296,Individual,308,1,21.98,1,1,1,111
12531,Individual,317,1,21.98,1,1,1,111
14532,Individual,320,1,21.98,1,1,1,111
12925,Individual,320,1,21.98,1,1,1,111
13275,Individual,353,1,21.98,1,1,1,111
13349,Individual,350,1,21.98,1,1,1,111
12906,Individual,347,1,21.98,1,1,1,111
13097,Individual,296,1,21.98,1,1,1,111
13899,Individual,291,1,21.98,1,1,1,111
17727,Individual,299,1,21.98,1,1,1,111
23277,Individual,359,1,22.93,1,1,1,111
21500,Individual,345,1,22.93,1,1,1,111
25848,Individual,296,1,27.28,1,1,1,111
25929,Individual,294,1,27.28,1,1,1,111
26542,Individual,291,1,27.28,1,1,1,111
24928,Individual,291,1,27.28,1,1,1,111
16510,Individual,296,1,27.28,1,1,1,111
25959,Individual,296,1,27.28,1,1,1,111
17970,Individual,303,1,27.28,1,1,1,111
26349,Individual,302,1,27.28,1,1,1,111
29025,Individual,340,1,27.28,1,1,1,111
20588,Individual,344,1,27.28,1,1,1,111
26237,Individual,341,1,27.28,1,1,1,111
22794,Individual,331,1,27.28,1,1,1,111
29224,Individual,330,1,27.28,1,1,1,111
28623,Individual,313,1,27.28,1,1,1,111
16319,Individual,311,1,27.28,1,1,1,111
26053,Individual,316,1,27.28,1,1,1,111
28981,Individual,317,1,27.28,1,1,1,111
26465,Individual,321,1,27.28,1,1,1,111
16418,Individual,350,1,27.28,1,1,1,111
29248,Individual,348,1,27.28,1,1,1,111
17994,Individual,347,1,27.28,1,1,1,111
25835,Individual,347,1,27.28,1,1,1,111
19392,Individual,347,1,27.28,1,1,1,111
28764,Individual,355,1,27.28,1,1,1,111
26468,Individual,355,1,27.28,1,1,1,111
26195,Individual,361,1,27.28,1,1,1,111
28971,Individual,357,1,27.28,1,1,1,111
19328,Individual,290,1,27.28,1,1,1,111
14916,Individual,351,1,26.97,1,1,1,111
25813,Individual,310,1,26.97,1,1,1,111
17336,Individual,338,1,26.97,1,1,1,111
23716,Individual,288,1,26.97,1,1,1,111
16143,Individual,289,1,26.97,1,1,1,111
27658,Individual,301,1,27.77,1,1,1,111
27478,Individual,295,1,27.77,1,1,1,111
21084,Individual,288,1,27.77,1,1,1,111
28049,Individual,350,1,27.77,1,1,1,111
29386,Individual,321,1,27.77,1,1,1,111
27828,Individual,312,1,27.77,1,1,1,111
24863,Individual,326,1,27.77,1,1,1,111
24866,Individual,326,1,27.77,1,1,1,111
25691,Individual,333,1,27.77,1,1,1,111
18895,Individual,337,1,27.77,1,1,1,111
18546,Individual,291,1,29.48,1,1,1,111
17033,Individual,291,1,29.48,1,1,1,111
27942,Individual,364,1,29.48,1,1,1,111
27978,Individual,359,1,29.48,1,1,1,111
22455,Individual,355,1,29.48,1,1,1,111
18348,Individual,338,1,29.48,1,1,1,111
19462,Individual,325,1,29.48,1,1,1,111
19460,Individual,327,1,29.48,1,1,1,111
23769,Individual,321,1,29.48,1,1,1,111
18777,Individual,321,1,29.48,1,1,1,111
23966,Individual,305,1,29.48,1,1,1,111
27961,Individual,312,1,29.48,1,1,1,111
19060,Individual,322,1,29.93,1,1,1,111
13310,Individual,322,1,29.93,1,1,1,111
13266,Individual,315,1,29.93,1,1,1,111
14935,Individual,325,1,29.93,1,1,1,111
12791,Individual,341,1,29.93,1,1,1,111
14973,Individual,341,1,29.93,1,1,1,111
28322,Individual,300,1,29.48,1,1,1,111
24154,Individual,304,1,29.48,1,1,1,111
11392,Individual,306,1,28.99,1,1,1,111
26263,Individual,319,1,28.99,1,1,1,111
27389,Individual,329,1,28.99,1,1,1,111
26691,Individual,344,1,28.99,1,1,1,111
27321,Individual,340,1,28.99,1,1,1,111
22676,Individual,340,1,28.99,1,1,1,111
27249,Individual,340,1,28.99,1,1,1,111
26551,Individual,350,1,28.99,1,1,1,111
26904,Individual,355,1,28.99,1,1,1,111
26599,Individual,352,1,28.99,1,1,1,111
28409,Individual,358,1,28.99,1,1,1,111
27624,Individual,362,1,28.99,1,1,1,111
23962,Individual,366,1,28.99,1,1,1,111
19913,Individual,338,1,28.98,1,1,1,111
16440,Individual,337,1,28.98,1,1,1,111
28998,Individual,343,1,28.98,1,1,1,111
19291,Individual,325,1,28.98,1,1,1,111
29127,Individual,311,1,28.98,1,1,1,111
16455,Individual,308,1,28.98,1,1,1,111
16716,Individual,296,1,27.92,1,1,1,111
17895,Individual,290,1,29.98,1,1,1,111
18042,Individual,303,1,29.98,1,1,1,111
17746,Individual,303,1,29.98,1,1,1,111
14985,Individual,321,1,29.98,1,1,1,111
19080,Individual,356,1,29.98,1,1,1,111
26278,Individual,360,1,29.98,1,1,1,111
25337,Individual,363,1,29.98,1,1,1,111
23466,Individual,363,1,29.99,1,1,1,111
23556,Individual,366,1,29.99,1,1,1,111
22980,Individual,358,1,29.99,1,1,1,111
21391,Individual,358,1,29.99,1,1,1,111
23406,Individual,347,1,29.99,1,1,1,111
22736,Individual,323,1,29.99,1,1,1,111
14821,Individual,319,1,29.99,1,1,1,111
22883,Individual,314,1,29.99,1,1,1,111
14865,Individual,309,1,29.99,1,1,1,111
23299,Individual,337,1,29.99,1,1,1,111
23402,Individual,338,1,29.99,1,1,1,111
23061,Individual,325,1,29.99,1,1,1,111
23360,Individual,329,1,29.99,1,1,1,111
18624,Individual,334,1,29.99,1,1,1,111
23678,Individual,304,1,29.99,1,1,1,111
22077,Individual,298,1,29.99,1,1,1,111
22081,Individual,299,1,29.99,1,1,1,111
22244,Individual,299,1,29.99,1,1,1,111
23839,Individual,289,1,29.99,1,1,1,111
26889,Individual,290,1,30.48,1,1,1,111
21088,Individual,299,1,30.48,1,1,1,111
22378,Individual,296,1,30.48,1,1,1,111
27000,Individual,332,1,30.48,1,1,1,111
28235,Individual,319,1,30.48,1,1,1,111
27001,Individual,318,1,30.48,1,1,1,111
25671,Individual,322,1,30.48,1,1,1,111
22562,Individual,321,1,30.48,1,1,1,111
21070,Individual,348,1,30.48,1,1,1,111
25521,Individual,348,1,30.48,1,1,1,111
25803,Individual,352,1,30.48,1,1,1,111
13339,Individual,354,1,30.97,1,1,1,111
15821,Individual,360,1,30.97,1,1,1,111
16209,Individual,360,1,30.97,1,1,1,111
13843,Individual,324,1,30.97,1,1,1,111
12951,Individual,306,1,30.97,1,1,1,111
13430,Individual,313,1,30.97,1,1,1,111
13868,Individual,311,1,30.97,1,1,1,111
14122,Individual,288,1,30.97,1,1,1,111
19078,Individual,313,1,32.27,1,1,1,111
19064,Individual,310,1,32.27,1,1,1,111
17102,Individual,323,1,32.27,1,1,1,111
16399,Individual,319,1,32.27,1,1,1,111
18632,Individual,343,1,32.27,1,1,1,111
13698,Individual,343,1,32.27,1,1,1,111
21525,Individual,347,1,32.27,1,1,1,111
15450,Individual,334,1,32.27,1,1,1,111
17882,Individual,364,1,32.27,1,1,1,111
24375,Individual,296,1,31.73,1,1,1,111
20596,Individual,306,1,32.27,1,1,1,111
17704,Individual,300,1,32.27,1,1,1,111
16396,Individual,300,1,32.27,1,1,1,111
26181,Individual,293,1,32.27,1,1,1,111
25259,Individual,291,1,32.27,1,1,1,111
21471,Individual,300,1,31.97,1,1,1,111
14454,Individual,302,1,31.97,1,1,1,111
16557,Individual,309,1,31.27,1,1,1,111
28791,Individual,337,1,31.27,1,1,1,111
17992,Individual,336,1,31.27,1,1,1,111
21840,Individual,361,1,31.27,1,1,1,111
14866,Individual,356,1,31.27,1,1,1,111
26264,Individual,314,1,31.28,1,1,1,111
23064,Individual,293,1,29.99,1,1,1,111
23623,Individual,341,1,3.99,1,1,1,111
27806,Individual,344,1,3.99,1,1,1,111
26911,Individual,341,1,3.99,1,1,1,111
20178,Individual,314,1,3.99,1,1,1,111
27929,Individual,312,1,3.99,1,1,1,111
20948,Individual,311,1,3.99,1,1,1,111
19516,Individual,311,1,3.99,1,1,1,111
24120,Individual,310,1,3.99,1,1,1,111
20942,Individual,310,1,3.99,1,1,1,111
20142,Individual,363,1,3.99,1,1,1,111
27331,Individual,361,1,3.99,1,1,1,111
24561,Individual,356,1,3.99,1,1,1,111
25547,Individual,353,1,3.99,1,1,1,111
17649,Individual,349,1,3.99,1,1,1,111
20146,Individual,348,1,3.99,1,1,1,111
18111,Individual,348,1,4.99,1,1,1,111
17165,Individual,350,1,4.99,1,1,1,111
22559,Individual,350,1,4.99,1,1,1,111
12837,Individual,353,1,4.99,1,1,1,111
17014,Individual,352,1,4.99,1,1,1,111
24415,Individual,353,1,4.99,1,1,1,111
29290,Individual,351,1,4.99,1,1,1,111
22491,Individual,355,1,4.99,1,1,1,111
17368,Individual,355,1,4.99,1,1,1,111
18569,Individual,357,1,4.99,1,1,1,111
17630,Individual,356,1,4.99,1,1,1,111
15414,Individual,354,1,4.99,1,1,1,111
19327,Individual,354,1,4.99,1,1,1,111
17685,Individual,362,1,4.99,1,1,1,111
28533,Individual,360,1,4.99,1,1,1,111
23070,Individual,360,1,4.99,1,1,1,111
18102,Individual,359,1,4.99,1,1,1,111
21868,Individual,358,1,4.99,1,1,1,111
29287,Individual,363,1,4.99,1,1,1,111
25801,Individual,363,1,4.99,1,1,1,111
20130,Individual,363,1,4.99,1,1,1,111
28274,Individual,364,1,4.99,1,1,1,111
18423,Individual,310,1,4.99,1,1,1,111
21851,Individual,310,1,4.99,1,1,1,111
26449,Individual,308,1,4.99,1,1,1,111
21114,Individual,307,1,4.99,1,1,1,111
21845,Individual,306,1,4.99,1,1,1,111
17104,Individual,306,1,4.99,1,1,1,111
19933,Individual,311,1,4.99,1,1,1,111
22814,Individual,311,1,4.99,1,1,1,111
22772,Individual,312,1,4.99,1,1,1,111
24995,Individual,314,1,4.99,1,1,1,111
17275,Individual,325,1,4.99,1,1,1,111
15423,Individual,325,1,4.99,1,1,1,111
22554,Individual,324,1,4.99,1,1,1,111
16978,Individual,323,1,4.99,1,1,1,111
16860,Individual,323,1,4.99,1,1,1,111
17449,Individual,323,1,4.99,1,1,1,111
18552,Individual,318,1,4.99,1,1,1,111
27926,Individual,318,1,4.99,1,1,1,111
17431,Individual,318,1,4.99,1,1,1,111
27836,Individual,318,1,4.99,1,1,1,111
17488,Individual,318,1,4.99,1,1,1,111
17169,Individual,316,1,4.99,1,1,1,111
26488,Individual,340,1,4.99,1,1,1,111
17111,Individual,340,1,4.99,1,1,1,111
14404,Individual,341,1,4.99,1,1,1,111
14909,Individual,339,1,4.99,1,1,1,111
23676,Individual,338,1,4.99,1,1,1,111
29230,Individual,336,1,4.99,1,1,1,111
28003,Individual,343,1,4.99,1,1,1,111
17137,Individual,342,1,4.99,1,1,1,111
28248,Individual,342,1,4.99,1,1,1,111
23770,Individual,342,1,4.99,1,1,1,111
24894,Individual,346,1,4.99,1,1,1,111
27807,Individual,346,1,4.99,1,1,1,111
16039,Individual,345,1,4.99,1,1,1,111
24064,Individual,345,1,4.99,1,1,1,111
25783,Individual,336,1,4.99,1,1,1,111
16381,Individual,335,1,4.99,1,1,1,111
15420,Individual,333,1,4.99,1,1,1,111
28919,Individual,333,1,4.99,1,1,1,111
27995,Individual,333,1,4.99,1,1,1,111
14788,Individual,332,1,4.99,1,1,1,111
24895,Individual,332,1,4.99,1,1,1,111
17590,Individual,332,1,4.99,1,1,1,111
22917,Individual,332,1,4.99,1,1,1,111
18123,Individual,332,1,4.99,1,1,1,111
23442,Individual,331,1,4.99,1,1,1,111
25804,Individual,330,1,4.99,1,1,1,111
27207,Individual,329,1,4.99,1,1,1,111
14629,Individual,328,1,4.99,1,1,1,111
22494,Individual,328,1,4.99,1,1,1,111
26026,Individual,328,1,4.99,1,1,1,111
18424,Individual,327,1,4.99,1,1,1,111
19214,Individual,327,1,4.99,1,1,1,111
17683,Individual,327,1,4.99,1,1,1,111
19463,Individual,326,1,4.99,1,1,1,111
19317,Individual,288,1,4.99,1,1,1,111
24078,Individual,296,1,3.99,1,1,1,111
24572,Individual,288,1,3.99,1,1,1,111
18182,Individual,295,1,4.99,1,1,1,111
18657,Individual,294,1,4.99,1,1,1,111
17339,Individual,294,1,4.99,1,1,1,111
14399,Individual,292,1,4.99,1,1,1,111
24763,Individual,291,1,4.99,1,1,1,111
24489,Individual,291,1,4.99,1,1,1,111
24109,Individual,291,1,4.99,1,1,1,111
23976,Individual,305,1,4.99,1,1,1,111
16992,Individual,304,1,4.99,1,1,1,111
24471,Individual,303,1,4.99,1,1,1,111
17526,Individual,302,1,4.99,1,1,1,111
28266,Individual,302,1,4.99,1,1,1,111
22380,Individual,301,1,4.99,1,1,1,111
18387,Individual,301,1,4.99,1,1,1,111
16003,Individual,301,1,4.99,1,1,1,111
25476,Individual,300,1,4.99,1,1,1,111
24703,Individual,300,1,4.99,1,1,1,111
23498,Individual,300,1,4.99,1,1,1,111
17556,Individual,299,1,4.99,1,1,1,111
25507,Individual,299,1,4.99,1,1,1,111
25299,Individual,298,1,4.99,1,1,1,111
28127,Individual,297,1,4.99,1,1,1,111
20419,Individual,297,1,4.99,1,1,1,111
15315,Individual,296,1,4.99,1,1,1,111
28094,Individual,342,1,2.29,1,1,1,111
28300,Individual,293,1,2.29,1,1,1,111
24544,Individual,327,1,6.28,1,1,1,111
24181,Individual,328,1,6.28,1,1,1,111
25026,Individual,336,1,6.28,1,1,1,111
27375,Individual,315,1,6.28,1,1,1,111
25686,Individual,315,1,6.28,1,1,1,111
20148,Individual,319,1,6.28,1,1,1,111
23600,Individual,322,1,6.28,1,1,1,111
27788,Individual,324,1,6.28,1,1,1,111
24567,Individual,315,1,6.28,1,1,1,111
27727,Individual,313,1,6.28,1,1,1,111
19515,Individual,307,1,6.28,1,1,1,111
22866,Individual,310,1,6.28,1,1,1,111
27223,Individual,309,1,6.28,1,1,1,111
25923,Individual,361,1,6.28,1,1,1,111
27040,Individual,361,1,7.28,1,1,1,111
26032,Individual,358,1,7.28,1,1,1,111
15443,Individual,358,1,7.28,1,1,1,111
18174,Individual,364,1,7.28,1,1,1,111
16384,Individual,363,1,7.28,1,1,1,111
15476,Individual,363,1,7.28,1,1,1,111
15861,Individual,362,1,7.28,1,1,1,111
15319,Individual,365,1,7.28,1,1,1,111
15198,Individual,356,1,7.28,1,1,1,111
14465,Individual,355,1,7.28,1,1,1,111
29130,Individual,357,1,7.28,1,1,1,111
14644,Individual,353,1,7.28,1,1,1,111
14901,Individual,353,1,7.28,1,1,1,111
17369,Individual,352,1,7.28,1,1,1,111
18053,Individual,352,1,7.28,1,1,1,111
14468,Individual,352,1,7.28,1,1,1,111
23449,Individual,350,1,7.28,1,1,1,111
22739,Individual,350,1,7.28,1,1,1,111
25672,Individual,348,1,7.28,1,1,1,111
14845,Individual,347,1,7.28,1,1,1,111
18169,Individual,309,1,7.28,1,1,1,111
25513,Individual,309,1,7.28,1,1,1,111
25314,Individual,309,1,7.28,1,1,1,111
28005,Individual,308,1,7.28,1,1,1,111
16115,Individual,307,1,7.28,1,1,1,111
23591,Individual,306,1,7.28,1,1,1,111
23077,Individual,312,1,7.28,1,1,1,111
17663,Individual,312,1,7.28,1,1,1,111
22974,Individual,312,1,7.28,1,1,1,111
21764,Individual,311,1,7.28,1,1,1,111
16750,Individual,314,1,7.28,1,1,1,111
27607,Individual,314,1,7.28,1,1,1,111
23503,Individual,314,1,7.28,1,1,1,111
21374,Individual,324,1,7.28,1,1,1,111
26706,Individual,322,1,7.28,1,1,1,111
24525,Individual,324,1,7.28,1,1,1,111
28936,Individual,322,1,7.28,1,1,1,111
22278,Individual,319,1,7.28,1,1,1,111
27300,Individual,317,1,7.28,1,1,1,111
15406,Individual,317,1,7.28,1,1,1,111
22019,Individual,336,1,7.28,1,1,1,111
28239,Individual,334,1,7.28,1,1,1,111
27036,Individual,334,1,7.28,1,1,1,111
26693,Individual,332,1,7.28,1,1,1,111
28216,Individual,333,1,7.28,1,1,1,111
16001,Individual,327,1,7.28,1,1,1,111
14921,Individual,343,1,7.28,1,1,1,111
21367,Individual,342,1,7.28,1,1,1,111
29000,Individual,343,1,7.28,1,1,1,111
15940,Individual,336,1,7.28,1,1,1,111
24713,Individual,336,1,7.28,1,1,1,111
28175,Individual,339,1,7.28,1,1,1,111
15161,Individual,340,1,7.28,1,1,1,111
27210,Individual,290,1,7.28,1,1,1,111
28004,Individual,289,1,7.28,1,1,1,111
15385,Individual,290,1,7.28,1,1,1,111
24773,Individual,288,1,7.28,1,1,1,111
27308,Individual,297,1,6.28,1,1,1,111
29089,Individual,297,1,6.28,1,1,1,111
23910,Individual,297,1,6.28,1,1,1,111
25628,Individual,301,1,6.28,1,1,1,111
27224,Individual,302,1,6.28,1,1,1,111
27957,Individual,304,1,6.28,1,1,1,111
27218,Individual,291,1,6.28,1,1,1,111
26218,Individual,292,1,6.28,1,1,1,111
20962,Individual,292,1,6.28,1,1,1,111
12507,Individual,293,1,8.99,1,1,1,111
20732,Individual,330,1,9.99,1,1,1,111
23254,Individual,340,1,9.99,1,1,1,111
24277,Individual,340,1,9.99,1,1,1,111
21358,Individual,310,1,9.99,1,1,1,111
20512,Individual,309,1,9.99,1,1,1,111
22009,Individual,317,1,9.99,1,1,1,111
13596,Individual,353,1,9.99,1,1,1,111
20681,Individual,362,1,9.99,1,1,1,111
24494,Individual,363,1,9.99,1,1,1,111
28330,Individual,313,1,10.24,1,1,1,111
27222,Individual,348,1,11.94,1,1,1,111
21294,Individual,292,1,9.99,1,1,1,111
28942,Individual,288,1,9.99,1,1,1,111
20634,Individual,297,1,9.99,1,1,1,111
28606,Individual,324,1,7.95,1,1,1,111
28607,Individual,365,1,7.95,1,1,1,111
28604,Individual,358,1,7.95,1,1,1,111
28788,Individual,366,1,8.99,1,1,1,111
12514,Individual,349,1,8.99,1,1,1,111
28611,Individual,319,1,8.99,1,1,1,111
12512,Individual,312,1,8.99,1,1,1,111
28967,Individual,343,1,8.99,1,1,1,111
12481,Individual,327,1,8.99,1,1,1,111
28601,Individual,301,1,7.95,1,1,1,111
24693,Individual,292,1,7.28,1,1,1,111
14654,Individual,303,1,7.28,1,1,1,111
22059,Individual,303,1,7.28,1,1,1,111
25224,Individual,302,1,7.28,1,1,1,111
19873,Individual,297,1,7.28,1,1,1,111
15368,Individual,298,1,7.28,1,1,1,111
27100,Individual,299,1,7.28,1,1,1,111
15384,Individual,300,1,7.28,1,1,1,111
29105,Individual,290,1,6.28,1,1,1,111
18110,Individual,360,1,12.94,1,1,1,111
17506,Individual,360,1,12.94,1,1,1,111
23086,Individual,311,1,12.94,1,1,1,111
18321,Individual,308,1,12.94,1,1,1,111
22945,Individual,315,1,12.94,1,1,1,111
18374,Individual,318,1,12.94,1,1,1,111
27037,Individual,322,1,12.94,1,1,1,111
19764,Individual,321,1,12.94,1,1,1,111
26896,Individual,317,1,12.98,1,1,1,111
28877,Individual,335,1,12.98,1,1,1,111
27729,Individual,352,1,12.98,1,1,1,111
29251,Individual,301,1,12.98,1,1,1,111
28106,Individual,289,1,12.94,1,1,1,111
16238,Individual,295,1,12.94,1,1,1,111
24148,Individual,301,1,11.94,1,1,1,111
21459,Individual,348,1,14.98,1,1,1,111
20779,Individual,347,1,14.98,1,1,1,111
21715,Individual,351,1,14.98,1,1,1,111
21630,Individual,350,1,14.98,1,1,1,111
22052,Individual,354,1,14.98,1,1,1,111
21442,Individual,352,1,14.98,1,1,1,111
29307,Individual,365,1,14.98,1,1,1,111
12724,Individual,362,1,14.98,1,1,1,111
20766,Individual,306,1,14.98,1,1,1,111
20520,Individual,306,1,14.98,1,1,1,111
21688,Individual,323,1,14.98,1,1,1,111
21698,Individual,318,1,14.98,1,1,1,111
23252,Individual,346,1,14.98,1,1,1,111
21720,Individual,343,1,14.98,1,1,1,111
21496,Individual,340,1,14.98,1,1,1,111
20439,Individual,339,1,14.98,1,1,1,111
12798,Individual,327,1,14.98,1,1,1,111
21432,Individual,329,1,14.98,1,1,1,111
20636,Individual,329,1,14.98,1,1,1,111
28939,Individual,332,1,14.98,1,1,1,111
20494,Individual,331,1,14.98,1,1,1,111
20676,Individual,291,1,14.98,1,1,1,111
21632,Individual,295,1,14.98,1,1,1,111
23007,Individual,298,1,14.98,1,1,1,111
22034,Individual,304,1,14.98,1,1,1,111
17392,Individual,301,1,13.98,1,1,1,111
18104,Individual,302,1,13.98,1,1,1,111
24035,Individual,298,1,13.98,1,1,1,111
21843,Individual,298,1,13.98,1,1,1,111
25142,Individual,300,1,13.98,1,1,1,111
28126,Individual,295,1,13.98,1,1,1,111
17031,Individual,295,1,13.98,1,1,1,111
25062,Individual,292,1,13.98,1,1,1,111
11399,Individual,291,1,13.98,1,1,1,111
17170,Individual,290,1,13.98,1,1,1,111
17540,Individual,357,1,13.98,1,1,1,111
16119,Individual,355,1,13.98,1,1,1,111
16953,Individual,361,1,13.98,1,1,1,111
24746,Individual,360,1,13.98,1,1,1,111
18664,Individual,361,1,13.98,1,1,1,111
17447,Individual,359,1,13.98,1,1,1,111
25799,Individual,364,1,13.98,1,1,1,111
22317,Individual,334,1,13.98,1,1,1,111
15869,Individual,330,1,13.98,1,1,1,111
28269,Individual,325,1,13.98,1,1,1,111
18477,Individual,340,1,13.98,1,1,1,111
28536,Individual,340,1,13.98,1,1,1,111
16377,Individual,340,1,13.98,1,1,1,111
15275,Individual,336,1,13.98,1,1,1,111
18346,Individual,343,1,13.98,1,1,1,111
16802,Individual,346,1,13.98,1,1,1,111
28143,Individual,317,1,13.98,1,1,1,111
11347,Individual,319,1,13.98,1,1,1,111
22832,Individual,322,1,13.98,1,1,1,111
17693,Individual,305,1,13.98,1,1,1,111
18327,Individual,307,1,13.98,1,1,1,111
19275,Individual,309,1,13.98,1,1,1,111
29286,Individual,311,1,13.98,1,1,1,111
26543,Individual,348,1,14.23,1,1,1,111
29637,Store,61,12,361999.06,4,5,5,455
29938,Store,61,12,372146.73,4,5,5,455
29714,Store,61,12,384394.02,4,5,5,455
29651,Store,61,12,392784.60,4,5,5,455
29702,Store,61,12,395867.27,4,5,5,455
29950,Store,61,12,397553.27,4,5,5,455
29690,Store,61,12,415310.55,4,5,5,455
29834,Store,61,12,424512.69,4,5,5,455
29486,Store,61,12,519411.36,4,5,5,455
29966,Store,61,12,537528.10,4,5,5,455
29639,Store,61,12,787773.04,4,5,5,455
29722,Store,61,12,841908.77,4,5,5,455
29715,Store,61,12,853849.18,4,5,5,455
29803,Store,61,12,94372.20,4,5,4,454
29531,Store,61,11,100495.45,4,5,4,454
29592,Store,61,12,107591.67,4,5,4,454
29810,Store,61,12,109764.07,4,5,4,454
29685,Store,61,12,120347.32,4,5,4,454
29642,Store,61,9,122360.66,4,5,4,454
29842,Store,61,10,138868.30,4,5,4,454
29915,Store,61,9,172227.73,4,5,4,454
29622,Store,61,10,231593.64,4,5,4,454
29577,Store,61,12,65140.39,4,5,3,453
29487,Store,61,11,67941.19,4,5,3,453
29982,Store,61,11,31751.78,4,5,3,453
29669,Store,61,11,37289.18,4,5,3,453
29897,Store,61,12,38782.50,4,5,3,453
29721,Store,61,12,40221.10,4,5,3,453
29508,Store,61,10,9078.47,4,5,2,452
29494,Store,61,9,16225.02,4,5,2,452
29891,Store,61,8,248368.82,4,4,5,445
29822,Store,61,8,250219.28,4,4,5,445
30113,Store,61,8,273185.89,4,4,5,445
30118,Store,61,8,278568.57,4,4,5,445
29701,Store,61,8,746317.53,4,4,5,445
30050,Store,61,8,559620.95,4,4,5,445
29957,Store,61,8,636226.47,4,4,5,445
29707,Store,61,8,416702.73,4,4,5,445
30046,Store,61,8,418436.53,4,4,5,445
29559,Store,61,8,443316.11,4,4,5,445
29770,Store,61,8,443861.82,4,4,5,445
29546,Store,61,8,474401.85,4,4,5,445
30049,Store,61,8,409287.80,4,4,5,445
29579,Store,61,8,284305.63,4,4,5,445
29956,Store,61,8,293829.19,4,4,5,445
30043,Store,61,8,320221.55,4,4,5,445
29929,Store,61,8,349342.11,4,4,5,445
29499,Store,61,8,234957.32,4,4,4,444
30105,Store,61,8,173228.29,4,4,4,444
29528,Store,61,8,144109.87,4,4,4,444
29809,Store,61,8,94534.84,4,4,4,444
29873,Store,61,8,40148.03,4,4,3,443
29709,Store,61,8,39171.41,4,4,3,443
29781,Store,61,8,29528.00,4,4,3,443
30007,Store,61,8,26778.01,4,4,3,443
30019,Store,61,8,22154.95,4,4,3,443
29635,Store,61,8,23811.26,4,4,3,443
29678,Store,61,8,25242.53,4,4,3,443
29815,Store,61,8,86177.85,4,4,3,443
29696,Store,61,8,86197.09,4,4,3,443
29975,Store,61,8,45287.68,4,4,3,443
30037,Store,61,8,45502.97,4,4,3,443
29856,Store,61,8,54633.66,4,4,3,443
30029,Store,61,8,60761.55,4,4,3,443
29740,Store,61,8,64700.47,4,4,3,443
29574,Store,61,8,18400.59,4,4,2,442
29535,Store,61,8,14042.08,4,4,2,442
29568,Store,61,8,14175.72,4,4,2,442
29962,Store,61,8,10598.54,4,4,2,442
29498,Store,61,8,5178.61,4,4,2,442
29959,Store,61,8,6287.78,4,4,2,442
29812,Store,61,8,7557.81,4,4,2,442
29576,Store,61,8,7777.87,4,4,2,442
29775,Store,61,8,7860.62,4,4,2,442
29951,Store,61,7,99968.71,4,3,4,434
29492,Store,61,6,140130.84,4,3,4,434
29750,Store,61,5,18030.73,4,3,2,432
29644,Store,61,7,7183.58,4,3,2,432
29584,Store,61,7,5776.95,4,3,2,432
29730,Store,61,6,11038.03,4,3,2,432
30008,Store,61,5,11142.60,4,3,2,432
29864,Store,61,7,8399.99,4,3,2,432
29971,Store,61,6,8476.68,4,3,2,432
29903,Store,61,7,14378.90,4,3,2,432
29518,Store,61,5,12343.82,4,3,2,432
29676,Store,61,7,12649.61,4,3,2,432
29711,Store,61,6,13427.69,4,3,2,432
29838,Store,61,7,3554.97,4,3,1,431
30064,Store,61,6,4204.03,4,3,1,431
29927,Store,61,7,4456.53,4,3,1,431
29847,Store,61,6,2803.98,4,3,1,431
29916,Store,61,4,239853.12,4,1,5,415
29796,Store,61,4,282701.32,4,1,5,415
29629,Store,61,4,343349.78,4,1,5,415
29736,Store,61,4,321752.83,4,1,5,415
29488,Store,61,4,221169.78,4,1,4,414
29932,Store,61,4,201888.66,4,1,4,414
29695,Store,61,4,208802.87,4,1,4,414
29843,Store,61,4,215977.96,4,1,4,414
29550,Store,61,4,216653.62,4,1,4,414
29917,Store,61,4,220496.69,4,1,4,414
29625,Store,61,4,169212.22,4,1,4,414
30071,Store,61,4,161109.37,4,1,4,414
29660,Store,61,4,182025.06,4,1,4,414
29738,Store,61,4,185859.60,4,1,4,414
29563,Store,61,4,184837.33,4,1,4,414
29557,Store,61,4,197801.06,4,1,4,414
29552,Store,61,4,132143.71,4,1,4,414
29551,Store,61,4,126693.24,4,1,4,414
29964,Store,61,4,141941.65,4,1,4,414
29628,Store,61,4,145380.13,4,1,4,414
29645,Store,61,4,147421.75,4,1,4,414
29720,Store,61,4,147887.68,4,1,4,414
29496,Store,61,4,95228.22,4,1,4,414
29821,Store,61,4,105520.88,4,1,4,414
29823,Store,61,4,105590.13,4,1,4,414
30097,Store,61,4,106761.09,4,1,4,414
30087,Store,61,4,102230.41,4,1,4,414
30082,Store,61,4,117328.46,4,1,4,414
29922,Store,61,4,117491.42,4,1,4,414
30092,Store,61,4,115085.64,4,1,4,414
29931,Store,61,4,115533.28,4,1,4,414
29841,Store,61,4,112448.43,4,1,4,414
29534,Store,61,4,112651.99,4,1,4,414
29485,Store,61,4,112888.67,4,1,4,414
29687,Store,61,4,26427.37,4,1,3,413
29801,Store,61,4,24342.47,4,1,3,413
30034,Store,61,4,24684.15,4,1,3,413
30027,Store,61,4,22523.18,4,1,3,413
29878,Store,61,4,29218.36,4,1,3,413
29762,Store,61,4,29518.97,4,1,3,413
29972,Store,61,4,61620.26,4,1,3,413
29877,Store,61,4,58775.07,4,1,3,413
29799,Store,61,4,43699.10,4,1,3,413
29653,Store,61,4,54331.84,4,1,3,413
30020,Store,61,4,66126.32,4,1,3,413
29804,Store,61,4,18055.39,4,1,2,412
29527,Store,61,4,18001.72,4,1,2,412
29553,Store,61,4,21244.54,4,1,2,412
30089,Store,61,4,5227.49,4,1,2,412
30053,Store,61,3,5641.21,4,1,2,412
29854,Store,61,4,6407.89,4,1,2,412
30102,Store,61,4,6278.42,4,1,2,412
29514,Store,61,4,7300.83,4,1,2,412
29512,Store,61,4,7337.60,4,1,2,412
29965,Store,61,3,6678.11,4,1,2,412
30031,Store,61,4,10355.13,4,1,2,412
29572,Store,61,4,17433.20,4,1,2,412
29887,Store,61,4,8582.95,4,1,2,412
29501,Store,61,4,8799.13,4,1,2,412
29529,Store,61,4,9413.35,4,1,2,412
29806,Store,61,4,9530.02,4,1,2,412
29652,Store,61,4,10749.35,4,1,2,412
29948,Store,61,3,9969.05,4,1,2,412
29939,Store,61,4,10044.09,4,1,2,412
30033,Store,61,4,4481.48,4,1,1,411
29960,Store,61,4,4257.62,4,1,1,411
29760,Store,61,3,4631.07,4,1,1,411
30069,Store,61,4,4636.42,4,1,1,411
29839,Store,61,4,3192.37,4,1,1,411
29638,Store,61,4,2676.65,4,1,1,411
29603,Store,61,4,2612.26,4,1,1,411
29943,Store,61,3,2930.55,4,1,1,411
30038,Store,61,4,2983.02,4,1,1,411
29700,Store,61,4,2850.50,4,1,1,411
29754,Store,61,1,2860.88,4,1,1,411
29537,Store,61,3,3009.54,4,1,1,411
29840,Store,61,3,1691.88,4,1,1,411
29735,Store,61,4,1718.09,4,1,1,411
30066,Store,61,4,1847.06,4,1,1,411
29612,Store,61,3,2157.89,4,1,1,411
30006,Store,61,3,2165.79,4,1,1,411
29881,Store,61,4,2225.33,4,1,1,411
30072,Store,61,3,340.15,4,1,1,411
29831,Store,61,1,352.39,4,1,1,411
29933,Store,61,3,560.35,4,1,1,411
29870,Store,61,1,672.29,4,1,1,411
29741,Store,61,3,1424.49,4,1,1,411
30025,Store,61,2,59.33,4,1,1,411
29789,Store,92,12,278198.22,3,5,5,355
30076,Store,92,12,268166.05,3,5,5,355
29509,Store,92,12,299530.49,3,5,5,355
29698,Store,92,12,290158.93,3,5,5,355
29724,Store,92,12,394260.69,3,5,5,355
29888,Store,92,12,395413.13,3,5,5,355
29955,Store,92,12,373658.47,3,5,5,355
29901,Store,92,12,427890.84,3,5,5,355
29523,Store,92,12,618616.13,3,5,5,355
30107,Store,92,12,577089.57,3,5,5,355
29705,Store,92,12,482738.70,3,5,5,355
29522,Store,92,12,492362.76,3,5,5,355
29617,Store,92,12,740985.83,3,5,5,355
29716,Store,92,12,693502.49,3,5,5,355
29818,Store,92,12,877107.19,3,5,5,355
30117,Store,92,12,816755.58,3,5,5,355
29963,Store,92,12,223285.39,3,5,4,354
30095,Store,92,12,228419.95,3,5,4,354
29521,Store,92,12,184846.24,3,5,4,354
29880,Store,92,12,193708.60,3,5,4,354
29945,Store,92,11,165815.33,3,5,4,354
29968,Store,92,11,149121.22,3,5,4,354
29571,Store,92,12,95321.70,3,5,4,354
29846,Store,92,12,101000.42,3,5,4,354
29511,Store,92,11,144735.22,3,5,4,354
29569,Store,92,10,21339.31,3,5,3,353
30022,Store,92,11,31900.10,3,5,3,353
29830,Store,92,10,34022.17,3,5,3,353
29675,Store,92,12,41565.95,3,5,3,353
29620,Store,92,12,66193.22,3,5,3,353
29865,Store,92,12,68492.10,3,5,3,353
29961,Store,92,10,70893.85,3,5,3,353
30011,Store,92,11,83359.95,3,5,3,353
29731,Store,92,12,51803.14,3,5,3,353
29539,Store,92,12,59958.03,3,5,3,353
29757,Store,92,12,58236.07,3,5,3,353
29588,Store,92,10,15319.22,3,5,2,352
29627,Store,92,8,249295.55,3,4,5,345
29732,Store,92,8,278412.80,3,4,5,345
30055,Store,92,8,274395.55,3,4,5,345
29935,Store,92,8,268660.80,3,4,5,345
29601,Store,92,8,269007.30,3,4,5,345
29924,Store,92,8,572035.11,3,4,5,345
29997,Store,92,8,536546.12,3,4,5,345
29712,Store,92,8,580222.33,3,4,5,345
29616,Store,92,8,617340.46,3,4,5,345
30103,Store,92,8,643745.90,3,4,5,345
29913,Store,92,8,671618.03,3,4,5,345
30112,Store,92,8,477957.27,3,4,5,345
29919,Store,92,8,456739.47,3,4,5,345
29543,Store,92,8,284876.07,3,4,5,345
29996,Store,92,8,286645.14,3,4,5,345
29904,Store,92,8,302043.77,3,4,5,345
29792,Store,92,8,294389.81,3,4,5,345
29910,Store,92,8,292234.85,3,4,5,345
29896,Store,92,8,293610.72,3,4,5,345
29618,Store,92,8,309675.84,3,4,5,345
29560,Store,92,8,316323.81,3,4,5,345
29895,Store,92,8,318177.59,3,4,5,345
30094,Store,92,8,338939.20,3,4,5,345
29947,Store,92,8,220888.85,3,4,4,344
29786,Store,92,8,209695.15,3,4,4,344
29828,Store,92,8,158171.48,3,4,4,344
30060,Store,92,8,146256.57,3,4,4,344
30009,Store,92,8,124961.23,3,4,4,344
29985,Store,92,8,62380.12,3,4,3,343
30030,Store,92,8,60927.87,3,4,3,343
29544,Store,92,8,59324.50,3,4,3,343
29797,Store,92,8,52301.54,3,4,3,343
29540,Store,92,8,53376.39,3,4,3,343
29598,Store,92,8,41195.55,3,4,3,343
29586,Store,92,8,44976.56,3,4,3,343
29780,Store,92,8,49438.82,3,4,3,343
29784,Store,92,8,83292.21,3,4,3,343
30091,Store,92,8,88245.87,3,4,3,343
30026,Store,92,8,88448.92,3,4,3,343
29684,Store,92,8,82135.58,3,4,3,343
29798,Store,92,8,66265.51,3,4,3,343
29677,Store,92,8,35248.77,3,4,3,343
29986,Store,92,8,35704.75,3,4,3,343
29869,Store,92,8,28485.66,3,4,3,343
29593,Store,92,8,22007.82,3,4,3,343
29816,Store,92,8,25199.50,3,4,3,343
29983,Store,92,8,18779.83,3,4,2,342
30058,Store,92,8,11138.73,3,4,2,342
30115,Store,92,8,8917.56,3,4,2,342
29764,Store,92,8,8997.82,3,4,2,342
29753,Store,92,8,8477.62,3,4,2,342
30085,Store,92,8,4378.72,3,4,1,341
29949,Store,92,8,5040.22,3,4,1,341
29633,Store,92,7,31960.34,3,3,3,333
30047,Store,92,7,28933.96,3,3,3,333
29691,Store,92,7,20510.74,3,3,2,332
29835,Store,92,7,5229.21,3,3,2,332
29851,Store,92,5,7047.60,3,3,2,332
29719,Store,92,7,7644.00,3,3,2,332
29952,Store,92,5,7695.70,3,3,2,332
29619,Store,92,7,6016.31,3,3,2,332
29845,Store,92,6,6384.00,3,3,2,332
29991,Store,92,7,5575.25,3,3,2,332
29590,Store,92,7,8886.48,3,3,2,332
29688,Store,92,5,9457.81,3,3,2,332
30023,Store,92,7,10016.34,3,3,2,332
29503,Store,92,7,10237.78,3,3,2,332
29800,Store,92,5,16169.89,3,3,2,332
29626,Store,92,7,12634.98,3,3,2,332
29990,Store,92,6,4680.93,3,3,1,331
29583,Store,92,5,3385.37,3,3,1,331
29640,Store,92,6,3611.24,3,3,1,331
29630,Store,92,6,3749.13,3,3,1,331
29857,Store,92,5,2446.38,3,3,1,331
29564,Store,92,4,283745.88,3,1,5,315
29995,Store,92,4,337756.73,3,1,5,315
29615,Store,92,4,299985.20,3,1,5,315
29923,Store,92,4,436921.65,3,1,5,315
29940,Store,92,4,391040.59,3,1,5,315
29643,Store,92,4,204203.37,3,1,4,314
29524,Store,92,4,181062.71,3,1,4,314
29561,Store,92,4,154826.71,3,1,4,314
29725,Store,92,4,153764.35,3,1,4,314
29608,Store,92,4,196449.44,3,1,4,314
29609,Store,92,4,186217.07,3,1,4,314
29727,Store,92,4,178066.65,3,1,4,314
29911,Store,92,4,128376.11,3,1,4,314
29899,Store,92,4,132838.37,3,1,4,314
29706,Store,92,4,148996.51,3,1,4,314
29942,Store,92,4,148588.05,3,1,4,314
30101,Store,92,4,147963.79,3,1,4,314
30059,Store,92,4,145407.74,3,1,4,314
29918,Store,92,4,125793.80,3,1,4,314
30005,Store,92,4,97173.42,3,1,4,314
30093,Store,92,4,98367.42,3,1,4,314
30073,Store,92,4,105389.11,3,1,4,314
30063,Store,92,4,107115.33,3,1,4,314
29907,Store,92,4,112900.25,3,1,4,314
29817,Store,92,4,120639.54,3,1,4,314
29928,Store,92,4,91879.12,3,1,4,314
29538,Store,92,4,67406.05,3,1,3,313
30014,Store,92,4,68431.08,3,1,3,313
29666,Store,92,4,61696.56,3,1,3,313
29526,Store,92,4,56130.07,3,1,3,313
30015,Store,92,4,59063.89,3,1,3,313
29519,Store,92,4,21860.14,3,1,3,313
29814,Store,92,4,22181.73,3,1,3,313
29979,Store,92,4,34174.92,3,1,3,313
29779,Store,92,4,39484.32,3,1,3,313
29506,Store,92,4,28016.70,3,1,3,313
29984,Store,92,4,20417.26,3,1,2,312
30054,Store,92,4,17623.30,3,1,2,312
30035,Store,92,4,18772.68,3,1,2,312
29713,Store,92,4,5179.81,3,1,2,312
29542,Store,92,4,5404.20,3,1,2,312
29977,Store,92,4,12728.32,3,1,2,312
29868,Store,92,4,13219.94,3,1,2,312
29556,Store,92,4,11676.34,3,1,2,312
30061,Store,92,4,12071.31,3,1,2,312
29863,Store,92,4,12224.88,3,1,2,312
29517,Store,92,4,15973.30,3,1,2,312
30024,Store,92,4,10349.13,3,1,2,312
29597,Store,92,4,10135.83,3,1,2,312
30021,Store,92,4,11277.20,3,1,2,312
29665,Store,92,4,9601.97,3,1,2,312
29848,Store,92,3,3560.95,3,1,1,311
29752,Store,92,3,2917.94,3,1,1,311
29516,Store,92,4,3303.90,3,1,1,311
29495,Store,92,3,3372.34,3,1,1,311
30086,Store,92,4,4689.13,3,1,1,311
29936,Store,92,4,4708.49,3,1,1,311
29567,Store,92,4,2999.47,3,1,1,311
30002,Store,92,4,1893.50,3,1,1,311
29785,Store,92,4,2041.07,3,1,1,311
29777,Store,92,2,2074.70,3,1,1,311
29657,Store,92,3,2130.76,3,1,1,311
29989,Store,92,4,1732.73,3,1,1,311
29766,Store,92,2,1399.79,3,1,1,311
29723,Store,93,4,1528.28,3,1,1,311
30062,Store,92,3,1066.45,3,1,1,311
29978,Store,92,2,443.97,3,1,1,311
29908,Store,92,3,465.90,3,1,1,311
30067,Store,122,12,392495.88,2,5,5,255
29489,Store,122,12,380454.03,2,5,5,255
29844,Store,122,12,402108.47,2,5,5,255
29992,Store,122,12,429050.87,2,5,5,255
29825,Store,122,12,422706.60,2,5,5,255
29734,Store,122,12,416653.48,2,5,5,255
29497,Store,122,12,700803.79,2,5,5,255
29827,Store,122,12,711864.76,2,5,5,255
29580,Store,122,12,724299.64,2,5,5,255
29646,Store,122,12,727272.65,2,5,5,255
29994,Store,122,12,730798.71,2,5,5,255
29614,Store,122,12,799277.90,2,5,5,255
29581,Store,153,9,94374.00,2,5,4,254
29892,Store,274,9,101871.23,2,5,4,254
30096,Store,122,9,131724.32,2,5,4,254
29958,Store,122,9,154348.99,2,5,4,254
29811,Store,122,12,151331.06,2,5,4,254
29824,Store,122,9,88724.63,2,5,3,253
29533,Store,122,12,82846.24,2,5,3,253
29570,Store,122,12,54890.57,2,5,3,253
29761,Store,122,12,60430.28,2,5,3,253
29558,Store,366,9,45769.58,2,5,3,253
29747,Store,122,9,18521.28,2,5,2,252
29606,Store,122,10,14237.05,2,5,2,252
30042,Store,182,11,12056.24,2,5,2,252
30075,Store,122,8,249378.68,2,4,5,245
29909,Store,122,8,253972.86,2,4,5,245
29772,Store,122,8,586524.95,2,4,5,245
30048,Store,122,8,602559.89,2,4,5,245
30000,Store,122,8,472819.05,2,4,5,245
29689,Store,122,8,532224.76,2,4,5,245
29744,Store,122,8,399011.95,2,4,5,245
29783,Store,122,8,309077.41,2,4,5,245
29658,Store,122,8,292229.54,2,4,5,245
30065,Store,122,8,288827.11,2,4,5,245
29515,Store,274,8,289489.20,2,4,5,245
29605,Store,122,8,247900.77,2,4,5,245
29587,Store,122,8,354607.33,2,4,5,245
29647,Store,122,8,357052.94,2,4,5,245
29692,Store,122,8,325022.91,2,4,5,245
29704,Store,122,8,334662.99,2,4,5,245
30109,Store,122,8,336401.66,2,4,5,245
29795,Store,122,8,147554.83,2,4,4,244
29879,Store,122,8,29651.11,2,4,3,243
29683,Store,122,8,40268.90,2,4,3,243
29520,Store,122,8,42650.40,2,4,3,243
29654,Store,122,8,44568.81,2,4,3,243
30039,Store,122,8,49617.79,2,4,3,243
29778,Store,122,8,44990.01,2,4,3,243
29805,Store,122,8,60119.31,2,4,3,243
29981,Store,122,8,85647.44,2,4,3,243
29682,Store,122,8,11934.67,2,4,2,242
30114,Store,122,8,11652.99,2,4,2,242
29890,Store,213,8,13137.37,2,4,2,242
29837,Store,122,8,15381.67,2,4,2,242
29554,Store,366,8,15005.03,2,4,2,242
29745,Store,122,8,16039.93,2,4,2,242
30084,Store,122,8,8288.76,2,4,2,242
29565,Store,213,8,4918.52,2,4,1,241
29920,Store,122,8,3531.50,2,4,1,241
30018,Store,122,8,3003.20,2,4,1,241
29604,Store,122,8,3048.59,2,4,1,241
29500,Store,122,7,130597.78,2,3,4,234
30004,Store,182,7,109074.76,2,3,4,234
29974,Store,213,5,77468.59,2,3,3,233
29717,Store,366,7,78538.69,2,3,3,233
29659,Store,244,7,43911.15,2,3,3,233
29866,Store,274,6,40581.18,2,3,3,233
29849,Store,397,7,5291.44,2,3,2,232
29875,Store,122,6,8075.43,2,3,2,232
29826,Store,122,7,6947.54,2,3,2,232
29599,Store,122,6,6962.38,2,3,2,232
29867,Store,122,7,17320.33,2,3,2,232
29555,Store,274,5,13657.53,2,3,2,232
29681,Store,244,5,12790.08,2,3,2,232
29872,Store,244,6,9055.29,2,3,2,232
29679,Store,122,7,8644.67,2,3,2,232
29756,Store,274,6,8537.44,2,3,2,232
30057,Store,122,5,5090.47,2,3,1,231
29819,Store,366,5,3520.17,2,3,1,231
29672,Store,122,6,2845.78,2,3,1,231
29902,Store,153,5,1714.69,2,3,1,231
29999,Store,397,5,1615.22,2,3,1,231
29693,Store,122,4,272052.23,2,1,5,215
29987,Store,122,4,355141.98,2,1,5,215
29641,Store,122,4,534956.28,2,1,5,215
30070,Store,122,4,213752.00,2,1,4,214
29941,Store,122,4,156957.17,2,1,4,214
30051,Store,122,4,163851.89,2,1,4,214
30116,Store,122,4,187114.20,2,1,4,214
29589,Store,122,4,197327.59,2,1,4,214
29595,Store,122,4,116300.95,2,1,4,214
29894,Store,122,4,116553.24,2,1,4,214
29776,Store,122,4,103282.82,2,1,4,214
29820,Store,122,4,106971.43,2,1,4,214
29737,Store,122,4,148098.29,2,1,4,214
29656,Store,122,4,39071.48,2,1,3,213
29634,Store,122,4,30648.09,2,1,3,213
29670,Store,122,4,30845.61,2,1,3,213
29631,Store,122,4,26844.25,2,1,3,213
29874,Store,122,4,22606.10,2,1,3,213
29970,Store,122,4,26661.63,2,1,3,213
29671,Store,122,4,46616.67,2,1,3,213
29591,Store,122,4,18520.26,2,1,2,212
29871,Store,122,4,21287.06,2,1,2,212
29850,Store,122,4,7436.27,2,1,2,212
29602,Store,122,4,8406.47,2,1,2,212
29623,Store,213,3,10655.43,2,1,2,212
29648,Store,122,4,3405.07,2,1,1,211
29547,Store,182,3,3288.92,2,1,1,211
29926,Store,182,3,3288.92,2,1,1,211
29758,Store,153,4,4008.86,2,1,1,211
29765,Store,182,3,3922.28,2,1,1,211
29694,Store,122,4,4466.83,2,1,1,211
29743,Store,244,4,2518.50,2,1,1,211
29829,Store,122,4,2669.11,2,1,1,211
29575,Store,274,2,381.19,2,1,1,211
29607,Store,335,1,228.58,2,1,1,211
29578,Store,305,1,323.99,2,1,1,211
29729,Store,153,1,323.99,2,1,1,211
29502,Store,122,4,1146.25,2,1,1,211
30036,Store,182,3,1220.46,2,1,1,211
29893,Store,397,1,1020.59,2,1,1,211
30068,Store,153,4,1060.11,2,1,1,211
30080,Store,153,3,1291.79,2,1,1,211
30001,Store,213,2,1538.17,2,1,1,211
29650,Store,122,4,1524.75,2,1,1,211
30079,Store,153,3,1525.39,2,1,1,211
29751,Store,397,1,1344.59,2,1,1,211
29802,Store,305,1,144.00,2,1,1,211
30081,Store,244,1,149.87,2,1,1,211
29860,Store,366,1,200.05,2,1,1,211
29790,Store,366,1,200.05,2,1,1,211
30078,Store,366,1,1.37,2,1,1,211
29767,Store,305,1,24.29,2,1,1,211
29649,Store,427,8,261429.77,1,4,5,145
29562,Store,427,8,585516.43,1,4,5,145
29507,Store,458,8,446013.54,1,4,5,145
30074,Store,458,8,458373.19,1,4,5,145
29703,Store,458,8,413054.82,1,4,5,145
29885,Store,458,8,387118.35,1,4,5,145
29853,Store,458,8,311446.43,1,4,5,145
29889,Store,488,8,286972.09,1,4,5,145
29549,Store,488,8,212208.84,1,4,4,144
29746,Store,427,8,182730.25,1,4,4,144
29946,Store,458,8,153402.37,1,4,4,144
30106,Store,427,8,101203.58,1,4,4,144
29718,Store,488,8,90764.21,1,4,4,144
29680,Store,458,8,61809.13,1,4,3,143
29988,Store,458,8,21827.42,1,4,3,143
29787,Store,639,6,148659.27,1,3,4,134
29484,Store,427,7,131102.98,1,3,4,134
29925,Store,547,7,162313.29,1,3,4,134
29969,Store,609,6,24970.54,1,3,3,133
29973,Store,488,7,30353.21,1,3,3,133
29661,Store,488,6,76463.87,1,3,3,133
29883,Store,700,5,87201.31,1,3,3,133
29788,Store,427,7,5362.57,1,3,2,132
30012,Store,458,7,11346.88,1,3,2,132
29610,Store,488,7,16320.42,1,3,2,132
29541,Store,547,5,3975.27,1,3,1,131
29930,Store,458,5,1938.92,1,3,1,131
29710,Store,792,4,243014.55,1,1,5,115
29525,Store,792,4,261522.33,1,1,5,115
29793,Store,427,4,268209.29,1,1,5,115
29836,Store,458,4,258976.68,1,1,5,115
30111,Store,823,4,276526.40,1,1,5,115
29594,Store,488,4,357708.77,1,1,5,115
29998,Store,427,4,354805.25,1,1,5,115
29861,Store,823,4,408483.45,1,1,5,115
29624,Store,823,4,431991.55,1,1,5,115
29774,Store,823,4,175502.16,1,1,4,114
29504,Store,792,4,158899.15,1,1,4,114
29582,Store,823,4,153310.58,1,1,4,114
29954,Store,427,4,179831.35,1,1,4,114
29921,Store,792,4,193258.67,1,1,4,114
30083,Store,427,4,200013.37,1,1,4,114
29513,Store,458,4,194423.14,1,1,4,114
29748,Store,792,4,131600.94,1,1,4,114
29510,Store,823,4,125357.04,1,1,4,114
29953,Store,458,4,130949.09,1,1,4,114
29749,Store,823,4,137715.85,1,1,4,114
29937,Store,488,4,138416.15,1,1,4,114
29742,Store,823,4,138840.84,1,1,4,114
30056,Store,823,4,140874.51,1,1,4,114
30044,Store,458,4,141834.27,1,1,4,114
29898,Store,853,4,148837.69,1,1,4,114
30045,Store,458,4,147784.21,1,1,4,114
30108,Store,458,4,144602.58,1,1,4,114
29967,Store,792,4,146233.56,1,1,4,114
29699,Store,458,4,112263.73,1,1,4,114
29739,Store,427,4,114294.43,1,1,4,114
29491,Store,853,4,87270.15,1,1,3,113
29906,Store,823,4,87491.36,1,1,3,113
30090,Store,792,4,83457.11,1,1,3,113
29773,Store,823,4,85177.08,1,1,3,113
30100,Store,823,4,88310.82,1,1,3,113
29769,Store,792,4,81372.23,1,1,3,113
29912,Store,853,4,81838.60,1,1,3,113
29794,Store,823,4,71252.82,1,1,3,113
30088,Store,792,4,72698.16,1,1,3,113
29807,Store,823,4,69150.31,1,1,3,113
29708,Store,792,4,61616.52,1,1,3,113
29791,Store,823,4,55710.70,1,1,3,113
29667,Store,458,4,47318.07,1,1,3,113
29813,Store,823,4,48761.86,1,1,3,113
29632,Store,792,4,44945.47,1,1,3,113
29655,Store,792,4,51648.48,1,1,3,113
29759,Store,853,4,32646.32,1,1,3,113
29613,Store,488,4,28198.35,1,1,3,113
29686,Store,792,4,28783.54,1,1,3,113
29596,Store,853,4,36649.99,1,1,3,113
29664,Store,823,4,42676.97,1,1,3,113
29663,Store,427,4,41816.72,1,1,3,113
29755,Store,792,4,24236.32,1,1,3,113
29566,Store,853,4,26558.92,1,1,3,113
29673,Store,792,4,22340.76,1,1,3,113
29876,Store,458,4,19151.57,1,1,2,112
30052,Store,853,4,19413.99,1,1,2,112
29636,Store,488,4,19957.45,1,1,2,112
29859,Store,792,2,5146.32,1,1,2,112
29944,Store,792,3,7719.69,1,1,2,112
29771,Store,488,4,7780.34,1,1,2,112
29621,Store,639,1,6214.26,1,1,2,112
29573,Store,427,3,6221.05,1,1,2,112
29662,Store,458,3,6417.11,1,1,2,112
29490,Store,519,3,6587.38,1,1,2,112
30104,Store,488,4,5615.58,1,1,2,112
29493,Store,823,4,5670.23,1,1,2,112
29833,Store,427,4,5751.62,1,1,2,112
29914,Store,792,3,5925.79,1,1,2,112
29976,Store,427,4,17162.95,1,1,2,112
29600,Store,427,3,17582.40,1,1,2,112
30013,Store,792,3,15007.28,1,1,2,112
30017,Store,458,4,14603.12,1,1,2,112
30028,Store,458,4,11739.88,1,1,2,112
29808,Store,792,3,11250.26,1,1,2,112
29530,Store,427,4,11035.82,1,1,2,112
30003,Store,427,4,10717.86,1,1,2,112
29611,Store,823,3,9127.82,1,1,2,112
29548,Store,823,4,4537.64,1,1,1,111
29855,Store,547,3,3464.17,1,1,1,111
29882,Store,427,4,2254.78,1,1,1,111
29674,Store,609,4,2414.85,1,1,1,111
30041,Store,670,2,2418.82,1,1,1,111
29980,Store,427,4,1618.39,1,1,1,111
30110,Store,427,4,1625.28,1,1,1,111
29993,Store,458,4,1772.43,1,1,1,111
29728,Store,912,2,1778.43,1,1,1,111
29726,Store,519,2,1805.45,1,1,1,111
30032,Store,458,2,2472.31,1,1,1,111
29532,Store,670,1,2485.70,1,1,1,111
29858,Store,488,3,2898.74,1,1,1,111
29733,Store,884,2,1440.81,1,1,1,111
30010,Store,823,2,1294.25,1,1,1,111
30099,Store,427,1,1295.99,1,1,1,111
30016,Store,639,1,1229.46,1,1,1,111
29905,Store,823,2,1258.38,1,1,1,111
29545,Store,488,1,249.54,1,1,1,111
29668,Store,1004,1,419.46,1,1,1,111
29585,Store,1004,1,419.46,1,1,1,111
29768,Store,943,1,419.46,1,1,1,111
29782,Store,488,3,639.98,1,1,1,111
29832,Store,609,2,667.83,1,1,1,111
29852,Store,519,2,714.51,1,1,1,111
29697,Store,792,1,722.59,1,1,1,111
29900,Store,427,2,758.94,1,1,1,111
30040,Store,458,2,939.59,1,1,1,111
29536,Store,427,3,973.67,1,1,1,111
29886,Store,1035,1,57.68,1,1,1,111
30098,Store,578,2,58.07,1,1,1,111
29934,Store,609,1,202.33,1,1,1,111
30077,Store,731,1,165.23,1,1,1,111
29862,Store,670,1,183.94,1,1,1,111
29505,Store,458,1,149.03,1,1,1,111
29884,Store,519,1,67.54,1,1,1,111
29763,Store,700,1,91.18,1,1,1,111
